"발생년","발생년월일시","주야","요일","사망자수","부상자수","중상자수","경상자수","부상신고자수","발생지시도","발생지시군구","사고유형_대분류","사고유형_중분류","사고유형","가해자법규위반","도로형태_대분류","도로형태","가해자_당사자종별","피해자_당사자종별","발생위치(X_UTMK)","발생위치(Y_UTMK)","경도","위도"," 어린이사고 여부"
"2015","2015-01-23 06","주","금","1","0","0","0","0","대구","수성구","차대사람","횡단중","횡단중","안전운전 의무 불이행","단일로","기타단일로","승용차","보행자","1104516","1765005","128.6578105","35.87605347","N"
"2015","2015-01-23 07","주","금","1","0","0","0","0","전남","담양군","차대차","기타","기타","신호위반","교차로","교차로내","자전거","화물차","952133","1692029","126.9740144","35.22249436","N"
"2015","2015-01-23 07","주","금","1","1","0","1","0","대구","달서구","차대차","기타","기타","안전운전 의무 불이행","단일로","기타단일로","화물차","화물차","1095812","1759573","128.5607521","35.82797668","N"
"2015","2015-01-23 15","주","금","1","0","0","0","0","충남","공주시","차량단독","공작물충돌","공작물충돌","안전운전 의무 불이행","단일로","기타단일로","화물차","없음","962125","1819819","127.0777552","36.37507672","N"
"2015","2015-01-23 16","주","금","1","0","0","0","0","경기","의왕시","차대사람","길가장자리구역통행중","길가장자리구역통행중","안전운전 의무 불이행","단일로","기타단일로","화물차","보행자","951450","1924566","126.9520537","37.31881289","N"
"2015","2015-01-23 16","주","금","1","1","0","1","0","충남","태안군","차대차","정면충돌","정면충돌","신호위반","교차로","교차로내","이륜차","화물차","891271","1864560","126.281637","36.772927","N"
"2015","2015-01-24 00","야","토","1","1","1","0","0","충남","공주시","차대차","측면충돌","측면충돌","중앙선 침범","단일로","기타단일로","승용차","승합차","967466","1828963","127.136914","36.45770672","N"
"2015","2015-01-24 01","야","토","1","0","0","0","0","충북","청주시","차량단독","공작물충돌","공작물충돌","안전운전 의무 불이행","단일로","기타단일로","승용차","없음","1017995.5","1852629.3","127.7013877","36.67144252","N"
"2015","2015-01-24 01","야","토","1","0","0","0","0","경북","포항시","차대차","기타","기타","안전운전 의무 불이행","단일로","기타단일로","승용차","건설기계","1166550","1784811","129.3489087","36.0459449","N"
"2015","2015-01-24 04","야","토","1","0","0","0","0","경기","파주시","차대사람","횡단중","횡단중","안전운전 의무 불이행","교차로","교차로부근","승용차","보행자","930453","1969832","126.7108083","37.72545089","N"
"2015","2015-01-24 04","야","토","1","0","0","0","0","경기","광주시","차량단독","공작물충돌","공작물충돌","안전운전 의무 불이행","단일로","기타단일로","화물차","없음","972625","1935692","127.1906236","37.41996501","N"
"2015","2015-01-24 04","야","토","1","0","0","0","0","대전","서구","차대사람","횡단중","횡단중","안전운전 의무 불이행","단일로","기타단일로","승용차","보행자","990528","1815565","127.3944531","36.33742478","N"
"2015","2015-01-24 13","주","토","1","2","2","0","0","충남","금산군","차대차","측면충돌","측면충돌","안전운전 의무 불이행","교차로","교차로내","승용차","이륜차","988893","1802984","127.3764133","36.2239833","N"
"2015","2015-01-24 14","주","토","1","0","0","0","0","대구","서구","차대사람","횡단중","횡단중","보행자 보호의무 위반","교차로","교차로부근","화물차","보행자","1094631","1762514","128.5480277","35.85460351","N"
"2015","2015-01-24 15","주","토","1","0","0","0","0","대구","북구","차대사람","기타","기타","안전운전 의무 불이행","교차로","교차로부근","승용차","보행자","1099276","1767230","128.6000499","35.89665605","N"
"2015","2015-01-24 19","야","토","1","0","0","0","0","경북","경산시","차대사람","기타","기타","신호위반","교차로","교차로내","특수차","보행자","1117741","1765168","128.8043067","35.87602148","N"
"2015","2015-01-24 21","야","토","1","0","0","0","0","경북","구미시","차대차","추돌","진행중 추돌","안전운전 의무 불이행","단일로","기타단일로","승용차","자전거","1073886","1808310","128.3225897","36.26923516","N"
"2015","2015-01-25 01","야","일","1","0","0","0","0","경북","경주시","차대사람","기타","기타","안전운전 의무 불이행","단일로","기타단일로","승용차","보행자","1165701","1745069","129.3312274","35.6879546","N"
"2015","2015-01-25 02","야","일","1","1","1","0","0","부산","남구","차대사람","횡단중","횡단중","과속","단일로","횡단보도상","이륜차","보행자","1145376","1683437","129.0957006","35.13565434","N"
"2015","2015-01-25 03","야","일","1","0","0","0","0","전북","전주시","차대차","추돌","주정차중 추돌","안전운전 의무 불이행","단일로","기타단일로","승용차","불명","961183","1763255","127.0700431","35.86508601","N"
"2015","2015-01-25 03","야","일","1","0","0","0","0","울산","북구","차대사람","횡단중","횡단중","안전운전 의무 불이행","단일로","기타단일로","승용차","보행자","1168448","1733747","129.359206","35.58545831","N"
"2015","2015-01-25 05","야","일","1","0","0","0","0","전북","장수군","차량단독","공작물충돌","공작물충돌","안전운전 의무 불이행","기타/불명","기타/불명","승용차","없음","1002820","1730232","127.5311202","35.56810377","N"
"2015","2015-01-25 10","주","일","1","0","0","0","0","전남","해남군","차대사람","횡단중","횡단중","안전운전 의무 불이행","교차로","교차로내","승합차","보행자","917358","1619332","126.5991083","34.56476056","N"
"2015","2015-01-25 17","주","일","1","5","4","1","0","충북","청주시","차대차","측면충돌","측면충돌","안전운전 의무 불이행","단일로","기타단일로","승용차","승용차","1004893","1841077","127.5546841","36.56745618","N"
"2015","2015-01-25 18","야","일","1","2","2","0","0","경기","수원시","차대사람","횡단중","횡단중","안전운전 의무 불이행","단일로","기타단일로","승용차","보행자","956607","1921021","127.0104618","37.28711474","N"
"2015","2015-01-25 18","야","일","1","0","0","0","0","강원","영월군","차대사람","길가장자리구역통행중","길가장자리구역통행중","안전운전 의무 불이행","단일로","기타단일로","승용차","보행자","1081501","1912973","128.4185339","37.21202048","N"
"2015","2015-01-25 18","야","일","1","0","0","0","0","전남","영암군","차대사람","기타","기타","안전운전 의무 불이행","단일로","기타단일로","승용차","보행자","904886","1639995","126.4608447","34.74998885","N"
"2015","2015-01-25 18","야","일","1","1","1","0","0","경북","성주군","차대차","추돌","진행중 추돌","안전운전 의무 불이행","단일로","교량위","화물차","원동기장치자전거","1080231","1765360","128.3888546","35.8815455","N"
"2015","2015-01-25 19","야","일","1","0","0","0","0","경북","경주시","차량단독","공작물충돌","공작물충돌","안전운전 의무 불이행","교차로","교차로부근","승용차","없음","1164865","1748780","129.322754","35.7215376","N"
"2015","2015-01-25 20","야","일","1","0","0","0","0","충남","부여군","차대사람","차도통행중","차도통행중","안전운전 의무 불이행","단일로","기타단일로","승용차","보행자","944962","1806479","126.8873657","36.25398777","N"
"2015","2015-01-26 05","야","월","1","0","0","0","0","경남","창원시(통합)","차대사람","길가장자리구역통행중","길가장자리구역통행중","안전운전 의무 불이행","단일로","기타단일로","승용차","보행자","1089776","1694024","128.486673","35.2376043","N"
"2015","2015-01-26 10","주","월","1","0","0","0","0","경북","포항시","차대사람","기타","기타","안전운전 의무 불이행","교차로","교차로내","화물차","보행자","1166305","1791946","129.3476942","36.11028121","N"
"2015","2015-01-26 13","주","월","1","0","0","0","0","충북","충주시","차대사람","횡단중","횡단중","과속","단일로","기타단일로","승용차","보행자","1034650.2","1884822.3","127.8892342","36.96118536","N"
"2015","2015-01-26 14","주","월","1","2","1","1","0","경기","용인시","차대차","측면충돌","측면충돌","안전운전 의무 불이행","교차로","교차로내","승용차","승용차","963528","1919549","127.0886113","37.27414364","N"
"2015","2015-01-26 14","주","월","1","0","0","0","0","충남","공주시","차량단독","공작물충돌","공작물충돌","안전운전 의무 불이행","단일로","기타단일로","승용차","없음","970135","1827915","127.1667405","36.44834578","N"
"2015","2015-01-26 18","야","월","1","0","0","0","0","경북","경산시","차대사람","횡단중","횡단중","안전운전 의무 불이행","교차로","교차로부근","승용차","보행자","1119753","1758400","128.8255742","35.81477233","N"
"2015","2015-01-26 19","야","월","1","0","0","0","0","경남","창원시(통합)","차대사람","보도통행중","보도통행중","보행자 보호의무 위반","단일로","횡단보도상","승합차","보행자","1119076","1679546","128.806536","35.10403452","N"
"2015","2015-01-26 19","야","월","1","0","0","0","0","대구","달서구","차대사람","기타","기타","안전운전 의무 불이행","단일로","기타단일로","승용차","보행자","1090738","1762215","128.5048853","35.85227639","N"
"2015","2015-01-26 22","야","월","1","0","0","0","0","세종","세종시","차대차","추돌","주정차중 추돌","안전운전 의무 불이행","단일로","기타단일로","승용차","승용차","977446","1851702","127.2476258","36.66298587","N"
"2015","2015-01-26 23","야","월","1","0","0","0","0","경북","포항시","차대사람","횡단중","횡단중","안전운전 의무 불이행","교차로","교차로내","승용차","보행자","1172185","1777161","129.4097693","35.97603067","N"
"2015","2015-01-27 01","야","화","1","0","0","0","0","전북","전주시","차량단독","공작물충돌","공작물충돌","안전운전 의무 불이행","교차로","교차로내","승용차","없음","970135","1760034","127.1693189","35.83635935","N"
"2015","2015-01-27 04","야","화","1","1","0","1","0","서울","동대문구","차량단독","공작물충돌","공작물충돌","안전운전 의무 불이행","단일로","기타단일로","이륜차","없음","961548","1952363","127.064569","37.56983376","N"
"2015","2015-01-27 07","주","화","1","0","0","0","0","전북","전주시","차대사람","횡단중","횡단중","안전운전 의무 불이행","단일로","기타단일로","승용차","보행자","961489","1763957","127.0733986","35.87142725","N"
"2015","2015-01-27 08","주","화","3","1","1","0","0","전남","순천시","차량단독","전도전복","전도전복","안전운전 의무 불이행","단일로","기타단일로","화물차","없음","1001103","1669539","127.5120905","35.02083826","N"
"2015","2015-01-27 19","야","화","1","0","0","0","0","전남","순천시","차대사람","기타","기타","안전운전 의무 불이행","교차로","교차로내","승용차","보행자","998380","1664343","127.4822525","34.97398292","N"
"2015","2015-01-27 20","야","화","1","0","0","0","0","경남","진주시","차대사람","길가장자리구역통행중","길가장자리구역통행중","안전운전 의무 불이행","단일로","기타단일로","승용차","보행자","1068541","1688497","128.2528526","35.18944846","N"
"2015","2015-01-27 20","야","화","1","0","0","0","0","경남","합천군","차대차","추돌","진행중 추돌","안전운전 의무 불이행","단일로","기타단일로","화물차","화물차","1062774","1734779","128.1930743","35.60711291","N"
"2015","2015-01-27 23","야","화","1","0","0","0","0","충남","천안시","차대사람","기타","기타","안전운전 의무 불이행","단일로","기타단일로","승합차","보행자","972833","1874351","127.195201","36.86703833","N"
"2015","2015-01-27 23","야","화","1","0","0","0","0","경남","진주시","차대사람","횡단중","횡단중","안전운전 의무 불이행","교차로","교차로부근","승용차","보행자","1051183","1686364","128.0620699","35.17125089","N"
"2015","2015-01-28 00","야","수","1","0","0","0","0","충남","보령시","차대사람","횡단중","횡단중","안전운전 의무 불이행","교차로","교차로부근","승용차","보행자","919378","1816902","126.6015367","36.34614736","N"
"2015","2015-01-28 06","주","수","1","0","0","0","0","울산","울주군","차대사람","횡단중","횡단중","안전운전 의무 불이행","교차로","교차로부근","승용차","보행자","1153037","1746321","129.1915677","35.70128557","N"
"2015","2015-01-28 07","주","수","1","0","0","0","0","서울","성북구","차대사람","차도통행중","차도통행중","안전운전 의무 불이행","단일로","기타단일로","승용차","보행자","960979","1957450","127.0578547","37.61566026","N"
"2015","2015-01-28 16","주","수","1","0","0","0","0","서울","성북구","차대사람","횡단중","횡단중","안전운전 의무 불이행","단일로","기타단일로","승합차","보행자","960893","1957549","127.0568749","37.61654891","N"
"2015","2015-01-28 18","야","수","1","2","2","0","0","제주","서귀포시","차대차","기타","기타","기타","교차로","교차로내","승합차","농기계","900382","1472415","126.4307465","33.23843595","N"
"2015","2015-01-28 18","야","수","1","0","0","0","0","광주","북구","차대차","기타","기타","안전운전 의무 불이행","단일로","기타단일로","이륜차","화물차","947159","1685743","126.9197632","35.16556565","N"
"2015","2015-01-28 19","야","수","1","0","0","0","0","경남","밀양시","차량단독","공작물충돌","공작물충돌","안전운전 의무 불이행","단일로","기타단일로","화물차","없음","1106292","1714277","128.6707891","35.41857085","N"
"2015","2015-01-28 20","야","수","1","0","0","0","0","경기","화성시","차대사람","차도통행중","차도통행중","안전운전 의무 불이행","단일로","기타단일로","승합차","보행자","940497","1898028","126.8305583","37.07897544","N"
"2015","2015-01-29 01","야","목","1","1","1","0","0","전남","장성군","차대차","정면충돌","정면충돌","중앙선 침범","단일로","기타단일로","승용차","승용차","935703.2","1698536.6","126.7929773","35.28025036","N"
"2015","2015-01-29 02","야","목","1","0","0","0","0","서울","구로구","차대차","추돌","주정차중 추돌","안전운전 의무 불이행","단일로","기타단일로","승용차","화물차","942102","1945202","126.8449381","37.504274","N"
"2015","2015-01-29 07","주","목","1","1","0","1","0","경기","이천시","차대차","기타","기타","신호위반","교차로","교차로내","승용차","승용차","993333","1913816","127.4248496","37.22315705","N"
"2015","2015-01-29 07","주","목","1","0","0","0","0","경북","포항시","차량단독","도로이탈","도로이탈 추락","안전운전 의무 불이행","단일로","고가도로위","승용차","없음","1176184","1778752","129.4544544","35.98965268","N"
"2015","2015-01-29 11","주","목","1","1","0","1","0","서울","동대문구","차대차","추돌","주정차중 추돌","안전운전 의무 불이행","교차로","교차로부근","승용차","승용차","960895","1952490","127.0571679","37.57095095","N"
"2015","2015-01-29 11","주","목","1","0","0","0","0","제주","제주시","차량단독","공작물충돌","공작물충돌","안전운전 의무 불이행","단일로","기타단일로","이륜차","없음","922371","1505870","126.6638574","33.54196651","N"
"2015","2015-01-29 13","주","목","1","1","0","0","1","전남","함평군","차대사람","차도통행중","차도통행중","중앙선 침범","단일로","기타단일로","화물차","보행자","918475","1682507","126.6051375","35.13447158","N"
"2015","2015-01-29 17","주","목","1","0","0","0","0","제주","제주시","차량단독","공작물충돌","공작물충돌","안전운전 의무 불이행","단일로","기타단일로","승용차","없음","917875","1492447","126.6166655","33.42057336","N"
"2015","2015-01-29 18","야","목","1","0","0","0","0","경남","하동군","차대차","추돌","주정차중 추돌","안전운전 의무 불이행","단일로","기타단일로","화물차","화물차","1028037","1667027","127.8072405","34.9977983","N"
"2015","2015-01-29 18","야","목","1","0","0","0","0","제주","제주시","차대사람","기타","기타","보행자 보호의무 위반","단일로","횡단보도상","승용차","보행자","909613","1503156","126.5267313","33.51648676","N"
"2015","2015-01-29 19","야","목","1","3","3","0","0","전남","강진군","차대차","정면충돌","정면충돌","중앙선 침범","단일로","기타단일로","승용차","승용차","927888","1620518","126.7137863","34.57624811","N"
"2015","2015-01-29 20","야","목","1","1","1","0","0","서울","광진구","차대차","기타","기타","신호위반","교차로","교차로내","승용차","승합차","965366","1950060","127.1079119","37.54922753","N"
"2015","2015-01-29 20","야","목","1","0","0","0","0","경기","부천시","차대사람","횡단중","횡단중","보행자 보호의무 위반","교차로","교차로내","승합차","보행자","934894","1946458","126.7632809","37.51511384","N"
"2015","2015-01-29 20","야","목","1","0","0","0","0","경기","수원시","차대사람","횡단중","횡단중","안전운전 의무 불이행","교차로","교차로내","승합차","보행자","960770","1916749","127.0576507","37.24879291","N"
"2015","2015-01-29 23","야","목","1","0","0","0","0","전남","순천시","차대차","추돌","진행중 추돌","안전운전 의무 불이행","교차로","교차로부근","승용차","이륜차","1001963","1663100","127.5215022","34.96277358","N"
"2015","2015-01-30 01","야","금","1","0","0","0","0","대전","유성구","차대사람","횡단중","횡단중","과속","교차로","교차로내","승용차","보행자","985819","1817543","127.3419447","36.35519936","N"
"2015","2015-01-30 02","야","금","1","0","0","0","0","부산","중구","차대사람","횡단중","횡단중","안전운전 의무 불이행","단일로","횡단보도상","승용차","보행자","1139593","1679702","129.0316144","35.10280604","N"
"2015","2015-01-30 03","야","금","1","1","1","0","0","경기","광명시","차대사람","기타","기타","안전운전 의무 불이행","단일로","기타단일로","승용차","보행자","943554","1937596","126.8619482","37.43580993","N"
"2015","2015-01-30 06","주","금","1","0","0","0","0","경남","창원시(통합)","차대사람","횡단중","횡단중","안전운전 의무 불이행","단일로","기타단일로","승용차","보행자","1106001","1691035","128.6645766","35.2090729","N"
"2015","2015-01-30 08","주","금","1","0","0","0","0","경기","남양주시","차대사람","기타","기타","안전운전 의무 불이행","교차로","교차로부근","승용차","보행자","973930","1971788","127.2040868","37.7453511","N"
"2015","2015-01-30 08","주","금","1","0","0","0","0","광주","북구","차대차","측면충돌","측면충돌","신호위반","교차로","교차로부근","이륜차","승용차","945261","1688704","126.8987261","35.19216242","N"
"2015","2015-01-30 10","주","금","1","1","1","0","0","경북","문경시","차량단독","공작물충돌","공작물충돌","안전운전 의무 불이행","단일로","기타단일로","승용차","없음","1057012","1861467","128.1386644","36.7495696","N"
"2015","2015-01-30 16","주","금","1","0","0","0","0","경남","창원시(통합)","차대차","정면충돌","정면충돌","중앙선 침범","교차로","교차로내","승합차","화물차","1103509","1691444","128.6372546","35.2130204","N"
"2015","2015-01-30 18","야","금","1","0","0","0","0","대전","동구","차대사람","횡단중","횡단중","보행자 보호의무 위반","단일로","횡단보도상","승합차","보행자","993585","1815240","127.4285201","36.33451999","N"
"2015","2015-01-31 03","야","토","1","4","4","0","0","대전","중구","차대차","정면충돌","정면충돌","신호위반","교차로","교차로내","승용차","승용차","992549","1813970","127.4169885","36.32306293","N"
"2015","2015-01-31 06","주","토","1","0","0","0","0","충북","청주시","차대차","기타","기타","안전운전 의무 불이행","단일로","기타단일로","승용차","승용차","985442","1857891","127.3369811","36.71893483","N"
"2015","2015-01-31 06","주","토","1","2","1","1","0","경북","칠곡군","차대차","기타","기타","안전운전 의무 불이행","단일로","기타단일로","화물차","승용차","1080770.6","1786063.8","128.3969412","36.06814332","N"
"2015","2015-01-31 08","주","토","1","0","0","0","0","부산","사하구","차대사람","기타","기타","안전운전 의무 불이행","단일로","기타단일로","승합차","보행자","1134540.7","1673598.8","128.9752065","35.04847736","N"
"2015","2015-01-31 14","주","토","1","0","0","0","0","충남","예산군","차대차","측면충돌","측면충돌","기타","교차로","교차로내","화물차","승합차","932976","1852232","126.7499959","36.66566961","N"
"2015","2015-01-31 16","주","토","1","2","1","1","0","충북","음성군","차량단독","공작물충돌","공작물충돌","안전운전 의무 불이행","단일로","기타단일로","화물차","없음","1017359","1902096","127.6953981","37.1173738","N"
"2015","2015-01-31 17","주","토","1","1","1","0","0","경북","경주시","차량단독","기타","기타","안전운전 의무 불이행","단일로","기타단일로","승용차","없음","1145251","1764055","129.1087555","35.86229563","N"
"2015","2015-01-31 20","야","토","1","0","0","0","0","대구","달성군","차대사람","횡단중","횡단중","안전운전 의무 불이행","단일로","기타단일로","승용차","보행자","1083860","1748777","128.427315","35.73174473","N"
"2015","2015-01-31 21","야","토","1","5","4","1","0","전남","목포시","차대차","측면충돌","측면충돌","신호위반","교차로","교차로내","승용차","승용차","900745","1645732","126.4149327","34.80132011","N"
"2015","2015-01-31 23","야","토","1","0","0","0","0","서울","금천구","차대사람","횡단중","횡단중","안전운전 의무 불이행","단일로","기타단일로","승용차","보행자","947245","1941891","126.9033607","37.47473966","N"
"2015","2015-02-01 00","야","일","2","2","1","1","0","인천","중구","차대차","측면충돌","측면충돌","안전거리 미확보","교차로","교차로부근","승용차","승용차","909477","1938520","126.4766823","37.44143063","N"
"2015","2015-02-01 03","야","일","1","1","1","0","0","경북","경주시","차량단독","공작물충돌","공작물충돌","안전운전 의무 불이행","단일로","기타단일로","승용차","없음","1138941","1768308","129.0396329","35.90154273","N"
"2015","2015-02-01 04","야","일","1","0","0","0","0","전북","익산시","차대사람","횡단중","횡단중","안전운전 의무 불이행","단일로","기타단일로","승용차","보행자","951914","1772265","126.966834","35.94590615","N"
"2015","2015-02-01 09","주","일","1","0","0","0","0","서울","노원구","차대사람","횡단중","횡단중","안전운전 의무 불이행","교차로","교차로내","승용차","보행자","962170","1959878","127.0712238","37.63759414","N"
"2015","2015-02-01 13","주","일","1","0","0","0","0","서울","동대문구","차대사람","기타","기타","안전운전 의무 불이행","단일로","기타단일로","승용차","보행자","959442","1953641","127.0406506","37.58126234","N"
"2015","2015-02-01 16","주","일","1","0","0","0","0","전북","완주군","차대차","정면충돌","정면충돌","안전운전 의무 불이행","교차로","교차로부근","이륜차","승용차","963722","1767010","127.0979947","35.89903807","N"
"2015","2015-02-01 18","야","일","1","0","0","0","0","충남","보령시","차대사람","횡단중","횡단중","안전운전 의무 불이행","교차로","교차로부근","승용차","보행자","919901","1818071","126.6072442","36.35672877","N"
"2015","2015-02-01 18","야","일","1","1","0","1","0","인천","남동구","차대사람","횡단중","횡단중","안전운전 의무 불이행","단일로","기타단일로","화물차","보행자","931503","1939129","126.7255946","37.44881297","N"
"2015","2015-02-01 21","야","일","1","0","0","0","0","충남","천안시","차대사람","횡단중","횡단중","안전운전 의무 불이행","단일로","기타단일로","승용차","보행자","967223","1867637","127.1325506","36.80633696","N"
"2015","2015-02-02 01","야","월","1","0","0","0","0","울산","울주군","차대사람","길가장자리구역통행중","길가장자리구역통행중","안전운전 의무 불이행","단일로","기타단일로","승합차","보행자","1162070","1718548","129.2858043","35.44954603","N"
"2015","2015-02-02 06","주","월","1","0","0","0","0","충남","보령시","차대사람","횡단중","횡단중","안전운전 의무 불이행","교차로","교차로내","승용차","보행자","911924","1820170","126.5181088","36.37495198","N"
"2015","2015-02-02 11","주","월","1","0","0","0","0","경남","창녕군","차량단독","전도전복","전도전복","안전운전 의무 불이행","단일로","기타단일로","원동기장치자전거","없음","1080810","1724549","128.3911652","35.51357445","N"
"2015","2015-02-02 19","야","월","1","0","0","0","0","충남","서천군","차대사람","기타","기타","보행자 보호의무 위반","단일로","횡단보도상","승용차","보행자","928472","1779290","126.7062996","36.00780145","N"
"2015","2015-02-02 21","야","월","1","0","0","0","0","전북","전주시","차대사람","횡단중","횡단중","안전운전 의무 불이행","교차로","교차로내","승용차","보행자","967326","1759659","127.1382321","35.83288875","N"
"2015","2015-02-02 22","야","월","1","0","0","0","0","충남","아산시","차대차","기타","기타","안전운전 의무 불이행","단일로","기타단일로","승용차","이륜차","964480","1866094","127.1018726","36.79232858","N"
"2015","2015-02-02 22","야","월","1","0","0","0","0","대구","북구","차량단독","기타","기타","안전운전 의무 불이행","단일로","기타단일로","이륜차","없음","1097396","1772851","128.5799102","35.9475153","N"
"2015","2015-02-03 00","야","화","1","0","0","0","0","충남","당진시","차량단독","도로이탈","도로이탈 기타","안전운전 의무 불이행","단일로","기타단일로","원동기장치자전거","없음","936465","1877453","126.7869323","36.89325285","N"
"2015","2015-02-03 03","야","화","4","1","0","1","0","경북","구미시","차대차","기타","기타","안전운전 의무 불이행","단일로","기타단일로","승용차","승용차","1076262","1794498","128.3476958","36.14454008","N"
"2015","2015-02-03 04","야","화","1","0","0","0","0","충북","충주시","차량단독","공작물충돌","공작물충돌","안전운전 의무 불이행","단일로","기타단일로","승용차","없음","1039770","1890997","127.9470703","37.01664273","N"
"2015","2015-02-03 11","주","화","1","3","2","1","0","울산","북구","차대차","추돌","주정차중 추돌","안전운전 의무 불이행","단일로","기타단일로","화물차","화물차","1170469","1728201","129.3803335","35.53513315","N"
"2015","2015-02-03 12","주","화","1","2","2","0","0","대구","동구","차량단독","공작물충돌","공작물충돌","안전운전 의무 불이행","단일로","기타단일로","승용차","없음","1104417","1768935","128.6572295","35.91149008","N"
"2015","2015-02-03 13","주","화","1","0","0","0","0","충북","충주시","차량단독","공작물충돌","공작물충돌","안전운전 의무 불이행","단일로","교량위","승용차","없음","1042106.6","1875905.8","127.9724952","36.88050578","N"
"2015","2015-02-03 13","주","화","1","1","1","0","0","인천","강화군","차량단독","전도전복","전도전복","안전운전 의무 불이행","단일로","기타단일로","화물차","없음","893666","1977303","126.2923404","37.78924093","N"
"2015","2015-02-03 15","주","화","1","1","0","1","0","강원","강릉시","차대사람","기타","기타","안전운전 의무 불이행","교차로","교차로내","승용차","보행자","1122594","1973762","128.8916832","37.75529715","Y"
"2015","2015-02-03 18","야","화","1","0","0","0","0","충남","공주시","차량단독","도로이탈","도로이탈 기타","안전운전 의무 불이행","단일로","기타단일로","농기계","없음","956447","1820274","127.0144311","36.37893807","N"
"2015","2015-02-03 19","야","화","1","0","0","0","0","경기","안산시","차대사람","보도통행중","보도통행중","기타","교차로","교차로부근","자전거","보행자","939088","1927221","126.8123235","37.34201486","N"
"2015","2015-02-03 23","야","화","1","0","0","0","0","부산","중구","차량단독","공작물충돌","공작물충돌","안전운전 의무 불이행","단일로","터널안","이륜차","없음","1139289","1680784","129.0284621","35.11260135","N"
"2015","2015-02-04 06","주","수","1","0","0","0","0","전남","목포시","차대사람","기타","기타","안전운전 의무 불이행","단일로","기타단일로","승용차","보행자","897854","1647446","126.3831247","34.81648768","N"
"2015","2015-02-04 06","주","수","1","0","0","0","0","경북","포항시","차대사람","기타","기타","안전운전 의무 불이행","단일로","횡단보도부근","승합차","보행자","1167440","1785341","129.3588964","36.05056804","N"
"2015","2015-02-04 08","주","수","1","0","0","0","0","충남","서산시","차대사람","횡단중","횡단중","보행자 보호의무 위반","교차로","교차로내","특수차","보행자","905537","1876016","126.4400446","36.87771131","N"
"2015","2015-02-04 09","주","수","1","0","0","0","0","경기","용인시","차대차","기타","기타","안전운전 의무 불이행","단일로","기타단일로","승용차","건설기계","973445","1904073","127.20102","37.13497893","N"
"2015","2015-02-04 09","주","수","1","0","0","0","0","경북","상주시","차대차","측면충돌","측면충돌","안전운전 의무 불이행","교차로","교차로내","화물차","농기계","1058503","1830404","128.1530009","36.46946343","N"
"2015","2015-02-04 10","주","수","1","0","0","0","0","경기","부천시","차대사람","길가장자리구역통행중","길가장자리구역통행중","안전운전 의무 불이행","단일로","기타단일로","자전거","보행자","934710","1948533","126.7610145","37.53380256","N"
"2015","2015-02-04 14","주","수","1","0","0","0","0","인천","미추홀구","차대사람","횡단중","횡단중","신호위반","단일로","기타단일로","승합차","보행자","925281.8","1939908.9","126.6551873","37.45536025","N"
"2015","2015-02-04 17","주","수","1","0","0","0","0","서울","관악구","차대사람","횡단중","횡단중","안전운전 의무 불이행","단일로","기타단일로","승용차","보행자","949633","1943377","126.9302652","37.48826663","N"
"2015","2015-02-04 18","야","수","1","7","3","4","0","충남","천안시","차대차","추돌","주정차중 추돌","안전운전 의무 불이행","교차로","교차로부근","승용차","승용차","969270","1872450","127.1553037","36.84979257","N"
"2015","2015-02-04 18","야","수","1","2","2","0","0","경남","밀양시","차대차","정면충돌","정면충돌","중앙선 침범","단일로","기타단일로","승합차","승용차","1113881","1721119","128.755321","35.47940954","N"
"2015","2015-02-04 21","야","수","1","0","0","0","0","대전","동구","차대사람","횡단중","횡단중","안전운전 의무 불이행","단일로","기타단일로","승용차","보행자","996650","1810505","127.4626925","36.29184729","N"
"2015","2015-02-04 22","야","수","1","0","0","0","0","경기","안성시","차대사람","기타","기타","안전운전 의무 불이행","교차로","교차로내","화물차","보행자","982071","1895872","127.2983346","37.06125844","N"
"2015","2015-02-05 12","주","목","1","1","1","0","0","충남","태안군","차량단독","도로이탈","도로이탈 기타","안전운전 의무 불이행","단일로","기타단일로","화물차","없음","880895","1855346","126.1668327","36.68863944","N"
"2015","2015-02-05 15","주","목","1","0","0","0","0","서울","송파구","차대사람","기타","기타","보행자 보호의무 위반","교차로","교차로내","승용차","보행자","965941","1947911","127.114521","37.52987917","N"
"2015","2015-02-05 15","주","목","1","0","0","0","0","경기","용인시","차대사람","차도통행중","차도통행중","안전운전 의무 불이행","교차로","교차로내","건설기계","보행자","967849","1918615","127.1373898","37.26588405","N"
"2015","2015-02-05 17","주","목","1","1","1","0","0","전남","강진군","차대차","정면충돌","정면충돌","중앙선 침범","단일로","기타단일로","승용차","승용차","935479","1627999","126.7959735","34.64421183","N"
"2015","2015-02-05 19","야","목","1","0","0","0","0","대구","북구","차대차","기타","기타","안전운전 의무 불이행","교차로","교차로내","승용차","자전거","1097322","1766463","128.5783079","35.88993828","N"
"2015","2015-02-05 20","야","목","1","0","0","0","0","서울","강남구","차대사람","횡단중","횡단중","안전운전 의무 불이행","단일로","횡단보도부근","승용차","보행자","957448","1946854","127.0184615","37.51999924","N"
"2015","2015-02-05 22","야","목","1","0","0","0","0","경기","고양시","차대사람","기타","기타","안전운전 의무 불이행","단일로","기타단일로","승용차","보행자","948126","1970465","126.911298","37.73232795","N"