"발생년","발생년월일시","주야","요일","사망자수","부상자수","중상자수","경상자수","부상신고자수","발생지시도","발생지시군구","사고유형_대분류","사고유형_중분류","사고유형","가해자법규위반","도로형태_대분류","도로형태","가해자_당사자종별","피해자_당사자종별","발생위치(X_UTMK)","발생위치(Y_UTMK)","경도","위도"," 어린이사고 여부"
"2015","2015-02-17 22","야","화","1","0","0","0","0","경기","부천시","차대사람","기타","기타","기타","단일로","기타단일로","승합차","보행자","936863","1944459","126.7857315","37.49723381","N"
"2015","2015-02-17 23","야","화","1","0","0","0","0","경남","양산시","차대차","측면충돌","측면충돌","신호위반","교차로","교차로내","승용차","승용차","1138902","1704826","129.0282749","35.32936708","N"
"2015","2015-02-18 00","야","수","1","3","3","0","0","충남","아산시","차대차","측면충돌","측면충돌","중앙선 침범","단일로","기타단일로","승용차","승용차","959035","1863920","127.0409606","36.77251119","N"
"2015","2015-02-18 08","주","수","1","0","0","0","0","서울","영등포구","차대사람","횡단중","횡단중","보행자 보호의무 위반","교차로","교차로내","화물차","보행자","945692","1947107","126.8854126","37.52166226","N"
"2015","2015-02-18 15","주","수","1","0","0","0","0","경남","양산시","차량단독","공작물충돌","공작물충돌","안전운전 의무 불이행","기타/불명","기타/불명","승용차","없음","1137273","1705389","129.0104518","35.33466707","N"
"2015","2015-02-18 17","주","수","1","0","0","0","0","대전","동구","차량단독","전도전복","전도전복","안전운전 의무 불이행","단일로","기타단일로","승용차","없음","996863","1807224","127.4650778","36.26226807","N"
"2015","2015-02-18 18","야","수","1","0","0","0","0","전북","정읍시","차대차","기타","기타","중앙선 침범","단일로","기타단일로","자전거","승용차","935053","1729671","126.7833462","35.56091951","N"
"2015","2015-02-18 18","야","수","1","0","0","0","0","인천","부평구","차대사람","횡단중","횡단중","안전운전 의무 불이행","교차로","교차로부근","승합차","보행자","931269","1944594.3","126.7224391","37.49805368","N"
"2015","2015-02-18 19","야","수","1","0","0","0","0","서울","영등포구","차대사람","횡단중","횡단중","안전운전 의무 불이행","단일로","기타단일로","승용차","보행자","947797","1945342","126.9093585","37.50587558","N"
"2015","2015-02-18 20","야","수","1","0","0","0","0","충남","태안군","차대사람","길가장자리구역통행중","길가장자리구역통행중","안전운전 의무 불이행","단일로","기타단일로","승용차","보행자","891723","1859383","126.2874354","36.72631957","N"
"2015","2015-02-18 20","야","수","1","0","0","0","0","충남","부여군","차대사람","횡단중","횡단중","안전운전 의무 불이행","단일로","기타단일로","승합차","보행자","940802","1807157","126.8410116","36.25985381","N"
"2015","2015-02-18 22","야","수","1","0","0","0","0","경기","광주시","차대차","정면충돌","정면충돌","중앙선 침범","단일로","기타단일로","승용차","이륜차","978405","1934001","127.2559946","37.40487571","N"
"2015","2015-02-19 00","야","목","1","1","0","0","1","강원","인제군","차대차","추돌","진행중 추돌","안전운전 의무 불이행","단일로","기타단일로","승용차","건설기계","1064739","2015631","128.2387559","38.13855586","N"
"2015","2015-02-19 01","야","목","1","0","0","0","0","전남","광양시","차대차","추돌","주정차중 추돌","안전운전 의무 불이행","단일로","기타단일로","승용차","화물차","1023419","1663385","127.7565327","34.96507453","N"
"2015","2015-02-19 02","야","목","1","1","1","0","0","서울","성동구","차대차","추돌","주정차중 추돌","안전운전 의무 불이행","단일로","기타단일로","승용차","승용차","957804","1950795","127.0222635","37.55553699","N"
"2015","2015-02-19 04","야","목","1","0","0","0","0","충남","홍성군","차량단독","공작물충돌","공작물충돌","안전운전 의무 불이행","단일로","기타단일로","승용차","없음","923326","1843937","126.6428503","36.5901697","N"
"2015","2015-02-19 11","주","목","1","2","2","0","0","경북","경주시","차량단독","공작물충돌","공작물충돌","안전운전 의무 불이행","단일로","기타단일로","승용차","없음","1173292","1748364","129.4157879","35.71634186","Y"
"2015","2015-02-19 15","주","목","1","30","7","21","2","서울","강북구","차대차","추돌","진행중 추돌","신호위반","교차로","교차로내","승용차","승합차","958343","1958135","127.0279481","37.62171859","Y"
"2015","2015-02-19 18","야","목","1","2","0","1","1","경북","경주시","차량단독","공작물충돌","공작물충돌","안전운전 의무 불이행","단일로","기타단일로","승용차","없음","1153276","1749186","129.1947552","35.72706901","N"
"2015","2015-02-19 19","야","목","1","0","0","0","0","전북","진안군","차대차","정면충돌","정면충돌","안전운전 의무 불이행","교차로","교차로내","화물차","원동기장치자전거","992986","1754359","127.4223865","35.78562215","N"
"2015","2015-02-19 21","야","목","1","0","0","0","0","전남","무안군","차대사람","기타","기타","안전운전 의무 불이행","교차로","교차로내","화물차","보행자","902147","1658088","126.4288139","34.91285842","N"
"2015","2015-02-19 23","야","목","1","0","0","0","0","부산","남구","차대차","측면충돌","측면충돌","안전운전 의무 불이행","단일로","기타단일로","승용차","이륜차","1143670","1684308","129.0771327","35.14375046","N"
"2015","2015-02-20 00","야","금","1","1","1","0","0","경북","울진군","차대차","기타","기타","중앙선 침범","단일로","기타단일로","화물차","승용차","1172931","1854039","129.4350949","36.66859619","N"
"2015","2015-02-20 00","야","금","2","4","3","1","0","경북","고령군","차대차","기타","기타","중앙선 침범","단일로","기타단일로","승용차","승용차","1077193","1750817","128.353796","35.75068156","N"
"2015","2015-02-20 02","야","금","1","0","0","0","0","강원","강릉시","차대사람","차도통행중","차도통행중","안전운전 의무 불이행","단일로","기타단일로","승용차","보행자","1115312","1991287","128.8118324","37.91415831","N"
"2015","2015-02-20 06","주","금","1","0","0","0","0","전북","군산시","차대사람","기타","기타","안전운전 의무 불이행","단일로","기타단일로","화물차","보행자","926320","1775259","126.6827972","35.97130144","N"
"2015","2015-02-20 12","주","금","1","0","0","0","0","인천","서구","차대사람","보도통행중","보도통행중","안전운전 의무 불이행","단일로","기타단일로","승용차","보행자","927749","1946091","126.6824735","37.51127423","N"
"2015","2015-02-20 18","야","금","1","0","0","0","0","제주","서귀포시","차대사람","횡단중","횡단중","안전운전 의무 불이행","교차로","교차로내","승용차","보행자","925599","1476940","126.7010159","33.28127968","N"
"2015","2015-02-20 21","야","금","1","1","0","1","0","충북","청주시","차대차","기타","기타","신호위반","교차로","교차로내","승용차","승용차","993951","1847241","127.4323479","36.62301825","N"
"2015","2015-02-20 22","야","금","1","0","0","0","0","경북","안동시","차대차","추돌","주정차중 추돌","안전운전 의무 불이행","단일로","기타단일로","원동기장치자전거","화물차","1095487","1843144","128.5673347","36.58132418","N"
"2015","2015-02-20 23","야","금","1","0","0","0","0","충남","예산군","차량단독","공작물충돌","공작물충돌","안전운전 의무 불이행","교차로","교차로부근","승용차","없음","938160.6","1854335.3","126.8078382","36.68498052","N"
"2015","2015-02-21 06","주","토","1","0","0","0","0","서울","서대문구","차대사람","횡단중","횡단중","안전운전 의무 불이행","단일로","기타단일로","승합차","보행자","952806","1952084","126.965596","37.56691247","N"
"2015","2015-02-21 07","주","토","1","0","0","0","0","광주","남구","차대차","측면충돌","측면충돌","신호위반","교차로","교차로내","승용차","화물차","939067","1676249","126.8316113","35.07950348","N"
"2015","2015-02-21 14","주","토","1","1","1","0","0","강원","고성군","차대차","측면충돌","측면충돌","중앙선 침범","단일로","기타단일로","승용차","승용차","1094407","2026328","128.5786802","38.23232996","N"
"2015","2015-02-21 15","주","토","1","6","5","0","1","제주","서귀포시","차대차","정면충돌","정면충돌","중앙선 침범","단일로","기타단일로","승용차","승용차","894936","1476925","126.3717785","33.27859208","N"
"2015","2015-02-21 19","야","토","1","0","0","0","0","경북","군위군","차대사람","횡단중","횡단중","신호위반","교차로","교차로내","승용차","보행자","1108783","1797949","128.7096014","36.17254255","N"
"2015","2015-02-21 19","야","토","1","0","0","0","0","제주","제주시","차대사람","횡단중","횡단중","안전운전 의무 불이행","단일로","기타단일로","승용차","보행자","911317","1498178","126.5455701","33.47173594","N"
"2015","2015-02-21 20","야","토","1","1","0","1","0","서울","영등포구","차대차","정면충돌","정면충돌","안전운전 의무 불이행","단일로","교량위","이륜차","승용차","945225","1947358","126.8801093","37.52389693","N"
"2015","2015-02-21 23","야","토","1","0","0","0","0","부산","해운대구","차대사람","횡단중","횡단중","과속","교차로","교차로내","승용차","보행자","1148432","1688014","129.1300553","35.1764631","N"
"2015","2015-02-21 23","야","토","1","0","0","0","0","전남","나주시","차대사람","차도통행중","차도통행중","안전운전 의무 불이행","단일로","기타단일로","승용차","보행자","941146","1674784","126.854519","35.06641746","N"
"2015","2015-02-22 00","야","일","1","2","2","0","0","경기","시흥시","차대차","기타","기타","안전거리 미확보","교차로","교차로부근","원동기장치자전거","승용차","937043","1938338","126.788291","37.44207744","N"
"2015","2015-02-22 10","주","일","1","0","0","0","0","경기","김포시","차대사람","횡단중","횡단중","보행자 보호의무 위반","교차로","교차로부근","승합차","보행자","929940","1959109","126.7060181","37.62877045","N"
"2015","2015-02-22 15","주","일","1","0","0","0","0","전북","전주시","차대사람","횡단중","횡단중","보행자 보호의무 위반","교차로","교차로부근","승용차","보행자","965377","1756648","127.1167836","35.80567464","N"
"2015","2015-02-22 19","야","일","1","0","0","0","0","전남","담양군","차량단독","기타","기타","안전운전 의무 불이행","교차로","교차로부근","화물차","없음","954744","1703214","127.0020876","35.32346733","N"
"2015","2015-02-23 02","야","월","1","2","1","1","0","전남","고흥군","차대차","추돌","진행중 추돌","안전운전 의무 불이행","단일로","기타단일로","승용차","화물차","987900","1631211","127.3679196","34.67513815","N"
"2015","2015-02-23 04","야","월","1","1","1","0","0","전남","영암군","차대차","정면충돌","정면충돌","중앙선 침범","교차로","교차로부근","승용차","승용차","902274","1642748","126.4319923","34.77456369","N"
"2015","2015-02-23 06","주","월","1","0","0","0","0","충북","청주시","차대차","기타","기타","안전운전 의무 불이행","단일로","기타단일로","승용차","화물차","997424","1858508","127.4711521","36.72460513","N"
"2015","2015-02-23 06","주","월","1","0","0","0","0","전북","군산시","차대차","기타","기타","중앙선 침범","교차로","교차로부근","자전거","화물차","930024","1775744","126.7238329","35.97594653","N"
"2015","2015-02-23 06","주","월","1","2","1","1","0","경남","거창군","차대차","정면충돌","정면충돌","중앙선 침범","단일로","기타단일로","화물차","화물차","1032037","1745939","127.8541662","35.70920866","N"
"2015","2015-02-23 11","주","월","1","0","0","0","0","경기","안양시","차대사람","횡단중","횡단중","안전운전 의무 불이행","교차로","교차로내","승용차","보행자","952861","1930823","126.9675798","37.3752831","N"
"2015","2015-02-23 16","주","월","1","0","0","0","0","대구","달서구","차대사람","기타","기타","안전운전 의무 불이행","교차로","교차로내","화물차","보행자","1090279","1762769","128.4998654","35.85731299","N"
"2015","2015-02-23 17","주","월","1","0","0","0","0","부산","수영구","차대사람","횡단중","횡단중","안전운전 의무 불이행","교차로","교차로내","화물차","보행자","1147507","1686258","129.1195868","35.16077152","N"
"2015","2015-02-23 21","야","월","1","0","0","0","0","서울","은평구","차대사람","횡단중","횡단중","안전운전 의무 불이행","단일로","기타단일로","승용차","보행자","948170","1954470","126.9129336","37.58816837","N"
"2015","2015-02-23 22","야","월","1","1","1","0","0","충남","서산시","차대차","추돌","진행중 추돌","안전운전 의무 불이행","교차로","교차로부근","화물차","승용차","911411","1861598","126.5076256","36.74832631","N"
"2015","2015-02-23 22","야","월","1","0","0","0","0","인천","미추홀구","차대사람","횡단중","횡단중","안전운전 의무 불이행","교차로","교차로부근","승용차","보행자","926865","1939493","126.6731275","37.45173844","N"
"2015","2015-02-24 05","야","화","1","1","1","0","0","제주","제주시","차대사람","횡단중","횡단중","과속","단일로","횡단보도상","승용차","보행자","906554.5","1500908.4","126.4940369","33.49595423","N"
"2015","2015-02-24 09","주","화","1","0","0","0","0","경남","김해시","차대차","측면충돌","측면충돌","기타","교차로","교차로내","자전거","승용차","1125825","1693301","128.8826668","35.2272093","N"
"2015","2015-02-24 10","주","화","1","0","0","0","0","경기","평택시","차대사람","기타","기타","안전운전 의무 불이행","기타/불명","기타/불명","승용차","보행자","959173","1885112","127.0413665","36.96354907","N"
"2015","2015-02-24 10","주","화","1","0","0","0","0","강원","춘천시","차대사람","길가장자리구역통행중","길가장자리구역통행중","신호위반","단일로","횡단보도상","화물차","보행자","1021167","1986575","127.7406934","37.87875452","N"
"2015","2015-02-24 11","주","화","1","0","0","0","0","대구","동구","차대사람","횡단중","횡단중","안전운전 의무 불이행","단일로","기타단일로","승용차","보행자","1102121","1766035","128.6314159","35.88559103","N"
"2015","2015-02-24 20","야","화","1","0","0","0","0","서울","성북구","차대사람","차도통행중","차도통행중","안전운전 의무 불이행","단일로","기타단일로","승용차","보행자","960278","1957546","127.0499067","37.6164955","N"
"2015","2015-02-24 20","야","화","1","0","0","0","0","경남","함안군","차대사람","횡단중","횡단중","안전운전 의무 불이행","단일로","기타단일로","승용차","보행자","1091765","1703250","128.5095617","35.32060228","N"
"2015","2015-02-24 21","야","화","1","0","0","0","0","서울","광진구","차대차","정면충돌","정면충돌","중앙선 침범","교차로","교차로내","승용차","원동기장치자전거","965657","1950492","127.111186","37.55313221","N"
"2015","2015-02-24 21","야","화","1","0","0","0","0","광주","광산구","차량단독","공작물충돌","공작물충돌","안전운전 의무 불이행","단일로","기타단일로","원동기장치자전거","없음","935832","1687291","126.7952708","35.17886364","N"
"2015","2015-02-25 03","야","수","1","0","0","0","0","서울","용산구","차대차","기타","기타","안전운전 의무 불이행","단일로","기타단일로","승용차","승용차","953769","1946488","126.9768528","37.51652331","N"
"2015","2015-02-25 05","야","수","1","3","3","0","0","울산","북구","차량단독","공작물충돌","공작물충돌","안전운전 의무 불이행","교차로","교차로부근","승용차","없음","1168651","1730561","129.3607813","35.55671208","N"
"2015","2015-02-25 11","주","수","1","0","0","0","0","경기","고양시","차대차","기타","기타","신호위반","교차로","교차로내","자전거","승용차","934258","1964113","126.7544988","37.67418898","N"
"2015","2015-02-25 16","주","수","1","1","1","0","0","충북","충주시","차대차","기타","기타","신호위반","교차로","교차로내","이륜차","승용차","1036745","1887042","127.9128731","36.98111481","N"
"2015","2015-02-25 18","야","수","1","0","0","0","0","경기","용인시","차대사람","횡단중","횡단중","보행자 보호의무 위반","교차로","교차로부근","승용차","보행자","973199","1904841","127.1982229","37.14189473","N"
"2015","2015-02-25 19","야","수","1","0","0","0","0","강원","강릉시","차대사람","횡단중","횡단중","안전운전 의무 불이행","교차로","교차로부근","승용차","보행자","1119303","1980225","128.8553969","37.81396852","N"
"2015","2015-02-25 19","야","수","1","1","1","0","0","충남","아산시","차대사람","횡단중","횡단중","안전운전 의무 불이행","교차로","교차로내","승용차","보행자","954365","1856289","126.9890881","36.70350836","N"
"2015","2015-02-25 19","야","수","1","0","0","0","0","전남","나주시","차량단독","전도전복","전도전복","안전운전 의무 불이행","단일로","기타단일로","원동기장치자전거","없음","918850","1660674","126.611387","34.93764907","N"
"2015","2015-02-26 02","야","목","1","4","2","2","0","충북","음성군","차대차","기타","기타","안전운전 의무 불이행","단일로","기타단일로","화물차","화물차","1013370","1905005","127.6505488","37.14366161","N"
"2015","2015-02-26 05","야","목","1","1","1","0","0","충남","계룡시","차대차","추돌","진행중 추돌","안전운전 의무 불이행","단일로","기타단일로","승용차","이륜차","977681","1809191","127.2514818","36.2797485","N"
"2015","2015-02-26 06","주","목","1","0","0","0","0","경기","용인시","차대차","기타","기타","안전운전 의무 불이행","기타/불명","기타/불명","화물차","승합차","976135","1919919","127.2307992","37.27788754","N"
"2015","2015-02-26 06","주","목","1","2","2","0","0","대전","동구","차대차","기타","기타","안전운전 의무 불이행","단일로","기타단일로","승용차","화물차","998392","1816016","127.4820811","36.341536","N"
"2015","2015-02-26 06","주","목","1","0","0","0","0","경남","김해시","차대사람","차도통행중","차도통행중","안전운전 의무 불이행","교차로","교차로부근","승용차","보행자","1119778","1690054","128.815761","35.19867915","N"
"2015","2015-02-26 07","주","목","1","1","1","0","0","강원","원주시","차대차","추돌","주정차중 추돌","중앙선 침범","단일로","기타단일로","승용차","승용차","1054567","1917167","128.1153089","37.25178827","N"
"2015","2015-02-26 10","주","목","1","0","0","0","0","경남","김해시","차대사람","길가장자리구역통행중","길가장자리구역통행중","안전운전 의무 불이행","교차로","교차로부근","화물차","보행자","1124961","1692985","128.8731269","35.22446878","N"
"2015","2015-02-26 13","주","목","1","0","0","0","0","경기","수원시","차대차","추돌","진행중 추돌","안전거리 미확보","단일로","기타단일로","승용차","원동기장치자전거","955785","1919152","127.0012999","37.27022949","N"
"2015","2015-02-26 13","주","목","1","1","0","1","0","강원","고성군","차대차","추돌","주정차중 추돌","안전운전 의무 불이행","교차로","교차로부근","원동기장치자전거","승용차","1091728","2031741","128.5487761","38.28138376","N"
"2015","2015-02-26 13","주","목","1","0","0","0","0","경북","경주시","차대차","기타","기타","안전운전 의무 불이행","단일로","기타단일로","승용차","자전거","1153792","1778697","129.2061497","35.99294637","N"
"2015","2015-02-26 18","야","목","1","0","0","0","0","충북","영동군","차대차","추돌","진행중 추돌","안전운전 의무 불이행","단일로","기타단일로","화물차","건설기계","1022806","1794594","127.7535159","36.14813738","N"
"2015","2015-02-26 22","야","목","1","0","0","0","0","서울","구로구","차대사람","기타","기타","안전운전 의무 불이행","교차로","교차로내","이륜차","보행자","946280","1942638","126.892393","37.4814169","N"
"2015","2015-02-26 22","야","목","1","0","0","0","0","경남","사천시","차대사람","길가장자리구역통행중","길가장자리구역통행중","안전운전 의무 불이행","단일로","기타단일로","승용차","보행자","1054878","1675720","128.1019384","35.07508144","N"
"2015","2015-02-27 05","야","금","1","0","0","0","0","경기","부천시","차량단독","기타","기타","안전운전 의무 불이행","단일로","기타단일로","이륜차","없음","937506","1942648","126.7931591","37.48095503","N"
"2015","2015-02-27 06","주","금","1","0","0","0","0","경북","경산시","차대차","추돌","주정차중 추돌","안전운전 의무 불이행","교차로","교차로내","승용차","이륜차","1117411","1767822","128.8010433","35.89998369","N"
"2015","2015-02-27 11","주","금","1","0","0","0","0","대구","남구","차대차","기타","기타","안전운전 의무 불이행","교차로","교차로내","화물차","자전거","1099071","1761504","128.5970669","35.84505992","N"
"2015","2015-02-27 13","주","금","1","0","0","0","0","제주","제주시","차대차","추돌","진행중 추돌","안전운전 의무 불이행","단일로","기타단일로","원동기장치자전거","화물차","911691","1501846","126.5492333","33.50484644","N"
"2015","2015-02-27 14","주","금","1","0","0","0","0","충남","태안군","차대차","추돌","진행중 추돌","안전운전 의무 불이행","단일로","기타단일로","승용차","농기계","897276","1838218","126.3524426","36.53617303","N"
"2015","2015-02-27 15","주","금","1","1","1","0","0","충남","당진시","차대차","측면충돌","측면충돌","신호위반","교차로","교차로내","건설기계","원동기장치자전거","934453","1866701","126.7652808","36.79619751","N"
"2015","2015-02-27 18","야","금","1","7","1","6","0","전북","남원시","차량단독","전도전복","전도전복","안전운전 의무 불이행","단일로","기타단일로","승용차","없음","991998.5","1712432","127.4118747","35.40757814","N"
"2015","2015-02-27 19","야","금","1","0","0","0","0","전남","여수시","차대사람","차도통행중","차도통행중","안전운전 의무 불이행","교차로","교차로내","화물차","보행자","1018552","1640084","127.7027036","34.75505651","N"
"2015","2015-02-27 19","야","금","1","0","0","0","0","전남","장흥군","차대사람","차도통행중","차도통행중","안전운전 의무 불이행","단일로","기타단일로","승용차","보행자","947354","1606451","126.9268759","34.4505785","N"
"2015","2015-02-27 23","야","금","1","2","2","0","0","경기","가평군","차대차","추돌","주정차중 추돌","안전운전 의무 불이행","단일로","기타단일로","승용차","승용차","986279","1980252","127.3440959","37.82190737","N"
"2015","2015-02-27 23","야","금","1","0","0","0","0","경남","양산시","차대사람","기타","기타","안전운전 의무 불이행","단일로","기타단일로","승용차","보행자","1150002","1709709","129.1512554","35.37177313","N"
"2015","2015-02-28 11","주","토","1","0","0","0","0","충남","서산시","차대차","측면충돌","측면충돌","신호위반","교차로","교차로내","이륜차","특수차","911821","1861010","126.5122857","36.7430646","N"
"2015","2015-02-28 15","주","토","1","0","0","0","0","서울","강북구","차대사람","횡단중","횡단중","신호위반","교차로","교차로부근","승용차","보행자","956977","1958510","127.0124472","37.62503559","N"
"2015","2015-02-28 17","주","토","1","1","1","0","0","대전","동구","차량단독","공작물충돌","공작물충돌","안전운전 의무 불이행","단일로","기타단일로","승용차","없음","1003085","1822622","127.5344043","36.40108801","N"
"2015","2015-02-28 20","야","토","1","0","0","0","0","경남","김해시","차대사람","횡단중","횡단중","안전운전 의무 불이행","교차로","교차로내","승용차","보행자","1124283","1695219","128.8660163","35.24469149","N"
"2015","2015-02-28 21","야","토","1","1","1","0","0","경남","양산시","차대차","추돌","진행중 추돌","안전운전 의무 불이행","단일로","기타단일로","승용차","승용차","1135965","1701615","128.9954374","35.30082761","N"
"2015","2015-03-01 02","야","일","1","0","0","0","0","경남","창녕군","차대사람","차도통행중","차도통행중","안전운전 의무 불이행","단일로","기타단일로","화물차","보행자","1089675","1726601","128.4891422","35.53131211","N"
"2015","2015-03-01 03","야","일","1","0","0","0","0","경기","고양시","차량단독","기타","기타","안전운전 의무 불이행","단일로","기타단일로","특수차","없음","939184","1959329","126.8107535","37.6314117","N"
"2015","2015-03-01 03","야","일","1","0","0","0","0","경북","경주시","차대사람","기타","기타","안전운전 의무 불이행","단일로","기타단일로","승용차","보행자","1156231","1775204","129.2325083","35.96108018","N"
"2015","2015-03-01 06","주","일","1","0","0","0","0","충남","아산시","차대사람","횡단중","횡단중","안전운전 의무 불이행","단일로","기타단일로","승용차","보행자","956457","1865472","127.0119847","36.78638662","N"
"2015","2015-03-01 17","주","일","1","1","1","0","0","제주","제주시","차량단독","공작물충돌","공작물충돌","안전운전 의무 불이행","단일로","기타단일로","승용차","없음","880526","1487756","126.2156373","33.37476155","N"
"2015","2015-03-01 19","야","일","1","0","0","0","0","경남","김해시","차량단독","공작물충돌","공작물충돌","안전운전 의무 불이행","기타/불명","기타/불명","이륜차","없음","1123184","1691960","128.8534519","35.21544872","N"
"2015","2015-03-01 19","야","일","1","0","0","0","0","대전","동구","차대사람","횡단중","횡단중","안전운전 의무 불이행","교차로","교차로내","승용차","보행자","996429","1813335","127.4602184","36.31736031","N"
"2015","2015-03-01 20","야","일","1","0","0","0","0","경북","영주시","차대차","추돌","진행중 추돌","안전운전 의무 불이행","단일로","기타단일로","화물차","자전거","1105945","1870894","128.6880546","36.83032938","N"
"2015","2015-03-02 00","야","월","1","0","0","0","0","서울","용산구","차대사람","횡단중","횡단중","과속","단일로","횡단보도부근","승용차","보행자","953168","1950111","126.969821","37.54914793","N"
"2015","2015-03-02 01","야","월","1","0","0","0","0","경기","용인시","차대차","추돌","주정차중 추돌","안전운전 의무 불이행","단일로","기타단일로","승용차","화물차","980542","1914341","127.2806563","37.22771018","N"
"2015","2015-03-02 05","야","월","1","0","0","0","0","충남","천안시","차대사람","횡단중","횡단중","신호위반","교차로","교차로내","건설기계","보행자","966750","1869675","127.127159","36.82469205","N"
"2015","2015-03-02 05","야","월","1","0","0","0","0","전북","군산시","차대사람","차도통행중","차도통행중","안전운전 의무 불이행","교차로","교차로내","승용차","보행자","927326.4","1774044","126.6940698","35.96042359","N"
"2015","2015-03-02 06","주","월","1","0","0","0","0","경남","하동군","차대차","측면충돌","측면충돌","안전운전 의무 불이행","교차로","교차로내","원동기장치자전거","승용차","1028448","1679706","127.8121791","35.11211622","N"
"2015","2015-03-02 07","주","월","1","0","0","0","0","충남","청양군","차대사람","길가장자리구역통행중","길가장자리구역통행중","안전운전 의무 불이행","단일로","기타단일로","승용차","보행자","930793","1826754","126.727858","36.43584723","N"
"2015","2015-03-02 08","주","월","1","0","0","0","0","경남","김해시","차대차","측면충돌","측면충돌","중앙선 침범","교차로","교차로내","자전거","화물차","1129892","1692896","128.9272822","35.22303984","N"
"2015","2015-03-02 10","주","월","1","0","0","0","0","서울","송파구","차대사람","횡단중","횡단중","보행자 보호의무 위반","교차로","교차로내","승용차","보행자","966955","1944512","127.1261501","37.49927935","N"
"2015","2015-03-02 10","주","월","1","1","1","0","0","경기","이천시","차대차","측면충돌","측면충돌","안전운전 의무 불이행","단일로","기타단일로","승용차","화물차","993873","1915073","127.4309261","37.23449145","N"
"2015","2015-03-02 12","주","월","1","0","0","0","0","경기","부천시","차대사람","횡단중","횡단중","신호위반","교차로","교차로내","승합차","보행자","935035","1943479","126.7651395","37.48827429","N"
"2015","2015-03-02 15","주","월","1","0","0","0","0","경북","울진군","차량단독","공작물충돌","공작물충돌","안전운전 의무 불이행","교차로","교차로내","이륜차","없음","1168977","1887096","129.3982151","36.96714258","N"
"2015","2015-03-02 16","주","월","1","0","0","0","0","충북","괴산군","차량단독","전도전복","전도전복","안전운전 의무 불이행","단일로","기타단일로","농기계","없음","1046352","1861057","128.0192281","36.74645467","N"
"2015","2015-03-02 18","야","월","1","0","0","0","0","강원","양구군","차대사람","기타","기타","안전운전 의무 불이행","단일로","기타단일로","화물차","보행자","1042752","2012042","127.9876511","38.10752039","N"
"2015","2015-03-02 19","야","월","1","0","0","0","0","전북","김제시","차대사람","차도통행중","차도통행중","안전운전 의무 불이행","단일로","기타단일로","화물차","보행자","958849","1755412","127.0445955","35.79427889","N"
"2015","2015-03-03 06","주","화","1","0","0","0","0","부산","부산진구","차대사람","기타","기타","안전운전 의무 불이행","단일로","기타단일로","승용차","보행자","1143501","1687750","129.0758765","35.17480004","N"
"2015","2015-03-03 08","주","화","1","0","0","0","0","경기","김포시","차대사람","횡단중","횡단중","안전운전 의무 불이행","단일로","횡단보도부근","화물차","보행자","921937","1964322","126.6147729","37.67510673","N"
"2015","2015-03-03 08","주","화","1","0","0","0","0","충남","예산군","차대차","측면충돌","측면충돌","기타","교차로","교차로내","건설기계","화물차","936970","1858344","126.7941825","36.72103752","N"
"2015","2015-03-03 10","주","화","1","0","0","0","0","충남","공주시","차대사람","횡단중","횡단중","안전운전 의무 불이행","단일로","기타단일로","화물차","보행자","965198","1831084","127.1115078","36.47674792","N"
"2015","2015-03-03 10","주","화","1","0","0","0","0","경북","안동시","차대차","기타","기타","안전운전 의무 불이행","교차로","교차로내","자전거","승용차","1109997","1841316","128.7292318","36.56328601","N"
"2015","2015-03-03 11","주","화","1","0","0","0","0","경남","양산시","차량단독","공작물충돌","공작물충돌","안전운전 의무 불이행","단일로","기타단일로","화물차","없음","1138265","1704050","129.0211375","35.32246078","N"
"2015","2015-03-03 12","주","화","1","1","1","0","0","경기","고양시","차대사람","차도통행중","차도통행중","안전운전 의무 불이행","단일로","기타단일로","화물차","보행자","938756","1960704","126.8057879","37.64377585","N"
"2015","2015-03-03 13","주","화","1","0","0","0","0","경기","안성시","차대사람","차도통행중","차도통행중","안전운전 의무 불이행","교차로","교차로부근","승합차","보행자","978783","1898335","127.2612819","37.08339188","N"
"2015","2015-03-03 18","야","화","1","1","1","0","0","전북","익산시","차대사람","길가장자리구역통행중","길가장자리구역통행중","안전운전 의무 불이행","단일로","기타단일로","승용차","보행자","950826","1775337","126.9545806","35.97354787","N"
"2015","2015-03-03 19","야","화","1","0","0","0","0","경남","진주시","차대사람","길가장자리구역통행중","길가장자리구역통행중","안전운전 의무 불이행","단일로","기타단일로","승용차","보행자","1056896","1692070","128.1251986","35.22239233","N"
"2015","2015-03-03 20","야","화","1","0","0","0","0","충북","청주시","차대사람","횡단중","횡단중","신호위반","교차로","교차로내","승용차","보행자","995927","1841965","127.4544755","36.57546542","N"
"2015","2015-03-03 20","야","화","1","0","0","0","0","전북","군산시","차대사람","기타","기타","안전운전 의무 불이행","교차로","교차로내","승합차","보행자","930160","1776351","126.7252878","35.98142847","N"
"2015","2015-03-03 22","야","화","1","0","0","0","0","강원","강릉시","차대사람","횡단중","횡단중","안전운전 의무 불이행","교차로","교차로내","승용차","보행자","1124694","1973730","128.9155102","37.75472494","N"
"2015","2015-03-03 23","야","화","1","2","1","1","0","대구","북구","차대차","추돌","진행중 추돌","안전운전 의무 불이행","단일로","횡단보도부근","화물차","승용차","1094798","1769370","128.5506931","35.91639144","N"