"발생년","발생년월일시","주야","요일","사망자수","부상자수","중상자수","경상자수","부상신고자수","발생지시도","발생지시군구","사고유형_대분류","사고유형_중분류","사고유형","가해자법규위반","도로형태_대분류","도로형태","가해자_당사자종별","피해자_당사자종별","발생위치(X_UTMK)","발생위치(Y_UTMK)","경도","위도"," 어린이사고 여부"
"2015","2015-03-04 00","야","수","1","0","0","0","0","경남","창녕군","차대사람","기타","기타","안전운전 의무 불이행","단일로","기타단일로","화물차","보행자","1081603","1724232","128.3998774","35.5106516","Y"
"2015","2015-03-04 00","야","수","1","0","0","0","0","제주","제주시","차대사람","횡단중","횡단중","보행자 보호의무 위반","단일로","횡단보도상","승용차","보행자","910706.2","1502656.7","126.538551","33.51207582","N"
"2015","2015-03-04 01","야","수","1","0","0","0","0","강원","인제군","차량단독","공작물충돌","공작물충돌","안전운전 의무 불이행","교차로","교차로내","승용차","없음","1049102.7","1991093.3","128.0586526","37.91839831","N"
"2015","2015-03-04 05","야","수","1","0","0","0","0","광주","북구","차대사람","횡단중","횡단중","안전운전 의무 불이행","단일로","횡단보도상","화물차","보행자","948429","1687480","126.9335996","35.18129372","N"
"2015","2015-03-04 06","주","수","1","1","1","0","0","충남","태안군","차대차","측면충돌","측면충돌","신호위반","교차로","교차로내","승용차","승합차","889844","1863095","126.2658617","36.75955859","N"
"2015","2015-03-04 11","주","수","1","0","0","0","0","경기","하남시","차대사람","횡단중","횡단중","안전운전 의무 불이행","단일로","기타단일로","승합차","보행자","973869","1948790","127.2042174","37.53806082","N"
"2015","2015-03-04 12","주","수","1","3","3","0","0","전북","임실군","차대차","정면충돌","정면충돌","교차로 통행방법 위반","교차로","교차로내","승용차","화물차","972301","1728972","127.1943722","35.55635952","N"
"2015","2015-03-04 15","주","수","1","0","0","0","0","전북","전주시","차대차","측면충돌","측면충돌","안전거리 미확보","교차로","교차로부근","화물차","원동기장치자전거","964459.9","1759985.3","127.1064846","35.83573095","N"
"2015","2015-03-04 18","야","수","1","0","0","0","0","전북","전주시","차대사람","길가장자리구역통행중","길가장자리구역통행중","안전운전 의무 불이행","단일로","기타단일로","승용차","보행자","965600","1759773","127.1191172","35.83385753","N"
"2015","2015-03-04 18","야","수","1","0","0","0","0","대구","달성군","차대차","측면충돌","측면충돌","안전운전 의무 불이행","교차로","교차로내","승용차","이륜차","1084356","1737207","128.4315858","35.62739613","N"
"2015","2015-03-05 02","야","목","1","0","0","0","0","충남","천안시","차대차","측면충돌","측면충돌","안전운전 의무 불이행","교차로","교차로부근","승용차","자전거","967232","1867746","127.1326468","36.80731985","N"
"2015","2015-03-05 04","야","목","1","0","0","0","0","인천","계양구","차량단독","전도전복","전도전복","안전운전 의무 불이행","단일로","기타단일로","원동기장치자전거","없음","933525","1948191","126.7476341","37.53063548","N"
"2015","2015-03-05 11","주","목","1","0","0","0","0","충남","홍성군","차대차","측면충돌","측면충돌","교차로 통행방법 위반","교차로","교차로내","승용차","이륜차","930266","1849677","126.7199057","36.64244372","N"
"2015","2015-03-05 12","주","목","1","0","0","0","0","경기","용인시","차대사람","횡단중","횡단중","안전운전 의무 불이행","단일로","기타단일로","화물차","보행자","977049","1926578","127.2409033","37.33793388","N"
"2015","2015-03-05 17","주","목","1","0","0","0","0","충남","아산시","차대차","추돌","진행중 추돌","안전운전 의무 불이행","단일로","기타단일로","이륜차","승용차","953982","1864451","126.9843084","36.77706589","N"
"2015","2015-03-05 19","야","목","1","0","0","0","0","강원","횡성군","차량단독","공작물충돌","공작물충돌","안전운전 의무 불이행","교차로","교차로내","승용차","없음","1051082","1938742","128.0775008","37.4464509","N"
"2015","2015-03-05 22","야","목","1","0","0","0","0","경기","안양시","차대사람","횡단중","횡단중","안전운전 의무 불이행","단일로","기타단일로","승용차","보행자","949629","1932177","126.9309848","37.38731728","N"
"2015","2015-03-06 00","야","금","1","0","0","0","0","경기","의왕시","차대사람","횡단중","횡단중","안전운전 의무 불이행","단일로","횡단보도상","승용차","보행자","953768","1927086","126.978057","37.34164529","N"
"2015","2015-03-06 02","야","금","1","1","0","0","1","경남","창원시(통합)","차대차","기타","기타","중앙선 침범","단일로","기타단일로","이륜차","승용차","1097956","1691563","128.5762678","35.21465094","N"
"2015","2015-03-06 03","야","금","1","0","0","0","0","경기","성남시","차대사람","차도통행중","차도통행중","안전운전 의무 불이행","단일로","기타단일로","화물차","보행자","969400","1938330","127.1540677","37.44364191","N"
"2015","2015-03-06 08","주","금","1","1","0","1","0","전북","익산시","차대차","정면충돌","정면충돌","중앙선 침범","단일로","기타단일로","승용차","화물차","956786","1790147","127.0198745","36.10735067","N"
"2015","2015-03-06 13","주","금","1","1","0","1","0","경기","수원시","차대사람","기타","기타","안전운전 의무 불이행","단일로","기타단일로","승용차","보행자","957665","1914760","127.0227535","37.23072859","N"
"2015","2015-03-06 14","주","금","1","1","0","1","0","충남","서천군","차대차","기타","기타","신호위반","교차로","교차로내","원동기장치자전거","화물차","929361","1778880","126.7162","36.00417013","N"
"2015","2015-03-06 18","야","금","1","0","0","0","0","전남","나주시","차대차","추돌","진행중 추돌","안전운전 의무 불이행","단일로","기타단일로","화물차","원동기장치자전거","929507","1676913","126.7266967","35.08486716","N"
"2015","2015-03-06 18","야","금","1","0","0","0","0","경남","진주시","차대사람","차도통행중","차도통행중","안전운전 의무 불이행","단일로","기타단일로","승용차","보행자","1054454","1689311","128.0981836","35.19765103","N"
"2015","2015-03-06 19","야","금","1","2","0","2","0","경기","고양시","차대차","추돌","진행중 추돌","안전운전 의무 불이행","단일로","기타단일로","화물차","화물차","940830","1962129","126.82918","37.65675511","N"
"2015","2015-03-06 19","야","금","1","0","0","0","0","전북","완주군","차대사람","기타","기타","안전운전 의무 불이행","교차로","교차로내","승용차","보행자","964341","1769460","127.104744","35.9211497","N"
"2015","2015-03-06 19","야","금","1","0","0","0","0","전남","구례군","차대사람","횡단중","횡단중","보행자 보호의무 위반","교차로","교차로내","화물차","보행자","994553","1696114","127.4401176","35.26045699","N"
"2015","2015-03-06 19","야","금","1","0","0","0","0","대구","수성구","차대사람","횡단중","횡단중","안전운전 의무 불이행","교차로","교차로내","승용차","보행자","1101708","1762477","128.6263869","35.85356083","N"
"2015","2015-03-06 21","야","금","1","0","0","0","0","충남","태안군","차대사람","기타","기타","안전운전 의무 불이행","단일로","기타단일로","승용차","보행자","891310","1864445","126.2820903","36.77189501","N"
"2015","2015-03-06 21","야","금","1","0","0","0","0","세종","세종시","차대차","측면충돌","측면충돌","신호위반","교차로","교차로내","자전거","승용차","978867","1834040","127.2640115","36.50379582","N"
"2015","2015-03-07 00","야","토","1","1","1","0","0","울산","중구","차대사람","기타","기타","안전운전 의무 불이행","교차로","교차로내","이륜차","보행자","1165127","1730054","129.3218142","35.55273669","N"
"2015","2015-03-07 03","야","토","1","0","0","0","0","서울","강동구","차량단독","기타","기타","안전운전 의무 불이행","단일로","기타단일로","승용차","없음","966432","1949096","127.1200239","37.54057807","N"
"2015","2015-03-07 03","야","토","1","0","0","0","0","인천","서구","차대사람","횡단중","횡단중","신호위반","단일로","횡단보도상","승용차","보행자","926952","1942868","126.6737764","37.48216344","N"
"2015","2015-03-07 04","야","토","1","0","0","0","0","경기","양평군","차대사람","기타","기타","안전운전 의무 불이행","단일로","기타단일로","승용차","보행자","995953","1944495","127.4542145","37.4997088","N"
"2015","2015-03-07 06","주","토","1","0","0","0","0","경기","안산시","차대차","추돌","주정차중 추돌","안전운전 의무 불이행","단일로","기타단일로","승용차","화물차","940366","1927822","126.8267024","37.34751482","N"
"2015","2015-03-07 08","주","토","1","0","0","0","0","경기","수원시","차대차","기타","기타","중앙선 침범","단일로","기타단일로","화물차","승용차","952925","1920299","126.9689707","37.28042784","N"
"2015","2015-03-07 10","주","토","1","0","0","0","0","경북","성주군","차대차","기타","기타","안전운전 의무 불이행","기타/불명","기타/불명","원동기장치자전거","화물차","1070866","1770365","128.2855578","35.92738969","N"
"2015","2015-03-07 11","주","토","1","0","0","0","0","대전","중구","차대차","측면충돌","측면충돌","중앙선 침범","교차로","교차로부근","승용차","이륜차","993461","1814333","127.427146","36.32634216","N"
"2015","2015-03-07 13","주","토","1","0","0","0","0","강원","강릉시","차대차","측면충돌","측면충돌","안전운전 의무 불이행","교차로","교차로내","이륜차","승용차","1117033.4","1989329.2","128.831093","37.89629746","N"
"2015","2015-03-07 13","주","토","1","0","0","0","0","충남","부여군","차대사람","횡단중","횡단중","안전운전 의무 불이행","단일로","기타단일로","승용차","보행자","944908","1808333","126.8866339","36.27069856","N"
"2015","2015-03-07 13","주","토","1","1","0","0","1","경북","청도군","차대차","정면충돌","정면충돌","신호위반","교차로","교차로내","특수차","화물차","1107192","1743989","128.6846349","35.68631882","N"
"2015","2015-03-07 16","주","토","1","0","0","0","0","경북","김천시","차량단독","전도전복","전도전복","안전운전 의무 불이행","교차로","교차로부근","승용차","없음","1044646","1786589","127.9958335","36.07520882","N"
"2015","2015-03-07 19","야","토","1","0","0","0","0","경북","경주시","차대차","기타","기타","안전운전 의무 불이행","단일로","횡단보도부근","승용차","승용차","1163884","1757197","129.3136341","35.79755353","N"
"2015","2015-03-07 19","야","토","1","0","0","0","0","경북","성주군","차대사람","기타","기타","과속","교차로","교차로내","승용차","보행자","1076086","1761155","128.3425367","35.84396772","N"
"2015","2015-03-07 19","야","토","1","0","0","0","0","울산","남구","차대사람","횡단중","횡단중","신호위반","교차로","교차로내","승용차","보행자","1166423","1729562","129.336005","35.54808594","N"
"2015","2015-03-08 00","야","일","1","0","0","0","0","경기","가평군","차대사람","기타","기타","안전운전 의무 불이행","단일로","교량위","화물차","보행자","987149","1980264","127.353981","37.8220282","N"
"2015","2015-03-08 01","야","일","1","0","0","0","0","서울","강남구","차대사람","횡단중","횡단중","과속","단일로","기타단일로","승용차","보행자","958752.3","1947540","127.0331826","37.52624164","N"
"2015","2015-03-08 04","야","일","1","0","0","0","0","충북","보은군","차대차","추돌","진행중 추돌","안전거리 미확보","단일로","기타단일로","화물차","승용차","1026101","1828714","127.791285","36.45565875","N"
"2015","2015-03-08 11","주","일","1","0","0","0","0","대구","수성구","차대차","추돌","주정차중 추돌","안전거리 미확보","교차로","교차로부근","승용차","이륜차","1100862","1760434","128.6167611","35.83523175","N"
"2015","2015-03-08 13","주","일","1","2","2","0","0","인천","중구","차대차","측면충돌","측면충돌","교차로 통행방법 위반","교차로","교차로내","화물차","승용차","913081","1946898","126.5164288","37.51728194","N"
"2015","2015-03-08 16","주","일","1","0","0","0","0","전남","나주시","차량단독","기타","기타","안전운전 의무 불이행","단일로","기타단일로","원동기장치자전거","없음","936666","1669199","126.8058138","35.01578769","N"
"2015","2015-03-08 18","야","일","1","0","0","0","0","경북","안동시","차대사람","기타","기타","안전운전 의무 불이행","단일로","교량위","승용차","보행자","1124339","1830231","128.8876805","36.46162231","N"
"2015","2015-03-08 18","야","일","1","0","0","0","0","경북","칠곡군","차량단독","전도전복","전도전복","안전운전 의무 불이행","단일로","교량위","화물차","없음","1080661","1776262","128.3947247","35.97979112","N"
"2015","2015-03-08 18","야","일","1","0","0","0","0","대구","동구","차대사람","횡단중","횡단중","안전운전 의무 불이행","단일로","횡단보도상","승용차","보행자","1103068","1766961","128.6420258","35.893839","N"
"2015","2015-03-09 05","야","월","1","3","3","0","0","전북","전주시","차량단독","공작물충돌","공작물충돌","안전운전 의무 불이행","교차로","교차로부근","승용차","없음","966468","1754323","127.1289563","35.78475017","N"
"2015","2015-03-09 05","야","월","1","0","0","0","0","광주","동구","차대사람","횡단중","횡단중","안전운전 의무 불이행","단일로","기타단일로","화물차","보행자","948153","1684209","126.930774","35.15178573","N"
"2015","2015-03-09 08","주","월","1","0","0","0","0","경기","파주시","차대차","기타","기타","신호위반","교차로","교차로부근","승합차","자전거","934266","1968869","126.7541603","37.71705349","N"
"2015","2015-03-09 09","주","월","1","0","0","0","0","경기","수원시","차대차","측면충돌","측면충돌","신호위반","교차로","교차로내","이륜차","화물차","956919","1918284","127.0141401","37.26245879","N"
"2015","2015-03-09 09","주","월","1","0","0","0","0","대전","중구","차대차","기타","기타","안전운전 의무 불이행","교차로","교차로내","화물차","자전거","991449","1814698","127.4047254","36.32961703","N"
"2015","2015-03-09 09","주","월","1","0","0","0","0","울산","울주군","차대차","추돌","진행중 추돌","안전운전 의무 불이행","단일로","기타단일로","승용차","농기계","1151905","1726392","129.17531","35.52184757","N"
"2015","2015-03-09 12","주","월","1","0","0","0","0","경남","하동군","차대사람","기타","기타","안전운전 의무 불이행","단일로","기타단일로","화물차","보행자","1035110","1680991","127.885339","35.12349284","N"
"2015","2015-03-09 13","주","월","1","0","0","0","0","서울","강남구","차대사람","기타","기타","안전운전 의무 불이행","단일로","기타단일로","승용차","보행자","960491","1945125","127.0529895","37.50455049","N"
"2015","2015-03-09 13","주","월","1","2","0","2","0","충남","태안군","차대차","정면충돌","정면충돌","중앙선 침범","단일로","기타단일로","승용차","건설기계","889525","1867784","126.2616087","36.8017818","N"
"2015","2015-03-09 16","주","월","1","0","0","0","0","충북","청주시","차대사람","횡단중","횡단중","안전운전 의무 불이행","단일로","기타단일로","승용차","보행자","997116","1851079","127.4677309","36.65763257","N"
"2015","2015-03-09 19","야","월","1","2","2","0","0","경기","여주시","차대차","추돌","진행중 추돌","안전운전 의무 불이행","교차로","교차로내","화물차","화물차","1005471","1909901","127.5616404","37.18787459","N"
"2015","2015-03-09 19","야","월","1","0","0","0","0","전북","군산시","차대차","추돌","진행중 추돌","안전운전 의무 불이행","단일로","기타단일로","승용차","농기계","940229","1771702","126.8373229","35.94018507","N"
"2015","2015-03-09 19","야","월","1","0","0","0","0","경남","김해시","차대차","기타","기타","안전운전 의무 불이행","단일로","기타단일로","승용차","화물차","1110788","1698846","128.7182113","35.27897212","N"
"2015","2015-03-09 23","야","월","1","0","0","0","0","전남","곡성군","차량단독","공작물충돌","공작물충돌","안전운전 의무 불이행","교차로","교차로내","승용차","없음","981546","1698263","127.2970753","35.27967923","N"
"2015","2015-03-09 23","야","월","1","2","1","1","0","광주","광산구","차대차","정면충돌","정면충돌","중앙선 침범","단일로","기타단일로","승용차","승용차","927461","1685442","126.7035059","35.16162271","N"
"2015","2015-03-10 00","야","화","1","0","0","0","0","경기","안산시","차대차","추돌","주정차중 추돌","안전운전 의무 불이행","단일로","기타단일로","승용차","건설기계","941869","1921477","126.8441681","37.29042047","N"
"2015","2015-03-10 06","주","화","1","0","0","0","0","경북","포항시","차량단독","공작물충돌","공작물충돌","안전운전 의무 불이행","단일로","기타단일로","화물차","없음","1167361.2","1785164.1","129.3579845","36.04898753","N"
"2015","2015-03-10 10","주","화","1","0","0","0","0","부산","강서구","차대차","측면충돌","측면충돌","안전운전 의무 불이행","단일로","기타단일로","자전거","화물차","1123902","1682886","128.8599756","35.13356151","N"
"2015","2015-03-10 10","주","화","1","0","0","0","0","경기","광주시","차대사람","길가장자리구역통행중","길가장자리구역통행중","안전운전 의무 불이행","단일로","기타단일로","승합차","보행자","981885","1935141","127.2952875","37.41522599","Y"
"2015","2015-03-10 21","야","화","1","0","0","0","0","전북","장수군","차량단독","공작물충돌","공작물충돌","안전운전 의무 불이행","단일로","기타단일로","화물차","없음","1000913","1737227","127.5100833","35.63117811","N"
"2015","2015-03-10 22","야","화","1","0","0","0","0","대구","달성군","차대사람","횡단중","횡단중","과속","교차로","교차로부근","화물차","보행자","1086220","1747745","128.4532976","35.7222372","N"
"2015","2015-03-10 22","야","화","1","0","0","0","0","울산","동구","차대차","측면충돌","측면충돌","과속","교차로","교차로내","승용차","이륜차","1174135","1722965","129.4196269","35.48731127","N"
"2015","2015-03-11 00","야","수","1","0","0","0","0","서울","강남구","차량단독","기타","기타","안전운전 의무 불이행","교차로","교차로부근","승용차","없음","962455","1943068","127.0753149","37.48609187","N"
"2015","2015-03-11 00","야","수","1","4","3","1","0","전북","전주시","차대차","측면충돌","측면충돌","안전운전 의무 불이행","교차로","교차로내","승용차","승용차","965214","1757465","127.114944","35.81303497","N"
"2015","2015-03-11 00","야","수","1","2","2","0","0","전북","부안군","차대차","측면충돌","측면충돌","신호위반","교차로","교차로내","화물차","승용차","931026","1747708","126.7373702","35.72326308","N"
"2015","2015-03-11 04","야","수","1","0","0","0","0","경기","고양시","차대차","기타","기타","과속","단일로","기타단일로","승용차","이륜차","933585","1966512","126.7466491","37.69576174","N"
"2015","2015-03-11 05","야","수","1","0","0","0","0","전남","해남군","차량단독","공작물충돌","공작물충돌","안전운전 의무 불이행","교차로","교차로내","승용차","없음","917876","1619432","126.6047448","34.5657038","N"
"2015","2015-03-11 06","주","수","1","0","0","0","0","충북","청주시","차대사람","기타","기타","과속","단일로","기타단일로","승용차","보행자","998572.5","1852490","127.4840251","36.67035595","N"
"2015","2015-03-11 06","주","수","1","0","0","0","0","충남","보령시","차대사람","횡단중","횡단중","과속","단일로","횡단보도상","승용차","보행자","917721","1819544","126.5827936","36.36982274","N"
"2015","2015-03-11 10","주","수","1","1","1","0","0","경북","경주시","차대차","기타","기타","안전운전 의무 불이행","교차로","교차로내","화물차","승용차","1157645","1767595","129.2466731","35.89228165","N"
"2015","2015-03-11 10","주","수","1","0","0","0","0","경북","경주시","차대사람","기타","기타","안전운전 의무 불이행","단일로","기타단일로","화물차","보행자","1155908","1763096","129.2265553","35.85201485","N"
"2015","2015-03-11 19","야","수","1","0","0","0","0","강원","평창군","차대사람","횡단중","횡단중","보행자 보호의무 위반","단일로","횡단보도상","승용차","보행자","1080009","1933163","128.4038961","37.39411902","N"
"2015","2015-03-11 22","야","수","1","0","0","0","0","전남","해남군","차량단독","전도전복","전도전복","기타","단일로","기타단일로","화물차","없음","909533","1597510","126.5161292","34.36733457","N"
"2015","2015-03-12 00","야","목","1","1","0","1","0","강원","원주시","차대사람","횡단중","횡단중","과속","교차로","교차로부근","승용차","보행자","1039140","1926483","127.9418473","37.3365362","N"
"2015","2015-03-12 03","야","목","1","1","1","0","0","전남","광양시","차량단독","공작물충돌","공작물충돌","중앙선 침범","단일로","기타단일로","승용차","없음","1015031","1657121","127.6645378","34.90874825","N"
"2015","2015-03-12 05","야","목","1","0","0","0","0","경기","평택시","차대사람","횡단중","횡단중","안전운전 의무 불이행","단일로","기타단일로","승용차","보행자","953556","1894748","126.9776757","37.05014792","N"
"2015","2015-03-12 10","주","목","1","1","0","1","0","전남","담양군","차대차","정면충돌","정면충돌","중앙선 침범","단일로","기타단일로","이륜차","화물차","948464","1700923","126.9331411","35.3025062","N"
"2015","2015-03-12 10","주","목","1","0","0","0","0","전남","무안군","차량단독","전도전복","전도전복","안전운전 의무 불이행","교차로","교차로부근","이륜차","없음","892613","1678920","126.3217749","35.09970517","N"
"2015","2015-03-12 13","주","목","1","0","0","0","0","경남","사천시","차대사람","횡단중","횡단중","안전운전 의무 불이행","교차로","교차로부근","화물차","보행자","1051447","1659387","128.0632963","34.9279877","N"
"2015","2015-03-12 15","주","목","1","0","0","0","0","광주","남구","차대사람","횡단중","횡단중","보행자 보호의무 위반","단일로","횡단보도부근","승용차","보행자","945032","1678975","126.8968584","35.10442624","N"
"2015","2015-03-12 16","주","목","1","0","0","0","0","충남","논산시","차대사람","횡단중","횡단중","안전운전 의무 불이행","단일로","기타단일로","승합차","보행자","956519","1795699","127.0166013","36.15739237","N"
"2015","2015-03-12 17","주","목","1","0","0","0","0","충북","증평군","차대사람","횡단중","횡단중","신호위반","교차로","교차로부근","화물차","보행자","1007771","1865529","127.5870967","36.78786965","N"
"2015","2015-03-12 18","야","목","1","0","0","0","0","전남","광양시","차대사람","횡단중","횡단중","안전운전 의무 불이행","교차로","교차로부근","화물차","보행자","1008488","1664044","127.592985","34.97125239","N"
"2015","2015-03-12 19","야","목","1","0","0","0","0","전북","완주군","차대사람","횡단중","횡단중","안전운전 의무 불이행","교차로","교차로부근","승합차","보행자","963746","1766952","127.0982633","35.89851603","N"
"2015","2015-03-12 20","야","목","1","0","0","0","0","대전","대덕구","차대사람","횡단중","횡단중","안전운전 의무 불이행","단일로","기타단일로","승용차","보행자","993125","1826062","127.4232987","36.43208102","N"
"2015","2015-03-12 20","야","목","1","1","0","1","0","울산","중구","차대차","추돌","진행중 추돌","안전운전 의무 불이행","교차로","교차로내","이륜차","화물차","1164062","1731521","129.3103669","35.56613437","N"
"2015","2015-03-12 22","야","목","1","2","0","2","0","경기","김포시","차대차","측면충돌","측면충돌","신호위반","교차로","교차로부근","승용차","승용차","926536","1962483","126.6671051","37.65891271","N"
"2015","2015-03-13 01","야","금","1","0","0","0","0","경기","수원시","차대차","기타","기타","안전운전 의무 불이행","단일로","기타단일로","화물차","승용차","955334","1924274","126.9959053","37.31637578","N"
"2015","2015-03-13 03","야","금","1","0","0","0","0","대구","서구","차량단독","도로이탈","도로이탈 기타","안전운전 의무 불이행","단일로","기타단일로","이륜차","없음","1094712","1763391","128.5490288","35.86250152","N"
"2015","2015-03-13 04","야","금","1","1","0","1","0","대구","수성구","차대차","추돌","주정차중 추돌","안전운전 의무 불이행","교차로","교차로부근","승용차","승용차","1100876.2","1761007.4","128.6169907","35.84039919","N"
"2015","2015-03-13 08","주","금","1","0","0","0","0","제주","제주시","차대사람","횡단중","횡단중","과속","단일로","기타단일로","화물차","보행자","884261","1484831","126.2561561","33.34879363","N"
"2015","2015-03-13 11","주","금","1","0","0","0","0","전남","순천시","차대차","측면충돌","측면충돌","안전운전 의무 불이행","교차로","교차로내","원동기장치자전거","승용차","1003877","1658037","127.5424441","34.91711231","N"
"2015","2015-03-13 14","주","금","1","7","6","1","0","경남","진주시","차량단독","공작물충돌","공작물충돌","안전운전 의무 불이행","단일로","기타단일로","화물차","없음","1054216","1696028","128.096012","35.25822851","N"
"2015","2015-03-13 21","야","금","1","0","0","0","0","경기","안성시","차대사람","횡단중","횡단중","안전운전 의무 불이행","단일로","기타단일로","승용차","보행자","981008","1892588","127.286461","37.03163456","N"
"2015","2015-03-13 22","야","금","1","1","1","0","0","경기","의정부시","차대차","정면충돌","정면충돌","중앙선 침범","단일로","기타단일로","승합차","원동기장치자전거","960097","1969516","127.0472007","37.72437475","N"
"2015","2015-03-14 03","야","토","1","0","0","0","0","경남","김해시","차대차","기타","기타","안전운전 의무 불이행","단일로","기타단일로","승용차","화물차","1132170","1703279","128.9539779","35.31633588","N"
"2015","2015-03-14 03","야","토","1","0","0","0","0","전남","영암군","차대사람","차도통행중","차도통행중","안전운전 의무 불이행","단일로","기타단일로","승용차","보행자","926040","1655311","126.6905868","34.88984303","N"
"2015","2015-03-14 08","주","토","1","1","1","0","0","경기","화성시","차대차","기타","기타","중앙선 침범","단일로","기타단일로","화물차","화물차","944477","1901405","126.8750831","37.10965915","N"
"2015","2015-03-14 16","주","토","1","0","0","0","0","경기","고양시","차대사람","차도통행중","차도통행중","안전운전 의무 불이행","단일로","기타단일로","승용차","보행자","936096","1964118","126.7753394","37.67436395","N"
"2015","2015-03-14 16","주","토","1","1","1","0","0","충북","음성군","차대차","기타","기타","신호위반","교차로","교차로내","이륜차","승용차","997693.4","1886281.9","127.4740847","36.97497801","N"
"2015","2015-03-14 17","주","토","1","0","0","0","0","서울","강동구","차대사람","기타","기타","보행자 보호의무 위반","교차로","교차로부근","건설기계","보행자","967743","1948664","127.1348826","37.53673109","N"
"2015","2015-03-14 17","주","토","1","0","0","0","0","강원","인제군","차량단독","도로이탈","도로이탈 추락","안전운전 의무 불이행","단일로","기타단일로","승용차","없음","1078790","1994035","128.3967029","37.94282082","N"
"2015","2015-03-14 19","야","토","1","0","0","0","0","전남","영광군","차대사람","횡단중","횡단중","안전운전 의무 불이행","교차로","교차로내","승용차","보행자","909540","1697711","126.5054046","35.27078368","N"
"2015","2015-03-14 21","야","토","1","0","0","0","0","전남","순천시","차대차","기타","기타","안전운전 의무 불이행","단일로","기타단일로","승용차","자전거","999406","1666206","127.4934913","34.99078359","N"
"2015","2015-03-14 22","야","토","1","0","0","0","0","경북","군위군","차대사람","길가장자리구역통행중","길가장자리구역통행중","안전운전 의무 불이행","단일로","기타단일로","승용차","보행자","1097793","1794251","128.5869599","36.14038067","N"
"2015","2015-03-14 22","야","토","1","0","0","0","0","대구","수성구","차대사람","횡단중","횡단중","안전운전 의무 불이행","교차로","교차로내","승용차","보행자","1100858.5","1759808.3","128.6166433","35.82959175","N"
"2015","2015-03-14 23","야","토","2","0","0","0","0","인천","서구","차대사람","횡단중","횡단중","안전운전 의무 불이행","교차로","교차로부근","승용차","보행자","926460","1945230","126.6679759","37.50341245","N"
"2015","2015-03-15 06","주","일","1","1","1","0","0","경기","성남시","차대차","추돌","진행중 추돌","신호위반","교차로","교차로내","승용차","승합차","968335","1934235","127.1422038","37.40669535","N"
"2015","2015-03-15 07","주","일","1","1","1","0","0","경남","창원시(통합)","차량단독","도로이탈","도로이탈 추락","안전운전 의무 불이행","단일로","기타단일로","화물차","없음","1091421","1696866","128.5050659","35.26307814","N"
"2015","2015-03-15 07","주","일","1","3","0","3","0","광주","남구","차대차","추돌","주정차중 추돌","안전운전 의무 불이행","단일로","기타단일로","승용차","승용차","945519.2","1682206.8","126.9019911","35.13359312","N"
"2015","2015-03-15 08","주","일","1","5","1","4","0","경기","김포시","차대차","추돌","주정차중 추돌","안전운전 의무 불이행","단일로","기타단일로","승용차","승합차","930461","1958722","126.7119588","37.62532215","N"
"2015","2015-03-15 09","주","일","1","0","0","0","0","경남","진주시","차량단독","기타","기타","안전운전 의무 불이행","단일로","기타단일로","농기계","없음","1059097","1684478","128.1488384","35.15381113","N"
"2015","2015-03-15 11","주","일","1","1","1","0","0","전북","익산시","차량단독","공작물충돌","공작물충돌","안전운전 의무 불이행","단일로","기타단일로","승용차","없음","950339","1777632","126.9490353","35.99421388","N"
"2015","2015-03-15 14","주","일","1","2","0","2","0","충남","서산시","차대차","추돌","진행중 추돌","안전운전 의무 불이행","단일로","기타단일로","이륜차","승용차","911683","1865573","126.5102117","36.78418009","N"
"2015","2015-03-15 15","주","일","1","1","0","1","0","경기","양평군","차량단독","공작물충돌","공작물충돌","안전운전 의무 불이행","단일로","기타단일로","승용차","없음","1020630","1941621","127.7333149","37.47358199","N"
"2015","2015-03-15 16","주","일","1","0","0","0","0","충남","홍성군","차량단독","공작물충돌","공작물충돌","안전운전 의무 불이행","교차로","교차로부근","농기계","없음","919624","1834208","126.6024841","36.50216763","N"
"2015","2015-03-15 19","야","일","1","0","0","0","0","경북","영천시","차대사람","보도통행중","보도통행중","보행자 보호의무 위반","단일로","기타단일로","승용차","보행자","1128601","1775121","128.9261892","35.96436419","N"
"2015","2015-03-15 20","야","일","1","0","0","0","0","충남","아산시","차대사람","횡단중","횡단중","안전운전 의무 불이행","교차로","교차로부근","승용차","보행자","961555","1864185","127.0691847","36.77500564","N"
"2015","2015-03-15 23","야","일","1","0","0","0","0","대구","동구","차량단독","공작물충돌","공작물충돌","안전운전 의무 불이행","단일로","기타단일로","승용차","없음","1106206","1773737","128.6776948","35.95458325","N"
"2015","2015-03-16 01","야","월","1","0","0","0","0","경북","경주시","차대사람","기타","기타","안전운전 의무 불이행","단일로","기타단일로","승용차","보행자","1155089","1762334","129.2173411","35.84527759","N"
"2015","2015-03-16 02","야","월","1","1","1","0","0","제주","제주시","차량단독","공작물충돌","공작물충돌","안전운전 의무 불이행","교차로","교차로내","승용차","없음","906404","1500674","126.4924414","33.49382719","N"
"2015","2015-03-16 08","주","월","1","0","0","0","0","경북","안동시","차대차","기타","기타","안전운전 의무 불이행","교차로","교차로내","승용차","자전거","1108631","1841116","128.7139415","36.56163979","N"
"2015","2015-03-16 10","주","월","1","0","0","0","0","충남","당진시","차대사람","보도통행중","보도통행중","안전운전 의무 불이행","단일로","기타단일로","화물차","보행자","933659","1873830","126.7557593","36.8604025","N"