"발생년","발생년월일시","주야","요일","사망자수","부상자수","중상자수","경상자수","부상신고자수","발생지시도","발생지시군구","사고유형_대분류","사고유형_중분류","사고유형","가해자법규위반","도로형태_대분류","도로형태","가해자_당사자종별","피해자_당사자종별","발생위치(X_UTMK)","발생위치(Y_UTMK)","경도","위도"," 어린이사고 여부"
"2015","2015-03-16 12","주","월","1","0","0","0","0","전북","고창군","차대차","측면충돌","측면충돌","기타","단일로","기타단일로","이륜차","화물차","918118","1705280","126.5989513","35.33976333","N"
"2015","2015-03-16 13","주","월","1","0","0","0","0","경기","평택시","차대차","기타","기타","안전운전 의무 불이행","단일로","기타단일로","화물차","승용차","955205","1891799","126.9963958","37.02364576","N"
"2015","2015-03-16 14","주","월","1","0","0","0","0","충북","보은군","차대사람","차도통행중","차도통행중","안전운전 의무 불이행","교차로","교차로내","승합차","보행자","1019863","1832448","127.7217658","36.48947095","N"
"2015","2015-03-16 17","주","월","1","0","0","0","0","전남","화순군","차대사람","길가장자리구역통행중","길가장자리구역통행중","안전운전 의무 불이행","기타/불명","기타/불명","건설기계","보행자","953843","1674526","126.9937822","35.0647522","N"
"2015","2015-03-16 17","주","월","1","0","0","0","0","경북","경주시","차량단독","전도전복","전도전복","안전운전 의무 불이행","단일로","기타단일로","승용차","없음","1150449","1778790","129.1690948","35.99430615","N"
"2015","2015-03-16 19","야","월","1","0","0","0","0","충남","금산군","차대차","추돌","진행중 추돌","안전운전 의무 불이행","단일로","기타단일로","승용차","농기계","999106","1785975","127.4900719","36.07069829","N"
"2015","2015-03-16 22","야","월","1","0","0","0","0","전남","여수시","차대사람","길가장자리구역통행중","길가장자리구역통행중","안전운전 의무 불이행","단일로","기타단일로","승합차","보행자","1010318","1633719","127.6126592","34.69777454","N"
"2015","2015-03-16 23","야","월","1","0","0","0","0","경기","평택시","차대사람","기타","기타","안전운전 의무 불이행","교차로","교차로부근","승용차","보행자","950006","1888834","126.9381457","36.99665688","N"
"2015","2015-03-17 04","야","화","1","1","1","0","0","부산","남구","차대차","측면충돌","측면충돌","안전거리 미확보","단일로","기타단일로","승용차","이륜차","1146813.5","1680803.8","129.1110061","35.11171075","N"
"2015","2015-03-17 04","야","화","1","0","0","0","0","전북","전주시","차대차","측면충돌","측면충돌","안전운전 의무 불이행","단일로","기타단일로","이륜차","승용차","967545.4","1760773.5","127.1406159","35.84294438","N"
"2015","2015-03-17 05","야","화","1","3","0","3","0","서울","마포구","차대차","추돌","진행중 추돌","안전운전 의무 불이행","단일로","기타단일로","화물차","화물차","943625","1952509","126.8616072","37.57022665","N"
"2015","2015-03-17 10","주","화","1","1","1","0","0","경기","안성시","차대차","추돌","주정차중 추돌","안전운전 의무 불이행","단일로","기타단일로","화물차","화물차","995622","1898634","127.45074","37.08631717","N"
"2015","2015-03-17 10","주","화","1","0","0","0","0","경기","안성시","차대차","기타","기타","교차로 통행방법 위반","교차로","교차로내","승용차","이륜차","993790","1897231","127.4301385","37.07365975","N"
"2015","2015-03-17 10","주","화","1","0","0","0","0","경기","포천시","차량단독","공작물충돌","공작물충돌","기타","단일로","기타단일로","승합차","없음","974447","1979030","127.2096999","37.81063874","N"
"2015","2015-03-17 14","주","화","1","1","1","0","0","전북","익산시","차대차","측면충돌","측면충돌","안전운전 의무 불이행","단일로","기타단일로","이륜차","화물차","962716","1784722","127.0860141","36.05868703","N"
"2015","2015-03-17 15","주","화","1","1","0","1","0","전남","보성군","차대차","추돌","진행중 추돌","안전운전 의무 불이행","교차로","교차로내","원동기장치자전거","자전거","963285","1643784","127.0986849","34.78792945","N"
"2015","2015-03-17 16","주","화","1","0","0","0","0","전북","전주시","차대차","측면충돌","측면충돌","안전거리 미확보","단일로","기타단일로","자전거","승합차","967730","1757347","127.1427985","35.81205705","N"
"2015","2015-03-17 19","야","화","1","0","0","0","0","전북","임실군","차대차","추돌","진행중 추돌","안전운전 의무 불이행","단일로","기타단일로","승용차","자전거","979769","1742605","127.2764308","35.67946149","N"
"2015","2015-03-17 19","야","화","1","0","0","0","0","전남","광양시","차대사람","길가장자리구역통행중","길가장자리구역통행중","안전운전 의무 불이행","단일로","기타단일로","승용차","보행자","1009427","1666808","127.6033029","34.99616832","N"
"2015","2015-03-17 21","야","화","1","0","0","0","0","전북","김제시","차대사람","횡단중","횡단중","안전운전 의무 불이행","교차로","교차로내","승용차","보행자","945565","1757135","126.8974749","35.80916637","N"
"2015","2015-03-17 22","야","화","1","0","0","0","0","충남","천안시","차대사람","보도통행중","보도통행중","안전운전 의무 불이행","교차로","교차로부근","승용차","보행자","965179","1868659","127.1095898","36.81547678","N"
"2015","2015-03-17 22","야","화","1","0","0","0","0","경북","구미시","차대사람","횡단중","횡단중","안전운전 의무 불이행","기타/불명","기타/불명","승용차","보행자","1079016","1790791","128.3779326","36.11090205","N"
"2015","2015-03-17 22","야","화","1","0","0","0","0","경남","창원시(통합)","차대사람","기타","기타","안전운전 의무 불이행","교차로","교차로내","승용차","보행자","1103685","1696580","128.6398357","35.25930481","N"
"2015","2015-03-17 23","야","화","1","0","0","0","0","충남","예산군","차대사람","차도통행중","차도통행중","안전운전 의무 불이행","단일로","기타단일로","승용차","보행자","930328","1854691","126.7201433","36.68764497","N"
"2015","2015-03-17 23","야","화","1","0","0","0","0","경남","고성군","차대사람","기타","기타","안전운전 의무 불이행","단일로","기타단일로","승용차","보행자","1075574","1669936","128.3284009","35.02159139","N"
"2015","2015-03-18 06","주","수","1","0","0","0","0","경남","창원시(통합)","차대사람","차도통행중","차도통행중","안전운전 의무 불이행","교차로","교차로부근","승용차","보행자","1097750","1690768","128.5739104","35.20750368","N"
"2015","2015-03-18 06","주","수","1","0","0","0","0","경남","통영시","차량단독","전도전복","전도전복","안전운전 의무 불이행","단일로","기타단일로","승용차","없음","1078567","1658813","128.3601562","34.9210729","N"
"2015","2015-03-18 06","주","수","1","1","1","0","0","대구","북구","차대사람","횡단중","횡단중","신호위반","교차로","교차로내","화물차","보행자","1098298","1765357","128.5889835","35.8798707","N"
"2015","2015-03-18 11","주","수","1","0","0","0","0","전남","영광군","차량단독","전도전복","전도전복","안전운전 의무 불이행","단일로","기타단일로","원동기장치자전거","없음","904566","1700447","126.4504058","35.29498819","N"
"2015","2015-03-18 13","주","수","1","0","0","0","0","충남","공주시","차량단독","공작물충돌","공작물충돌","안전운전 의무 불이행","단일로","기타단일로","승용차","없음","966974","1833736","127.1312195","36.50071864","N"
"2015","2015-03-18 16","주","수","1","1","1","0","0","경북","경산시","차량단독","전도전복","전도전복","안전운전 의무 불이행","교차로","교차로부근","화물차","없음","1113931","1774471","128.7634429","35.96032834","N"
"2015","2015-03-18 17","주","수","1","0","0","0","0","경기","남양주시","차대사람","횡단중","횡단중","안전운전 의무 불이행","단일로","기타단일로","승용차","보행자","968222","1960868","127.1397745","37.64674663","N"
"2015","2015-03-18 19","야","수","1","0","0","0","0","경북","경산시","차대사람","길가장자리구역통행중","길가장자리구역통행중","안전운전 의무 불이행","단일로","기타단일로","승용차","보행자","1115241","1764271","128.7764889","35.8682335","N"
"2015","2015-03-18 19","야","수","1","0","0","0","0","대구","수성구","차대차","기타","기타","중앙선 침범","단일로","기타단일로","자전거","승용차","1100395","1760422","128.6115897","35.83517151","N"
"2015","2015-03-18 21","야","수","1","0","0","0","0","경북","포항시","차대사람","기타","기타","안전운전 의무 불이행","교차로","교차로부근","승합차","보행자","1170687","1773244","129.3923201","35.94099756","N"
"2015","2015-03-18 22","야","수","1","0","0","0","0","대구","북구","차대사람","기타","기타","안전운전 의무 불이행","단일로","횡단보도상","화물차","보행자","1094235","1770147","128.5445461","35.92345019","N"
"2015","2015-03-19 05","야","목","1","0","0","0","0","인천","서구","차대사람","횡단중","횡단중","과속","단일로","기타단일로","승용차","보행자","927545","1946969","126.6800789","37.5191714","N"
"2015","2015-03-19 08","주","목","1","0","0","0","0","경기","화성시","차대사람","횡단중","횡단중","안전운전 의무 불이행","교차로","교차로부근","화물차","보행자","959140","1913445","127.0394529","37.21894129","N"
"2015","2015-03-19 10","주","목","1","5","5","0","0","경기","양평군","차대차","정면충돌","정면충돌","중앙선 침범","단일로","기타단일로","승용차","승용차","987451","1950793","127.3579201","37.55639999","N"
"2015","2015-03-19 11","주","목","1","0","0","0","0","부산","수영구","차량단독","공작물충돌","공작물충돌","안전운전 의무 불이행","단일로","기타단일로","승용차","없음","1145876","1685214","129.1015007","35.1515993","N"
"2015","2015-03-19 11","주","목","1","3","0","3","0","전북","군산시","차대차","측면충돌","측면충돌","신호위반","교차로","교차로내","이륜차","승용차","932617","1778242","126.7523795","35.99864908","N"
"2015","2015-03-19 12","주","목","1","0","0","0","0","경기","안산시","차대사람","차도통행중","차도통행중","안전운전 의무 불이행","교차로","교차로내","승용차","보행자","941833","1923319","126.8436177","37.30702087","N"
"2015","2015-03-19 12","주","목","1","0","0","0","0","경기","부천시","차대사람","횡단중","횡단중","보행자 보호의무 위반","단일로","횡단보도상","승합차","보행자","938573","1947870","126.8047903","37.52809247","N"
"2015","2015-03-19 14","주","목","1","0","0","0","0","부산","동래구","차대사람","횡단중","횡단중","안전운전 의무 불이행","교차로","교차로내","승용차","보행자","1146486","1690419","129.1091196","35.19842648","N"
"2015","2015-03-19 15","주","목","1","0","0","0","0","경북","의성군","차대차","측면충돌","측면충돌","과속","단일로","기타단일로","화물차","이륜차","1076135","1834039","128.3501471","36.50099108","N"
"2015","2015-03-19 18","야","목","1","0","0","0","0","경북","영천시","차대사람","횡단중","횡단중","안전운전 의무 불이행","단일로","기타단일로","화물차","보행자","1135063","1778057","128.9983316","35.98995305","N"
"2015","2015-03-19 19","야","목","1","0","0","0","0","충남","아산시","차대사람","횡단중","횡단중","안전운전 의무 불이행","단일로","기타단일로","승용차","보행자","954577","1865058","126.9909397","36.78256635","N"
"2015","2015-03-19 19","야","목","1","0","0","0","0","경북","문경시","차량단독","전도전복","전도전복","안전운전 의무 불이행","단일로","기타단일로","이륜차","없음","1054256","1859328","128.1076405","36.73044967","N"
"2015","2015-03-19 19","야","목","1","0","0","0","0","경북","봉화군","차대차","측면충돌","측면충돌","중앙선 침범","단일로","기타단일로","농기계","승용차","1121564","1880086","128.864635","36.91128939","N"
"2015","2015-03-19 19","야","목","1","0","0","0","0","경남","거창군","차대차","측면충돌","측면충돌","교차로 통행방법 위반","교차로","교차로내","승용차","이륜차","1038530","1745423","127.9259194","35.70432372","N"
"2015","2015-03-20 02","야","금","1","1","1","0","0","경북","영덕군","차대차","추돌","주정차중 추돌","안전운전 의무 불이행","교차로","교차로부근","화물차","건설기계","1168662","1819062","129.3797096","36.35420989","N"
"2015","2015-03-20 03","야","금","1","0","0","0","0","경기","남양주시","차량단독","공작물충돌","공작물충돌","안전운전 의무 불이행","단일로","기타단일로","승용차","없음","969990","1961870","127.1597744","37.65583742","N"
"2015","2015-03-20 04","야","금","1","0","0","0","0","서울","강남구","차대사람","보도통행중","보도통행중","중앙선 침범","교차로","교차로부근","승용차","보행자","960540.3","1942490.4","127.0536886","37.48080589","N"
"2015","2015-03-20 09","주","금","1","0","0","0","0","경기","남양주시","차대차","정면충돌","정면충돌","안전운전 의무 불이행","단일로","기타단일로","이륜차","화물차","973455","1972902","127.1986545","37.7553781","N"
"2015","2015-03-20 12","주","금","1","0","0","0","0","전남","장성군","차량단독","전도전복","전도전복","안전운전 의무 불이행","단일로","기타단일로","건설기계","없음","932875","1706183","126.7612533","35.34900625","N"
"2015","2015-03-20 13","주","금","1","1","1","0","0","충남","태안군","차량단독","도로이탈","도로이탈 추락","안전운전 의무 불이행","단일로","기타단일로","화물차","없음","886828","1878829","126.2297367","36.90100556","N"
"2015","2015-03-20 13","주","금","1","0","0","0","0","전남","완도군","차량단독","도로이탈","도로이탈 추락","안전운전 의무 불이행","단일로","기타단일로","승용차","없음","928745","1591254","126.7255683","34.31242166","N"
"2015","2015-03-20 13","주","금","1","0","0","0","0","경북","김천시","차대차","측면충돌","측면충돌","안전거리 미확보","단일로","기타단일로","이륜차","승합차","1042214","1776364","127.9682789","35.98313302","N"
"2015","2015-03-20 13","주","금","1","7","5","2","0","경북","구미시","차대차","추돌","진행중 추돌","안전거리 미확보","단일로","터널안","화물차","승용차","1064928","1812327","128.2232","36.3060919","N"
"2015","2015-03-20 17","주","금","1","15","7","8","0","충북","청주시","차대차","정면충돌","정면충돌","신호위반","교차로","교차로내","화물차","승합차","1001330","1849180","127.5148781","36.64051659","N"
"2015","2015-03-20 19","야","금","1","0","0","0","0","충북","충주시","차대사람","기타","기타","보행자 보호의무 위반","단일로","기타단일로","승용차","보행자","1039793","1885393","127.9470331","36.96612636","N"
"2015","2015-03-20 19","야","금","1","0","0","0","0","경북","상주시","차대사람","횡단중","횡단중","안전운전 의무 불이행","단일로","기타단일로","화물차","보행자","1056709","1815961","128.1319225","36.3393708","N"
"2015","2015-03-20 19","야","금","1","1","0","1","0","경북","영천시","차대사람","길가장자리구역통행중","길가장자리구역통행중","안전운전 의무 불이행","교차로","교차로내","승합차","보행자","1116171","1782954","128.7895222","36.03652715","N"
"2015","2015-03-20 20","야","금","1","0","0","0","0","서울","강북구","차대사람","길가장자리구역통행중","길가장자리구역통행중","안전운전 의무 불이행","교차로","교차로부근","승용차","보행자","956961","1962183","127.0120494","37.65814004","N"
"2015","2015-03-20 20","야","금","1","0","0","0","0","경기","의정부시","차대사람","차도통행중","차도통행중","안전운전 의무 불이행","단일로","기타단일로","승용차","보행자","959582","1973272","127.041148","37.75820502","N"
"2015","2015-03-20 22","야","금","1","0","0","0","0","경북","포항시","차대차","측면충돌","측면충돌","안전운전 의무 불이행","단일로","기타단일로","승용차","화물차","1172145","1776059","129.4090866","35.96610764","N"
"2015","2015-03-21 02","야","토","1","0","0","0","0","인천","미추홀구","차대사람","횡단중","횡단중","과속","단일로","기타단일로","승용차","보행자","927000","1939499","126.6746531","37.45180318","N"
"2015","2015-03-21 03","야","토","1","0","0","0","0","경기","포천시","차량단독","공작물충돌","공작물충돌","안전운전 의무 불이행","단일로","기타단일로","승용차","없음","967448","1978116","127.1302287","37.80217807","N"
"2015","2015-03-21 11","주","토","1","0","0","0","0","강원","홍천군","차량단독","공작물충돌","공작물충돌","안전운전 의무 불이행","단일로","기타단일로","이륜차","없음","1035316","1955899","127.9000902","37.60183048","N"
"2015","2015-03-21 15","주","토","1","2","0","2","0","부산","금정구","차대차","추돌","진행중 추돌","안전운전 의무 불이행","단일로","기타단일로","승용차","승용차","1146693.4","1692237.7","129.1117211","35.21478914","N"
"2015","2015-03-21 19","야","토","1","0","0","0","0","전북","익산시","차대사람","횡단중","횡단중","안전운전 의무 불이행","단일로","횡단보도상","화물차","보행자","951180","1783067","126.9580301","36.04325568","N"
"2015","2015-03-21 19","야","토","1","0","0","0","0","전남","함평군","차량단독","도로이탈","도로이탈 추락","안전운전 의무 불이행","단일로","기타단일로","원동기장치자전거","없음","918499","1690715","126.6045899","35.20847753","N"
"2015","2015-03-21 22","야","토","1","0","0","0","0","부산","사상구","차량단독","전도전복","전도전복","안전운전 의무 불이행","단일로","기타단일로","이륜차","없음","1136544","1685236","128.9990851","35.15310836","N"
"2015","2015-03-22 01","야","일","1","0","0","0","0","서울","강북구","차대차","측면충돌","측면충돌","안전운전 의무 불이행","단일로","기타단일로","승용차","원동기장치자전거","958243","1957662","127.026842","37.61745082","N"
"2015","2015-03-22 01","야","일","1","2","1","1","0","경기","의정부시","차량단독","공작물충돌","공작물충돌","안전운전 의무 불이행","교차로","교차로부근","원동기장치자전거","없음","960172","1969988","127.0480259","37.72863217","N"
"2015","2015-03-22 01","야","일","1","0","0","0","0","대구","수성구","차대사람","횡단중","횡단중","안전운전 의무 불이행","단일로","횡단보도상","승용차","보행자","1102071","1763062","128.6304812","35.85879651","N"
"2015","2015-03-22 02","야","일","1","2","1","0","1","경기","하남시","차량단독","공작물충돌","공작물충돌","안전운전 의무 불이행","교차로","교차로내","승용차","없음","972821","1949754","127.1923193","37.5467195","N"
"2015","2015-03-22 03","야","일","1","0","0","0","0","경남","고성군","차량단독","공작물충돌","공작물충돌","안전운전 의무 불이행","단일로","기타단일로","승용차","없음","1076005","1664009","128.3325835","34.96811829","N"
"2015","2015-03-22 04","야","일","1","0","0","0","0","전남","여수시","차대사람","횡단중","횡단중","신호위반","교차로","교차로부근","승용차","보행자","1014581","1641352","127.6593376","34.76655553","N"
"2015","2015-03-22 05","야","일","1","1","1","0","0","강원","홍천군","차대차","추돌","진행중 추돌","안전운전 의무 불이행","단일로","기타단일로","이륜차","화물차","1037161","1968233","127.9216197","37.71292636","N"
"2015","2015-03-22 20","야","일","1","0","0","0","0","경남","함안군","차대사람","차도통행중","차도통행중","안전운전 의무 불이행","단일로","기타단일로","승용차","보행자","1079430","1697578","128.3733226","35.27052069","N"
"2015","2015-03-22 22","야","일","1","0","0","0","0","제주","서귀포시","차대사람","횡단중","횡단중","보행자 보호의무 위반","교차로","교차로부근","화물차","보행자","913213","1474396","126.568262","33.25740984","N"
"2015","2015-03-23 01","야","월","1","0","0","0","0","부산","부산진구","차량단독","공작물충돌","공작물충돌","신호위반","단일로","기타단일로","승용차","없음","1141240","1685830","129.0507266","35.15781384","N"
"2015","2015-03-23 03","야","월","1","1","1","0","0","서울","강북구","차대차","측면충돌","측면충돌","신호위반","교차로","교차로내","원동기장치자전거","승용차","958389","1959614","127.0283851","37.63505115","N"
"2015","2015-03-23 06","주","월","1","0","0","0","0","서울","성동구","차대차","측면충돌","측면충돌","안전운전 의무 불이행","단일로","기타단일로","화물차","자전거","960726","1949575","127.0554103","37.54466996","N"
"2015","2015-03-23 06","주","월","1","0","0","0","0","전남","영광군","차량단독","도로이탈","도로이탈 추락","안전운전 의무 불이행","단일로","기타단일로","원동기장치자전거","없음","917359","1701832","126.590948","35.30861424","N"
"2015","2015-03-23 07","주","월","1","0","0","0","0","경기","광명시","차량단독","공작물충돌","공작물충돌","안전운전 의무 불이행","단일로","횡단보도부근","이륜차","없음","941909","1941544","126.8430434","37.47129198","N"
"2015","2015-03-23 10","주","월","1","0","0","0","0","부산","기장군","차대사람","횡단중","횡단중","안전운전 의무 불이행","단일로","기타단일로","승용차","보행자","1155169","1691414","129.2046516","35.20608974","N"
"2015","2015-03-23 11","주","월","1","1","1","0","0","강원","화천군","차대차","정면충돌","정면충돌","중앙선 침범","단일로","터널안","승용차","승합차","1019383","2002864","127.7208465","38.02560548","N"
"2015","2015-03-23 16","주","월","1","0","0","0","0","강원","동해시","차대사람","횡단중","횡단중","보행자 보호의무 위반","단일로","횡단보도상","화물차","보행자","1142102","1951033","129.108638","37.54768935","N"
"2015","2015-03-23 17","주","월","1","0","0","0","0","서울","영등포구","차대차","기타","기타","안전운전 의무 불이행","단일로","기타단일로","승용차","자전거","947601","1946845","126.9070338","37.51941125","N"
"2015","2015-03-23 19","야","월","1","0","0","0","0","서울","강북구","차대사람","기타","기타","안전운전 의무 불이행","교차로","교차로부근","승용차","보행자","956776","1962347","127.0099423","37.65960949","N"
"2015","2015-03-23 21","야","월","1","2","2","0","0","대전","동구","차대차","정면충돌","정면충돌","중앙선 침범","단일로","기타단일로","승용차","승용차","996390","1816163","127.4597708","36.34285584","N"
"2015","2015-03-24 00","야","화","1","0","0","0","0","경기","파주시","차대사람","기타","기타","안전운전 의무 불이행","단일로","기타단일로","화물차","보행자","937604","1982445","126.7908637","37.83964137","N"
"2015","2015-03-24 05","야","화","1","0","0","0","0","서울","영등포구","차대차","추돌","주정차중 추돌","안전운전 의무 불이행","단일로","기타단일로","화물차","건설기계","948054","1947512","126.9121127","37.52544865","N"
"2015","2015-03-24 05","야","화","1","0","0","0","0","경기","안성시","차대사람","횡단중","횡단중","안전운전 의무 불이행","단일로","기타단일로","승용차","보행자","970954","1889170","127.1735507","37.00056656","N"
"2015","2015-03-24 05","야","화","4","1","0","1","0","경기","화성시","차대사람","길가장자리구역통행중","길가장자리구역통행중","안전운전 의무 불이행","단일로","기타단일로","승용차","보행자","956302","1911293","127.0075919","37.19941495","N"
"2015","2015-03-24 05","야","화","1","0","0","0","0","경북","칠곡군","차대사람","기타","기타","안전운전 의무 불이행","단일로","기타단일로","화물차","보행자","1094688","1778361","128.5505469","35.99745139","N"
"2015","2015-03-24 07","주","화","1","0","0","0","0","경남","창원시(통합)","차대차","추돌","주정차중 추돌","안전운전 의무 불이행","단일로","기타단일로","원동기장치자전거","화물차","1097394","1689311","128.5698276","35.19440263","N"
"2015","2015-03-24 09","주","화","1","1","0","1","0","광주","북구","차량단독","공작물충돌","공작물충돌","안전운전 의무 불이행","단일로","기타단일로","승합차","없음","948706","1686036","126.9367316","35.16828773","Y"
"2015","2015-03-24 12","주","화","1","0","0","0","0","경남","김해시","차대사람","차도통행중","차도통행중","안전운전 의무 불이행","단일로","기타단일로","화물차","보행자","1133064","1703430","128.9638343","35.31757835","N"
"2015","2015-03-24 15","주","화","1","0","0","0","0","경기","고양시","차대차","기타","기타","안전운전 의무 불이행","단일로","기타단일로","승용차","자전거","944571","1957076","126.8719734","37.61144639","N"
"2015","2015-03-24 15","주","화","1","0","0","0","0","경남","양산시","차량단독","기타","기타","안전운전 의무 불이행","단일로","기타단일로","원동기장치자전거","없음","1138103","1700747","129.0187991","35.29271059","N"
"2015","2015-03-24 16","주","화","1","0","0","0","0","제주","서귀포시","차대차","기타","기타","신호위반","교차로","교차로내","화물차","화물차","918318","1478333","126.622708","33.29331588","N"
"2015","2015-03-24 18","야","화","1","0","0","0","0","인천","중구","차대사람","기타","기타","안전운전 의무 불이행","교차로","교차로부근","승합차","보행자","914880","1946785","126.5367967","37.51643131","N"
"2015","2015-03-24 19","야","화","1","0","0","0","0","경기","광주시","차대사람","횡단중","횡단중","과속","단일로","기타단일로","승용차","보행자","978878","1938818","127.2612012","37.44830562","N"
"2015","2015-03-24 23","야","화","1","0","0","0","0","전북","전주시","차대사람","차도통행중","차도통행중","안전운전 의무 불이행","단일로","기타단일로","승용차","보행자","965100","1761674","127.1134981","35.85097922","N"
"2015","2015-03-25 07","주","수","1","0","0","0","0","전남","신안군","차대차","추돌","진행중 추돌","안전운전 의무 불이행","단일로","기타단일로","화물차","농기계","873877","1650457","126.1205659","34.84094359","N"
"2015","2015-03-25 15","주","수","1","0","0","0","0","경북","고령군","차대차","측면충돌","측면충돌","신호위반","교차로","교차로내","화물차","이륜차","1068298.5","1744602","128.2548974","35.69530774","N"
"2015","2015-03-25 19","야","수","1","0","0","0","0","전북","정읍시","차대차","측면충돌","측면충돌","신호위반","교차로","교차로내","이륜차","승합차","940971","1731117","126.8485385","35.57432712","N"
"2015","2015-03-25 23","야","수","2","0","0","0","0","서울","동작구","차대차","추돌","주정차중 추돌","안전운전 의무 불이행","단일로","기타단일로","승용차","화물차","950304","1946493","126.9376444","37.51638821","N"
"2015","2015-03-26 00","야","목","1","0","0","0","0","광주","남구","차대사람","횡단중","횡단중","안전운전 의무 불이행","단일로","기타단일로","승용차","보행자","945059","1682591","126.8969144","35.13703232","N"
"2015","2015-03-26 01","야","목","1","1","0","1","0","서울","중랑구","차대차","정면충돌","정면충돌","중앙선 침범","단일로","횡단보도부근","이륜차","승합차","963453","1955307","127.0859938","37.59644652","N"
"2015","2015-03-26 02","야","목","1","0","0","0","0","경기","의왕시","차대차","기타","기타","안전운전 의무 불이행","단일로","기타단일로","승용차","승용차","956752","1932691","127.0114167","37.39231002","N"
"2015","2015-03-26 04","야","목","1","0","0","0","0","서울","강남구","차대사람","횡단중","횡단중","신호위반","단일로","기타단일로","승용차","보행자","960468","1946182","127.0526724","37.51407665","N"
"2015","2015-03-26 05","야","목","1","0","0","0","0","인천","부평구","차대사람","횡단중","횡단중","안전운전 의무 불이행","단일로","기타단일로","승합차","보행자","929652","1946446","126.7039702","37.51462083","N"
"2015","2015-03-26 09","주","목","1","0","0","0","0","대구","수성구","차대차","측면충돌","측면충돌","안전운전 의무 불이행","단일로","기타단일로","승용차","이륜차","1100241","1762592","128.6101575","35.85474869","N"
"2015","2015-03-26 10","주","목","1","6","6","0","0","경기","화성시","차대차","추돌","주정차중 추돌","안전운전 의무 불이행","단일로","기타단일로","특수차","승용차","945743","1916043","126.8882684","37.24167516","N"
"2015","2015-03-26 13","주","목","1","0","0","0","0","경기","안산시","차량단독","기타","기타","기타","기타/불명","기타/불명","승용차","없음","916582","1920166","126.559058","37.27668034","N"
"2015","2015-03-26 15","주","목","1","2","1","1","0","서울","마포구","차대차","추돌","주정차중 추돌","안전운전 의무 불이행","단일로","기타단일로","승용차","화물차","948798","1951924","126.9202245","37.56525622","N"
"2015","2015-03-26 16","주","목","1","0","0","0","0","서울","용산구","차대사람","기타","기타","안전운전 의무 불이행","단일로","기타단일로","건설기계","보행자","953413","1950598","126.9725636","37.55354978","N"
"2015","2015-03-26 18","야","목","1","0","0","0","0","서울","강서구","차대사람","횡단중","횡단중","안전운전 의무 불이행","단일로","기타단일로","승합차","보행자","944232","1950137","126.8686609","37.54888472","N"
"2015","2015-03-26 19","야","목","1","4","3","1","0","강원","양구군","차대차","측면충돌","측면충돌","기타","교차로","교차로내","승합차","승용차","1042894","2010810","127.9891967","38.09641036","N"
"2015","2015-03-26 19","야","목","1","0","0","0","0","대구","달성군","차대차","정면충돌","정면충돌","중앙선 침범","단일로","기타단일로","승용차","이륜차","1098415","1754956","128.5889974","35.7860985","N"
"2015","2015-03-27 01","야","금","1","0","0","0","0","경남","고성군","차대사람","차도통행중","차도통행중","안전운전 의무 불이행","단일로","기타단일로","승용차","보행자","1074588","1664144","128.3170747","34.96944095","N"
"2015","2015-03-27 04","야","금","1","0","0","0","0","서울","송파구","차대사람","횡단중","횡단중","안전운전 의무 불이행","교차로","교차로부근","승합차","보행자","964723.2","1946095.1","127.1008255","37.51346592","N"
"2015","2015-03-27 05","야","금","1","0","0","0","0","충남","서산시","차대차","추돌","진행중 추돌","안전운전 의무 불이행","단일로","기타단일로","승용차","건설기계","916325","1858185","126.5630393","36.71800911","N"
"2015","2015-03-27 09","주","금","1","0","0","0","0","경기","고양시","차대사람","횡단중","횡단중","보행자 보호의무 위반","교차로","교차로내","승용차","보행자","935540","1962499","126.769178","37.65973352","N"
"2015","2015-03-27 09","주","금","1","0","0","0","0","전남","화순군","차대차","기타","기타","기타","단일로","기타단일로","화물차","자전거","953511","1674167","126.9901613","35.06149985","N"
"2015","2015-03-27 13","주","금","1","1","0","1","0","경북","김천시","차대차","추돌","진행중 추돌","안전거리 미확보","단일로","터널안","화물차","화물차","1068434","1787474","128.2600799","36.08180314","N"
"2015","2015-03-27 16","주","금","1","0","0","0","0","경기","안산시","차대차","측면충돌","측면충돌","신호위반","단일로","횡단보도상","자전거","화물차","941836","1923068","126.8436712","37.3047587","N"
"2015","2015-03-27 16","주","금","1","0","0","0","0","전남","순천시","차대차","기타","기타","신호위반","교차로","교차로내","승용차","이륜차","998570","1662703","127.4843368","34.95919452","N"
"2015","2015-03-27 22","야","금","1","2","2","0","0","경기","고양시","차대차","정면충돌","정면충돌","중앙선 침범","단일로","기타단일로","승용차","승용차","945570","1959109","126.8831403","37.62982943","N"
"2015","2015-03-27 23","야","금","1","0","0","0","0","부산","사상구","차대사람","횡단중","횡단중","안전운전 의무 불이행","단일로","기타단일로","승용차","보행자","1134488","1686971","128.9768022","35.16902514","N"
"2015","2015-03-27 23","야","금","1","0","0","0","0","경기","광주시","차량단독","공작물충돌","공작물충돌","안전운전 의무 불이행","단일로","기타단일로","승용차","없음","979025","1939090","127.2628554","37.45076068","N"
"2015","2015-03-28 00","야","토","1","0","0","0","0","전남","여수시","차량단독","전도전복","전도전복","안전운전 의무 불이행","단일로","기타단일로","원동기장치자전거","없음","1016225","1639653","127.67727","34.75120952","N"