"발생년","발생년월일시","주야","요일","사망자수","부상자수","중상자수","경상자수","부상신고자수","발생지시도","발생지시군구","사고유형_대분류","사고유형_중분류","사고유형","가해자법규위반","도로형태_대분류","도로형태","가해자_당사자종별","피해자_당사자종별","발생위치(X_UTMK)","발생위치(Y_UTMK)","경도","위도"," 어린이사고 여부"
"2015","2015-03-28 01","야","토","1","0","0","0","0","서울","마포구","차대사람","횡단중","횡단중","안전운전 의무 불이행","단일로","횡단보도부근","화물차","보행자","950056","1950645","126.9345556","37.55379751","N"
"2015","2015-03-28 01","야","토","1","0","0","0","0","경기","평택시","차량단독","공작물충돌","공작물충돌","안전운전 의무 불이행","교차로","교차로내","화물차","없음","940581","1888167","126.832282","36.99009606","N"
"2015","2015-03-28 01","야","토","1","1","1","0","0","경기","안산시","차량단독","공작물충돌","공작물충돌","과속","단일로","기타단일로","승용차","없음","943545","1923888","126.8628923","37.31225506","N"
"2015","2015-03-28 05","야","토","1","0","0","0","0","경기","고양시","차대사람","횡단중","횡단중","안전운전 의무 불이행","단일로","횡단보도상","승용차","보행자","934858","1963666","126.7613421","37.67020314","N"
"2015","2015-03-28 06","주","토","1","0","0","0","0","경남","진주시","차대사람","횡단중","횡단중","안전운전 의무 불이행","단일로","기타단일로","화물차","보행자","1051769","1685228","128.0684336","35.16097783","N"
"2015","2015-03-28 07","주","토","1","2","2","0","0","전북","순창군","차대차","정면충돌","정면충돌","중앙선 침범","단일로","기타단일로","화물차","화물차","949574","1715530","126.9444481","35.43426635","N"
"2015","2015-03-28 11","주","토","1","0","0","0","0","경기","안성시","차대사람","기타","기타","안전운전 의무 불이행","기타/불명","기타/불명","승용차","보행자","976390","1887290","127.2347044","36.98377189","Y"
"2015","2015-03-28 11","주","토","1","5","1","4","0","충북","괴산군","차대차","정면충돌","정면충돌","기타","교차로","교차로내","승용차","승합차","1023564","1870673","127.7642616","36.83397956","Y"
"2015","2015-03-28 11","주","토","1","0","0","0","0","전북","무주군","차대사람","횡단중","횡단중","안전운전 의무 불이행","단일로","기타단일로","승용차","보행자","1018858","1781736","127.7093219","36.03229775","Y"
"2015","2015-03-28 11","주","토","1","0","0","0","0","경남","의령군","차대차","추돌","진행중 추돌","안전운전 의무 불이행","단일로","기타단일로","화물차","건설기계","1072060","1704816","128.2929341","35.33633716","N"
"2015","2015-03-28 15","주","토","1","1","1","0","0","전남","장성군","차량단독","전도전복","전도전복","기타","교차로","교차로내","원동기장치자전거","없음","934201","1695637","126.7766923","35.25400897","N"
"2015","2015-03-28 18","야","토","1","0","0","0","0","경기","광주시","차량단독","공작물충돌","공작물충돌","안전운전 의무 불이행","교차로","교차로부근","원동기장치자전거","없음","984955","1920992","127.3302679","37.28774395","N"
"2015","2015-03-28 18","야","토","1","1","1","0","0","경기","안산시","차량단독","공작물충돌","공작물충돌","안전운전 의무 불이행","단일로","기타단일로","승용차","없음","946999","1921772","126.9020205","37.29338598","N"
"2015","2015-03-28 18","야","토","1","0","0","0","0","충남","서천군","차량단독","공작물충돌","공작물충돌","안전운전 의무 불이행","단일로","기타단일로","원동기장치자전거","없음","926144","1785050","126.6799314","36.05955396","N"
"2015","2015-03-28 21","야","토","1","0","0","0","0","경남","김해시","차대사람","횡단중","횡단중","안전운전 의무 불이행","교차로","교차로내","화물차","보행자","1119046","1690792","128.8078286","35.20541916","N"
"2015","2015-03-29 03","야","일","1","0","0","0","0","경북","울진군","차대사람","기타","기타","안전운전 의무 불이행","단일로","기타단일로","승합차","보행자","1166604","1901080","129.374666","37.09355529","N"
"2015","2015-03-29 10","주","일","1","0","0","0","0","전남","구례군","차량단독","도로이탈","도로이탈 추락","안전운전 의무 불이행","단일로","기타단일로","화물차","없음","1008878","1692191","127.5975592","35.22505849","N"
"2015","2015-03-29 12","주","일","1","1","0","0","1","서울","동대문구","차대차","기타","기타","안전운전 의무 불이행","교차로","교차로내","승용차","이륜차","960958","1954910","127.0577523","37.59276574","N"
"2015","2015-03-29 12","주","일","1","0","0","0","0","경기","파주시","차량단독","공작물충돌","공작물충돌","안전운전 의무 불이행","단일로","기타단일로","이륜차","없음","936982","1983901","126.7836682","37.85272069","N"
"2015","2015-03-29 13","주","일","1","0","0","0","0","인천","미추홀구","차대사람","차도통행중","차도통행중","안전운전 의무 불이행","교차로","교차로부근","승용차","보행자","925948","1940605","126.6626491","37.46168764","N"
"2015","2015-03-29 13","주","일","1","3","0","3","0","대전","대덕구","차대차","측면충돌","측면충돌","과속","단일로","기타단일로","승용차","이륜차","993513","1817961","127.4276951","36.35905045","N"
"2015","2015-03-29 13","주","일","1","0","0","0","0","울산","중구","차대차","측면충돌","측면충돌","기타","교차로","교차로내","이륜차","화물차","1167112","1730447","129.3437853","35.55594555","N"
"2015","2015-03-29 17","주","일","1","0","0","0","0","충남","공주시","차량단독","공작물충돌","공작물충돌","안전운전 의무 불이행","단일로","기타단일로","승용차","없음","960834","1826652","127.0630182","36.43662495","N"
"2015","2015-03-29 18","야","일","1","0","0","0","0","인천","서구","차량단독","공작물충돌","공작물충돌","중앙선 침범","단일로","기타단일로","승용차","없음","921459","1950554","126.6108317","37.55098315","N"
"2015","2015-03-29 19","야","일","1","3","1","0","2","서울","노원구","차대차","정면충돌","정면충돌","중앙선 침범","단일로","기타단일로","승용차","승용차","961631","1960467","127.0650838","37.64288055","N"
"2015","2015-03-29 19","야","일","1","1","0","1","0","전남","나주시","차대차","기타","기타","안전운전 의무 불이행","단일로","기타단일로","승용차","승용차","927635","1663863","126.7072995","34.96706868","N"
"2015","2015-03-29 19","야","일","1","6","0","1","5","인천","미추홀구","차대차","추돌","진행중 추돌","안전운전 의무 불이행","단일로","기타단일로","승용차","승용차","926976","1941648","126.6741688","37.47116977","N"
"2015","2015-03-29 22","야","일","1","0","0","0","0","경북","의성군","차대사람","기타","기타","과속","단일로","기타단일로","승용차","보행자","1107312","1806023","128.6943535","36.24548301","N"
"2015","2015-03-29 23","야","일","1","1","1","0","0","서울","마포구","차량단독","도로이탈","도로이탈 추락","안전운전 의무 불이행","단일로","기타단일로","이륜차","없음","946477","1951284","126.8939911","37.55935587","N"
"2015","2015-03-30 04","야","월","1","0","0","0","0","대전","서구","차량단독","전도전복","전도전복","안전운전 의무 불이행","교차로","교차로부근","승용차","없음","990433","1818861","127.393354","36.36713859","N"
"2015","2015-03-30 05","야","월","1","0","0","0","0","대구","중구","차대사람","횡단중","횡단중","안전운전 의무 불이행","단일로","기타단일로","화물차","보행자","1098976","1764933","128.5964408","35.87598023","N"
"2015","2015-03-30 06","주","월","1","0","0","0","0","강원","정선군","차대사람","횡단중","횡단중","안전운전 의무 불이행","교차로","교차로내","화물차","보행자","1103275","1932015","128.6665376","37.38147217","N"
"2015","2015-03-30 07","주","월","1","3","0","3","0","경기","의정부시","차대차","추돌","주정차중 추돌","안전운전 의무 불이행","교차로","교차로내","건설기계","건설기계","960617","1967347","127.0532187","37.70484793","N"
"2015","2015-03-30 11","주","월","1","0","0","0","0","경기","연천군","차대차","추돌","진행중 추돌","안전운전 의무 불이행","단일로","기타단일로","승용차","자전거","962129","2005076","127.0683917","38.044957","N"
"2015","2015-03-30 13","주","월","1","0","0","0","0","전남","순천시","차량단독","전도전복","전도전복","안전운전 의무 불이행","단일로","기타단일로","화물차","없음","997795","1667665","127.4758349","35.00393781","N"
"2015","2015-03-30 14","주","월","4","1","1","0","0","충남","홍성군","차량단독","공작물충돌","공작물충돌","안전운전 의무 불이행","단일로","기타단일로","승용차","없음","914746","1845362","126.5467867","36.60228604","N"
"2015","2015-03-30 15","주","월","1","1","0","1","0","경북","영주시","차대차","추돌","주정차중 추돌","과속","단일로","기타단일로","건설기계","승용차","1087654","1875830","128.4835417","36.87669169","N"
"2015","2015-03-30 15","주","월","1","3","1","2","0","경남","창원시(통합)","차대차","추돌","주정차중 추돌","안전운전 의무 불이행","교차로","교차로부근","특수차","특수차","1117402","1677208","128.7878411","35.08315395","N"
"2015","2015-03-30 16","주","월","1","0","0","0","0","전북","남원시","차량단독","기타","기타","안전운전 의무 불이행","단일로","기타단일로","농기계","없음","1008634","1726998","127.5952461","35.53891044","N"
"2015","2015-03-30 16","주","월","1","0","0","0","0","경북","포항시","차대차","기타","기타","신호위반","교차로","교차로내","화물차","원동기장치자전거","1168021.6","1806932.7","129.3699644","36.24502881","N"
"2015","2015-03-30 17","주","월","1","0","0","0","0","경기","용인시","차대사람","기타","기타","기타","교차로","교차로부근","승합차","보행자","969048","1919865","127.1508603","37.277192","Y"
"2015","2015-03-30 19","야","월","1","0","0","0","0","경북","영양군","차대차","정면충돌","정면충돌","중앙선 침범","단일로","기타단일로","승용차","건설기계","1144915","1855402","129.1219791","36.68555962","N"
"2015","2015-03-30 19","야","월","1","0","0","0","0","경남","남해군","차대차","추돌","진행중 추돌","안전운전 의무 불이행","단일로","기타단일로","승용차","자전거","1046542","1653348","128.0092569","34.87376974","N"
"2015","2015-03-30 21","야","월","1","0","0","0","0","강원","강릉시","차량단독","공작물충돌","공작물충돌","안전운전 의무 불이행","단일로","기타단일로","이륜차","없음","1120880","1978967","128.8730985","37.8024257","N"
"2015","2015-03-30 23","야","월","1","0","0","0","0","경북","구미시","차대차","기타","기타","안전운전 의무 불이행","단일로","기타단일로","이륜차","승합차","1082655","1794362","128.4187354","36.14279007","N"
"2015","2015-03-31 01","야","화","1","1","1","0","0","경기","포천시","차대차","정면충돌","정면충돌","신호위반","교차로","교차로내","승용차","건설기계","967556","1978486","127.131439","37.80551673","N"
"2015","2015-03-31 02","야","화","1","1","1","0","0","경기","파주시","차대차","추돌","진행중 추돌","안전운전 의무 불이행","교차로","교차로부근","승용차","승용차","932500","1970842","126.7339412","37.73470672","N"
"2015","2015-03-31 05","야","화","2","2","1","1","0","경기","하남시","차대차","측면충돌","측면충돌","안전운전 의무 불이행","단일로","기타단일로","화물차","승용차","973697","1948070","127.2022963","37.53156621","N"
"2015","2015-03-31 06","주","화","1","0","0","0","0","전남","해남군","차량단독","공작물충돌","공작물충돌","안전운전 의무 불이행","단일로","기타단일로","승합차","없음","914619","1604770","126.5707117","34.43323112","N"
"2015","2015-03-31 10","주","화","1","1","1","0","0","충남","금산군","차대차","정면충돌","정면충돌","중앙선 침범","단일로","기타단일로","화물차","건설기계","989533","1799351","127.383583","36.19123672","N"
"2015","2015-03-31 11","주","화","1","1","0","1","0","전남","여수시","차대차","측면충돌","측면충돌","중앙선 침범","단일로","기타단일로","승용차","화물차","1016687","1637947","127.6822839","34.73581774","N"
"2015","2015-03-31 13","주","화","1","0","0","0","0","전북","김제시","차량단독","공작물충돌","공작물충돌","안전운전 의무 불이행","기타/불명","기타/불명","원동기장치자전거","없음","951632","1751106","126.9649903","35.75512746","N"
"2015","2015-03-31 14","주","화","1","3","3","0","0","경북","영덕군","차대차","측면충돌","측면충돌","중앙선 침범","단일로","기타단일로","건설기계","승용차","1148914","1834078","129.1625937","36.49278594","N"
"2015","2015-03-31 14","주","화","1","0","0","0","0","경북","포항시","차대차","추돌","진행중 추돌","기타","교차로","교차로내","화물차","이륜차","1165844","1778641","129.3397817","35.99046606","N"
"2015","2015-03-31 15","주","화","1","2","1","1","0","전북","임실군","차대차","추돌","주정차중 추돌","안전운전 의무 불이행","교차로","교차로부근","승용차","승용차","983366","1732515","127.3163886","35.58855278","N"
"2015","2015-03-31 16","주","화","1","0","0","0","0","강원","정선군","차량단독","공작물충돌","공작물충돌","안전운전 의무 불이행","단일로","기타단일로","이륜차","없음","1096142","1935079","128.5863794","37.40985283","N"
"2015","2015-03-31 17","주","화","1","0","0","0","0","경남","창원시(통합)","차량단독","공작물충돌","공작물충돌","안전운전 의무 불이행","단일로","기타단일로","승용차","없음","1109353","1681848","128.7001785","35.12589042","N"
"2015","2015-03-31 21","야","화","1","0","0","0","0","서울","마포구","차대사람","차도통행중","차도통행중","안전운전 의무 불이행","단일로","기타단일로","승용차","보행자","946985","1952025","126.899689","37.56606394","N"
"2015","2015-03-31 23","야","화","1","0","0","0","0","대구","남구","차대사람","횡단중","횡단중","안전운전 의무 불이행","단일로","횡단보도상","승합차","보행자","1095807","1760736","128.5608363","35.8384612","N"
"2015","2015-04-01 00","야","수","1","1","0","1","0","광주","서구","차대사람","횡단중","횡단중","안전운전 의무 불이행","단일로","기타단일로","승용차","보행자","941420","1683705","126.8568924","35.14687152","N"
"2015","2015-04-01 06","주","수","1","0","0","0","0","전북","전주시","차대사람","횡단중","횡단중","안전운전 의무 불이행","단일로","기타단일로","화물차","보행자","968224","1758729","127.1482116","35.82453335","N"
"2015","2015-04-01 11","주","수","1","0","0","0","0","전남","여수시","차대사람","횡단중","횡단중","안전운전 의무 불이행","단일로","기타단일로","승용차","보행자","1020883","1639443","127.7281566","34.74923108","N"
"2015","2015-04-01 12","주","수","1","2","2","0","0","강원","춘천시","차대차","측면충돌","측면충돌","안전운전 의무 불이행","교차로","교차로내","승합차","승용차","1020596","1983538","127.7341139","37.85139504","N"
"2015","2015-04-01 14","주","수","1","0","0","0","0","전남","영광군","차대사람","횡단중","횡단중","안전운전 의무 불이행","단일로","기타단일로","승합차","보행자","909245.3","1698291.3","126.5021007","35.27598879","N"
"2015","2015-04-01 15","주","수","1","0","0","0","0","충북","청주시","차량단독","전도전복","전도전복","안전운전 의무 불이행","단일로","기타단일로","이륜차","없음","1001275","1851070.3","127.514266","36.65755765","N"
"2015","2015-04-01 16","주","수","1","1","1","0","0","충북","음성군","차대차","측면충돌","측면충돌","중앙선 침범","단일로","고가도로위","화물차","화물차","1016677","1879083","127.6872118","36.90993873","N"
"2015","2015-04-01 16","주","수","1","3","2","1","0","충남","홍성군","차대차","측면충돌","측면충돌","중앙선 침범","단일로","기타단일로","승용차","화물차","923821","1845627","126.648216","36.6054431","N"
"2015","2015-04-01 17","주","수","1","0","0","0","0","경기","용인시","차대사람","길가장자리구역통행중","길가장자리구역통행중","안전운전 의무 불이행","단일로","기타단일로","화물차","보행자","985011","1909501","127.3311309","37.18416463","N"
"2015","2015-04-01 19","야","수","1","0","0","0","0","전남","목포시","차대사람","횡단중","횡단중","안전운전 의무 불이행","단일로","기타단일로","승용차","보행자","896819","1646509","126.371925","34.80793532","N"
"2015","2015-04-01 21","야","수","1","0","0","0","0","서울","구로구","차대사람","횡단중","횡단중","안전거리 미확보","교차로","교차로부근","승합차","보행자","943088.2","1943358.1","126.8562381","37.48771609","N"
"2015","2015-04-02 00","야","목","1","0","0","0","0","서울","강동구","차대사람","기타","기타","안전운전 의무 불이행","단일로","기타단일로","승용차","보행자","967520","1949053","127.1323412","37.54022948","N"
"2015","2015-04-02 00","야","목","1","2","1","1","0","경기","부천시","차대사람","횡단중","횡단중","안전운전 의무 불이행","단일로","횡단보도부근","승용차","보행자","936746","1943906","126.7844556","37.49224163","N"
"2015","2015-04-02 05","야","목","1","0","0","0","0","경기","고양시","차대차","추돌","진행중 추돌","안전운전 의무 불이행","단일로","기타단일로","승용차","화물차","942079","1963468","126.843233","37.66890295","N"
"2015","2015-04-02 07","주","목","1","0","0","0","0","울산","동구","차량단독","공작물충돌","공작물충돌","안전운전 의무 불이행","단일로","기타단일로","원동기장치자전거","없음","1174736","1723454","129.426354","35.49161238","N"
"2015","2015-04-02 09","주","목","2","1","1","0","0","광주","서구","차대사람","길가장자리구역통행중","길가장자리구역통행중","과속","단일로","기타단일로","승용차","보행자","941487","1680975","126.8578212","35.12225991","N"
"2015","2015-04-02 14","주","목","1","1","0","1","0","전남","무안군","차대차","측면충돌","측면충돌","신호위반","교차로","교차로내","승용차","이륜차","905410","1646497","126.4658374","34.80866153","N"
"2015","2015-04-02 18","야","목","1","0","0","0","0","경북","경산시","차대사람","횡단중","횡단중","안전운전 의무 불이행","단일로","기타단일로","화물차","보행자","1113563","1758285","128.7570545","35.81447171","N"
"2015","2015-04-02 22","야","목","1","0","0","0","0","서울","서초구","차대사람","차도통행중","차도통행중","안전운전 의무 불이행","단일로","횡단보도부근","승합차","보행자","958889","1942799","127.0349948","37.4835154","N"
"2015","2015-04-02 23","야","목","1","1","0","1","0","부산","서구","차량단독","공작물충돌","공작물충돌","안전운전 의무 불이행","단일로","기타단일로","승용차","없음","1137633","1680427","129.0102366","35.10961104","N"
"2015","2015-04-03 00","야","금","1","0","0","0","0","전남","영암군","차대사람","차도통행중","차도통행중","안전운전 의무 불이행","단일로","기타단일로","승용차","보행자","897176","1639827","126.3766444","34.74772631","N"
"2015","2015-04-03 05","야","금","1","0","0","0","0","경기","시흥시","차량단독","공작물충돌","공작물충돌","안전운전 의무 불이행","단일로","기타단일로","화물차","없음","935777","1928600","126.7748265","37.35422085","N"
"2015","2015-04-03 09","주","금","1","3","1","2","0","경북","영주시","차대차","측면충돌","측면충돌","안전운전 의무 불이행","교차로","교차로내","화물차","승용차","1099598","1870245","128.6168078","36.82516981","N"
"2015","2015-04-03 10","주","금","1","0","0","0","0","경북","경주시","차대차","측면충돌","측면충돌","교차로 통행방법 위반","교차로","교차로내","승합차","원동기장치자전거","1165810","1754300","129.3343385","35.77112348","N"
"2015","2015-04-03 11","주","금","1","0","0","0","0","경기","평택시","차대사람","기타","기타","안전운전 의무 불이행","단일로","터널안","화물차","보행자","954328","1890066","126.9866417","37.00798218","N"
"2015","2015-04-03 11","주","금","1","1","0","1","0","경북","구미시","차대차","정면충돌","정면충돌","신호위반","교차로","교차로내","승용차","승합차","1072404","1806025","128.3058801","36.248749","N"
"2015","2015-04-03 12","주","금","2","3","3","0","0","부산","해운대구","차대사람","기타","기타","안전운전 의무 불이행","단일로","기타단일로","승용차","보행자","1148030","1688850","129.1257923","35.18405774","Y"
"2015","2015-04-03 14","주","금","1","1","0","0","1","경북","안동시","차대차","기타","기타","안전운전 의무 불이행","단일로","기타단일로","승합차","농기계","1112149","1867092","128.7570503","36.79534825","N"
"2015","2015-04-03 19","야","금","1","0","0","0","0","경기","부천시","차대사람","기타","기타","안전운전 의무 불이행","단일로","기타단일로","승합차","보행자","934326","1943494","126.7571188","37.48835933","N"
"2015","2015-04-03 20","야","금","1","0","0","0","0","경북","칠곡군","차량단독","도로이탈","도로이탈 기타","안전운전 의무 불이행","단일로","기타단일로","승용차","없음","1079990","1777998","128.3874577","35.99549621","N"
"2015","2015-04-03 21","야","금","1","0","0","0","0","인천","미추홀구","차대사람","차도통행중","차도통행중","과속","교차로","교차로부근","화물차","보행자","924803","1938534","126.6499145","37.4429298","N"
"2015","2015-04-04 04","야","토","1","0","0","0","0","서울","동대문구","차대차","측면충돌","측면충돌","신호위반","교차로","교차로내","승용차","이륜차","960938","1953047","127.0576251","37.57597317","N"
"2015","2015-04-04 09","주","토","1","1","1","0","0","경북","청도군","차대차","추돌","진행중 추돌","안전운전 의무 불이행","단일로","기타단일로","승용차","농기계","1103905","1738797","128.6476451","35.63986678","N"
"2015","2015-04-04 11","주","토","1","0","0","0","0","전북","정읍시","차대차","측면충돌","측면충돌","중앙선 침범","단일로","기타단일로","원동기장치자전거","승합차","953050","1744308","126.9810722","35.69390551","N"
"2015","2015-04-04 16","주","토","1","0","0","0","0","전남","영암군","차량단독","공작물충돌","공작물충돌","안전운전 의무 불이행","단일로","기타단일로","승용차","없음","899275","1638480","126.3997333","34.7357909","N"
"2015","2015-04-04 18","야","토","1","0","0","0","0","대구","달서구","차대사람","횡단중","횡단중","보행자 보호의무 위반","교차로","교차로부근","승용차","보행자","1094557","1761276","128.5470616","35.8434505","N"
"2015","2015-04-04 19","야","토","1","0","0","0","0","경남","양산시","차대사람","횡단중","횡단중","보행자 보호의무 위반","교차로","교차로부근","승용차","보행자","1138956","1706225","129.0291065","35.34196977","N"
"2015","2015-04-04 21","야","토","1","0","0","0","0","경남","거창군","차대차","추돌","주정차중 추돌","안전운전 의무 불이행","단일로","기타단일로","원동기장치자전거","화물차","1037658","1742876","127.916161","35.68139326","N"
"2015","2015-04-04 22","야","토","1","0","0","0","0","경기","양주시","차량단독","기타","기타","안전운전 의무 불이행","교차로","교차로부근","이륜차","없음","955869","1978247","126.9986943","37.8028725","N"
"2015","2015-04-04 23","야","토","1","0","0","0","0","충북","청주시","차대차","기타","기타","안전운전 의무 불이행","단일로","기타단일로","승용차","승용차","993982","1836180","127.4327811","36.52330274","N"
"2015","2015-04-05 00","야","일","1","0","0","0","0","강원","태백시","차량단독","공작물충돌","공작물충돌","안전운전 의무 불이행","단일로","기타단일로","승용차","없음","1129033","1904627","128.9526609","37.13144808","N"
"2015","2015-04-05 02","야","일","1","0","0","0","0","경기","하남시","차대사람","차도통행중","차도통행중","안전운전 의무 불이행","단일로","기타단일로","승용차","보행자","976326","1944525","127.2321659","37.49968446","N"
"2015","2015-04-05 07","주","일","1","4","3","1","0","충남","논산시","차대차","정면충돌","정면충돌","기타","교차로","교차로내","승용차","승용차","962368","1800196","127.0814101","36.19817962","N"
"2015","2015-04-05 08","주","일","1","3","1","2","0","충남","예산군","차대차","측면충돌","측면충돌","안전운전 의무 불이행","교차로","교차로내","승용차","승용차","924618","1854949","126.6562105","36.68953483","N"
"2015","2015-04-05 10","주","일","2","0","0","0","0","강원","정선군","차대차","추돌","진행중 추돌","안전운전 의무 불이행","기타/불명","기타/불명","승용차","화물차","1113395","1916486","128.7784505","37.24034675","N"
"2015","2015-04-05 14","주","일","1","1","0","1","0","충북","충주시","차대차","기타","기타","안전운전 의무 불이행","교차로","교차로내","승용차","승용차","1034051","1888279.1","127.8826594","36.99236774","N"
"2015","2015-04-05 15","주","일","1","0","0","0","0","전북","전주시","차량단독","공작물충돌","공작물충돌","안전운전 의무 불이행","단일로","기타단일로","승용차","없음","965915","1752112","127.1229314","35.76479657","N"
"2015","2015-04-05 19","야","일","1","0","0","0","0","충남","논산시","차대사람","횡단중","횡단중","안전운전 의무 불이행","단일로","기타단일로","승용차","보행자","972621","1801222","127.1954191","36.20777404","N"
"2015","2015-04-05 20","야","일","1","0","0","0","0","충북","음성군","차대사람","길가장자리구역통행중","길가장자리구역통행중","안전운전 의무 불이행","단일로","횡단보도부근","승합차","보행자","1016509","1881000","127.6853677","36.92722249","N"
"2015","2015-04-05 21","야","일","1","0","0","0","0","충남","당진시","차대사람","기타","기타","안전운전 의무 불이행","단일로","기타단일로","승용차","보행자","934614","1885454","126.765468","36.96524574","N"
"2015","2015-04-05 21","야","일","1","0","0","0","0","경남","진주시","차대사람","차도통행중","차도통행중","안전운전 의무 불이행","단일로","기타단일로","승용차","보행자","1047886","1681568","128.0255869","35.12816871","N"
"2015","2015-04-05 23","야","일","1","0","0","0","0","전북","익산시","차대차","추돌","주정차중 추돌","안전운전 의무 불이행","교차로","교차로부근","승용차","화물차","948745","1772962","126.9316534","35.95202879","Y"
"2015","2015-04-06 05","야","월","1","0","0","0","0","전남","순천시","차대사람","기타","기타","안전운전 의무 불이행","단일로","기타단일로","승용차","보행자","1001639","1662565","127.5179521","34.95794979","N"
"2015","2015-04-06 08","주","월","1","0","0","0","0","강원","평창군","차대차","측면충돌","측면충돌","안전운전 의무 불이행","단일로","기타단일로","승용차","이륜차","1084313","1948229","128.4542384","37.5295193","N"
"2015","2015-04-06 10","주","월","1","1","1","0","0","충북","음성군","차대차","기타","기타","안전운전 의무 불이행","교차로","교차로내","화물차","화물차","1016813.9","1879483.9","127.6887575","36.91355022","N"
"2015","2015-04-06 10","주","월","1","0","0","0","0","경남","통영시","차대차","기타","기타","신호위반","단일로","기타단일로","승용차","이륜차","1086028","1652120","128.4411419","34.86012062","N"
"2015","2015-04-06 13","주","월","1","2","2","0","0","경북","성주군","차대차","정면충돌","정면충돌","중앙선 침범","기타/불명","기타/불명","화물차","화물차","1067405","1755362","128.2459269","35.79237673","N"
"2015","2015-04-06 20","야","월","1","0","0","0","0","경기","동두천시","차대사람","기타","기타","안전운전 의무 불이행","단일로","기타단일로","승합차","보행자","961027","1991371","127.0565767","37.92139179","N"
"2015","2015-04-06 21","야","월","1","3","3","0","0","경기","평택시","차대차","측면충돌","측면충돌","중앙선 침범","단일로","기타단일로","승용차","승용차","961893","1891629","127.0715916","37.02240862","N"
"2015","2015-04-07 01","야","화","2","0","0","0","0","경기","시흥시","차대차","추돌","주정차중 추돌","안전운전 의무 불이행","단일로","기타단일로","승용차","화물차","936853","1929102","126.7869325","37.35881932","N"
"2015","2015-04-07 05","야","화","1","0","0","0","0","대구","수성구","차대사람","횡단중","횡단중","안전운전 의무 불이행","교차로","교차로내","화물차","보행자","1101660","1763099","128.6259347","35.85917278","N"
"2015","2015-04-07 10","주","화","1","0","0","0","0","서울","동대문구","차대차","측면충돌","측면충돌","안전운전 의무 불이행","기타/불명","기타/불명","승용차","자전거","960896","1953184","127.0571422","37.57720621","N"
"2015","2015-04-07 15","주","화","1","0","0","0","0","충북","영동군","차대차","추돌","진행중 추돌","안전운전 의무 불이행","단일로","기타단일로","화물차","농기계","1044361","1802244","127.9935518","36.2163578","N"
"2015","2015-04-07 16","주","화","1","0","0","0","0","전북","고창군","차대사람","길가장자리구역통행중","길가장자리구역통행중","안전운전 의무 불이행","단일로","기타단일로","승용차","보행자","921167","1714577","126.6316019","35.42382896","N"
"2015","2015-04-07 19","야","화","1","0","0","0","0","전남","담양군","차대차","추돌","진행중 추돌","기타","단일로","기타단일로","승용차","이륜차","950474","1694620","126.9556292","35.24577601","N"
"2015","2015-04-07 19","야","화","1","0","0","0","0","인천","서구","차대사람","횡단중","횡단중","안전운전 의무 불이행","단일로","횡단보도상","승용차","보행자","927408","1945968","126.6786276","37.5101389","N"
"2015","2015-04-07 19","야","화","1","0","0","0","0","광주","북구","차대사람","횡단중","횡단중","안전운전 의무 불이행","단일로","기타단일로","화물차","보행자","945225.4","1687451.1","126.8984183","35.1808635","N"
"2015","2015-04-07 20","야","화","1","0","0","0","0","강원","춘천시","차대차","측면충돌","측면충돌","신호위반","교차로","교차로내","이륜차","승합차","1020122","1987043","127.7288237","37.8829963","N"
"2015","2015-04-08 00","야","수","1","1","0","1","0","경북","상주시","차대차","정면충돌","정면충돌","중앙선 침범","단일로","기타단일로","화물차","화물차","1059979","1830728","128.1694999","36.47229289","N"
"2015","2015-04-08 02","야","수","1","2","0","2","0","인천","미추홀구","차대차","측면충돌","측면충돌","신호위반","교차로","교차로내","승용차","이륜차","924832","1940988","126.649992","37.46504943","N"
"2015","2015-04-08 05","야","수","1","1","1","0","0","충남","아산시","차대차","정면충돌","정면충돌","중앙선 침범","단일로","기타단일로","승용차","승용차","944827","1871660","126.8811969","36.84156026","N"
"2015","2015-04-08 08","주","수","1","1","0","1","0","전남","여수시","차대차","정면충돌","정면충돌","중앙선 침범","교차로","교차로부근","화물차","승용차","1014582","1640735","127.6593378","34.76099155","N"
"2015","2015-04-08 08","주","수","1","0","0","0","0","대구","달서구","차대차","측면충돌","측면충돌","안전운전 의무 불이행","단일로","기타단일로","승용차","원동기장치자전거","1090501","1758493","128.501839","35.81874519","N"
"2015","2015-04-08 09","주","수","1","1","1","0","0","전남","장성군","차대차","정면충돌","정면충돌","중앙선 침범","단일로","기타단일로","자전거","이륜차","932107","1701595","126.7531822","35.30758805","N"
"2015","2015-04-08 14","주","수","1","1","1","0","0","경남","진주시","차대사람","기타","기타","기타","교차로","교차로부근","화물차","보행자","1053220","1687235","128.0844946","35.17899858","N"
"2015","2015-04-08 15","주","수","1","2","1","1","0","경기","이천시","차대차","추돌","주정차중 추돌","중앙선 침범","교차로","교차로부근","승용차","화물차","1009581","1903505","127.6078648","37.13018681","N"
"2015","2015-04-08 16","주","수","1","0","0","0","0","부산","동구","차량단독","공작물충돌","공작물충돌","안전운전 의무 불이행","단일로","고가도로위","특수차","없음","1142660","1682669","129.0657662","35.12912052","N"
"2015","2015-04-08 16","주","수","1","0","0","0","0","제주","서귀포시","차대차","측면충돌","측면충돌","안전운전 의무 불이행","교차로","교차로내","승용차","원동기장치자전거","879344","1475882","126.2045188","33.2675545","N"