"발생년","발생년월일시","주야","요일","사망자수","부상자수","중상자수","경상자수","부상신고자수","발생지시도","발생지시군구","사고유형_대분류","사고유형_중분류","사고유형","가해자법규위반","도로형태_대분류","도로형태","가해자_당사자종별","피해자_당사자종별","발생위치(X_UTMK)","발생위치(Y_UTMK)","경도","위도"," 어린이사고 여부"
"2015","2015-04-08 17","주","수","1","4","3","1","0","경기","포천시","차대차","기타","기타","중앙선 침범","단일로","기타단일로","승용차","승용차","984664","1997943","127.3253693","37.9813308","N"
"2015","2015-04-08 17","주","수","1","0","0","0","0","경기","남양주시","차량단독","공작물충돌","공작물충돌","안전운전 의무 불이행","단일로","기타단일로","화물차","없음","972983","1956052","127.193921","37.6034908","N"
"2015","2015-04-08 19","야","수","1","2","0","2","0","경기","포천시","차대차","추돌","주정차중 추돌","안전운전 의무 불이행","단일로","기타단일로","승용차","승용차","967551","1978448","127.1313839","37.80517406","N"
"2015","2015-04-08 20","야","수","1","0","0","0","0","경기","포천시","차대차","측면충돌","측면충돌","신호위반","교차로","교차로내","원동기장치자전거","승용차","972909","1983219","127.1920705","37.84834997","N"
"2015","2015-04-09 04","야","목","1","0","0","0","0","경기","화성시","차대차","기타","기타","안전운전 의무 불이행","단일로","기타단일로","승용차","화물차","947105","1903489","126.9045129","37.12859602","N"
"2015","2015-04-09 05","야","목","1","0","0","0","0","대구","중구","차대사람","횡단중","횡단중","안전운전 의무 불이행","교차로","교차로부근","승합차","보행자","1098841","1764827","128.5949323","35.87503834","N"
"2015","2015-04-09 06","주","목","1","1","1","0","0","경기","여주시","차량단독","전도전복","전도전복","안전운전 의무 불이행","단일로","기타단일로","화물차","없음","1008115","1914705","127.591482","37.23115908","N"
"2015","2015-04-09 08","주","목","1","0","0","0","0","서울","은평구","차대차","측면충돌","측면충돌","안전운전 의무 불이행","단일로","기타단일로","건설기계","이륜차","950193","1955833","126.9357539","37.60056494","N"
"2015","2015-04-09 10","주","목","1","0","0","0","0","전남","신안군","차량단독","기타","기타","안전운전 의무 불이행","기타/불명","기타/불명","농기계","없음","874609","1653140","126.1281684","34.86522154","N"
"2015","2015-04-09 11","주","목","1","1","1","0","0","경북","봉화군","차량단독","도로이탈","도로이탈 추락","안전운전 의무 불이행","단일로","기타단일로","화물차","없음","1133134","1887485","128.9957805","36.97640234","N"
"2015","2015-04-09 14","주","목","1","0","0","0","0","서울","노원구","차대차","기타","기타","중앙선 침범","교차로","교차로내","자전거","승용차","961539","1958837","127.0641268","37.62818519","N"
"2015","2015-04-09 18","야","목","1","3","3","0","0","경기","고양시","차량단독","공작물충돌","공작물충돌","안전운전 의무 불이행","교차로","교차로부근","승용차","없음","944959","1954226","126.8765836","37.58578271","N"
"2015","2015-04-09 18","야","목","1","0","0","0","0","울산","울주군","차량단독","도로이탈","도로이탈 추락","안전운전 의무 불이행","단일로","기타단일로","이륜차","없음","1165698","1712608","129.3245544","35.39541556","N"
"2015","2015-04-09 20","야","목","1","2","2","0","0","강원","동해시","차대차","측면충돌","측면충돌","신호위반","교차로","교차로내","승용차","승용차","1143384","1944608","129.1218915","37.48960142","N"
"2015","2015-04-09 20","야","목","1","0","0","0","0","전남","해남군","차량단독","공작물충돌","공작물충돌","안전운전 의무 불이행","단일로","기타단일로","승용차","없음","917992.8","1619412.7","126.6060198","34.5655391","N"
"2015","2015-04-10 02","야","금","1","1","1","0","0","제주","서귀포시","차대차","추돌","주정차중 추돌","안전운전 의무 불이행","단일로","기타단일로","승용차","건설기계","905698","1473694","126.4876651","33.25044814","N"
"2015","2015-04-10 06","주","금","1","1","1","0","0","인천","연수구","차대차","기타","기타","신호위반","교차로","교차로내","건설기계","화물차","926168","1931122","126.6660848","37.37623656","N"
"2015","2015-04-10 09","주","금","2","3","0","3","0","경기","군포시","차대차","추돌","진행중 추돌","안전운전 의무 불이행","교차로","교차로부근","승합차","승합차","950605","1927701","126.9423084","37.34702565","N"
"2015","2015-04-10 14","주","금","1","2","0","2","0","전남","곡성군","차대사람","기타","기타","기타","단일로","기타단일로","승용차","보행자","977637","1681798","127.2545385","35.13113373","N"
"2015","2015-04-10 14","주","금","1","0","0","0","0","경남","밀양시","차대차","정면충돌","정면충돌","교차로 통행방법 위반","교차로","교차로내","건설기계","이륜차","1120067","1712171","128.8221744","35.39802041","N"
"2015","2015-04-10 16","주","금","1","0","0","0","0","경기","연천군","차대차","기타","기타","안전운전 의무 불이행","단일로","기타단일로","이륜차","이륜차","952466","2002744","126.9584232","38.0234841","N"
"2015","2015-04-10 23","야","금","1","0","0","0","0","세종","세종시","차대차","추돌","주정차중 추돌","안전운전 의무 불이행","단일로","기타단일로","승용차","농기계","983118","1840797","127.3113335","36.56479522","N"
"2015","2015-04-11 01","야","토","2","2","0","2","0","전남","나주시","차량단독","공작물충돌","공작물충돌","안전운전 의무 불이행","단일로","기타단일로","승용차","없음","928028","1661867","126.7117765","34.94909947","N"
"2015","2015-04-11 02","야","토","1","0","0","0","0","부산","북구","차량단독","공작물충돌","공작물충돌","안전운전 의무 불이행","단일로","기타단일로","이륜차","없음","1139145","1691870","129.0287516","35.21255029","N"
"2015","2015-04-11 04","야","토","1","1","0","1","0","서울","은평구","차대사람","횡단중","횡단중","안전운전 의무 불이행","단일로","기타단일로","승용차","보행자","948399","1956375","126.915393","37.6053511","N"
"2015","2015-04-11 04","야","토","1","1","0","1","0","경북","문경시","차대차","추돌","진행중 추돌","안전운전 의무 불이행","단일로","기타단일로","화물차","화물차","1059103","1845496","128.1608544","36.60547391","N"
"2015","2015-04-11 06","주","토","1","0","0","0","0","경기","평택시","차대사람","횡단중","횡단중","기타","단일로","기타단일로","승용차","보행자","959793","1884206","127.0483793","36.95540889","N"
"2015","2015-04-11 06","주","토","1","0","0","0","0","충남","천안시","차대사람","횡단중","횡단중","안전운전 의무 불이행","단일로","기타단일로","승용차","보행자","968708","1870561","127.1490777","36.83274573","N"
"2015","2015-04-11 08","주","토","1","0","0","0","0","전남","무안군","차대사람","길가장자리구역통행중","길가장자리구역통행중","기타","단일로","기타단일로","화물차","보행자","894764","1685201","126.3445712","35.15655802","N"
"2015","2015-04-11 11","주","토","1","1","0","1","0","전북","전주시","차대차","기타","기타","기타","교차로","교차로내","자전거","승용차","966573","1756768","127.130016","35.80679803","N"
"2015","2015-04-11 12","주","토","1","0","0","0","0","전남","해남군","차량단독","공작물충돌","공작물충돌","안전운전 의무 불이행","교차로","교차로부근","승용차","없음","910298","1612689","126.5228559","34.50426967","N"
"2015","2015-04-11 14","주","토","1","0","0","0","0","경기","연천군","차대차","추돌","진행중 추돌","안전운전 의무 불이행","단일로","기타단일로","건설기계","건설기계","968069","2002233","127.1362141","38.01956303","N"
"2015","2015-04-11 16","주","토","1","0","0","0","0","부산","금정구","차대사람","횡단중","횡단중","보행자 보호의무 위반","교차로","교차로내","승합차","보행자","1144167","1698755","129.0851161","35.2738999","N"
"2015","2015-04-11 17","주","토","1","0","0","0","0","전북","김제시","차량단독","공작물충돌","공작물충돌","안전운전 의무 불이행","기타/불명","기타/불명","이륜차","없음","959323","1753604","127.0499328","35.77799774","N"
"2015","2015-04-11 18","야","토","1","2","1","1","0","충남","서천군","차대차","측면충돌","측면충돌","신호위반","교차로","교차로내","승합차","화물차","914880","1795717","126.5537219","36.1547914","N"
"2015","2015-04-11 20","야","토","1","0","0","0","0","경기","연천군","차대차","기타","기타","안전운전 의무 불이행","단일로","기타단일로","승합차","자전거","961903","2002351","127.065961","38.02038821","N"
"2015","2015-04-11 21","야","토","1","1","0","1","0","경북","포항시","차량단독","공작물충돌","공작물충돌","안전운전 의무 불이행","단일로","기타단일로","승용차","없음","1161480","1782305","129.2921388","36.02421679","N"
"2015","2015-04-11 22","야","토","1","0","0","0","0","경남","창원시(통합)","차량단독","도로이탈","도로이탈 추락","안전운전 의무 불이행","기타/불명","기타/불명","승용차","없음","1107585","1707679","128.6841588","35.35895145","N"
"2015","2015-04-11 23","야","토","1","0","0","0","0","경기","파주시","차대사람","기타","기타","안전운전 의무 불이행","단일로","기타단일로","승용차","보행자","937841","1978223","126.7939196","37.80160683","N"
"2015","2015-04-12 00","야","일","1","0","0","0","0","경기","남양주시","차대사람","횡단중","횡단중","안전운전 의무 불이행","단일로","기타단일로","승용차","보행자","987130","1962267","127.3540839","37.65981614","N"
"2015","2015-04-12 04","야","일","1","0","0","0","0","부산","사상구","차대사람","차도통행중","차도통행중","안전운전 의무 불이행","단일로","기타단일로","승용차","보행자","1136144","1683491","128.9944074","35.13743292","N"
"2015","2015-04-12 12","주","일","1","6","3","3","0","전북","익산시","차대차","측면충돌","측면충돌","기타","교차로","교차로내","승용차","화물차","953752","1780808","126.9867139","36.02301525","Y"
"2015","2015-04-12 15","주","일","1","0","0","0","0","전북","남원시","차대차","측면충돌","측면충돌","기타","단일로","기타단일로","화물차","원동기장치자전거","991740","1714224","127.4090096","35.42373416","N"
"2015","2015-04-12 18","야","일","1","0","0","0","0","울산","울주군","차대사람","횡단중","횡단중","안전운전 의무 불이행","단일로","횡단보도상","승용차","보행자","1164693","1716893","129.3143587","35.43419984","N"
"2015","2015-04-12 21","야","일","1","0","0","0","0","충북","청주시","차대사람","횡단중","횡단중","안전운전 의무 불이행","단일로","교량위","승용차","보행자","1003422","1857490","127.5383175","36.71542533","N"
"2015","2015-04-12 22","야","일","1","0","0","0","0","인천","서구","차대사람","차도통행중","차도통행중","안전운전 의무 불이행","단일로","기타단일로","승용차","보행자","927671","1947036","126.681498","37.51978514","N"
"2015","2015-04-13 00","야","월","1","0","0","0","0","부산","사상구","차대사람","횡단중","횡단중","안전운전 의무 불이행","단일로","기타단일로","승용차","보행자","1135856","1685465","128.9915717","35.15526581","N"
"2015","2015-04-13 02","야","월","1","0","0","0","0","서울","서대문구","차량단독","기타","기타","안전운전 의무 불이행","단일로","기타단일로","승용차","없음","952584","1952737","126.9630401","37.57278666","N"
"2015","2015-04-13 05","야","월","1","0","0","0","0","울산","울주군","차대사람","기타","기타","안전운전 의무 불이행","단일로","기타단일로","승용차","보행자","1149217","1729090","129.1461728","35.54657246","N"
"2015","2015-04-13 13","주","월","1","0","0","0","0","전북","무주군","차대사람","기타","기타","안전운전 의무 불이행","단일로","기타단일로","화물차","보행자","1005571","1775115","127.5617911","35.97277","N"
"2015","2015-04-13 14","주","월","1","2","0","2","0","경기","양평군","차대차","측면충돌","측면충돌","안전운전 의무 불이행","교차로","교차로내","화물차","승용차","984101","1949429","127.3200211","37.54405378","N"
"2015","2015-04-13 14","주","월","1","0","0","0","0","경기","성남시","차대사람","기타","기타","안전운전 의무 불이행","단일로","기타단일로","승합차","보행자","963564","1933882","127.0883128","37.40333813","N"
"2015","2015-04-13 16","주","월","1","8","1","7","0","경기","평택시","차대차","기타","기타","안전거리 미확보","교차로","교차로부근","화물차","승용차","947722","1883718","126.9128327","36.95041701","N"
"2015","2015-04-13 16","주","월","1","2","0","1","1","전북","부안군","차대차","추돌","진행중 추돌","안전운전 의무 불이행","단일로","기타단일로","승용차","승용차","935168","1745678","126.7833279","35.70524279","N"
"2015","2015-04-13 17","주","월","1","0","0","0","0","충북","단양군","차량단독","도로이탈","도로이탈 기타","안전운전 의무 불이행","단일로","기타단일로","이륜차","없음","1084089","1893717","128.4455361","37.03823628","N"
"2015","2015-04-13 17","주","월","1","0","0","0","0","전남","장성군","차량단독","공작물충돌","공작물충돌","안전운전 의무 불이행","단일로","기타단일로","승용차","없음","934282","1710522","126.7763879","35.38822106","N"
"2015","2015-04-13 22","야","월","1","0","0","0","0","충북","청주시","차량단독","공작물충돌","공작물충돌","안전운전 의무 불이행","단일로","기타단일로","승용차","없음","987538","1847350","127.3606233","36.62393858","N"
"2015","2015-04-13 22","야","월","1","0","0","0","0","충남","공주시","차량단독","전도전복","전도전복","안전운전 의무 불이행","단일로","기타단일로","승용차","없음","964873","1823626","127.1082181","36.40950171","N"
"2015","2015-04-13 22","야","월","1","0","0","0","0","인천","서구","차량단독","공작물충돌","공작물충돌","안전운전 의무 불이행","단일로","기타단일로","승용차","없음","924119","1954591","126.6405246","37.58758972","N"
"2015","2015-04-14 00","야","화","1","0","0","0","0","경기","고양시","차대사람","차도통행중","차도통행중","안전운전 의무 불이행","단일로","기타단일로","승용차","보행자","933444","1964347","126.7452476","37.67623923","N"
"2015","2015-04-14 00","야","화","1","0","0","0","0","전북","익산시","차대사람","횡단중","횡단중","신호위반","교차로","교차로내","승용차","보행자","952053","1772819","126.9683416","35.95090764","N"
"2015","2015-04-14 01","야","화","1","0","0","0","0","경남","사천시","차대사람","차도통행중","차도통행중","안전운전 의무 불이행","단일로","기타단일로","승용차","보행자","1052967","1675328","128.0809532","35.07164905","N"
"2015","2015-04-14 02","야","화","1","1","1","0","0","대구","북구","차대차","추돌","진행중 추돌","안전운전 의무 불이행","단일로","기타단일로","승용차","화물차","1100957","1769425","128.618952","35.91627052","N"
"2015","2015-04-14 04","야","화","1","0","0","0","0","경기","광명시","차대차","추돌","주정차중 추돌","안전운전 의무 불이행","단일로","기타단일로","이륜차","승용차","944708","1942128","126.8746519","37.47672742","N"
"2015","2015-04-14 05","야","화","1","0","0","0","0","경기","성남시","차량단독","공작물충돌","공작물충돌","안전운전 의무 불이행","단일로","기타단일로","화물차","없음","964905","1929626","127.1036663","37.36502791","N"
"2015","2015-04-14 09","주","화","1","4","4","0","0","충북","음성군","차대차","측면충돌","측면충돌","신호위반","교차로","교차로내","화물차","승합차","1004280","1878608","127.5480436","36.9057946","N"
"2015","2015-04-14 10","주","화","1","0","0","0","0","부산","동구","차대사람","기타","기타","안전운전 의무 불이행","교차로","교차로내","화물차","보행자","1140229","1681818","129.038949","35.12179134","N"
"2015","2015-04-14 13","주","화","1","0","0","0","0","서울","강남구","차대사람","횡단중","횡단중","안전운전 의무 불이행","단일로","기타단일로","승용차","보행자","964514","1943515","127.0985829","37.49020231","N"
"2015","2015-04-14 16","주","화","1","0","0","0","0","충남","아산시","차대사람","횡단중","횡단중","안전운전 의무 불이행","교차로","교차로내","승합차","보행자","955499","1865945","127.0012205","36.79060591","N"
"2015","2015-04-14 18","야","화","1","2","2","0","0","전남","영암군","차대차","정면충돌","정면충돌","신호위반","교차로","교차로내","승용차","승용차","900951","1640894","126.4177542","34.75772001","N"
"2015","2015-04-14 20","야","화","1","0","0","0","0","충북","영동군","차대사람","차도통행중","차도통행중","안전운전 의무 불이행","단일로","기타단일로","승용차","보행자","1022329","1794409","127.7482083","36.14648059","N"
"2015","2015-04-14 20","야","화","1","0","0","0","0","전북","군산시","차대사람","횡단중","횡단중","안전운전 의무 불이행","교차로","교차로내","승용차","보행자","923722","1772084","126.6542902","35.94247906","N"
"2015","2015-04-14 21","야","화","1","0","0","0","0","경북","문경시","차대사람","횡단중","횡단중","안전운전 의무 불이행","단일로","터널안","화물차","보행자","1047786","1861054","128.0352908","36.74635645","N"
"2015","2015-04-15 00","야","수","1","1","0","0","1","경기","화성시","차대사람","차도통행중","차도통행중","안전운전 의무 불이행","단일로","기타단일로","화물차","보행자","944863","1911660","126.8786714","37.20211706","N"
"2015","2015-04-15 05","야","수","1","0","0","0","0","충남","공주시","차량단독","공작물충돌","공작물충돌","안전운전 의무 불이행","교차로","교차로부근","승용차","없음","965015","1830432","127.1094945","36.47086346","N"
"2015","2015-04-15 08","주","수","1","1","1","0","0","충남","보령시","차량단독","공작물충돌","공작물충돌","안전운전 의무 불이행","단일로","기타단일로","화물차","없음","922530","1803318","126.6380072","36.22395346","N"
"2015","2015-04-15 13","주","수","1","1","1","0","0","충남","예산군","차대차","정면충돌","정면충돌","중앙선 침범","단일로","기타단일로","승용차","화물차","939129","1851312","126.8189169","36.65779012","N"
"2015","2015-04-15 15","주","수","1","0","0","0","0","충남","금산군","차대차","측면충돌","측면충돌","교차로 통행방법 위반","교차로","교차로내","이륜차","승용차","1005061","1785263","127.5561993","36.06426625","N"
"2015","2015-04-15 15","주","수","1","0","0","0","0","경북","울진군","차대사람","길가장자리구역통행중","길가장자리구역통행중","안전운전 의무 불이행","단일로","기타단일로","승용차","보행자","1162959","1900510","129.3335472","37.08906097","N"
"2015","2015-04-15 16","주","수","1","3","0","3","0","강원","춘천시","차대차","측면충돌","측면충돌","중앙선 침범","단일로","터널안","화물차","화물차","1012973","1998196","127.6477279","37.98364793","N"
"2015","2015-04-15 20","야","수","1","0","0","0","0","충북","제천시","차대사람","기타","기타","과속","교차로","교차로내","승합차","보행자","1063378","1904614","128.2135913","37.1380847","N"
"2015","2015-04-15 21","야","수","1","0","0","0","0","서울","강동구","차량단독","공작물충돌","공작물충돌","안전운전 의무 불이행","단일로","기타단일로","승용차","없음","970865","1950729","127.1701379","37.55544783","N"
"2015","2015-04-15 21","야","수","1","1","0","1","0","전남","순천시","차대차","추돌","진행중 추돌","안전운전 의무 불이행","단일로","기타단일로","승용차","화물차","998898","1658139","127.4879355","34.91803891","N"
"2015","2015-04-15 21","야","수","1","0","0","0","0","전남","해남군","차대사람","횡단중","횡단중","안전운전 의무 불이행","교차로","교차로부근","승용차","보행자","916012.1","1618596.7","126.5845107","34.55802125","N"
"2015","2015-04-15 21","야","수","1","1","0","1","0","울산","중구","차대차","측면충돌","측면충돌","신호위반","교차로","교차로내","승용차","이륜차","1167294","1731918","129.3460966","35.56917134","N"
"2015","2015-04-16 01","야","목","1","2","0","2","0","전북","전주시","차량단독","공작물충돌","공작물충돌","안전운전 의무 불이행","단일로","기타단일로","승용차","없음","965989","1756861","127.1235482","35.80761645","N"
"2015","2015-04-16 08","주","목","1","4","1","3","0","경북","경주시","차대차","기타","기타","중앙선 침범","단일로","기타단일로","이륜차","승용차","1160548","1763491","129.2779971","35.85482529","N"
"2015","2015-04-16 15","주","목","1","2","0","2","0","경기","가평군","차대차","정면충돌","정면충돌","중앙선 침범","단일로","고가도로위","화물차","승용차","1001392","1980229","127.5158165","37.82180218","N"
"2015","2015-04-16 17","주","목","1","0","0","0","0","충남","천안시","차대사람","횡단중","횡단중","안전운전 의무 불이행","교차로","교차로내","승합차","보행자","965998","1867693","127.1188154","36.80679855","Y"
"2015","2015-04-16 17","주","목","1","0","0","0","0","경북","울진군","차량단독","도로이탈","도로이탈 기타","안전운전 의무 불이행","교차로","교차로부근","화물차","없음","1175171","1862522","129.46209","36.74461462","N"
"2015","2015-04-16 20","야","목","1","0","0","0","0","울산","남구","차대사람","기타","기타","안전운전 의무 불이행","교차로","교차로부근","승용차","보행자","1160000","1730190","129.2653002","35.55480365","N"
"2015","2015-04-17 01","야","금","1","0","0","0","0","서울","서초구","차량단독","도로이탈","도로이탈 기타","안전운전 의무 불이행","단일로","기타단일로","승용차","없음","957410","1946786","127.0180354","37.51938458","N"
"2015","2015-04-17 01","야","금","1","0","0","0","0","경기","양평군","차량단독","공작물충돌","공작물충돌","안전운전 의무 불이행","단일로","기타단일로","승용차","없음","1006647","1942820","127.5751853","37.48459584","N"
"2015","2015-04-17 02","야","금","1","2","0","1","1","부산","사하구","차대사람","기타","기타","신호위반","교차로","교차로내","승용차","보행자","1137242","1677944","129.0055359","35.08728222","N"
"2015","2015-04-17 05","야","금","1","0","0","0","0","서울","영등포구","차대사람","보도통행중","보도통행중","보행자 보호의무 위반","단일로","횡단보도상","승용차","보행자","947360","1944953","126.9044422","37.50234463","N"
"2015","2015-04-17 08","주","금","1","1","0","1","0","서울","강동구","차대차","기타","기타","안전운전 의무 불이행","기타/불명","기타/불명","승용차","승용차","966832","1950469","127.1244895","37.55296795","N"
"2015","2015-04-17 11","주","금","1","0","0","0","0","경남","진주시","차대사람","기타","기타","안전운전 의무 불이행","단일로","기타단일로","화물차","보행자","1059227","1686294","128.1503959","35.17017765","N"
"2015","2015-04-17 12","주","금","1","0","0","0","0","전남","완도군","차대차","측면충돌","측면충돌","기타","교차로","교차로내","특수차","농기계","936309","1602435","126.806942","34.413741","N"
"2015","2015-04-17 14","주","금","2","0","0","0","0","제주","제주시","차대차","측면충돌","측면충돌","중앙선 침범","단일로","기타단일로","화물차","이륜차","880397","1478376","126.215493","33.29016192","N"
"2015","2015-04-17 20","야","금","1","0","0","0","0","서울","서초구","차량단독","기타","기타","안전운전 의무 불이행","단일로","터널안","이륜차","없음","959076","1940166","127.0372562","37.45979138","N"
"2015","2015-04-17 20","야","금","1","0","0","0","0","대구","북구","차대차","측면충돌","측면충돌","신호위반","교차로","교차로내","승용차","이륜차","1094435","1768888","128.5466132","35.91208156","N"
"2015","2015-04-17 21","야","금","1","0","0","0","0","경기","부천시","차대사람","횡단중","횡단중","보행자 보호의무 위반","단일로","횡단보도상","승용차","보행자","936784","1946284","126.7846809","37.51367704","N"
"2015","2015-04-17 23","야","금","1","0","0","0","0","서울","강서구","차대사람","기타","기타","안전운전 의무 불이행","교차로","교차로부근","화물차","보행자","942783","1951757","126.8521316","37.56339694","N"
"2015","2015-04-17 23","야","금","1","0","0","0","0","전북","완주군","차대차","기타","기타","안전운전 의무 불이행","단일로","기타단일로","화물차","화물차","975550","1762029","127.2292149","35.85449644","N"
"2015","2015-04-18 00","야","토","1","1","1","0","0","경기","용인시","차대사람","기타","기타","안전운전 의무 불이행","단일로","기타단일로","화물차","보행자","964882","1918257","127.1039445","37.26254989","N"
"2015","2015-04-18 00","야","토","1","0","0","0","0","대구","달서구","차대사람","기타","기타","안전운전 의무 불이행","단일로","횡단보도부근","승용차","보행자","1093233","1757504","128.5319623","35.80957375","N"
"2015","2015-04-18 02","야","토","2","2","2","0","0","경북","경산시","차대차","측면충돌","측면충돌","신호위반","교차로","교차로내","원동기장치자전거","이륜차","1110867","1760452","128.7275188","35.83431368","N"
"2015","2015-04-18 04","야","토","1","2","1","1","0","서울","도봉구","차대차","측면충돌","측면충돌","신호위반","교차로","교차로내","이륜차","승용차","959770","1961416","127.0439375","37.65135439","N"
"2015","2015-04-18 08","주","토","1","0","0","0","0","충남","금산군","차대차","측면충돌","측면충돌","신호위반","교차로","교차로내","이륜차","승용차","999990","1789498","127.4998889","36.10246142","N"
"2015","2015-04-18 09","주","토","1","0","0","0","0","경기","안성시","차량단독","전도전복","전도전복","안전운전 의무 불이행","단일로","기타단일로","이륜차","없음","1001283","1900355","127.5144389","37.10184011","N"
"2015","2015-04-18 13","주","토","1","0","0","0","0","서울","마포구","차대사람","기타","기타","안전운전 의무 불이행","단일로","기타단일로","건설기계","보행자","948794","1951824","126.9201861","37.56435468","N"
"2015","2015-04-18 13","주","토","1","0","0","0","0","충남","아산시","차량단독","도로이탈","도로이탈 기타","안전운전 의무 불이행","단일로","기타단일로","이륜차","없음","963991","1866175","127.0963879","36.79304028","N"
"2015","2015-04-18 13","주","토","1","26","17","9","0","충남","당진시","차대차","측면충돌","측면충돌","과속","교차로","교차로내","승용차","승합차","921615","1886173","126.6193798","36.9707333","N"
"2015","2015-04-18 18","야","토","1","0","0","0","0","충남","당진시","차량단독","공작물충돌","공작물충돌","안전운전 의무 불이행","단일로","기타단일로","화물차","없음","938806","1864359","126.8142586","36.77537785","N"
"2015","2015-04-18 20","야","토","1","0","0","0","0","경북","성주군","차대사람","횡단중","횡단중","안전운전 의무 불이행","기타/불명","기타/불명","승용차","보행자","1078029","1765485","128.3644741","35.88285042","N"
"2015","2015-04-18 20","야","토","1","0","0","0","0","경남","통영시","차대사람","차도통행중","차도통행중","안전운전 의무 불이행","단일로","기타단일로","승용차","보행자","1083763","1649862","128.4161401","34.83995058","N"
"2015","2015-04-18 21","야","토","1","1","0","1","0","전남","진도군","차대차","추돌","진행중 추돌","안전운전 의무 불이행","단일로","기타단일로","화물차","이륜차","882999","1615716","126.2251234","34.52882094","N"
"2015","2015-04-19 02","야","일","1","2","2","0","0","경기","파주시","차대차","정면충돌","정면충돌","중앙선 침범","단일로","지하차도(도로)내","승용차","승용차","934681","1967917","126.7589541","37.70850321","N"
"2015","2015-04-19 03","야","일","1","0","0","0","0","대구","달서구","차대사람","횡단중","횡단중","과속","단일로","기타단일로","승용차","보행자","1093074","1761793","128.5307025","35.84825306","N"
"2015","2015-04-19 04","야","일","1","0","0","0","0","충남","홍성군","차대사람","차도통행중","차도통행중","안전운전 의무 불이행","단일로","기타단일로","승용차","보행자","925903.8","1845053.5","126.6715576","36.60043769","N"
"2015","2015-04-19 04","야","일","1","0","0","0","0","경남","김해시","차대사람","횡단중","횡단중","안전운전 의무 불이행","단일로","횡단보도상","승용차","보행자","1119048","1690795","128.807851","35.20544597","N"
"2015","2015-04-19 05","야","일","1","0","0","0","0","강원","강릉시","차대차","추돌","주정차중 추돌","안전운전 의무 불이행","교차로","교차로내","승용차","승용차","1124489.5","1973459.7","128.9131431","37.75231725","N"
"2015","2015-04-19 06","주","일","1","5","5","0","0","경기","고양시","차대차","정면충돌","정면충돌","중앙선 침범","단일로","기타단일로","승용차","승용차","939083","1959346","126.8096075","37.63155822","N"
"2015","2015-04-19 06","주","일","2","1","0","1","0","충북","청주시","차대차","기타","기타","신호위반","교차로","교차로내","승용차","승용차","994867","1845791","127.4426022","36.60995187","N"
"2015","2015-04-19 08","주","일","1","3","2","1","0","부산","부산진구","차대차","측면충돌","측면충돌","중앙선 침범","교차로","교차로부근","승용차","승용차","1141974","1687378","129.0590491","35.17166387","N"
"2015","2015-04-19 12","주","일","3","3","1","2","0","전남","여수시","차량단독","공작물충돌","공작물충돌","안전운전 의무 불이행","단일로","기타단일로","승용차","없음","1019646","1642694","127.7147177","34.77857229","Y"
"2015","2015-04-19 13","주","일","1","0","0","0","0","경북","경주시","차량단독","공작물충돌","공작물충돌","안전운전 의무 불이행","단일로","기타단일로","승용차","없음","1164668","1744077","129.3196134","35.67918792","N"
"2015","2015-04-19 20","야","일","1","0","0","0","0","경기","파주시","차대차","추돌","주정차중 추돌","안전운전 의무 불이행","단일로","기타단일로","승용차","화물차","939333","1980727","126.8106567","37.82427456","N"
"2015","2015-04-19 20","야","일","1","0","0","0","0","경북","경산시","차대사람","횡단중","횡단중","안전운전 의무 불이행","단일로","기타단일로","승용차","보행자","1112068","1757829","128.7404455","35.81053317","N"
"2015","2015-04-19 21","야","일","1","0","0","0","0","전북","고창군","차량단독","공작물충돌","공작물충돌","안전운전 의무 불이행","단일로","기타단일로","승용차","없음","926325","1714026","126.6884652","35.41925639","N"
"2015","2015-04-19 23","야","일","1","0","0","0","0","경기","이천시","차량단독","전도전복","전도전복","안전운전 의무 불이행","단일로","기타단일로","이륜차","없음","1007650","1900859","127.5860982","37.10635292","N"
"2015","2015-04-19 23","야","일","1","0","0","0","0","경기","구리시","차대사람","횡단중","횡단중","안전운전 의무 불이행","단일로","기타단일로","승합차","보행자","968687","1955995","127.1452543","37.60284078","N"
"2015","2015-04-20 01","야","월","1","5","2","3","0","대전","대덕구","차대차","기타","기타","과속","단일로","기타단일로","승용차","승용차","992589.5","1828385.1","127.4173022","36.4530204","N"
"2015","2015-04-20 04","야","월","1","0","0","0","0","충북","청주시","차대사람","횡단중","횡단중","보행자 보호의무 위반","단일로","횡단보도상","화물차","보행자","995542","1847988","127.4501374","36.62976123","N"
"2015","2015-04-20 04","야","월","1","0","0","0","0","전남","목포시","차대사람","길가장자리구역통행중","길가장자리구역통행중","안전운전 의무 불이행","단일로","기타단일로","승용차","보행자","900941","1646883","126.4169393","34.81171674","N"
"2015","2015-04-20 05","야","월","1","0","0","0","0","대구","수성구","차대사람","횡단중","횡단중","보행자 보호의무 위반","단일로","횡단보도부근","승용차","보행자","1102739","1759064","128.6373636","35.8226871","N"
"2015","2015-04-20 05","야","월","1","0","0","0","0","울산","중구","차대사람","횡단중","횡단중","안전운전 의무 불이행","단일로","기타단일로","승용차","보행자","1161542","1730148","129.2822976","35.55417489","N"
"2015","2015-04-20 07","주","월","1","0","0","0","0","경북","성주군","차량단독","도로이탈","도로이탈 기타","안전운전 의무 불이행","기타/불명","기타/불명","승용차","없음","1074054","1768889","128.3207565","35.91384692","N"