"발생년","발생년월일시","주야","요일","사망자수","부상자수","중상자수","경상자수","부상신고자수","발생지시도","발생지시군구","사고유형_대분류","사고유형_중분류","사고유형","가해자법규위반","도로형태_대분류","도로형태","가해자_당사자종별","피해자_당사자종별","발생위치(X_UTMK)","발생위치(Y_UTMK)","경도","위도"," 어린이사고 여부"
"2015","2015-04-20 11","주","월","1","0","0","0","0","경기","포천시","차량단독","공작물충돌","공작물충돌","안전운전 의무 불이행","단일로","기타단일로","승용차","없음","987344","2000806","127.3558358","38.00717602","N"
"2015","2015-04-20 13","주","월","1","0","0","0","0","서울","서대문구","차대사람","횡단중","횡단중","안전운전 의무 불이행","단일로","기타단일로","승합차","보행자","950716","1954760","126.9417508","37.59092207","N"
"2015","2015-04-20 14","주","월","1","0","0","0","0","서울","구로구","차대차","기타","기타","안전운전 의무 불이행","교차로","교차로부근","승용차","원동기장치자전거","947083","1942791","126.901464","37.48284228","N"
"2015","2015-04-20 15","주","월","1","0","0","0","0","서울","광진구","차대차","측면충돌","측면충돌","안전거리 미확보","단일로","기타단일로","승합차","원동기장치자전거","962615","1951818","127.0766792","37.56496545","N"
"2015","2015-04-20 15","주","월","1","2","0","2","0","전남","해남군","차대차","정면충돌","정면충돌","중앙선 침범","단일로","기타단일로","승용차","화물차","924212","1607059","126.674909","34.4546206","N"
"2015","2015-04-20 16","주","월","1","0","0","0","0","강원","횡성군","차량단독","도로이탈","도로이탈 추락","안전운전 의무 불이행","단일로","기타단일로","건설기계","없음","1068707","1954352","128.278203","37.58599937","N"
"2015","2015-04-20 21","야","월","1","0","0","0","0","경기","수원시","차량단독","기타","기타","안전운전 의무 불이행","단일로","기타단일로","자전거","없음","956136","1921164","127.00514","37.2883816","N"
"2015","2015-04-21 05","야","화","1","0","0","0","0","광주","북구","차대사람","횡단중","횡단중","안전운전 의무 불이행","단일로","횡단보도상","화물차","보행자","945362","1685041","126.9000782","35.15913981","N"
"2015","2015-04-21 06","주","화","1","0","0","0","0","경북","상주시","차량단독","공작물충돌","공작물충돌","안전운전 의무 불이행","단일로","기타단일로","승용차","없음","1061714","1827741","128.188627","36.44525607","N"
"2015","2015-04-21 06","주","화","1","0","0","0","0","울산","울주군","차대차","추돌","진행중 추돌","안전거리 미확보","단일로","기타단일로","승용차","농기계","1168501","1708523","129.354562","35.35813093","N"
"2015","2015-04-21 07","주","화","1","0","0","0","0","강원","철원군","차량단독","공작물충돌","공작물충돌","안전운전 의무 불이행","단일로","기타단일로","승용차","없음","1003702","2030465","127.5423236","38.27456393","N"
"2015","2015-04-21 11","주","화","1","0","0","0","0","충북","충주시","차대사람","기타","기타","안전운전 의무 불이행","단일로","기타단일로","화물차","보행자","1038065","1893760","127.928044","37.04161943","N"
"2015","2015-04-21 13","주","화","1","1","0","1","0","경남","고성군","차대차","측면충돌","측면충돌","안전거리 미확보","교차로","교차로부근","화물차","승용차","1071682","1665195","128.285334","34.97912743","N"
"2015","2015-04-21 14","주","화","1","1","1","0","0","경기","광명시","차대차","추돌","진행중 추돌","안전운전 의무 불이행","단일로","기타단일로","화물차","특수차","944488","1939041","126.8723965","37.44889054","N"
"2015","2015-04-21 19","야","화","1","0","0","0","0","전남","영암군","차대차","기타","기타","안전운전 의무 불이행","단일로","기타단일로","승용차","화물차","930380","1643606","126.7390515","34.78460736","N"
"2015","2015-04-21 22","야","화","1","0","0","0","0","경기","부천시","차대차","측면충돌","측면충돌","신호위반","교차로","교차로내","이륜차","승용차","936014","1945171","126.7760655","37.50359256","N"
"2015","2015-04-21 22","야","화","1","0","0","0","0","경북","상주시","차대차","기타","기타","중앙선 침범","단일로","기타단일로","화물차","화물차","1058308","1822500","128.1502299","36.39822308","N"
"2015","2015-04-21 23","야","화","1","1","0","1","0","경남","김해시","차대차","추돌","진행중 추돌","안전운전 의무 불이행","단일로","기타단일로","화물차","화물차","1116138","1693381","128.776254","35.22909949","N"
"2015","2015-04-21 23","야","화","1","0","0","0","0","충북","청주시","차량단독","공작물충돌","공작물충돌","안전운전 의무 불이행","단일로","기타단일로","승용차","없음","993214","1855685","127.4240306","36.69913541","N"
"2015","2015-04-21 23","야","화","1","0","0","0","0","광주","남구","차대사람","기타","기타","보행자 보호의무 위반","단일로","횡단보도상","승용차","보행자","944202","1683128","126.8874713","35.14182712","N"
"2015","2015-04-22 13","주","수","1","1","0","1","0","경남","진주시","차대사람","횡단중","횡단중","보행자 보호의무 위반","교차로","교차로부근","화물차","보행자","1053112","1689066","128.0834265","35.19551387","N"
"2015","2015-04-22 13","주","수","1","1","0","1","0","대구","서구","차대차","측면충돌","측면충돌","신호위반","단일로","기타단일로","승용차","이륜차","1095200","1762752","128.5543568","35.85669386","N"
"2015","2015-04-22 17","주","수","1","1","1","0","0","강원","인제군","차대차","정면충돌","정면충돌","중앙선 침범","단일로","기타단일로","이륜차","화물차","1057698","1994030","128.1566732","37.94436026","N"
"2015","2015-04-22 23","야","수","1","0","0","0","0","경기","화성시","차대사람","횡단중","횡단중","안전운전 의무 불이행","단일로","기타단일로","승용차","보행자","959518","1912636","127.0437572","37.2116656","N"
"2015","2015-04-23 00","야","목","1","1","1","0","0","경기","안양시","차대사람","횡단중","횡단중","신호위반","교차로","교차로부근","화물차","보행자","950899","1932097","126.945336","37.38666437","N"
"2015","2015-04-23 00","야","목","1","0","0","0","0","충남","천안시","차량단독","공작물충돌","공작물충돌","안전운전 의무 불이행","단일로","기타단일로","승용차","없음","967066","1859445","127.1311444","36.73248396","N"
"2015","2015-04-23 09","주","목","1","0","0","0","0","경기","화성시","차대차","기타","기타","안전운전 의무 불이행","단일로","기타단일로","원동기장치자전거","건설기계","937752","1893773","126.8000301","37.04044398","N"
"2015","2015-04-23 09","주","목","1","0","0","0","0","충남","천안시","차대사람","횡단중","횡단중","안전운전 의무 불이행","교차로","교차로내","승용차","보행자","966753","1867216","127.1273001","36.80252544","N"
"2015","2015-04-23 10","주","목","2","1","1","0","0","강원","원주시","차대차","측면충돌","측면충돌","기타","단일로","기타단일로","승합차","자전거","1038530","1933247","127.9353134","37.39752977","N"
"2015","2015-04-23 11","주","목","1","1","0","1","0","경기","안성시","차대차","기타","기타","안전거리 미확보","교차로","교차로부근","화물차","화물차","987761","1893937","127.362367","37.04390726","N"
"2015","2015-04-23 11","주","목","1","0","0","0","0","전북","남원시","차량단독","전도전복","전도전복","안전운전 의무 불이행","기타/불명","기타/불명","이륜차","없음","997179","1717417","127.4689134","35.45255504","N"
"2015","2015-04-23 11","주","목","1","1","1","0","0","경북","청송군","차대차","정면충돌","정면충돌","중앙선 침범","단일로","기타단일로","화물차","승용차","1140149","1825219","129.0631651","36.41427299","N"
"2015","2015-04-23 12","주","목","1","2","2","0","0","충남","공주시","차량단독","전도전복","전도전복","안전운전 의무 불이행","단일로","기타단일로","승용차","없음","968745","1827057","127.1512646","36.44056651","N"
"2015","2015-04-23 13","주","목","1","0","0","0","0","전북","군산시","차대차","정면충돌","정면충돌","기타","교차로","교차로내","자전거","승용차","929270","1773921","126.7156329","35.95945753","N"
"2015","2015-04-23 14","주","목","1","0","0","0","0","경북","경주시","차대사람","횡단중","횡단중","안전운전 의무 불이행","단일로","횡단보도상","건설기계","보행자","1162935","1754451","129.3025776","35.77296509","Y"
"2015","2015-04-23 19","야","목","1","0","0","0","0","경기","의정부시","차대사람","기타","기타","안전운전 의무 불이행","교차로","교차로부근","승용차","보행자","960961","1970289","127.0569632","37.73137908","N"
"2015","2015-04-23 19","야","목","1","0","0","0","0","경기","시흥시","차대사람","횡단중","횡단중","안전운전 의무 불이행","단일로","기타단일로","화물차","보행자","937370","1937981","126.7920177","37.43888197","N"
"2015","2015-04-23 21","야","목","1","0","0","0","0","강원","원주시","차대사람","횡단중","횡단중","안전운전 의무 불이행","교차로","교차로부근","승용차","보행자","1040569","1934885","127.9584394","37.41220687","N"
"2015","2015-04-24 01","야","금","1","2","0","2","0","서울","송파구","차대차","측면충돌","측면충돌","신호위반","교차로","교차로내","이륜차","승용차","967651","1944404","127.1340288","37.49833055","N"
"2015","2015-04-24 02","야","금","1","0","0","0","0","대전","서구","차대차","추돌","진행중 추돌","안전운전 의무 불이행","단일로","기타단일로","승용차","화물차","983094","1811685","127.3117003","36.30234312","N"
"2015","2015-04-24 13","주","금","1","0","0","0","0","전남","구례군","차대사람","기타","기타","안전운전 의무 불이행","단일로","기타단일로","화물차","보행자","997385","1690601","127.4712691","35.21075718","N"
"2015","2015-04-24 14","주","금","1","0","0","0","0","서울","용산구","차대차","정면충돌","정면충돌","안전운전 의무 불이행","단일로","기타단일로","불명","승용차","955279","1947015","126.9939071","37.52134776","N"
"2015","2015-04-24 15","주","금","1","0","0","0","0","전북","정읍시","차대차","측면충돌","측면충돌","기타","교차로","교차로내","이륜차","화물차","935918","1724748","126.7932798","35.51659035","N"
"2015","2015-04-24 17","주","금","1","0","0","0","0","전북","군산시","차대차","측면충돌","측면충돌","기타","교차로","교차로내","화물차","이륜차","930781","1775819","126.7322223","35.97667669","N"
"2015","2015-04-24 18","야","금","1","0","0","0","0","경북","김천시","차량단독","전도전복","전도전복","안전운전 의무 불이행","단일로","기타단일로","원동기장치자전거","없음","1049502","1794140","128.0502362","36.1430486","N"
"2015","2015-04-24 19","야","금","1","0","0","0","0","충남","보령시","차대사람","횡단중","횡단중","안전운전 의무 불이행","단일로","기타단일로","승합차","보행자","919505","1814361","126.6032145","36.32325257","N"
"2015","2015-04-24 23","야","금","1","3","0","1","2","인천","부평구","차대차","정면충돌","정면충돌","중앙선 침범","단일로","기타단일로","화물차","승합차","931890","1943559","126.7295598","37.48876869","N"
"2015","2015-04-25 00","야","토","1","1","1","0","0","울산","동구","차대차","기타","기타","기타","교차로","교차로내","이륜차","승용차","1173550","1722908","129.413169","35.4869","N"
"2015","2015-04-25 02","야","토","1","1","0","1","0","부산","사하구","차대차","정면충돌","정면충돌","중앙선 침범","단일로","기타단일로","이륜차","승용차","1134714","1678502","128.9779029","35.09265331","N"
"2015","2015-04-25 02","야","토","1","2","2","0","0","부산","기장군","차량단독","공작물충돌","공작물충돌","안전운전 의무 불이행","단일로","기타단일로","승용차","없음","1155450","1691513","129.2077561","35.20693854","N"
"2015","2015-04-25 03","야","토","1","0","0","0","0","대구","수성구","차량단독","공작물충돌","공작물충돌","안전운전 의무 불이행","단일로","기타단일로","승용차","없음","1100827","1757631","128.6160198","35.80996772","N"
"2015","2015-04-25 11","주","토","1","0","0","0","0","강원","춘천시","차대사람","횡단중","횡단중","보행자 보호의무 위반","단일로","기타단일로","승용차","보행자","1020293","1984492","127.7306966","37.86000028","N"
"2015","2015-04-25 11","주","토","2","4","3","1","0","강원","횡성군","차대차","측면충돌","측면충돌","기타","교차로","교차로내","승용차","승용차","1050695","1939260","128.0731615","37.45114109","N"
"2015","2015-04-25 16","주","토","1","1","0","0","1","대구","중구","차대차","기타","기타","안전운전 의무 불이행","기타/불명","기타/불명","자전거","자전거","1100545","1764071","128.6137102","35.8680499","N"
"2015","2015-04-25 18","야","토","1","0","0","0","0","강원","태백시","차대사람","기타","기타","안전운전 의무 불이행","단일로","기타단일로","승용차","보행자","1134024.9","1901240.8","129.008237","37.10023271","N"
"2015","2015-04-25 20","야","토","1","0","0","0","0","서울","양천구","차대사람","횡단중","횡단중","보행자 보호의무 위반","단일로","횡단보도부근","승용차","보행자","945175","1949906","126.8793531","37.54685929","N"
"2015","2015-04-25 20","야","토","1","0","0","0","0","강원","철원군","차대사람","횡단중","횡단중","과속","단일로","기타단일로","승용차","보행자","993389","2021984","127.424498","38.19811197","N"
"2015","2015-04-25 22","야","토","1","2","2","0","0","대전","서구","차대차","측면충돌","측면충돌","중앙선 침범","단일로","기타단일로","승용차","승용차","989664","1813103","127.3848582","36.31521989","N"
"2015","2015-04-25 23","야","토","1","0","0","0","0","강원","원주시","차대사람","횡단중","횡단중","안전운전 의무 불이행","단일로","기타단일로","승용차","보행자","1040687","1925199","127.9592403","37.32489618","N"
"2015","2015-04-26 00","야","일","1","0","0","0","0","충북","충주시","차량단독","공작물충돌","공작물충돌","안전운전 의무 불이행","단일로","기타단일로","화물차","없음","1048839","1871109","128.0477307","36.83694194","N"
"2015","2015-04-26 03","야","일","1","0","0","0","0","강원","원주시","차대사람","횡단중","횡단중","안전운전 의무 불이행","단일로","기타단일로","승용차","보행자","1039574","1927555","127.9468038","37.34618042","N"
"2015","2015-04-26 06","주","일","2","0","0","0","0","경기","안산시","차대차","측면충돌","측면충돌","안전운전 의무 불이행","교차로","교차로내","원동기장치자전거","승합차","940459","1924911","126.8279861","37.32128308","N"
"2015","2015-04-26 12","주","일","1","0","0","0","0","경북","영주시","차대차","측면충돌","측면충돌","안전운전 의무 불이행","교차로","교차로내","농기계","이륜차","1094875","1872820","128.5641781","36.84886419","N"
"2015","2015-04-26 15","주","일","1","0","0","0","0","경기","양평군","차량단독","기타","기타","안전운전 의무 불이행","단일로","기타단일로","자전거","없음","986998","1956079","127.3526975","37.60403914","N"
"2015","2015-04-26 19","야","일","1","0","0","0","0","경기","구리시","차대사람","보도통행중","보도통행중","기타","단일로","횡단보도상","화물차","보행자","968433","1959280","127.1422349","37.63244082","N"
"2015","2015-04-26 19","야","일","1","0","0","0","0","강원","속초시","차량단독","전도전복","전도전복","안전운전 의무 불이행","단일로","기타단일로","원동기장치자전거","없음","1091298","2023039","128.5427397","38.20301363","N"
"2015","2015-04-26 19","야","일","1","0","0","0","0","강원","양양군","차대사람","횡단중","횡단중","과속","교차로","교차로부근","화물차","보행자","1099191","2008715","128.6308782","38.07310592","N"
"2015","2015-04-26 20","야","일","1","0","0","0","0","서울","강북구","차대사람","기타","기타","안전운전 의무 불이행","단일로","기타단일로","화물차","보행자","956915","1960810","127.011609","37.64576288","N"
"2015","2015-04-26 20","야","일","1","0","0","0","0","전북","군산시","차량단독","도로이탈","도로이탈 추락","안전운전 의무 불이행","단일로","기타단일로","화물차","없음","937425","1768805","126.8064652","35.91389184","N"
"2015","2015-04-26 21","야","일","1","0","0","0","0","충남","청양군","차대차","정면충돌","정면충돌","중앙선 침범","단일로","기타단일로","이륜차","승용차","930173","1826027","126.7210068","36.42924879","N"
"2015","2015-04-26 23","야","일","1","0","0","0","0","경기","수원시","차대차","측면충돌","측면충돌","교차로 통행방법 위반","교차로","교차로내","이륜차","화물차","957302","1920437","127.0183358","37.28188292","N"
"2015","2015-04-27 05","야","월","1","0","0","0","0","경기","안양시","차대사람","횡단중","횡단중","안전운전 의무 불이행","단일로","기타단일로","승용차","보행자","952050","1929793","126.9584869","37.36595764","N"
"2015","2015-04-27 06","주","월","1","0","0","0","0","인천","연수구","차대사람","기타","기타","기타","단일로","기타단일로","특수차","보행자","923681","1936240","126.6374691","37.42216266","N"
"2015","2015-04-27 11","주","월","1","0","0","0","0","전남","목포시","차대사람","횡단중","횡단중","안전운전 의무 불이행","교차로","교차로부근","승합차","보행자","901620","1646267","126.4244342","34.80622865","N"
"2015","2015-04-27 11","주","월","1","0","0","0","0","경남","거제시","차대사람","차도통행중","차도통행중","중앙선 침범","교차로","교차로부근","화물차","보행자","1105654","1658318","128.656597","34.91414938","N"
"2015","2015-04-27 16","주","월","1","2","1","1","0","강원","평창군","차대사람","기타","기타","안전운전 의무 불이행","단일로","기타단일로","승합차","보행자","1092944.3","1961520.8","128.5535987","37.64847542","N"
"2015","2015-04-27 17","주","월","1","0","0","0","0","충남","천안시","차대차","정면충돌","정면충돌","안전운전 의무 불이행","기타/불명","기타/불명","승용차","자전거","967017","1865910","127.1303161","36.79076168","Y"
"2015","2015-04-27 18","야","월","1","0","0","0","0","대구","달성군","차대사람","기타","기타","안전운전 의무 불이행","교차로","교차로부근","승용차","보행자","1088586","1756519","128.4804241","35.80112457","N"
"2015","2015-04-27 19","야","월","1","0","0","0","0","전남","여수시","차대사람","횡단중","횡단중","안전운전 의무 불이행","단일로","횡단보도상","승용차","보행자","1010205","1649619","127.6116183","34.84115817","N"
"2015","2015-04-27 21","야","월","1","0","0","0","0","전북","전주시","차대사람","횡단중","횡단중","안전운전 의무 불이행","단일로","기타단일로","화물차","보행자","967873","1758529","127.1443339","35.82271871","N"
"2015","2015-04-27 22","야","월","2","0","0","0","0","강원","춘천시","차대차","추돌","진행중 추돌","과속","단일로","기타단일로","승용차","승용차","1024240","1991744","127.7758105","37.92526581","N"
"2015","2015-04-27 23","야","월","1","0","0","0","0","대구","북구","차대사람","횡단중","횡단중","안전운전 의무 불이행","단일로","기타단일로","승용차","보행자","1098920","1767522","128.5961421","35.89932433","N"
"2015","2015-04-28 06","주","화","2","13","1","12","0","부산","북구","차대차","추돌","주정차중 추돌","안전운전 의무 불이행","단일로","기타단일로","승용차","승합차","1139246","1691663","129.0298259","35.21067039","N"
"2015","2015-04-28 08","주","화","1","1","1","0","0","전북","완주군","차대차","기타","기타","신호위반","교차로","교차로내","승용차","원동기장치자전거","973752","1776118","127.208837","35.98147565","N"
"2015","2015-04-28 09","주","화","1","0","0","0","0","경남","거창군","차대차","정면충돌","정면충돌","중앙선 침범","단일로","기타단일로","이륜차","화물차","1028474","1754107","127.8150682","35.78296236","N"
"2015","2015-04-28 12","주","화","1","30","8","22","0","서울","양천구","차대차","추돌","주정차중 추돌","안전운전 의무 불이행","단일로","기타단일로","승합차","승합차","944829","1950719","126.8753753","37.55416625","Y"
"2015","2015-04-28 13","주","화","1","0","0","0","0","대구","달성군","차대차","측면충돌","측면충돌","기타","단일로","기타단일로","승용차","자전거","1090615","1756536","128.5028789","35.80109262","N"
"2015","2015-04-28 15","주","화","1","0","0","0","0","부산","강서구","차대사람","차도통행중","차도통행중","안전운전 의무 불이행","교차로","교차로내","승용차","보행자","1130243","1680062","128.9291123","35.10730377","N"
"2015","2015-04-28 15","주","화","1","0","0","0","0","경기","화성시","차대사람","보도통행중","보도통행중","보행자 보호의무 위반","단일로","기타단일로","승합차","보행자","962514","1913378","127.0774848","37.21847913","N"
"2015","2015-04-28 15","주","화","1","0","0","0","0","전북","전주시","차대사람","차도통행중","차도통행중","안전거리 미확보","교차로","교차로부근","승용차","보행자","968136","1757186","127.1472989","35.81061874","N"
"2015","2015-04-28 19","야","화","1","0","0","0","0","경기","파주시","차대사람","횡단중","횡단중","보행자 보호의무 위반","단일로","기타단일로","승용차","보행자","930459","1969856","126.7108741","37.72566764","Y"
"2015","2015-04-28 19","야","화","1","0","0","0","0","충남","홍성군","차대사람","차도통행중","차도통행중","안전운전 의무 불이행","단일로","기타단일로","승합차","보행자","914562","1848070","126.5444285","36.62667883","N"
"2015","2015-04-28 20","야","화","1","0","0","0","0","경기","파주시","차대사람","기타","기타","안전운전 의무 불이행","단일로","기타단일로","승합차","보행자","929646","1969609","126.7016732","37.72337945","N"
"2015","2015-04-28 23","야","화","1","1","1","0","0","부산","남구","차대차","추돌","진행중 추돌","안전운전 의무 불이행","교차로","교차로내","승용차","특수차","1143863","1681777","129.0788101","35.12090891","N"
"2015","2015-04-29 00","야","수","1","1","1","0","0","경북","구미시","차량단독","공작물충돌","공작물충돌","안전운전 의무 불이행","단일로","기타단일로","승용차","없음","1082215","1793741","128.4137803","36.13722943","N"
"2015","2015-04-29 01","야","수","1","0","0","0","0","서울","서초구","차대사람","기타","기타","안전운전 의무 불이행","단일로","기타단일로","승용차","보행자","962214","1939937","127.0727496","37.45786091","N"
"2015","2015-04-29 05","야","수","1","0","0","0","0","경북","영양군","차량단독","공작물충돌","공작물충돌","안전운전 의무 불이행","단일로","기타단일로","화물차","없음","1141522","1840819","129.0813289","36.55465527","N"
"2015","2015-04-29 06","주","수","1","1","1","0","0","충남","홍성군","차대차","추돌","주정차중 추돌","안전운전 의무 불이행","단일로","기타단일로","화물차","화물차","931605","1847936","126.7350386","36.62684718","N"
"2015","2015-04-29 08","주","수","1","0","0","0","0","충남","서산시","차량단독","공작물충돌","공작물충돌","안전운전 의무 불이행","단일로","기타단일로","화물차","없음","901127","1858327","126.3928661","36.71782791","N"
"2015","2015-04-29 10","주","수","1","0","0","0","0","경기","남양주시","차량단독","공작물충돌","공작물충돌","안전운전 의무 불이행","단일로","기타단일로","승용차","없음","966682","1961482","127.1222898","37.65222616","N"
"2015","2015-04-29 14","주","수","1","0","0","0","0","전북","김제시","차대사람","길가장자리구역통행중","길가장자리구역통행중","안전운전 의무 불이행","단일로","기타단일로","승용차","보행자","938450","1762662","126.8182997","35.85857486","N"
"2015","2015-04-29 15","주","수","1","0","0","0","0","경기","평택시","차대사람","기타","기타","안전운전 의무 불이행","단일로","기타단일로","승용차","보행자","957375","1891112","127.02083","37.01755411","N"
"2015","2015-04-29 17","주","수","1","4","0","4","0","전북","전주시","차대차","측면충돌","측면충돌","안전운전 의무 불이행","교차로","교차로부근","승용차","승합차","963761","1758812","127.0987995","35.82512692","N"
"2015","2015-04-29 18","야","수","1","0","0","0","0","전남","보성군","차량단독","공작물충돌","공작물충돌","안전운전 의무 불이행","단일로","기타단일로","승용차","없음","985732","1649019","127.3439525","34.83569869","N"
"2015","2015-04-29 18","야","수","1","0","0","0","0","경남","김해시","차대차","측면충돌","측면충돌","안전운전 의무 불이행","교차로","교차로내","화물차","이륜차","1118246","1704166","128.8009679","35.32607659","N"
"2015","2015-04-29 19","야","수","1","0","0","0","0","강원","태백시","차대차","추돌","주정차중 추돌","안전운전 의무 불이행","단일로","기타단일로","원동기장치자전거","화물차","1132694","1906375","128.9941738","37.14668739","N"
"2015","2015-04-29 20","야","수","1","0","0","0","0","경북","영천시","차대사람","길가장자리구역통행중","길가장자리구역통행중","안전운전 의무 불이행","단일로","기타단일로","승합차","보행자","1121967","1777856","128.8530576","35.98986774","N"
"2015","2015-04-29 21","야","수","1","1","1","0","0","경북","구미시","차대차","기타","기타","중앙선 침범","단일로","교량위","화물차","화물차","1075654","1809050","128.342343","36.27576894","N"
"2015","2015-04-29 22","야","수","1","0","0","0","0","전남","목포시","차대차","측면충돌","측면충돌","안전운전 의무 불이행","교차로","교차로부근","승합차","자전거","902949","1645943","126.4389991","34.80343495","N"
"2015","2015-04-29 23","야","수","1","0","0","0","0","경남","통영시","차대사람","차도통행중","차도통행중","안전운전 의무 불이행","단일로","기타단일로","승용차","보행자","1086862","1654333","128.4504943","34.88000295","N"
"2015","2015-04-30 09","주","목","1","0","0","0","0","인천","중구","차량단독","공작물충돌","공작물충돌","안전운전 의무 불이행","교차로","교차로내","승용차","없음","900465","1941382","126.3744367","37.4662971","N"
"2015","2015-04-30 11","주","목","1","4","1","3","0","경기","여주시","차대차","추돌","진행중 추돌","안전거리 미확보","단일로","기타단일로","화물차","화물차","1009881","1911985","127.6113544","37.20662373","N"
"2015","2015-04-30 13","주","목","1","0","0","0","0","충남","공주시","차량단독","공작물충돌","공작물충돌","안전운전 의무 불이행","단일로","기타단일로","승용차","없음","978857","1816403","127.2643807","36.34479404","N"
"2015","2015-04-30 13","주","목","1","0","0","0","0","경북","경산시","차대차","기타","기타","기타","교차로","교차로내","자전거","승용차","1120360","1770002","128.8340434","35.91927496","N"
"2015","2015-04-30 13","주","목","1","0","0","0","0","광주","북구","차대차","측면충돌","측면충돌","교차로 통행방법 위반","교차로","교차로내","승용차","이륜차","946057","1686227","126.9076313","35.16987117","N"
"2015","2015-04-30 14","주","목","1","0","0","0","0","경남","창원시(통합)","차대사람","횡단중","횡단중","안전운전 의무 불이행","단일로","기타단일로","특수차","보행자","1098797","1692392","128.5856061","35.22204229","N"
"2015","2015-04-30 16","주","목","1","0","0","0","0","충남","보령시","차대사람","횡단중","횡단중","신호위반","교차로","교차로내","승용차","보행자","914493","1813989","126.5474239","36.31946734","N"
"2015","2015-04-30 20","야","목","1","0","0","0","0","경기","파주시","차대사람","기타","기타","안전운전 의무 불이행","단일로","기타단일로","승용차","보행자","937634","1977480","126.7916324","37.79489641","N"
"2015","2015-04-30 21","야","목","1","0","0","0","0","경기","화성시","차대사람","차도통행중","차도통행중","안전운전 의무 불이행","단일로","기타단일로","승용차","보행자","930571.2","1910752.7","126.7177164","37.19298518","N"
"2015","2015-04-30 21","야","목","1","4","0","4","0","강원","춘천시","차대차","측면충돌","측면충돌","신호위반","교차로","교차로내","승용차","승합차","1017814","1979622","127.7023948","37.81615837","N"
"2015","2015-04-30 21","야","목","1","3","3","0","0","전북","완주군","차대차","측면충돌","측면충돌","신호위반","교차로","교차로내","승용차","승용차","966204","1773247","127.1252326","35.9553589","N"
"2015","2015-04-30 22","야","목","1","0","0","0","0","경기","포천시","차대사람","기타","기타","안전운전 의무 불이행","단일로","기타단일로","승용차","보행자","980251","2010693","127.2747672","38.09615829","N"
"2015","2015-05-01 07","주","금","1","1","0","1","0","충북","단양군","차대차","추돌","진행중 추돌","안전거리 미확보","기타/불명","기타/불명","승용차","화물차","1082097","1879095","128.4215494","36.90662018","N"
"2015","2015-05-01 07","주","금","1","0","0","0","0","전남","함평군","차대차","추돌","진행중 추돌","중앙선 침범","교차로","교차로부근","화물차","원동기장치자전거","903987","1681633","126.446233","35.12531335","N"
"2015","2015-05-01 08","주","금","1","1","1","0","0","경남","의령군","차량단독","공작물충돌","공작물충돌","안전운전 의무 불이행","교차로","교차로내","승용차","없음","1068101","1716136","128.2503181","35.43867716","N"
"2015","2015-05-01 09","주","금","1","0","0","0","0","광주","광산구","차대차","측면충돌","측면충돌","안전거리 미확보","교차로","교차로내","원동기장치자전거","승합차","938737","1691780","126.8268393","35.21952022","N"
"2015","2015-05-01 11","주","금","1","1","0","1","0","경북","영덕군","차량단독","공작물충돌","공작물충돌","안전운전 의무 불이행","교차로","교차로부근","농기계","없음","1169134","1842851","129.3901645","36.56847406","N"
"2015","2015-05-01 15","주","금","1","6","4","2","0","강원","횡성군","차대차","추돌","진행중 추돌","안전운전 의무 불이행","단일로","터널안","승용차","승용차","1069895.3","1948377.3","128.2910914","37.5320616","Y"
"2015","2015-05-01 16","주","금","2","2","2","0","0","충남","청양군","차량단독","도로이탈","도로이탈 기타","안전운전 의무 불이행","단일로","기타단일로","승용차","없음","941919","1838707","126.8510847","36.54433732","N"
"2015","2015-05-01 22","야","금","1","0","0","0","0","경기","연천군","차량단독","공작물충돌","공작물충돌","안전운전 의무 불이행","단일로","기타단일로","승용차","없음","958237","2003613","127.024122","38.03160046","N"
"2015","2015-05-02 02","야","토","1","0","0","0","0","서울","강남구","차량단독","기타","기타","안전운전 의무 불이행","단일로","기타단일로","이륜차","없음","960148","1942870","127.049231","37.48421054","N"
"2015","2015-05-02 02","야","토","1","0","0","0","0","전북","전주시","차대사람","길가장자리구역통행중","길가장자리구역통행중","안전운전 의무 불이행","단일로","기타단일로","승용차","보행자","969078","1761362","127.157564","35.84829985","N"
"2015","2015-05-02 06","주","토","1","0","0","0","0","대구","달서구","차대사람","횡단중","횡단중","기타","단일로","기타단일로","승용차","보행자","1094929","1757357","128.5507145","35.80808599","N"
"2015","2015-05-02 13","주","토","1","1","0","1","0","경남","사천시","차대차","정면충돌","정면충돌","중앙선 침범","단일로","기타단일로","화물차","원동기장치자전거","1050297","1659460","128.0507098","34.92870367","N"
"2015","2015-05-02 14","주","토","1","1","1","0","0","경기","용인시","차대차","측면충돌","측면충돌","신호위반","교차로","교차로내","원동기장치자전거","원동기장치자전거","966357","1925925","127.1202317","37.33172202","N"
"2015","2015-05-02 15","주","토","1","2","1","1","0","세종","세종시","차대차","정면충돌","정면충돌","중앙선 침범","단일로","기타단일로","승용차","화물차","980388","1825472","127.2812132","36.42658618","N"
"2015","2015-05-02 15","주","토","1","0","0","0","0","경남","사천시","차량단독","전도전복","전도전복","안전운전 의무 불이행","단일로","기타단일로","승용차","없음","1037567","1681721","127.9123376","35.12998654","N"