"발생년","발생년월일시","주야","요일","사망자수","부상자수","중상자수","경상자수","부상신고자수","발생지시도","발생지시군구","사고유형_대분류","사고유형_중분류","사고유형","가해자법규위반","도로형태_대분류","도로형태","가해자_당사자종별","피해자_당사자종별","발생위치(X_UTMK)","발생위치(Y_UTMK)","경도","위도"," 어린이사고 여부"
"2015","2015-05-15 21","야","금","1","3","2","1","0","충남","금산군","차대차","기타","기타","안전운전 의무 불이행","단일로","기타단일로","승용차","승용차","1004844","1784498","127.553785","36.05737023","N"
"2015","2015-05-15 22","야","금","1","1","0","1","0","충북","청주시","차대차","기타","기타","교차로 통행방법 위반","교차로","교차로내","승용차","이륜차","998059","1846404","127.478294","36.61548992","N"
"2015","2015-05-15 23","야","금","1","0","0","0","0","경기","파주시","차대사람","횡단중","횡단중","과속","단일로","기타단일로","승용차","보행자","940424","1971020","126.8238501","37.73686109","N"
"2015","2015-05-16 00","야","토","1","2","2","0","0","대구","달성군","차대차","측면충돌","측면충돌","안전운전 의무 불이행","교차로","교차로내","화물차","승용차","1086234","1748586","128.4535427","35.72981768","N"
"2015","2015-05-16 01","야","토","1","3","1","2","0","경기","화성시","차대차","측면충돌","측면충돌","신호위반","교차로","교차로내","이륜차","승용차","961898","1912404","127.0705916","37.20967467","N"
"2015","2015-05-16 02","야","토","1","0","0","0","0","서울","광진구","차대사람","횡단중","횡단중","보행자 보호의무 위반","교차로","교차로부근","승용차","보행자","963521","1951636","127.0869469","37.56336136","N"
"2015","2015-05-16 02","야","토","1","0","0","0","0","부산","부산진구","차대사람","기타","기타","안전운전 의무 불이행","단일로","기타단일로","승용차","보행자","1141816","1685808","129.0570448","35.15753443","N"
"2015","2015-05-16 02","야","토","1","0","0","0","0","경기","화성시","차대차","정면충돌","정면충돌","중앙선 침범","단일로","기타단일로","승용차","승용차","948437","1903826","126.9194845","37.13170804","N"
"2015","2015-05-16 05","야","토","1","0","0","0","0","경북","칠곡군","차량단독","공작물충돌","공작물충돌","안전운전 의무 불이행","단일로","기타단일로","승용차","없음","1092774","1783517","128.5299193","36.04411399","N"
"2015","2015-05-16 10","주","토","1","0","0","0","0","강원","영월군","차대사람","횡단중","횡단중","보행자 보호의무 위반","단일로","횡단보도상","승용차","보행자","1085735","1909859","128.4658883","37.18357486","Y"
"2015","2015-05-16 10","주","토","2","0","0","0","0","경북","구미시","차대차","기타","기타","중앙선 침범","단일로","기타단일로","원동기장치자전거","승용차","1076727","1792136","128.3526336","36.12321057","N"
"2015","2015-05-16 10","주","토","1","0","0","0","0","제주","제주시","차량단독","기타","기타","안전운전 의무 불이행","단일로","기타단일로","승용차","없음","896523","1500211","126.3861429","33.4887414","N"
"2015","2015-05-16 10","주","토","1","2","2","0","0","광주","광산구","차대차","측면충돌","측면충돌","교차로 통행방법 위반","교차로","교차로내","화물차","화물차","935323","1689158","126.7895346","35.19566473","N"
"2015","2015-05-16 12","주","토","1","0","0","0","0","경기","이천시","차대차","기타","기타","기타","교차로","교차로내","원동기장치자전거","승용차","996307","1917881","127.4583523","37.25981573","N"
"2015","2015-05-16 14","주","토","1","0","0","0","0","경기","성남시","차대사람","기타","기타","안전운전 의무 불이행","교차로","교차로내","화물차","보행자","965473","1926687","127.1102177","37.33855801","N"
"2015","2015-05-16 16","주","토","1","0","0","0","0","서울","중랑구","차량단독","공작물충돌","공작물충돌","안전운전 의무 불이행","단일로","기타단일로","원동기장치자전거","없음","964157","1953940","127.0940355","37.58415304","N"
"2015","2015-05-16 16","주","토","2","0","0","0","0","충남","당진시","차대차","정면충돌","정면충돌","중앙선 침범","단일로","기타단일로","이륜차","화물차","920908","1890582","126.6109755","37.01041402","N"
"2015","2015-05-16 18","야","토","2","2","2","0","0","경기","의정부시","차대차","측면충돌","측면충돌","안전운전 의무 불이행","교차로","교차로내","승용차","승용차","959044","1970455","127.0351993","37.73279148","N"
"2015","2015-05-16 18","야","토","1","0","0","0","0","경기","포천시","차대차","측면충돌","측면충돌","기타","교차로","교차로내","화물차","원동기장치자전거","983110","1989953","127.3078616","37.90928986","N"
"2015","2015-05-16 19","야","토","1","0","0","0","0","경북","울진군","차량단독","공작물충돌","공작물충돌","안전운전 의무 불이행","단일로","기타단일로","승용차","없음","1166411","1899474","129.3721393","37.07912038","N"
"2015","2015-05-16 21","야","토","1","0","0","0","0","경북","포항시","차량단독","전도전복","전도전복","안전운전 의무 불이행","단일로","기타단일로","화물차","없음","1156208","1786201","129.2344236","36.06018653","N"
"2015","2015-05-16 22","야","토","1","0","0","0","0","대전","유성구","차대사람","횡단중","횡단중","과속","단일로","기타단일로","승용차","보행자","982316","1815554","127.3029471","36.33720977","N"
"2015","2015-05-16 23","야","토","1","0","0","0","0","경북","경주시","차대사람","기타","기타","안전운전 의무 불이행","단일로","기타단일로","승용차","보행자","1144489","1762137","129.0999714","35.8451221","N"
"2015","2015-05-17 06","주","일","1","0","0","0","0","경남","통영시","차대차","정면충돌","정면충돌","중앙선 침범","단일로","기타단일로","승용차","건설기계","1084963","1653226","128.4296044","34.87018242","N"
"2015","2015-05-17 06","주","일","1","0","0","0","0","경남","남해군","차대사람","길가장자리구역통행중","길가장자리구역통행중","안전운전 의무 불이행","단일로","기타단일로","화물차","보행자","1030593","1653347","127.8347482","34.87436639","N"
"2015","2015-05-17 07","주","일","1","1","0","1","0","경기","안성시","차대차","추돌","진행중 추돌","안전운전 의무 불이행","교차로","교차로내","승용차","특수차","979029","1887023","127.2643649","36.98142761","N"
"2015","2015-05-17 10","주","일","1","0","0","0","0","경기","부천시","차대사람","횡단중","횡단중","보행자 보호의무 위반","교차로","교차로부근","승합차","보행자","938565","1947990","126.8046897","37.52917349","N"
"2015","2015-05-17 10","주","일","1","1","0","1","0","전남","진도군","차대차","기타","기타","안전운전 의무 불이행","단일로","기타단일로","화물차","화물차","875813","1604101","126.1485311","34.42326125","N"
"2015","2015-05-17 13","주","일","1","0","0","0","0","충북","옥천군","차량단독","공작물충돌","공작물충돌","안전운전 의무 불이행","단일로","기타단일로","자전거","없음","1017418.2","1822028.1","127.6942361","36.39558082","N"
"2015","2015-05-17 16","주","일","1","0","0","0","0","충북","충주시","차대사람","기타","기타","안전운전 의무 불이행","단일로","기타단일로","승용차","보행자","1032525","1890263","127.8655964","37.01030514","N"
"2015","2015-05-17 18","야","일","1","0","0","0","0","경기","안산시","차대차","추돌","진행중 추돌","안전운전 의무 불이행","교차로","교차로내","승합차","원동기장치자전거","937142","1924022","126.7906264","37.31305177","N"
"2015","2015-05-17 18","야","일","3","1","1","0","0","경남","사천시","차대차","추돌","진행중 추돌","안전운전 의무 불이행","단일로","기타단일로","승용차","승용차","1050825","1665659","128.0568687","34.9845742","N"
"2015","2015-05-17 20","야","일","1","0","0","0","0","경북","영천시","차대사람","차도통행중","차도통행중","중앙선 침범","단일로","기타단일로","화물차","보행자","1110932","1785952","128.7318016","36.06416172","N"
"2015","2015-05-17 20","야","일","1","1","1","0","0","경북","포항시","차량단독","공작물충돌","공작물충돌","안전운전 의무 불이행","단일로","기타단일로","승용차","없음","1182298","1766986","129.5195417","35.88251222","N"
"2015","2015-05-17 21","야","일","1","0","0","0","0","경북","문경시","차량단독","공작물충돌","공작물충돌","안전운전 의무 불이행","단일로","터널안","승용차","없음","1048015","1861104","128.037859","36.74679561","N"
"2015","2015-05-18 05","야","월","1","0","0","0","0","인천","서구","차대사람","차도통행중","차도통행중","안전운전 의무 불이행","단일로","기타단일로","승합차","보행자","926853","1946098","126.6723355","37.51126672","N"
"2015","2015-05-18 10","주","월","1","0","0","0","0","전남","보성군","차대사람","차도통행중","차도통행중","안전운전 의무 불이행","교차로","교차로내","화물차","보행자","971714","1642520","127.1908597","34.77680005","N"
"2015","2015-05-18 11","주","월","2","3","2","1","0","전남","영암군","차대차","측면충돌","측면충돌","중앙선 침범","교차로","교차로부근","승용차","승용차","906367","1639628","126.4770636","34.74681683","N"
"2015","2015-05-18 12","주","월","1","0","0","0","0","부산","사하구","차대사람","기타","기타","안전운전 의무 불이행","단일로","기타단일로","화물차","보행자","1134270","1676998","128.9727896","35.07915503","N"
"2015","2015-05-18 18","야","월","1","1","1","0","0","경북","고령군","차대차","정면충돌","정면충돌","중앙선 침범","단일로","기타단일로","화물차","승용차","1082285","1745642","128.4095795","35.70361494","N"
"2015","2015-05-18 19","야","월","1","0","0","0","0","경기","부천시","차대사람","차도통행중","차도통행중","안전운전 의무 불이행","교차로","교차로내","승용차","보행자","937878","1942010","126.7974202","37.47522982","N"
"2015","2015-05-18 20","야","월","1","0","0","0","0","전북","김제시","차대차","추돌","진행중 추돌","안전운전 의무 불이행","단일로","기타단일로","화물차","자전거","943570","1756721","126.8754233","35.80532118","N"
"2015","2015-05-18 22","야","월","1","0","0","0","0","경북","김천시","차량단독","전도전복","전도전복","안전운전 의무 불이행","단일로","기타단일로","이륜차","없음","1053598","1791361","128.0955736","36.11777738","N"
"2015","2015-05-19 00","야","화","1","0","0","0","0","대구","중구","차대차","기타","기타","안전운전 의무 불이행","단일로","기타단일로","승용차","승용차","1100096","1763465","128.6086615","35.86263315","N"
"2015","2015-05-19 05","야","화","1","0","0","0","0","부산","서구","차대사람","차도통행중","차도통행중","안전운전 의무 불이행","단일로","기타단일로","승용차","보행자","1138349","1681045","129.0181941","35.11508363","N"
"2015","2015-05-19 09","주","화","1","0","0","0","0","강원","철원군","차량단독","전도전복","전도전복","안전운전 의무 불이행","단일로","기타단일로","승용차","없음","996543","2018457","127.4605359","38.1663421","N"
"2015","2015-05-19 14","주","화","1","2","2","0","0","경기","양주시","차대차","측면충돌","측면충돌","교차로 통행방법 위반","교차로","교차로내","승용차","승용차","955216","1977354","126.991332","37.79479223","N"
"2015","2015-05-19 14","주","화","1","1","0","1","0","경남","밀양시","차대차","정면충돌","정면충돌","중앙선 침범","단일로","기타단일로","이륜차","승용차","1110646","1726306","128.7203759","35.52653412","N"
"2015","2015-05-19 15","주","화","1","0","0","0","0","경기","고양시","차대사람","횡단중","횡단중","안전운전 의무 불이행","단일로","기타단일로","승용차","보행자","940261","1959036","126.8229826","37.62884161","N"
"2015","2015-05-19 20","야","화","1","0","0","0","0","경기","김포시","차대사람","횡단중","횡단중","신호위반","교차로","교차로내","원동기장치자전거","보행자","926610","1960738","126.6681195","37.64319185","N"
"2015","2015-05-19 22","야","화","1","0","0","0","0","경기","시흥시","차량단독","공작물충돌","공작물충돌","안전운전 의무 불이행","교차로","교차로내","승용차","없음","935679","1928825","126.7737005","37.35624202","N"
"2015","2015-05-20 05","야","수","1","0","0","0","0","전남","영광군","차량단독","공작물충돌","공작물충돌","안전운전 의무 불이행","단일로","기타단일로","화물차","없음","895746","1693293","126.3543272","35.22961254","N"
"2015","2015-05-20 06","주","수","1","2","2","0","0","충남","아산시","차대차","추돌","주정차중 추돌","안전운전 의무 불이행","단일로","기타단일로","화물차","건설기계","953826","1850772","126.9833866","36.65374903","N"
"2015","2015-05-20 07","주","수","1","0","0","0","0","경북","고령군","차대차","추돌","진행중 추돌","안전운전 의무 불이행","단일로","기타단일로","승용차","원동기장치자전거","1076948","1750485","128.3510546","35.74770767","N"
"2015","2015-05-20 08","주","수","1","0","0","0","0","광주","북구","차대사람","횡단중","횡단중","안전운전 의무 불이행","교차로","교차로부근","승용차","보행자","945258","1687843","126.8987503","35.18439891","N"
"2015","2015-05-20 08","주","수","1","0","0","0","0","울산","울주군","차대차","측면충돌","측면충돌","교차로 통행방법 위반","교차로","교차로내","화물차","자전거","1152718","1729941","129.1849418","35.5537089","Y"
"2015","2015-05-20 10","주","수","1","0","0","0","0","전북","부안군","차대사람","길가장자리구역통행중","길가장자리구역통행중","안전운전 의무 불이행","단일로","기타단일로","화물차","보행자","921630","1754329","126.6328434","35.78225006","N"
"2015","2015-05-20 13","주","수","1","0","0","0","0","경기","포천시","차량단독","공작물충돌","공작물충돌","안전운전 의무 불이행","교차로","교차로부근","승용차","없음","975648","1993194","127.2228661","37.93833152","N"
"2015","2015-05-20 14","주","수","1","0","0","0","0","부산","동구","차대사람","횡단중","횡단중","안전운전 의무 불이행","교차로","교차로부근","승합차","보행자","1142435","1683610","129.0634597","35.13763445","N"
"2015","2015-05-20 14","주","수","1","0","0","0","0","전북","부안군","차대차","추돌","주정차중 추돌","안전운전 의무 불이행","교차로","교차로부근","화물차","승합차","933730","1748505","126.7671997","35.73063428","N"
"2015","2015-05-20 16","주","수","1","0","0","0","0","부산","남구","차대사람","길가장자리구역통행중","길가장자리구역통행중","안전운전 의무 불이행","교차로","교차로내","화물차","보행자","1144877","1683916","129.0903092","35.14004392","N"
"2015","2015-05-20 16","주","수","1","0","0","0","0","경기","광명시","차대사람","기타","기타","안전운전 의무 불이행","단일로","기타단일로","승용차","보행자","943215","1942043","126.8577737","37.47587073","N"
"2015","2015-05-20 16","주","수","1","0","0","0","0","강원","삼척시","차대사람","횡단중","횡단중","보행자 보호의무 위반","교차로","교차로내","승용차","보행자","1147348","1939621","129.1657158","37.44404508","N"
"2015","2015-05-20 18","야","수","1","2","1","1","0","경기","평택시","차대차","기타","기타","기타","교차로","교차로내","승용차","승용차","960538","1896174","127.0561203","37.0633217","N"
"2015","2015-05-20 19","야","수","2","1","0","1","0","전남","여수시","차대차","측면충돌","측면충돌","신호위반","교차로","교차로내","승합차","이륜차","1012422","1640713","127.6357352","34.76082176","N"
"2015","2015-05-20 19","야","수","1","0","0","0","0","전남","여수시","차대차","측면충돌","측면충돌","기타","교차로","교차로내","승용차","원동기장치자전거","1025231","1629596","127.7753657","34.66033479","N"
"2015","2015-05-20 20","야","수","1","0","0","0","0","서울","성북구","차대사람","횡단중","횡단중","안전운전 의무 불이행","단일로","기타단일로","승합차","보행자","957827.7","1955985.2","127.022233","37.60231855","N"
"2015","2015-05-20 22","야","수","1","2","1","1","0","경북","상주시","차대차","추돌","주정차중 추돌","안전운전 의무 불이행","단일로","기타단일로","화물차","화물차","1065525","1817139","128.2302538","36.34943031","N"
"2015","2015-05-21 00","야","목","1","0","0","0","0","부산","강서구","차량단독","공작물충돌","공작물충돌","안전운전 의무 불이행","단일로","터널안","화물차","없음","1127964","1677999","128.9037934","35.08899888","N"
"2015","2015-05-21 02","야","목","1","0","0","0","0","경기","성남시","차량단독","공작물충돌","공작물충돌","안전운전 의무 불이행","단일로","지하차도(도로)내","이륜차","없음","967956","1940704","127.1376403","37.46499118","N"
"2015","2015-05-21 04","야","목","1","0","0","0","0","서울","서대문구","차대사람","보도통행중","보도통행중","보행자 보호의무 위반","교차로","교차로내","화물차","보행자","948200","1953838","126.9133181","37.58247381","N"
"2015","2015-05-21 04","야","목","1","0","0","0","0","경기","고양시","차량단독","공작물충돌","공작물충돌","안전운전 의무 불이행","단일로","기타단일로","승용차","없음","934158","1960578","126.753684","37.64232207","N"
"2015","2015-05-21 05","야","목","1","0","0","0","0","충남","서천군","차대차","추돌","진행중 추돌","안전운전 의무 불이행","단일로","기타단일로","화물차","자전거","927085","1782326","126.6906304","36.0350682","N"
"2015","2015-05-21 06","주","목","1","0","0","0","0","부산","부산진구","차대차","기타","기타","신호위반","단일로","횡단보도상","승합차","자전거","1142730","1687767","129.0674155","35.17506311","N"
"2015","2015-05-21 06","주","목","1","1","1","0","0","경기","김포시","차대차","정면충돌","정면충돌","중앙선 침범","단일로","기타단일로","승용차","승용차","927401","1961904","126.6769687","37.65376331","N"
"2015","2015-05-21 07","주","목","1","0","0","0","0","강원","춘천시","차대차","측면충돌","측면충돌","신호위반","교차로","교차로내","화물차","이륜차","1022801","1982121","127.7591332","37.83857106","N"
"2015","2015-05-21 10","주","목","1","0","0","0","0","서울","송파구","차대사람","횡단중","횡단중","안전운전 의무 불이행","단일로","횡단보도상","승합차","보행자","966098","1944032","127.1164769","37.4949218","N"
"2015","2015-05-21 12","주","목","1","0","0","0","0","서울","구로구","차대차","측면충돌","측면충돌","안전운전 의무 불이행","단일로","횡단보도상","자전거","승용차","945993","1944967","126.888976","37.50239183","N"
"2015","2015-05-21 13","주","목","1","0","0","0","0","경기","여주시","차대사람","기타","기타","안전운전 의무 불이행","단일로","기타단일로","승용차","보행자","1012586","1917935","127.6419389","37.26022473","N"
"2015","2015-05-21 16","주","목","1","1","1","0","0","서울","노원구","차량단독","공작물충돌","공작물충돌","안전운전 의무 불이행","단일로","기타단일로","이륜차","없음","964289.7","1958627.2","127.0953096","37.62640525","N"
"2015","2015-05-21 16","주","목","1","0","0","0","0","대구","동구","차대차","기타","기타","기타","교차로","교차로부근","자전거","화물차","1102584","1772486","128.6373768","35.94369381","N"
"2015","2015-05-21 17","주","목","1","1","1","0","0","경기","안산시","차대사람","횡단중","횡단중","안전운전 의무 불이행","단일로","횡단보도상","승합차","보행자","943862","1922160","126.8666002","37.29669909","N"
"2015","2015-05-21 18","야","목","1","1","0","1","0","대전","동구","차대사람","횡단중","횡단중","안전운전 의무 불이행","단일로","기타단일로","건설기계","보행자","995901","1812503","127.4543408","36.30985734","N"
"2015","2015-05-21 19","야","목","1","0","0","0","0","경기","남양주시","차대차","측면충돌","측면충돌","안전운전 의무 불이행","교차로","교차로부근","승합차","자전거","971810","1957554","127.1805742","37.61699365","N"
"2015","2015-05-21 21","야","목","1","0","0","0","0","경기","성남시","차대사람","횡단중","횡단중","안전운전 의무 불이행","단일로","기타단일로","승합차","보행자","963983","1934092","127.0930367","37.40524737","N"
"2015","2015-05-21 22","야","목","1","0","0","0","0","울산","동구","차대사람","기타","기타","안전운전 의무 불이행","단일로","기타단일로","승용차","보행자","1175158","1726693","129.4317031","35.52072643","N"
"2015","2015-05-22 08","주","금","1","0","0","0","0","경남","거창군","차대차","측면충돌","측면충돌","기타","교차로","교차로내","원동기장치자전거","화물차","1048600","1745366","128.0372281","35.70336444","N"
"2015","2015-05-22 10","주","금","1","0","0","0","0","경기","안산시","차대사람","횡단중","횡단중","보행자 보호의무 위반","단일로","기타단일로","화물차","보행자","943571","1926597","126.8629796","37.33667388","N"
"2015","2015-05-22 10","주","금","1","0","0","0","0","전북","완주군","차량단독","기타","기타","안전운전 의무 불이행","교차로","교차로내","화물차","없음","961438","1768291","127.0726237","35.91049997","N"
"2015","2015-05-22 10","주","금","1","0","0","0","0","제주","제주시","차대차","추돌","진행중 추돌","기타","단일로","횡단보도상","자전거","승용차","910761","1502012","126.5392052","33.50626625","N"
"2015","2015-05-22 13","주","금","1","0","0","0","0","서울","성북구","차대사람","횡단중","횡단중","안전운전 의무 불이행","단일로","기타단일로","승합차","보행자","957066","1957004","127.0135442","37.61146593","Y"
"2015","2015-05-22 14","주","금","1","0","0","0","0","경기","포천시","차대사람","기타","기타","안전운전 의무 불이행","단일로","기타단일로","승용차","보행자","970628","1983874","127.1661173","37.85418282","N"
"2015","2015-05-22 17","주","금","2","0","0","0","0","경기","이천시","차대차","측면충돌","측면충돌","교차로 통행방법 위반","교차로","교차로내","이륜차","승용차","991142","1922436","127.40005","37.30083963","N"
"2015","2015-05-22 18","야","금","1","0","0","0","0","충남","아산시","차량단독","도로이탈","도로이탈 추락","안전운전 의무 불이행","단일로","기타단일로","농기계","없음","947220","1868270","126.9082701","36.81113875","N"
"2015","2015-05-22 20","야","금","1","0","0","0","0","충남","예산군","차대사람","횡단중","횡단중","안전운전 의무 불이행","교차로","교차로내","승용차","보행자","940177","1856383","126.830246","36.7035681","N"
"2015","2015-05-22 20","야","금","1","0","0","0","0","광주","서구","차대사람","횡단중","횡단중","안전운전 의무 불이행","교차로","교차로부근","승합차","보행자","945027","1684276","126.896451","35.15222376","N"
"2015","2015-05-23 00","야","토","1","0","0","0","0","울산","남구","차대사람","횡단중","횡단중","안전운전 의무 불이행","교차로","교차로내","승용차","보행자","1165010","1727351","129.3199734","35.52839656","N"
"2015","2015-05-23 06","주","토","1","0","0","0","0","경기","파주시","차대차","기타","기타","안전운전 의무 불이행","단일로","기타단일로","건설기계","이륜차","937711","1979519","126.7923316","37.81327818","N"
"2015","2015-05-23 08","주","토","1","0","0","0","0","전북","익산시","차대차","측면충돌","측면충돌","안전운전 의무 불이행","단일로","기타단일로","승용차","농기계","948468","1771287","126.9286907","35.93691311","N"
"2015","2015-05-23 10","주","토","1","1","1","0","0","충남","천안시","차대차","추돌","진행중 추돌","안전운전 의무 불이행","단일로","기타단일로","승용차","승용차","971046","1885163","127.1747385","36.96444905","Y"
"2015","2015-05-23 15","주","토","1","0","0","0","0","경북","경주시","차대차","기타","기타","기타","교차로","교차로내","이륜차","승용차","1138847","1752334","129.0358143","35.75758327","N"
"2015","2015-05-23 16","주","토","1","0","0","0","0","경북","성주군","차량단독","기타","기타","안전운전 의무 불이행","기타/불명","기타/불명","승용차","없음","1060684","1765227","128.1723048","35.88175369","N"
"2015","2015-05-23 16","주","토","1","0","0","0","0","인천","계양구","차대사람","차도통행중","차도통행중","기타","단일로","기타단일로","승용차","보행자","930122","1948216","126.7091197","37.53060916","N"
"2015","2015-05-23 17","주","토","1","0","0","0","0","경기","안산시","차량단독","도로이탈","도로이탈 추락","안전운전 의무 불이행","교차로","교차로부근","원동기장치자전거","없음","939586","1927217","126.8179457","37.34201135","N"
"2015","2015-05-23 17","주","토","1","2","0","2","0","경남","진주시","차대차","추돌","진행중 추돌","과속","교차로","교차로내","승용차","승용차","1055934","1689841","128.1144768","35.20234844","N"
"2015","2015-05-23 20","야","토","1","1","1","0","0","경북","포항시","차대사람","횡단중","횡단중","안전운전 의무 불이행","단일로","기타단일로","승용차","보행자","1184466","1774928","129.5453879","35.95366597","N"
"2015","2015-05-23 21","야","토","1","0","0","0","0","경기","안양시","차대사람","길가장자리구역통행중","길가장자리구역통행중","안전운전 의무 불이행","단일로","기타단일로","승합차","보행자","949662","1933741","126.931251","37.401416","N"
"2015","2015-05-23 23","야","토","1","0","0","0","0","강원","양양군","차대사람","횡단중","횡단중","안전운전 의무 불이행","단일로","기타단일로","승용차","보행자","1099038","2010086","128.6293242","38.0854768","N"
"2015","2015-05-24 00","야","일","1","0","0","0","0","부산","부산진구","차대사람","횡단중","횡단중","안전운전 의무 불이행","단일로","기타단일로","승용차","보행자","1140066","1685498","129.0377846","35.15498549","N"
"2015","2015-05-24 01","야","일","1","1","0","1","0","서울","노원구","차대차","측면충돌","측면충돌","중앙선 침범","교차로","교차로내","승합차","이륜차","960516","1958611","127.0525459","37.62610481","N"
"2015","2015-05-24 02","야","일","1","0","0","0","0","경기","과천시","차대사람","기타","기타","안전운전 의무 불이행","단일로","기타단일로","승용차","보행자","955745","1936480","126.9998137","37.42641447","N"
"2015","2015-05-24 03","야","일","1","0","0","0","0","전남","순천시","차대사람","기타","기타","안전운전 의무 불이행","단일로","기타단일로","화물차","보행자","989743","1650193","127.3878059","34.84633378","N"
"2015","2015-05-24 03","야","일","1","2","0","2","0","대구","달서구","차대사람","차도통행중","차도통행중","안전운전 의무 불이행","단일로","기타단일로","승용차","보행자","1094595","1759288","128.5472468","35.82552564","N"
"2015","2015-05-24 12","주","일","1","1","1","0","0","경남","진주시","차대차","정면충돌","정면충돌","중앙선 침범","단일로","기타단일로","원동기장치자전거","승용차","1065628","1680633","128.2202334","35.1187374","N"
"2015","2015-05-24 14","주","일","1","5","5","0","0","강원","양양군","차대차","추돌","진행중 추돌","기타","교차로","교차로내","승용차","승용차","1083692","2009014","128.4542336","38.07736772","N"
"2015","2015-05-24 14","주","일","1","0","0","0","0","제주","서귀포시","차량단독","공작물충돌","공작물충돌","안전운전 의무 불이행","단일로","기타단일로","이륜차","없음","916432","1481758","126.6021373","33.32406071","N"
"2015","2015-05-24 16","주","일","1","4","1","3","0","광주","북구","차대차","측면충돌","측면충돌","신호위반","교차로","교차로내","승용차","승용차","942772","1690948","126.8712315","35.21225684","Y"
"2015","2015-05-24 21","야","일","1","2","2","0","0","경북","영주시","차대차","정면충돌","정면충돌","중앙선 침범","단일로","기타단일로","승용차","승용차","1095013","1879835","128.5666048","36.91207685","N"
"2015","2015-05-24 22","야","일","1","0","0","0","0","전남","영암군","차대사람","횡단중","횡단중","안전운전 의무 불이행","단일로","기타단일로","승합차","보행자","926711","1647063","126.698651","34.81552134","N"
"2015","2015-05-24 23","야","일","1","0","0","0","0","충남","천안시","차량단독","기타","기타","기타","단일로","기타단일로","승용차","없음","976412","1863419","127.2356941","36.7685868","N"
"2015","2015-05-25 00","야","월","1","0","0","0","0","경북","포항시","차대사람","횡단중","횡단중","안전운전 의무 불이행","교차로","교차로내","승용차","보행자","1168305","1808484","129.3734507","36.25895782","N"
"2015","2015-05-25 00","야","월","1","1","1","0","0","대전","서구","차대차","측면충돌","측면충돌","안전운전 의무 불이행","단일로","기타단일로","승용차","이륜차","989691","1813908","127.3851484","36.32247761","N"
"2015","2015-05-25 01","야","월","1","1","1","0","0","대전","서구","차대차","측면충돌","측면충돌","신호위반","교차로","교차로내","이륜차","승용차","990595","1817814","127.3951726","36.35770108","N"
"2015","2015-05-25 05","야","월","1","2","2","0","0","강원","속초시","차량단독","공작물충돌","공작물충돌","안전운전 의무 불이행","단일로","기타단일로","이륜차","없음","1097042","2019228","128.6078123","38.16807203","N"
"2015","2015-05-25 17","주","월","1","2","0","1","1","경남","함양군","차대차","측면충돌","측면충돌","안전운전 의무 불이행","단일로","기타단일로","승용차","승합차","1017333","1720770","127.6910759","35.48264091","N"
"2015","2015-05-25 21","야","월","1","1","0","0","1","서울","마포구","차대차","기타","기타","중앙선 침범","단일로","기타단일로","승용차","승용차","950102","1950693","126.9350731","37.55423263","N"
"2015","2015-05-25 21","야","월","1","0","0","0","0","경북","영천시","차량단독","공작물충돌","공작물충돌","안전운전 의무 불이행","교차로","교차로부근","화물차","없음","1115976","1783973","128.7875077","36.04573526","N"
"2015","2015-05-25 22","야","월","1","0","0","0","0","전북","전주시","차대사람","차도통행중","차도통행중","안전운전 의무 불이행","교차로","교차로부근","승용차","보행자","968135","1763414","127.1470392","35.86677045","N"
"2015","2015-05-25 23","야","월","1","0","0","0","0","인천","서구","차대사람","횡단중","횡단중","과속","교차로","교차로부근","승합차","보행자","927472","1942852","126.6796589","37.48206022","N"
"2015","2015-05-25 23","야","월","2","0","0","0","0","대전","유성구","차량단독","전도전복","전도전복","안전운전 의무 불이행","단일로","기타단일로","원동기장치자전거","없음","989361","1819657","127.3813933","36.37430355","N"
"2015","2015-05-26 00","야","화","1","0","0","0","0","충남","천안시","차대차","기타","기타","기타","단일로","기타단일로","승용차","화물차","966250","1865422","127.1217411","36.78633554","N"
"2015","2015-05-26 05","야","화","1","0","0","0","0","충북","증평군","차대차","측면충돌","측면충돌","신호위반","교차로","교차로내","승용차","농기계","1010230","1870230","127.6147202","36.83022439","N"
"2015","2015-05-26 05","야","화","1","0","0","0","0","경북","김천시","차량단독","전도전복","전도전복","안전운전 의무 불이행","단일로","기타단일로","승용차","없음","1052547.5","1792130.2","128.0839525","36.1247694","N"
"2015","2015-05-26 06","주","화","1","0","0","0","0","서울","강동구","차대사람","기타","기타","안전운전 의무 불이행","단일로","기타단일로","승용차","보행자","970841","1949619","127.1699104","37.54544215","N"
"2015","2015-05-26 09","주","화","1","3","0","3","0","제주","제주시","차대차","추돌","진행중 추돌","안전운전 의무 불이행","단일로","기타단일로","화물차","화물차","937351","1505048","126.8252538","33.53553729","N"
"2015","2015-05-26 10","주","화","1","0","0","0","0","경기","하남시","차대사람","횡단중","횡단중","안전운전 의무 불이행","교차로","교차로내","승용차","보행자","975709","1948929","127.2250399","37.53936403","N"
"2015","2015-05-26 13","주","화","1","1","1","0","0","부산","중구","차대차","측면충돌","측면충돌","안전운전 의무 불이행","단일로","기타단일로","이륜차","건설기계","1139901","1679188","129.0349059","35.09813009","N"
"2015","2015-05-26 13","주","화","1","0","0","0","0","경기","양주시","차대차","측면충돌","측면충돌","기타","단일로","기타단일로","화물차","원동기장치자전거","957770","1976534","127.0203878","37.78752332","N"