"발생년","발생년월일시","주야","요일","사망자수","부상자수","중상자수","경상자수","부상신고자수","발생지시도","발생지시군구","사고유형_대분류","사고유형_중분류","사고유형","가해자법규위반","도로형태_대분류","도로형태","가해자_당사자종별","피해자_당사자종별","발생위치(X_UTMK)","발생위치(Y_UTMK)","경도","위도"," 어린이사고 여부"
"2015","2015-06-28 00","야","일","2","2","1","1","0","인천","남동구","차대차","측면충돌","측면충돌","안전거리 미확보","단일로","기타단일로","승용차","이륜차","930378","1939209","126.7128692","37.44944998","N"
"2015","2015-06-28 02","야","일","2","0","0","0","0","부산","수영구","차대차","정면충돌","정면충돌","중앙선 침범","단일로","기타단일로","원동기장치자전거","승용차","1146789","1684627","129.1114162","35.1461754","N"
"2015","2015-06-28 02","야","일","1","0","0","0","0","경남","창원시(통합)","차량단독","도로이탈","도로이탈 추락","안전운전 의무 불이행","교차로","교차로내","승용차","없음","1109579","1688277","128.7035118","35.18382467","N"
"2015","2015-06-28 04","야","일","1","0","0","0","0","강원","원주시","차량단독","전도전복","전도전복","안전운전 의무 불이행","단일로","기타단일로","승용차","없음","1037607","1925821","127.9245083","37.33063251","N"
"2015","2015-06-28 04","야","일","1","0","0","0","0","전북","김제시","차량단독","공작물충돌","공작물충돌","안전운전 의무 불이행","단일로","기타단일로","승용차","없음","941920","1755378","126.8572593","35.79311686","N"
"2015","2015-06-28 07","주","일","1","0","0","0","0","전남","함평군","차량단독","전도전복","전도전복","안전운전 의무 불이행","단일로","기타단일로","이륜차","없음","917534","1685330","126.5945278","35.1598473","N"
"2015","2015-06-28 08","주","일","1","2","1","1","0","경북","고령군","차대차","측면충돌","측면충돌","기타","교차로","교차로내","농기계","화물차","1069269","1754928","128.2665153","35.7883343","N"
"2015","2015-06-28 10","주","일","1","0","0","0","0","전남","화순군","차량단독","전도전복","전도전복","안전운전 의무 불이행","교차로","교차로부근","원동기장치자전거","없음","945016","1666662","126.8974987","34.99340067","N"
"2015","2015-06-28 10","주","일","1","0","0","0","0","대구","서구","차대차","측면충돌","측면충돌","안전운전 의무 불이행","교차로","교차로부근","승용차","자전거","1095399","1762877","128.5565754","35.85780133","N"
"2015","2015-06-28 16","주","일","1","3","1","1","1","경북","경주시","차대차","기타","기타","중앙선 침범","단일로","기타단일로","승용차","승합차","1164069","1756344","129.3155056","35.78983564","N"
"2015","2015-06-28 17","주","일","1","0","0","0","0","경남","함안군","차대차","정면충돌","정면충돌","중앙선 침범","단일로","기타단일로","이륜차","승용차","1086475","1708016","128.4518745","35.36404292","N"
"2015","2015-06-28 20","야","일","1","0","0","0","0","전북","순창군","차대사람","보도통행중","보도통행중","안전운전 의무 불이행","단일로","기타단일로","승용차","보행자","947106","1717455","126.9171338","35.45149459","N"
"2015","2015-06-28 21","야","일","2","1","1","0","0","경기","광주시","차대차","정면충돌","정면충돌","중앙선 침범","단일로","기타단일로","승용차","승용차","975255","1933799","127.2204094","37.40297613","N"
"2015","2015-06-28 21","야","일","1","0","0","0","0","경남","김해시","차대사람","차도통행중","차도통행중","안전운전 의무 불이행","단일로","기타단일로","승용차","보행자","1121568","1698784","128.8367103","35.27716163","N"
"2015","2015-06-29 02","야","월","1","0","0","0","0","제주","제주시","차량단독","공작물충돌","공작물충돌","과속","단일로","기타단일로","승용차","없음","911853.6","1496357.8","126.5515232","33.45536486","N"
"2015","2015-06-29 04","야","월","1","1","1","0","0","서울","은평구","차대차","측면충돌","측면충돌","신호위반","교차로","교차로내","이륜차","화물차","945884","1954363","126.8870499","37.58707236","N"
"2015","2015-06-29 06","주","월","1","0","0","0","0","강원","횡성군","차량단독","도로이탈","도로이탈 추락","안전운전 의무 불이행","교차로","교차로부근","화물차","없음","1057915","1935409","128.1544845","37.41600728","N"
"2015","2015-06-29 09","주","월","1","0","0","0","0","충북","영동군","차량단독","전도전복","전도전복","안전운전 의무 불이행","단일로","기타단일로","특수차","없음","1029919","1785516","127.8322395","36.0661","N"
"2015","2015-06-29 09","주","월","1","0","0","0","0","경북","김천시","차대사람","횡단중","횡단중","안전운전 의무 불이행","단일로","기타단일로","승용차","보행자","1060298","1792214","128.1700841","36.12507406","N"
"2015","2015-06-29 10","주","월","1","0","0","0","0","제주","서귀포시","차대사람","횡단중","횡단중","보행자 보호의무 위반","단일로","횡단보도상","승용차","보행자","905783","1473695","126.4885773","33.25046458","N"
"2015","2015-06-29 12","주","월","1","0","0","0","0","경기","양주시","차대사람","횡단중","횡단중","신호위반","교차로","교차로내","승합차","보행자","963567","1977074","127.0861963","37.79263993","N"
"2015","2015-06-29 15","주","월","1","0","0","0","0","충남","아산시","차대차","기타","기타","기타","교차로","교차로내","화물차","농기계","945195","1874618","126.8851105","36.86824547","N"
"2015","2015-06-29 15","주","월","1","0","0","0","0","전남","순천시","차량단독","전도전복","전도전복","안전운전 의무 불이행","단일로","기타단일로","이륜차","없음","994521","1651853","127.4400582","34.86134007","N"
"2015","2015-06-29 17","주","월","1","1","0","0","1","전남","영암군","차량단독","공작물충돌","공작물충돌","안전운전 의무 불이행","단일로","기타단일로","화물차","없음","905032","1642095","126.4622026","34.76893672","N"
"2015","2015-06-29 21","야","월","1","0","0","0","0","경기","안산시","차대사람","기타","기타","신호위반","교차로","교차로내","승용차","보행자","939844","1923453","126.8211635","37.30810205","N"
"2015","2015-06-29 23","야","월","1","0","0","0","0","서울","송파구","차대사람","횡단중","횡단중","안전운전 의무 불이행","단일로","횡단보도상","승합차","보행자","966622","1943040","127.1224496","37.48599952","N"
"2015","2015-06-29 23","야","월","1","0","0","0","0","경기","시흥시","차대사람","횡단중","횡단중","안전운전 의무 불이행","교차로","교차로부근","승용차","보행자","936901","1938086","126.7867074","37.43979647","N"
"2015","2015-06-29 23","야","월","1","0","0","0","0","경남","창원시(통합)","차대차","정면충돌","정면충돌","과속","단일로","기타단일로","승용차","원동기장치자전거","1094865","1695959","128.5428184","35.25458062","N"
"2015","2015-06-30 00","야","화","1","1","1","0","0","충남","천안시","차대차","추돌","주정차중 추돌","안전운전 의무 불이행","단일로","기타단일로","화물차","화물차","971764","1884061","127.1828454","36.95453706","N"
"2015","2015-06-30 03","야","화","1","0","0","0","0","경기","화성시","차량단독","공작물충돌","공작물충돌","안전운전 의무 불이행","단일로","기타단일로","승용차","없음","957542","1911953","127.0215268","37.20542131","N"
"2015","2015-06-30 04","야","화","1","0","0","0","0","경북","영천시","차대차","추돌","진행중 추돌","안전운전 의무 불이행","단일로","기타단일로","승용차","특수차","1132131","1785094","128.9669903","36.05377896","N"
"2015","2015-06-30 08","주","화","1","0","0","0","0","전북","고창군","차량단독","도로이탈","도로이탈 추락","안전운전 의무 불이행","단일로","기타단일로","원동기장치자전거","없음","921459","1706946","126.6355526","35.35505224","N"
"2015","2015-06-30 09","주","화","1","0","0","0","0","전북","전주시","차대차","기타","기타","안전운전 의무 불이행","교차로","교차로내","화물차","이륜차","968036","1759212","127.146111","35.82888199","N"
"2015","2015-06-30 09","주","화","1","0","0","0","0","전남","여수시","차량단독","공작물충돌","공작물충돌","안전운전 의무 불이행","단일로","기타단일로","승용차","없음","1017930","1642939","127.6959683","34.78081326","N"
"2015","2015-06-30 11","주","화","3","1","1","0","0","경북","안동시","차량단독","도로이탈","도로이탈 추락","안전운전 의무 불이행","단일로","기타단일로","승용차","없음","1116207","1838595","128.7982034","36.53802658","N"
"2015","2015-06-30 15","주","화","1","0","0","0","0","경북","영주시","차대사람","횡단중","횡단중","중앙선 침범","단일로","기타단일로","화물차","보행자","1089375","1863833","128.5014398","36.76839755","N"
"2015","2015-06-30 18","야","화","1","1","1","0","0","경남","창녕군","차량단독","도로이탈","도로이탈 기타","안전운전 의무 불이행","단일로","기타단일로","화물차","없음","1091876","1720979","128.5127799","35.48042671","N"
"2015","2015-06-30 19","야","화","1","0","0","0","0","경기","김포시","차대차","기타","기타","중앙선 침범","단일로","기타단일로","원동기장치자전거","승용차","923695","1969283","126.6341865","37.71996485","N"
"2015","2015-06-30 20","야","화","1","6","5","1","0","경남","함안군","차량단독","도로이탈","도로이탈 추락","안전운전 의무 불이행","단일로","기타단일로","승합차","없음","1076154","1699877","128.3375203","35.29150323","N"
"2015","2015-06-30 21","야","화","1","0","0","0","0","경기","부천시","차대차","측면충돌","측면충돌","기타","교차로","교차로내","승용차","이륜차","938993","1947710","126.8095567","37.52667828","N"
"2015","2015-06-30 21","야","화","1","1","1","0","0","충북","옥천군","차대차","추돌","진행중 추돌","안전운전 의무 불이행","단일로","기타단일로","화물차","농기계","1026753","1815951","127.7981214","36.34057951","Y"
"2015","2015-06-30 21","야","화","1","0","0","0","0","충남","당진시","차대사람","길가장자리구역통행중","길가장자리구역통행중","보행자 보호의무 위반","교차로","교차로내","승합차","보행자","922065","1877466","126.6253321","36.89229032","N"
"2015","2015-06-30 23","야","화","1","0","0","0","0","인천","미추홀구","차대사람","길가장자리구역통행중","길가장자리구역통행중","안전운전 의무 불이행","단일로","기타단일로","승용차","보행자","926629","1937979","126.6706102","37.43807435","N"
"2015","2015-07-01 02","야","수","1","0","0","0","0","경기","용인시","차대사람","횡단중","횡단중","안전운전 의무 불이행","단일로","기타단일로","승용차","보행자","971722","1915538","127.1811871","37.23827399","N"
"2015","2015-07-01 02","야","수","1","3","2","1","0","광주","서구","차대차","측면충돌","측면충돌","기타","단일로","기타단일로","승용차","승용차","939165","1682979","126.8321913","35.14019155","N"
"2015","2015-07-01 06","주","수","1","1","0","1","0","경북","경산시","차대차","기타","기타","신호위반","교차로","교차로내","원동기장치자전거","승용차","1120421","1757921","128.8328945","35.81037297","N"
"2015","2015-07-01 06","주","수","1","0","0","0","0","울산","울주군","차량단독","전도전복","전도전복","안전운전 의무 불이행","교차로","교차로부근","이륜차","없음","1159184","1727645","129.2558008","35.5319986","N"
"2015","2015-07-01 13","주","수","1","0","0","0","0","전남","장성군","차대차","측면충돌","측면충돌","신호위반","교차로","교차로내","승용차","특수차","923071","1694765","126.6544363","35.24535384","N"
"2015","2015-07-01 15","주","수","1","0","0","0","0","광주","서구","차대차","추돌","진행중 추돌","안전운전 의무 불이행","단일로","기타단일로","승합차","자전거","939631","1679799","126.8375387","35.11154668","N"
"2015","2015-07-01 19","야","수","1","0","0","0","0","광주","서구","차대사람","길가장자리구역통행중","길가장자리구역통행중","안전운전 의무 불이행","교차로","교차로부근","이륜차","보행자","941590.2","1684077","126.8587345","35.15023562","N"
"2015","2015-07-01 19","야","수","1","0","0","0","0","울산","북구","차대차","기타","기타","신호위반","교차로","교차로내","이륜차","승용차","1168691","1731107","129.3613362","35.56162573","N"
"2015","2015-07-02 00","야","목","1","0","0","0","0","경북","경주시","차대사람","기타","기타","안전운전 의무 불이행","기타/불명","기타/불명","승용차","보행자","1164355","1751070","129.3175869","35.74225989","N"
"2015","2015-07-02 03","야","목","1","0","0","0","0","충북","영동군","차대차","추돌","진행중 추돌","안전운전 의무 불이행","단일로","기타단일로","특수차","농기계","1026987","1797116","127.8000788","36.17076727","N"
"2015","2015-07-02 06","주","목","1","0","0","0","0","경기","이천시","차량단독","도로이탈","도로이탈 추락","안전운전 의무 불이행","단일로","기타단일로","자전거","없음","993796","1914193","127.4300653","37.22655856","N"
"2015","2015-07-02 08","주","목","1","0","0","0","0","경기","남양주시","차대사람","횡단중","횡단중","보행자 보호의무 위반","단일로","횡단보도상","화물차","보행자","974096","1959350","127.2064133","37.63324891","N"
"2015","2015-07-02 08","주","목","1","0","0","0","0","세종","세종시","차량단독","전도전복","전도전복","안전운전 의무 불이행","단일로","기타단일로","농기계","없음","974032","1844662","127.2096625","36.59943408","N"
"2015","2015-07-02 09","주","목","1","0","0","0","0","전북","남원시","차대차","기타","기타","안전운전 의무 불이행","단일로","기타단일로","화물차","이륜차","986942","1721860","127.3560333","35.49253451","N"
"2015","2015-07-02 10","주","목","1","0","0","0","0","충남","당진시","차량단독","전도전복","전도전복","안전운전 의무 불이행","단일로","기타단일로","이륜차","없음","927999","1871026","126.6925344","36.83471339","N"
"2015","2015-07-02 14","주","목","1","0","0","0","0","서울","서초구","차대사람","기타","기타","보행자 보호의무 위반","교차로","교차로부근","화물차","보행자","957650","1943563","127.0209369","37.49034563","Y"
"2015","2015-07-02 14","주","목","1","0","0","0","0","충남","서천군","차대차","측면충돌","측면충돌","신호위반","교차로","교차로내","이륜차","승용차","925435","1782123","126.672336","36.03311315","N"
"2015","2015-07-02 14","주","목","1","0","0","0","0","전북","고창군","차대사람","기타","기타","안전운전 의무 불이행","기타/불명","기타/불명","화물차","보행자","926607","1725482","126.6905367","35.52256266","N"
"2015","2015-07-02 17","주","목","1","0","0","0","0","대전","서구","차대사람","횡단중","횡단중","보행자 보호의무 위반","단일로","기타단일로","화물차","보행자","989546","1815762","127.3835081","36.33919065","Y"
"2015","2015-07-02 21","야","목","1","0","0","0","0","경남","거제시","차대차","기타","기타","안전운전 의무 불이행","단일로","기타단일로","승용차","승용차","1109460","1653007","128.6975584","34.86586373","N"
"2015","2015-07-02 23","야","목","1","0","0","0","0","강원","동해시","차대사람","횡단중","횡단중","보행자 보호의무 위반","교차로","교차로부근","승용차","보행자","1142870","1948831","129.1169002","37.52773056","N"
"2015","2015-07-03 01","야","금","1","0","0","0","0","충남","아산시","차량단독","전도전복","전도전복","안전운전 의무 불이행","기타/불명","기타/불명","승용차","없음","951499","1869189","126.9561824","36.81965192","N"
"2015","2015-07-03 04","야","금","1","0","0","0","0","부산","강서구","차대사람","횡단중","횡단중","안전운전 의무 불이행","교차로","교차로부근","화물차","보행자","1128717","1677758","128.9120144","35.08673047","N"
"2015","2015-07-03 06","주","금","1","0","0","0","0","충남","부여군","차대차","기타","기타","안전운전 의무 불이행","단일로","기타단일로","화물차","이륜차","943411","1807408","126.870035","36.26227305","N"
"2015","2015-07-03 09","주","금","1","0","0","0","0","경기","평택시","차대차","측면충돌","측면충돌","안전운전 의무 불이행","단일로","기타단일로","원동기장치자전거","승용차","960491","1895005","127.0556531","37.05278228","N"
"2015","2015-07-03 10","주","금","1","0","0","0","0","대구","동구","차대차","측면충돌","측면충돌","신호위반","단일로","횡단보도상","승용차","이륜차","1108022","1764782","128.6966117","35.87366272","N"
"2015","2015-07-03 16","주","금","1","2","1","1","0","강원","강릉시","차대차","측면충돌","측면충돌","신호위반","교차로","교차로내","승용차","승합차","1120711","1974049","128.8703608","37.75813367","N"
"2015","2015-07-03 18","야","금","1","0","0","0","0","경북","구미시","차량단독","전도전복","전도전복","안전운전 의무 불이행","단일로","기타단일로","자전거","없음","1072083","1814728","128.3031111","36.32722728","N"
"2015","2015-07-03 21","야","금","1","3","2","1","0","서울","은평구","차대차","추돌","진행중 추돌","안전운전 의무 불이행","교차로","교차로내","승용차","승용차","945475","1954807","126.8823845","37.59104999","N"
"2015","2015-07-03 21","야","금","1","0","0","0","0","경기","수원시","차대사람","기타","기타","안전운전 의무 불이행","단일로","기타단일로","승용차","보행자","958773","1916463","127.0351494","37.24612872","N"
"2015","2015-07-03 21","야","금","1","0","0","0","0","경남","창원시(통합)","차대차","측면충돌","측면충돌","안전운전 의무 불이행","단일로","기타단일로","승용차","자전거","1098873","1691488","128.5863325","35.21388479","N"
"2015","2015-07-03 23","야","금","1","1","1","0","0","전남","진도군","차량단독","공작물충돌","공작물충돌","안전운전 의무 불이행","기타/불명","기타/불명","승용차","없음","890893","1612469","126.3115375","34.50041281","N"
"2015","2015-07-04 00","야","토","1","0","0","0","0","서울","동대문구","차대사람","기타","기타","안전운전 의무 불이행","단일로","기타단일로","승용차","보행자","961498","1951611","127.0640423","37.56305367","N"
"2015","2015-07-04 00","야","토","1","0","0","0","0","부산","해운대구","차대사람","기타","기타","안전운전 의무 불이행","단일로","교량위","승용차","보행자","1148168","1686871","129.1269519","35.1661996","N"
"2015","2015-07-04 02","야","토","1","1","0","1","0","전남","나주시","차대차","추돌","주정차중 추돌","안전운전 의무 불이행","단일로","기타단일로","승용차","화물차","930592","1671454","126.739055","35.03572111","N"
"2015","2015-07-04 05","야","토","1","0","0","0","0","서울","송파구","차대차","기타","기타","안전운전 의무 불이행","단일로","기타단일로","화물차","자전거","964408","1945247","127.0973","37.50580952","N"
"2015","2015-07-04 07","주","토","1","0","0","0","0","경기","양주시","차대차","정면충돌","정면충돌","안전운전 의무 불이행","교차로","교차로내","승용차","이륜차","954153","1969184","126.9797745","37.7211041","N"
"2015","2015-07-04 08","주","토","1","0","0","0","0","경기","하남시","차대차","기타","기타","안전운전 의무 불이행","단일로","기타단일로","승용차","자전거","979600","1947767","127.2691157","37.52898463","N"
"2015","2015-07-04 17","주","토","1","0","0","0","0","충남","당진시","차대차","측면충돌","측면충돌","교차로 통행방법 위반","교차로","교차로내","화물차","원동기장치자전거","937427","1868739","126.7984466","36.81476938","N"
"2015","2015-07-04 17","주","토","1","0","0","0","0","경북","포항시","차대사람","길가장자리구역통행중","길가장자리구역통행중","안전운전 의무 불이행","단일로","기타단일로","승용차","보행자","1171691","1775138","129.403855","35.95788848","Y"
"2015","2015-07-04 23","야","토","1","0","0","0","0","경기","부천시","차량단독","공작물충돌","공작물충돌","안전운전 의무 불이행","교차로","교차로부근","자전거","없음","936908","1945136","126.7861825","37.50333866","N"
"2015","2015-07-05 09","주","일","1","2","2","0","0","충북","음성군","차량단독","공작물충돌","공작물충돌","안전운전 의무 불이행","단일로","기타단일로","승용차","없음","1010196","1897853","127.6147117","37.07923176","N"
"2015","2015-07-05 10","주","일","1","0","0","0","0","경남","양산시","차량단독","전도전복","전도전복","안전운전 의무 불이행","단일로","기타단일로","이륜차","없음","1132899","1718307","128.9644418","35.45170038","N"
"2015","2015-07-05 14","주","일","1","0","0","0","0","경북","봉화군","차량단독","도로이탈","도로이탈 기타","안전운전 의무 불이행","단일로","기타단일로","농기계","없음","1123326","1875002","128.8835822","36.86524375","N"
"2015","2015-07-05 15","주","일","1","1","0","1","0","강원","홍천군","차량단독","공작물충돌","공작물충돌","안전운전 의무 불이행","단일로","기타단일로","화물차","없음","1049390","1972074","128.0606225","37.74696706","N"
"2015","2015-07-05 15","주","일","1","5","0","5","0","충북","청주시","차대차","측면충돌","측면충돌","신호위반","교차로","교차로내","승용차","이륜차","997969","1845808","127.4772891","36.61011678","Y"
"2015","2015-07-05 15","주","일","1","0","0","0","0","경북","영덕군","차대차","측면충돌","측면충돌","안전운전 의무 불이행","교차로","교차로내","승용차","이륜차","1168431","1825847","129.378607","36.41538665","N"
"2015","2015-07-05 17","주","일","1","4","4","0","0","강원","강릉시","차량단독","공작물충돌","공작물충돌","안전운전 의무 불이행","단일로","기타단일로","승용차","없음","1133659.4","1955875.6","129.0139798","37.59258638","N"
"2015","2015-07-05 17","주","일","1","0","0","0","0","전남","여수시","차대차","측면충돌","측면충돌","안전운전 의무 불이행","교차로","교차로내","원동기장치자전거","승용차","1015374","1643104","127.6680353","34.78234295","N"
"2015","2015-07-05 18","야","일","2","0","0","0","0","경남","창녕군","차량단독","공작물충돌","공작물충돌","안전운전 의무 불이행","단일로","기타단일로","원동기장치자전거","없음","1093873","1722485","128.5349644","35.49381692","N"
"2015","2015-07-05 20","야","일","1","0","0","0","0","충남","부여군","차량단독","기타","기타","안전운전 의무 불이행","단일로","기타단일로","이륜차","없음","932500","1800512","126.7491738","36.19940549","N"
"2015","2015-07-06 00","야","월","1","0","0","0","0","부산","해운대구","차대사람","횡단중","횡단중","과속","단일로","기타단일로","승용차","보행자","1149742","1693156","129.1453709","35.22261566","N"
"2015","2015-07-06 01","야","월","1","1","0","1","0","경북","경주시","차량단독","기타","기타","안전운전 의무 불이행","단일로","기타단일로","원동기장치자전거","없음","1133427","1758552","128.9769175","35.81437819","N"
"2015","2015-07-06 04","야","월","1","0","0","0","0","부산","강서구","차량단독","공작물충돌","공작물충돌","안전운전 의무 불이행","단일로","기타단일로","화물차","없음","1130596","1692454","128.9349456","35.21896408","N"
"2015","2015-07-06 04","야","월","1","1","1","0","0","대구","달성군","차대차","기타","기타","안전운전 의무 불이행","단일로","기타단일로","승용차","승용차","1084861","1741166","128.4375791","35.66304432","N"
"2015","2015-07-06 06","주","월","1","0","0","0","0","충남","홍성군","차대사람","기타","기타","안전운전 의무 불이행","단일로","기타단일로","화물차","보행자","927032","1843844","126.6842852","36.58962211","N"
"2015","2015-07-06 06","주","월","1","0","0","0","0","경북","안동시","차대사람","기타","기타","안전운전 의무 불이행","단일로","기타단일로","승용차","보행자","1110168.4","1840900.5","128.7310874","36.55952134","N"
"2015","2015-07-06 08","주","월","1","0","0","0","0","대구","달서구","차대차","기타","기타","안전운전 의무 불이행","단일로","기타단일로","화물차","자전거","1092901","1760533","128.5286403","35.83691093","N"
"2015","2015-07-06 09","주","월","1","1","1","0","0","경기","양주시","차대차","추돌","진행중 추돌","안전운전 의무 불이행","단일로","기타단일로","이륜차","건설기계","955879","1970436","126.9992828","37.73247314","N"
"2015","2015-07-06 11","주","월","1","1","1","0","0","충북","충주시","차량단독","전도전복","전도전복","안전운전 의무 불이행","단일로","기타단일로","승용차","없음","1024264","1904162","127.773189","37.13584343","N"
"2015","2015-07-06 18","야","월","1","0","0","0","0","대구","달성군","차량단독","기타","기타","기타","교차로","교차로부근","화물차","없음","1084993","1745462","128.4394912","35.70176229","N"
"2015","2015-07-06 21","야","월","1","0","0","0","0","전북","부안군","차대차","기타","기타","기타","교차로","교차로부근","자전거","화물차","930957","1748161","126.7365684","35.72734229","N"
"2015","2015-07-06 23","야","월","1","1","1","0","0","경북","안동시","차대차","기타","기타","신호위반","교차로","교차로내","이륜차","승용차","1112427","1840538","128.756268","36.55599091","N"
"2015","2015-07-07 00","야","화","1","0","0","0","0","서울","성북구","차대차","측면충돌","측면충돌","중앙선 침범","단일로","기타단일로","불명","승용차","956245","1954374","127.0043996","37.58772257","N"
"2015","2015-07-07 00","야","화","1","0","0","0","0","경북","경주시","차대차","측면충돌","측면충돌","안전운전 의무 불이행","교차로","교차로내","화물차","승용차","1164295","1751311","129.3169731","35.74444175","N"
"2015","2015-07-07 04","야","화","1","0","0","0","0","충북","옥천군","차대사람","기타","기타","안전운전 의무 불이행","단일로","기타단일로","화물차","보행자","1014485.1","1809216","127.6612899","36.28012335","N"
"2015","2015-07-07 06","주","화","1","0","0","0","0","경기","수원시","차대사람","횡단중","횡단중","안전운전 의무 불이행","교차로","교차로부근","승합차","보행자","955555","1919107","126.9987085","37.26981292","N"
"2015","2015-07-07 08","주","화","1","0","0","0","0","대구","수성구","차대사람","횡단중","횡단중","안전운전 의무 불이행","교차로","교차로부근","승용차","보행자","1101270","1759842","128.6212026","35.82985313","N"
"2015","2015-07-07 10","주","화","1","3","3","0","0","충남","보령시","차량단독","도로이탈","도로이탈 추락","안전운전 의무 불이행","단일로","기타단일로","승용차","없음","914837","1817008","126.5509257","36.34671169","N"
"2015","2015-07-07 11","주","화","1","0","0","0","0","부산","동래구","차대차","측면충돌","측면충돌","중앙선 침범","단일로","기타단일로","화물차","화물차","1142691","1692109","129.0677392","35.21420644","N"
"2015","2015-07-07 12","주","화","1","0","0","0","0","제주","제주시","차량단독","공작물충돌","공작물충돌","과속","단일로","기타단일로","승용차","없음","893025","1497738","126.3487909","33.46609611","N"
"2015","2015-07-07 12","주","화","1","1","1","0","0","대전","중구","차대차","기타","기타","안전운전 의무 불이행","단일로","기타단일로","승용차","이륜차","992156","1815761","127.412592","36.33920645","N"
"2015","2015-07-07 17","주","화","1","0","0","0","0","충남","서산시","차량단독","전도전복","전도전복","안전운전 의무 불이행","교차로","교차로부근","이륜차","없음","906032","1877250","126.4454452","36.88888285","N"
"2015","2015-07-07 21","야","화","1","0","0","0","0","경기","김포시","차대사람","횡단중","횡단중","과속","교차로","교차로부근","화물차","보행자","930495","1958960","126.7123215","37.62746972","N"
"2015","2015-07-07 21","야","화","1","0","0","0","0","경북","칠곡군","차대사람","기타","기타","안전운전 의무 불이행","단일로","기타단일로","승용차","보행자","1081788","1787414","128.408378","36.0802299","N"
"2015","2015-07-07 23","야","화","1","0","0","0","0","서울","은평구","차대사람","횡단중","횡단중","안전운전 의무 불이행","단일로","기타단일로","승용차","보행자","947349.9","1953583.2","126.9037088","37.58012903","N"
"2015","2015-07-08 00","야","수","1","0","0","0","0","충남","아산시","차량단독","공작물충돌","공작물충돌","안전운전 의무 불이행","단일로","기타단일로","승용차","없음","964967","1865533","127.1073568","36.78728956","N"
"2015","2015-07-08 01","야","수","1","0","0","0","0","경기","화성시","차량단독","공작물충돌","공작물충돌","안전운전 의무 불이행","교차로","교차로부근","승용차","없음","952240","1915564","126.9615477","37.23771336","N"
"2015","2015-07-08 04","야","수","1","1","0","0","1","경남","창원시(통합)","차대차","정면충돌","정면충돌","중앙선 침범","단일로","기타단일로","승용차","승용차","1109631","1691743","128.7045441","35.21506549","N"
"2015","2015-07-08 05","야","수","1","0","0","0","0","울산","남구","차대사람","횡단중","횡단중","안전운전 의무 불이행","단일로","횡단보도상","승용차","보행자","1165036","1729461","129.3206898","35.5474077","N"
"2015","2015-07-08 07","주","수","1","0","0","0","0","부산","사하구","차대차","기타","기타","중앙선 침범","단일로","기타단일로","승용차","원동기장치자전거","1137310","1677612","129.0062266","35.08428025","N"
"2015","2015-07-08 09","주","수","1","0","0","0","0","울산","울주군","차대차","기타","기타","안전거리 미확보","단일로","기타단일로","화물차","화물차","1166858","1716151","129.3380468","35.42715213","N"
"2015","2015-07-08 10","주","수","1","0","0","0","0","경북","김천시","차대차","측면충돌","측면충돌","안전운전 의무 불이행","교차로","교차로내","이륜차","화물차","1055474","1796273","128.1167649","36.16195465","N"
"2015","2015-07-08 11","주","수","1","0","0","0","0","전북","부안군","차대차","정면충돌","정면충돌","안전운전 의무 불이행","단일로","기타단일로","승용차","화물차","921915","1754431","126.6359867","35.78319231","N"
"2015","2015-07-08 12","주","수","1","0","0","0","0","제주","제주시","차대사람","기타","기타","안전운전 의무 불이행","교차로","교차로내","화물차","보행자","887872","1485719","126.2948455","33.35718411","N"
"2015","2015-07-08 16","주","수","1","0","0","0","0","전북","전주시","차대사람","횡단중","횡단중","안전운전 의무 불이행","단일로","기타단일로","승용차","보행자","968898","1757559","127.1557188","35.81400618","N"
"2015","2015-07-08 17","주","수","1","0","0","0","0","대전","서구","차대사람","횡단중","횡단중","안전운전 의무 불이행","교차로","교차로내","승용차","보행자","989610","1814878","127.384233","36.33122171","N"
"2015","2015-07-08 22","야","수","1","0","0","0","0","경남","밀양시","차대사람","횡단중","횡단중","보행자 보호의무 위반","단일로","횡단보도상","화물차","보행자","1115254","1720511","128.7703662","35.47377036","N"
"2015","2015-07-09 02","야","목","2","0","0","0","0","경기","화성시","차량단독","공작물충돌","공작물충돌","안전운전 의무 불이행","단일로","기타단일로","승용차","없음","934806","1894931","126.7668047","37.0506817","N"
"2015","2015-07-09 07","주","목","1","1","0","1","0","충북","청주시","차대차","측면충돌","측면충돌","기타","교차로","교차로내","화물차","승용차","986936","1849982","127.3538457","36.64765787","N"
"2015","2015-07-09 07","주","목","1","0","0","0","0","전남","영암군","차대사람","횡단중","횡단중","안전운전 의무 불이행","단일로","기타단일로","승용차","보행자","903591","1642101","126.4464572","34.76885558","N"
"2015","2015-07-09 07","주","목","1","0","0","0","0","인천","미추홀구","차대사람","횡단중","횡단중","신호위반","교차로","교차로내","승합차","보행자","926514","1940864","126.6690227","37.46406713","N"
"2015","2015-07-09 08","주","목","1","1","0","1","0","경기","평택시","차대차","추돌","진행중 추돌","안전운전 의무 불이행","교차로","교차로부근","화물차","화물차","945751","1882259","126.890801","36.93715407","N"
"2015","2015-07-09 14","주","목","1","0","0","0","0","경남","밀양시","차대사람","기타","기타","안전운전 의무 불이행","교차로","교차로부근","승합차","보행자","1125167","1733126","128.8815515","35.58628287","N"
"2015","2015-07-09 15","주","목","1","0","0","0","0","경북","포항시","차대차","기타","기타","안전운전 의무 불이행","단일로","기타단일로","화물차","자전거","1168416","1779411","129.3684642","35.99696376","N"