"발생년","발생년월일시","주야","요일","사망자수","부상자수","중상자수","경상자수","부상신고자수","발생지시도","발생지시군구","사고유형_대분류","사고유형_중분류","사고유형","가해자법규위반","도로형태_대분류","도로형태","가해자_당사자종별","피해자_당사자종별","발생위치(X_UTMK)","발생위치(Y_UTMK)","경도","위도"," 어린이사고 여부"
"2015","2015-07-22 11","주","수","1","0","0","0","0","충남","보령시","차대차","측면충돌","측면충돌","안전운전 의무 불이행","단일로","기타단일로","승용차","자전거","917709","1816084","126.5830257","36.3386324","N"
"2015","2015-07-22 13","주","수","1","0","0","0","0","전북","정읍시","차대차","측면충돌","측면충돌","기타","교차로","교차로내","농기계","원동기장치자전거","950130","1738835","126.9491385","35.64441736","N"
"2015","2015-07-22 16","주","수","1","0","0","0","0","서울","광진구","차대차","측면충돌","측면충돌","안전운전 의무 불이행","교차로","교차로내","승용차","자전거","962642","1951071","127.077023","37.55823359","N"
"2015","2015-07-22 16","주","수","1","1","1","0","0","부산","해운대구","차대차","정면충돌","정면충돌","중앙선 침범","단일로","기타단일로","화물차","승합차","1148024","1692787","129.1264339","35.21954477","N"
"2015","2015-07-22 16","주","수","1","1","1","0","0","경북","성주군","차대차","측면충돌","측면충돌","신호위반","교차로","교차로내","승용차","승용차","1069100","1775298","128.2664125","35.97198822","N"
"2015","2015-07-22 17","주","수","1","1","1","0","0","전북","익산시","차대차","추돌","주정차중 추돌","안전운전 의무 불이행","교차로","교차로부근","승용차","화물차","963124","1776959","127.0909062","35.98871388","N"
"2015","2015-07-22 22","야","수","1","0","0","0","0","충남","부여군","차대차","기타","기타","중앙선 침범","단일로","기타단일로","이륜차","승용차","936463","1803679","126.7929957","36.22822418","N"
"2015","2015-07-22 23","야","수","1","0","0","0","0","경기","안양시","차대사람","횡단중","횡단중","안전운전 의무 불이행","교차로","교차로내","승합차","보행자","951400","1932565","126.9509645","37.39090906","N"
"2015","2015-07-23 03","야","목","1","0","0","0","0","인천","서구","차대사람","차도통행중","차도통행중","안전운전 의무 불이행","단일로","기타단일로","화물차","보행자","927470","1950625","126.678869","37.55211588","N"
"2015","2015-07-23 06","주","목","1","0","0","0","0","경기","부천시","차대차","측면충돌","측면충돌","안전거리 미확보","단일로","기타단일로","승용차","자전거","936249","1944154","126.7788123","37.49444266","N"
"2015","2015-07-23 07","주","목","1","0","0","0","0","경북","안동시","차량단독","공작물충돌","공작물충돌","안전운전 의무 불이행","단일로","기타단일로","승용차","없음","1110751","1839635","128.7374145","36.548048","N"
"2015","2015-07-23 09","주","목","1","0","0","0","0","강원","태백시","차대사람","횡단중","횡단중","안전운전 의무 불이행","단일로","기타단일로","승용차","보행자","1130280","1910314","128.967686","37.18252208","N"
"2015","2015-07-23 11","주","목","1","0","0","0","0","전북","전주시","차대차","정면충돌","정면충돌","중앙선 침범","단일로","기타단일로","승용차","원동기장치자전거","966173","1767065","127.125152","35.89962178","N"
"2015","2015-07-23 15","주","목","1","0","0","0","0","충북","제천시","차량단독","전도전복","전도전복","안전운전 의무 불이행","단일로","기타단일로","자전거","없음","1065931.5","1885368.6","128.2406521","36.96443791","N"
"2015","2015-07-23 15","주","목","1","0","0","0","0","경북","김천시","차량단독","전도전복","전도전복","안전운전 의무 불이행","단일로","기타단일로","화물차","없음","1067846","1787288","128.2535337","36.08016758","N"
"2015","2015-07-23 16","주","목","1","0","0","0","0","경북","문경시","차대사람","기타","기타","안전운전 의무 불이행","단일로","기타단일로","승용차","보행자","1058433","1861627","128.1545941","36.75092538","Y"
"2015","2015-07-23 18","야","목","1","0","0","0","0","전남","무안군","차량단독","공작물충돌","공작물충돌","안전운전 의무 불이행","단일로","기타단일로","농기계","없음","890345","1677217","126.2971212","35.08410774","N"
"2015","2015-07-23 20","야","목","1","2","2","0","0","경기","시흥시","차대차","정면충돌","정면충돌","안전운전 의무 불이행","단일로","기타단일로","승용차","승용차","935230","1933993","126.7681783","37.40279056","N"
"2015","2015-07-23 23","야","목","1","0","0","0","0","경기","오산시","차대사람","횡단중","횡단중","안전운전 의무 불이행","교차로","교차로부근","승용차","보행자","961911","1903509","127.0711914","37.1294964","N"
"2015","2015-07-24 00","야","금","1","0","0","0","0","서울","용산구","차대사람","기타","기타","안전운전 의무 불이행","단일로","기타단일로","승용차","보행자","956429","1948179","127.0068518","37.53189428","N"
"2015","2015-07-24 00","야","금","1","0","0","0","0","충남","서산시","차대사람","차도통행중","차도통행중","안전운전 의무 불이행","단일로","기타단일로","승용차","보행자","904060","1884582","126.4223883","36.95476736","N"
"2015","2015-07-24 01","야","금","1","0","0","0","0","서울","중랑구","차대사람","횡단중","횡단중","안전운전 의무 불이행","단일로","횡단보도상","승용차","보행자","962707","1957062","127.0774538","37.61223485","N"
"2015","2015-07-24 08","주","금","1","0","0","0","0","경기","화성시","차대차","측면충돌","측면충돌","안전운전 의무 불이행","단일로","기타단일로","화물차","화물차","945254","1916514","126.8827207","37.24589193","N"
"2015","2015-07-24 10","주","금","1","0","0","0","0","부산","해운대구","차대차","측면충돌","측면충돌","기타","교차로","교차로내","자전거","승용차","1150212","1686023","129.1492334","35.15825272","N"
"2015","2015-07-24 13","주","금","1","2","2","0","0","대구","북구","차대차","측면충돌","측면충돌","중앙선 침범","단일로","기타단일로","승용차","승용차","1094852","1774296","128.5518798","35.9607917","N"
"2015","2015-07-24 14","주","금","1","1","1","0","0","강원","태백시","차대차","기타","기타","중앙선 침범","단일로","기타단일로","화물차","승용차","1129179","1912558","128.9556744","37.20289624","N"
"2015","2015-07-24 15","주","금","1","1","1","0","0","경남","밀양시","차대차","추돌","주정차중 추돌","안전운전 의무 불이행","단일로","기타단일로","승용차","화물차","1109949","1711977","128.7107523","35.39743959","N"
"2015","2015-07-24 17","주","금","1","1","1","0","0","경남","밀양시","차량단독","도로이탈","도로이탈 추락","안전운전 의무 불이행","단일로","기타단일로","화물차","없음","1123869","1733308","128.8672561","35.58808677","N"
"2015","2015-07-24 18","야","금","1","0","0","0","0","충북","괴산군","차량단독","도로이탈","도로이탈 추락","안전운전 의무 불이행","단일로","기타단일로","농기계","없음","1027552","1881247","127.8093692","36.92919084","N"
"2015","2015-07-24 19","야","금","1","0","0","0","0","부산","강서구","차대사람","기타","기타","안전운전 의무 불이행","단일로","횡단보도부근","화물차","보행자","1132117","1684084","128.9503119","35.14331541","Y"
"2015","2015-07-24 19","야","금","1","0","0","0","0","경북","영천시","차대사람","보도통행중","보도통행중","안전운전 의무 불이행","단일로","횡단보도상","승용차","보행자","1129310","1772636","128.933645","35.94187274","N"
"2015","2015-07-24 20","야","금","1","0","0","0","0","광주","북구","차대차","기타","기타","중앙선 침범","단일로","기타단일로","원동기장치자전거","승용차","940157","1686969","126.8427909","35.17622734","N"
"2015","2015-07-24 21","야","금","1","0","0","0","0","충남","논산시","차량단독","공작물충돌","공작물충돌","안전운전 의무 불이행","단일로","기타단일로","승용차","없음","973618","1796502","127.206669","36.16524838","N"
"2015","2015-07-25 00","야","토","1","0","0","0","0","경남","창원시(통합)","차대차","측면충돌","측면충돌","신호위반","교차로","교차로내","화물차","이륜차","1107257","1692889","128.6786147","35.22565359","N"
"2015","2015-07-25 00","야","토","1","0","0","0","0","대구","북구","차대사람","횡단중","횡단중","신호위반","단일로","횡단보도상","승용차","보행자","1099745","1766533","128.6051586","35.89032528","N"
"2015","2015-07-25 01","야","토","1","0","0","0","0","대구","북구","차대차","추돌","주정차중 추돌","안전운전 의무 불이행","단일로","기타단일로","이륜차","승용차","1096818","1766247","128.5726983","35.88804115","N"
"2015","2015-07-25 02","야","토","1","0","0","0","0","부산","부산진구","차대사람","횡단중","횡단중","과속","단일로","기타단일로","승용차","보행자","1142243","1686214","129.0618014","35.16113371","N"
"2015","2015-07-25 02","야","토","1","0","0","0","0","충남","홍성군","차량단독","공작물충돌","공작물충돌","안전운전 의무 불이행","교차로","교차로내","승용차","없음","922693","1835052","126.6366659","36.51002845","N"
"2015","2015-07-25 05","야","토","1","0","0","0","0","서울","광진구","차대사람","횡단중","횡단중","안전운전 의무 불이행","단일로","횡단보도부근","승용차","보행자","963155","1951778","127.0827957","37.56462668","N"
"2015","2015-07-25 06","주","토","1","3","1","1","1","서울","마포구","차량단독","전도전복","전도전복","안전운전 의무 불이행","단일로","기타단일로","승용차","없음","945097","1953492","126.8782016","37.57917541","N"
"2015","2015-07-25 06","주","토","1","0","0","0","0","전북","고창군","차량단독","전도전복","전도전복","안전운전 의무 불이행","단일로","기타단일로","농기계","없음","909240","1717348","126.4999258","35.4477945","N"
"2015","2015-07-25 06","주","토","1","0","0","0","0","전남","순천시","차대차","기타","기타","안전운전 의무 불이행","단일로","기타단일로","화물차","이륜차","986800","1652147","127.3555838","34.86392028","N"
"2015","2015-07-25 07","주","토","1","4","3","1","0","전남","구례군","차대차","추돌","진행중 추돌","안전운전 의무 불이행","단일로","터널안","승합차","화물차","992949","1694550","127.4224972","35.2463443","N"
"2015","2015-07-25 12","주","토","1","1","1","0","0","강원","태백시","차대차","정면충돌","정면충돌","중앙선 침범","단일로","기타단일로","승용차","건설기계","1125691","1903319","128.9148276","37.12011611","N"
"2015","2015-07-25 17","주","토","1","0","0","0","0","세종","세종시","차대차","기타","기타","안전운전 의무 불이행","교차로","교차로내","승합차","자전거","982433","1831566","127.3038884","36.48156447","N"
"2015","2015-07-25 17","주","토","1","0","0","0","0","경북","칠곡군","차량단독","공작물충돌","공작물충돌","안전운전 의무 불이행","단일로","기타단일로","승용차","없음","1086817","1774795","128.4628405","35.96603794","N"
"2015","2015-07-25 20","야","토","1","0","0","0","0","강원","철원군","차대사람","기타","기타","안전운전 의무 불이행","단일로","기타단일로","승용차","보행자","991820","2016428","127.4066429","38.14802495","N"
"2015","2015-07-25 21","야","토","1","1","0","1","0","전북","정읍시","차량단독","공작물충돌","공작물충돌","안전운전 의무 불이행","단일로","기타단일로","승용차","없음","949833","1742972","126.9456002","35.68170162","N"
"2015","2015-07-25 23","야","토","1","1","1","0","0","서울","마포구","차대차","측면충돌","측면충돌","안전운전 의무 불이행","교차로","교차로내","이륜차","승용차","948931","1951731","126.9217438","37.56352407","N"
"2015","2015-07-26 01","야","일","2","1","1","0","0","전남","고흥군","차대차","추돌","주정차중 추돌","안전운전 의무 불이행","단일로","교량위","이륜차","화물차","973686","1628552","127.2128473","34.6508929","N"
"2015","2015-07-26 05","야","일","1","0","0","0","0","인천","부평구","차대사람","기타","기타","안전운전 의무 불이행","단일로","기타단일로","승합차","보행자","931173","1945341","126.7212833","37.5047764","N"
"2015","2015-07-26 06","주","일","1","0","0","0","0","충남","논산시","차대사람","차도통행중","차도통행중","중앙선 침범","교차로","교차로부근","승용차","보행자","955919","1795289","127.009954","36.15366895","N"
"2015","2015-07-26 06","주","일","1","0","0","0","0","경북","김천시","차대차","정면충돌","정면충돌","중앙선 침범","단일로","기타단일로","화물차","이륜차","1059517","1794647","128.1615895","36.14705612","N"
"2015","2015-07-26 14","주","일","1","0","0","0","0","전북","임실군","차량단독","전도전복","전도전복","안전운전 의무 불이행","단일로","기타단일로","이륜차","없음","978843","1734047","127.2664225","35.60227963","N"
"2015","2015-07-26 15","주","일","1","0","0","0","0","전남","광양시","차량단독","공작물충돌","공작물충돌","안전운전 의무 불이행","단일로","기타단일로","이륜차","없음","1005685","1663335","127.5622736","34.96487863","N"
"2015","2015-07-26 16","주","일","1","0","0","0","0","경기","고양시","차대차","측면충돌","측면충돌","안전운전 의무 불이행","교차로","교차로내","승용차","자전거","936013","1964160","126.7743946","37.67473669","N"
"2015","2015-07-26 20","야","일","1","0","0","0","0","강원","춘천시","차대사람","횡단중","횡단중","안전운전 의무 불이행","교차로","교차로내","화물차","보행자","1022498","1991946","127.7559959","37.92713121","N"
"2015","2015-07-26 21","야","일","1","0","0","0","0","강원","인제군","차대사람","차도통행중","차도통행중","안전운전 의무 불이행","교차로","교차로부근","승용차","보행자","1058759","2007409","128.169844","38.0648675","N"
"2015","2015-07-26 23","야","일","1","0","0","0","0","전북","군산시","차대차","추돌","주정차중 추돌","안전운전 의무 불이행","단일로","기타단일로","원동기장치자전거","화물차","932036","1776808","126.7460568","35.98568097","N"
"2015","2015-07-27 01","야","월","1","3","2","1","0","경기","수원시","차대차","기타","기타","신호위반","교차로","교차로내","승용차","승용차","957130","1921909","127.0163106","37.29514313","N"
"2015","2015-07-27 05","야","월","1","0","0","0","0","충북","청주시","차량단독","전도전복","전도전복","안전운전 의무 불이행","교차로","교차로부근","이륜차","없음","994173","1846926","127.4348332","36.62017991","N"
"2015","2015-07-27 05","야","월","1","3","3","0","0","전남","광양시","차대차","정면충돌","정면충돌","중앙선 침범","단일로","기타단일로","승용차","승용차","1010988","1662821","127.620356","34.96019996","N"
"2015","2015-07-27 08","주","월","1","1","0","1","0","서울","성북구","차대차","측면충돌","측면충돌","안전운전 의무 불이행","단일로","기타단일로","이륜차","승용차","959028.5","1955160.6","127.0358825","37.59494054","N"
"2015","2015-07-27 10","주","월","1","0","0","0","0","경기","고양시","차대차","기타","기타","안전운전 의무 불이행","교차로","교차로내","승용차","이륜차","947391","1966922","126.9032133","37.70035349","N"
"2015","2015-07-27 11","주","월","1","0","0","0","0","경북","영천시","차량단독","전도전복","전도전복","안전운전 의무 불이행","단일로","기타단일로","화물차","없음","1137756","1774706","129.027615","35.95937448","N"
"2015","2015-07-27 21","야","월","1","0","0","0","0","인천","서구","차대사람","횡단중","횡단중","안전운전 의무 불이행","교차로","교차로내","승용차","보행자","922419","1947798","126.6219901","37.52622591","N"
"2015","2015-07-27 23","야","월","1","0","0","0","0","경기","남양주시","차대사람","횡단중","횡단중","신호위반","단일로","횡단보도상","승용차","보행자","974219","1954329","127.2079843","37.58799619","N"
"2015","2015-07-28 00","야","화","1","0","0","0","0","강원","삼척시","차량단독","공작물충돌","공작물충돌","안전운전 의무 불이행","단일로","기타단일로","승용차","없음","1148798","1939071","129.1819901","37.43885753","N"
"2015","2015-07-28 02","야","화","1","0","0","0","0","경북","청도군","차대사람","기타","기타","안전운전 의무 불이행","단일로","기타단일로","승용차","보행자","1112663","1743091","128.7449595","35.67761389","N"
"2015","2015-07-28 07","주","화","1","0","0","0","0","경기","파주시","차대사람","횡단중","횡단중","안전운전 의무 불이행","단일로","기타단일로","승용차","보행자","936797","1979135","126.7819818","37.80975455","N"
"2015","2015-07-28 09","주","화","1","1","1","0","0","경기","평택시","차대차","정면충돌","정면충돌","중앙선 침범","단일로","기타단일로","승용차","화물차","959788","1894913","127.0477518","37.05192311","N"
"2015","2015-07-28 09","주","화","1","0","0","0","0","전남","영광군","차대차","측면충돌","측면충돌","교차로 통행방법 위반","교차로","교차로내","이륜차","승용차","897796","1698174","126.3762441","35.27382747","N"
"2015","2015-07-28 10","주","화","1","0","0","0","0","대구","달서구","차대사람","기타","기타","안전운전 의무 불이행","교차로","교차로내","승용차","보행자","1094270","1758154","128.5435155","35.81533425","N"
"2015","2015-07-28 11","주","화","1","0","0","0","0","충북","충주시","차대차","추돌","진행중 추돌","안전거리 미확보","단일로","기타단일로","원동기장치자전거","승용차","1024077","1890619","127.7706494","37.01376876","N"
"2015","2015-07-28 12","주","화","1","0","0","0","0","경기","부천시","차대사람","기타","기타","안전운전 의무 불이행","교차로","교차로내","건설기계","보행자","934972","1946447","126.7641644","37.5150202","N"
"2015","2015-07-28 13","주","화","1","0","0","0","0","인천","계양구","차대사람","기타","기타","안전운전 의무 불이행","단일로","기타단일로","자전거","보행자","932872","1950061","126.7400729","37.54744212","N"
"2015","2015-07-28 14","주","화","1","0","0","0","0","부산","수영구","차량단독","공작물충돌","공작물충돌","안전운전 의무 불이행","단일로","기타단일로","승용차","없음","1146192","1686519","129.1051998","35.16331622","N"
"2015","2015-07-28 16","주","화","1","0","0","0","0","전남","담양군","차대차","기타","기타","과속","교차로","교차로부근","화물차","자전거","947641","1700076","126.9241432","35.29482642","N"
"2015","2015-07-28 17","주","화","3","0","0","0","0","경기","김포시","차대차","기타","기타","안전운전 의무 불이행","단일로","기타단일로","승용차","화물차","930181","1960429","126.7086229","37.64068543","N"
"2015","2015-07-28 17","주","화","1","0","0","0","0","경북","경산시","차대차","기타","기타","안전운전 의무 불이행","단일로","기타단일로","이륜차","화물차","1119883","1758397","128.8270124","35.81472941","N"
"2015","2015-07-28 20","야","화","1","0","0","0","0","경북","구미시","차대사람","기타","기타","안전운전 의무 불이행","단일로","기타단일로","화물차","보행자","1072546","1806704","128.3075234","36.2548593","N"
"2015","2015-07-28 22","야","화","1","1","1","0","0","경기","평택시","차대차","기타","기타","중앙선 침범","단일로","교량위","승용차","승용차","963531","1899784","127.0896103","37.09598372","N"
"2015","2015-07-28 22","야","화","1","0","0","0","0","경기","용인시","차대차","추돌","주정차중 추돌","안전운전 의무 불이행","교차로","교차로부근","원동기장치자전거","화물차","976543","1922839","127.2353093","37.30421847","N"
"2015","2015-07-29 01","야","수","1","2","2","0","0","충북","청주시","차대사람","횡단중","횡단중","안전운전 의무 불이행","단일로","기타단일로","승용차","보행자","995567","1848490","127.4504141","36.63428687","N"
"2015","2015-07-29 08","주","수","1","14","5","8","1","부산","서구","차대차","추돌","주정차중 추돌","안전운전 의무 불이행","단일로","기타단일로","건설기계","승용차","1138412","1677029","129.0182138","35.07887426","N"
"2015","2015-07-29 09","주","수","1","2","0","2","0","경북","성주군","차대차","기타","기타","중앙선 침범","기타/불명","기타/불명","이륜차","승용차","1064683","1772485","128.2171962","35.94693108","N"
"2015","2015-07-29 10","주","수","1","0","0","0","0","서울","강북구","차대사람","기타","기타","안전운전 의무 불이행","단일로","기타단일로","화물차","보행자","958858","1957291","127.0338313","37.61413467","N"
"2015","2015-07-29 11","주","수","1","1","0","0","1","제주","제주시","차대차","측면충돌","측면충돌","신호위반","교차로","교차로내","승용차","이륜차","907479.8","1501814.8","126.503903","33.50420887","N"
"2015","2015-07-29 12","주","수","1","0","0","0","0","대구","달성군","차량단독","도로이탈","도로이탈 추락","안전운전 의무 불이행","교차로","교차로부근","이륜차","없음","1081334","1763366","128.4008695","35.86347851","N"
"2015","2015-07-29 18","야","수","1","0","0","0","0","전남","나주시","차대사람","횡단중","횡단중","안전운전 의무 불이행","단일로","기타단일로","승용차","보행자","921499","1676078","126.638937","35.07674657","N"
"2015","2015-07-29 20","야","수","2","0","0","0","0","경북","칠곡군","차량단독","공작물충돌","공작물충돌","안전운전 의무 불이행","단일로","기타단일로","승용차","없음","1089646","1768724","128.4935261","35.91105401","N"
"2015","2015-07-29 21","야","수","1","0","0","0","0","전남","목포시","차대사람","기타","기타","안전운전 의무 불이행","교차로","교차로부근","승합차","보행자","902255","1645635","126.431449","34.80059159","N"
"2015","2015-07-29 22","야","수","1","1","1","0","0","경북","칠곡군","차대차","기타","기타","안전운전 의무 불이행","단일로","기타단일로","이륜차","자전거","1081722","1769902","128.4058376","35.9223681","N"
"2015","2015-07-30 01","야","목","1","0","0","0","0","충남","서산시","차량단독","전도전복","전도전복","안전운전 의무 불이행","단일로","기타단일로","승용차","없음","913872","1866585","126.5346267","36.79350331","N"
"2015","2015-07-30 02","야","목","1","0","0","0","0","경북","경주시","차대사람","기타","기타","안전운전 의무 불이행","단일로","기타단일로","승합차","보행자","1155816.1","1762616.6","129.2254443","35.84770908","N"
"2015","2015-07-30 04","야","목","1","0","0","0","0","전남","고흥군","차대차","추돌","진행중 추돌","안전운전 의무 불이행","단일로","기타단일로","승용차","자전거","988015","1631404","127.3691722","34.67687996","N"
"2015","2015-07-30 12","주","목","1","0","0","0","0","인천","동구","차대사람","기타","기타","안전운전 의무 불이행","교차로","교차로부근","화물차","보행자","923370","1942314","126.6333233","37.47688017","N"
"2015","2015-07-30 20","야","목","1","0","0","0","0","경기","파주시","차대사람","기타","기타","안전운전 의무 불이행","단일로","기타단일로","승용차","보행자","943696","1978120","126.8604321","37.80105836","N"
"2015","2015-07-30 21","야","목","1","3","2","1","0","전남","무안군","차대차","정면충돌","정면충돌","안전운전 의무 불이행","교차로","교차로내","화물차","승용차","909717","1663548","126.5110797","34.96278894","N"
"2015","2015-07-31 00","야","금","1","2","0","2","0","강원","강릉시","차량단독","공작물충돌","공작물충돌","안전운전 의무 불이행","단일로","기타단일로","승용차","없음","1104736.9","1983726.5","128.690454","37.84730908","N"
"2015","2015-07-31 00","야","금","1","1","0","1","0","충남","서산시","차대사람","길가장자리구역통행중","길가장자리구역통행중","안전운전 의무 불이행","단일로","기타단일로","승용차","보행자","905277","1873119","126.4374893","36.85157436","Y"
"2015","2015-07-31 10","주","금","1","1","0","1","0","강원","철원군","차대차","측면충돌","측면충돌","교차로 통행방법 위반","교차로","교차로내","이륜차","화물차","992900.1","2027713","127.4188571","38.24974112","N"
"2015","2015-07-31 11","주","금","1","2","2","0","0","제주","서귀포시","차대사람","횡단중","횡단중","보행자 보호의무 위반","교차로","교차로부근","승용차","보행자","913485","1473522","126.5712652","33.24954924","N"
"2015","2015-07-31 14","주","금","1","1","1","0","0","경북","상주시","차대차","측면충돌","측면충돌","중앙선 침범","기타/불명","기타/불명","승용차","화물차","1045245","1826756","128.0048101","36.43729499","N"
"2015","2015-07-31 16","주","금","1","0","0","0","0","경북","상주시","차대차","추돌","주정차중 추돌","안전운전 의무 불이행","단일로","기타단일로","화물차","특수차","1064396.5","1819196.1","128.2178483","36.36805063","N"
"2015","2015-07-31 17","주","금","1","0","0","0","0","부산","부산진구","차대차","측면충돌","측면충돌","중앙선 침범","단일로","기타단일로","이륜차","승합차","1141337","1685046","129.051657","35.15073331","N"
"2015","2015-07-31 17","주","금","1","0","0","0","0","경남","합천군","차대사람","길가장자리구역통행중","길가장자리구역통행중","안전운전 의무 불이행","단일로","기타단일로","화물차","보행자","1071439","1729611","128.2882783","35.5599315","N"
"2015","2015-07-31 17","주","금","2","58","54","4","0","경남","거제시","차량단독","공작물충돌","공작물충돌","안전운전 의무 불이행","단일로","기타단일로","승합차","없음","1097971","1656401","128.5722799","34.89763704","N"
"2015","2015-07-31 20","야","금","1","0","0","0","0","충남","아산시","차대사람","길가장자리구역통행중","길가장자리구역통행중","안전운전 의무 불이행","기타/불명","기타/불명","화물차","보행자","945054","1873892","126.8835812","36.86169303","N"
"2015","2015-07-31 21","야","금","1","1","1","0","0","제주","제주시","차대사람","횡단중","횡단중","보행자 보호의무 위반","단일로","횡단보도상","승용차","보행자","909744.9","1501534.9","126.5283148","33.50187828","N"
"2015","2015-07-31 22","야","금","1","0","0","0","0","인천","미추홀구","차대사람","횡단중","횡단중","안전운전 의무 불이행","단일로","기타단일로","승용차","보행자","924654","1940471","126.6480322","37.46037536","N"
"2015","2015-07-31 23","야","금","1","0","0","0","0","충북","청주시","차량단독","기타","기타","안전운전 의무 불이행","단일로","기타단일로","승용차","없음","1001126","1849585","127.5125966","36.64416792","N"
"2015","2015-08-01 00","야","토","1","0","0","0","0","경기","포천시","차대차","추돌","진행중 추돌","안전운전 의무 불이행","단일로","기타단일로","승용차","특수차","981446","1984081","127.2890833","37.85633299","N"
"2015","2015-08-01 03","야","토","1","0","0","0","0","충북","단양군","차량단독","공작물충돌","공작물충돌","안전운전 의무 불이행","단일로","기타단일로","승용차","없음","1068712","1898019","128.2730392","37.07826431","N"
"2015","2015-08-01 04","야","토","1","0","0","0","0","광주","북구","차대사람","횡단중","횡단중","안전운전 의무 불이행","단일로","횡단보도상","화물차","보행자","948497","1687457","126.9343479","35.18108982","N"
"2015","2015-08-01 05","야","토","1","0","0","0","0","전남","순천시","차량단독","기타","기타","안전운전 의무 불이행","단일로","기타단일로","이륜차","없음","985636","1652519","127.3428426","34.86725904","N"
"2015","2015-08-01 12","주","토","1","3","3","0","0","전남","진도군","차대차","측면충돌","측면충돌","교차로 통행방법 위반","교차로","교차로내","화물차","화물차","879741","1608937","126.1905874","34.467327","N"
"2015","2015-08-01 15","주","토","1","0","0","0","0","서울","중랑구","차량단독","기타","기타","안전운전 의무 불이행","단일로","터널안","이륜차","없음","964163","1953530","127.0941235","37.58045782","N"
"2015","2015-08-01 15","주","토","1","0","0","0","0","경기","포천시","차량단독","공작물충돌","공작물충돌","과속","단일로","기타단일로","승합차","없음","978326","2002518","127.2530609","38.02243514","N"
"2015","2015-08-01 17","주","토","1","11","2","9","0","인천","남동구","차대차","측면충돌","측면충돌","중앙선 침범","단일로","기타단일로","건설기계","승용차","929383","1939631","126.7015805","37.45317796","N"
"2015","2015-08-01 19","야","토","1","6","5","0","1","경기","포천시","차대차","정면충돌","정면충돌","중앙선 침범","단일로","기타단일로","승용차","승용차","974058","2007246","127.2042634","38.06493507","Y"
"2015","2015-08-01 19","야","토","1","0","0","0","0","전남","영암군","차대차","추돌","진행중 추돌","안전운전 의무 불이행","단일로","기타단일로","화물차","이륜차","918632","1649009","126.6101347","34.83245388","N"
"2015","2015-08-01 20","야","토","1","0","0","0","0","전북","완주군","차대차","추돌","진행중 추돌","안전운전 의무 불이행","단일로","기타단일로","승용차","농기계","966168","1769650","127.1249866","35.92292767","N"
"2015","2015-08-01 22","야","토","1","0","0","0","0","제주","제주시","차량단독","공작물충돌","공작물충돌","안전운전 의무 불이행","단일로","기타단일로","이륜차","없음","945227","1499859","126.9103937","33.48917002","N"
"2015","2015-08-02 03","야","일","1","0","0","0","0","경북","경주시","차량단독","공작물충돌","공작물충돌","안전운전 의무 불이행","교차로","교차로내","승용차","없음","1179885","1756168","129.4903874","35.78548053","N"
"2015","2015-08-02 04","야","일","1","0","0","0","0","경기","고양시","차량단독","공작물충돌","공작물충돌","중앙선 침범","단일로","기타단일로","승용차","없음","944099","1963988","126.8660966","37.67371495","N"
"2015","2015-08-02 04","야","일","1","0","0","0","0","전남","목포시","차대사람","기타","기타","안전운전 의무 불이행","단일로","기타단일로","승용차","보행자","902158","1646516","126.4302861","34.80852551","N"
"2015","2015-08-02 04","야","일","2","1","1","0","0","대구","남구","차대차","측면충돌","측면충돌","중앙선 침범","단일로","기타단일로","자전거","이륜차","1096596.7","1761879.9","128.5697175","35.84869551","N"
"2015","2015-08-02 05","야","일","1","1","1","0","0","경북","영천시","차대차","추돌","진행중 추돌","안전운전 의무 불이행","단일로","기타단일로","승용차","이륜차","1129517","1772458","128.9359103","35.94024096","N"
"2015","2015-08-02 07","주","일","1","0","0","0","0","울산","울주군","차량단독","기타","기타","안전운전 의무 불이행","단일로","기타단일로","이륜차","없음","1165450","1716928","129.3227016","35.43438968","N"
"2015","2015-08-02 09","주","일","1","0","0","0","0","강원","홍천군","차량단독","전도전복","전도전복","안전운전 의무 불이행","단일로","기타단일로","농기계","없음","1050021","1962044","128.0670955","37.65653324","N"
"2015","2015-08-02 11","주","일","1","0","0","0","0","강원","춘천시","차량단독","공작물충돌","공작물충돌","안전운전 의무 불이행","단일로","기타단일로","승용차","없음","1024721.9","1980506","127.7809087","37.82396492","N"
"2015","2015-08-02 18","야","일","1","0","0","0","0","세종","세종시","차대차","측면충돌","측면충돌","신호위반","교차로","교차로내","승용차","원동기장치자전거","981658","1836907","127.2951098","36.5296997","N"
"2015","2015-08-02 19","야","일","1","7","6","1","0","충남","서천군","차대차","기타","기타","중앙선 침범","단일로","기타단일로","승용차","승합차","922650","1790534","126.6406013","36.10871947","Y"
"2015","2015-08-03 03","야","월","1","0","0","0","0","강원","원주시","차대사람","기타","기타","안전운전 의무 불이행","단일로","기타단일로","화물차","보행자","1040573","1934551","127.9584662","37.40919618","N"
"2015","2015-08-03 05","야","월","1","0","0","0","0","경남","창원시(통합)","차대사람","횡단중","횡단중","안전운전 의무 불이행","단일로","기타단일로","승용차","보행자","1098154","1693624","128.5786888","35.23321254","N"
"2015","2015-08-03 08","주","월","1","0","0","0","0","경북","포항시","차대차","기타","기타","안전운전 의무 불이행","교차로","교차로내","자전거","승용차","1168539","1783466","129.3706917","36.03348253","N"