"발생년","발생년월일시","주야","요일","사망자수","부상자수","중상자수","경상자수","부상신고자수","발생지시도","발생지시군구","사고유형_대분류","사고유형_중분류","사고유형","가해자법규위반","도로형태_대분류","도로형태","가해자_당사자종별","피해자_당사자종별","발생위치(X_UTMK)","발생위치(Y_UTMK)","경도","위도"," 어린이사고 여부"
"2015","2015-08-13 23","야","목","1","2","0","2","0","강원","원주시","차대사람","횡단중","횡단중","보행자 보호의무 위반","교차로","교차로내","승용차","보행자","1039261","1926174","127.9431969","37.33374587","N"
"2015","2015-08-14 01","야","금","1","0","0","0","0","경기","군포시","차대사람","횡단중","횡단중","안전운전 의무 불이행","단일로","기타단일로","승용차","보행자","949148","1928031","126.9258363","37.3499214","N"
"2015","2015-08-14 09","주","금","1","0","0","0","0","경기","여주시","차대차","측면충돌","측면충돌","교차로 통행방법 위반","교차로","교차로내","승용차","원동기장치자전거","1004008","1919699","127.5452099","37.27620191","N"
"2015","2015-08-14 09","주","금","1","0","0","0","0","경기","하남시","차대사람","횡단중","횡단중","안전운전 의무 불이행","단일로","횡단보도상","승용차","보행자","973014","1949783","127.1945031","37.54698656","N"
"2015","2015-08-14 12","주","금","1","2","2","0","0","전북","전주시","차량단독","공작물충돌","공작물충돌","안전운전 의무 불이행","단일로","기타단일로","승용차","없음","971236","1761058","127.1814727","35.84562471","N"
"2015","2015-08-14 13","주","금","1","4","1","3","0","충북","청주시","차대차","추돌","진행중 추돌","안전거리 미확보","단일로","기타단일로","승합차","화물차","989315.5","1848498.8","127.3804871","36.63431657","N"
"2015","2015-08-14 13","주","금","1","1","0","1","0","경남","함안군","차대차","정면충돌","정면충돌","중앙선 침범","단일로","기타단일로","자전거","원동기장치자전거","1077128","1703441","128.3485666","35.32356159","N"
"2015","2015-08-14 15","주","금","1","1","0","1","0","경기","안산시","차대차","기타","기타","중앙선 침범","교차로","교차로부근","화물차","승용차","934902","1926407","126.7651398","37.33439401","N"
"2015","2015-08-14 15","주","금","1","0","0","0","0","전남","장성군","차대차","기타","기타","안전운전 의무 불이행","단일로","기타단일로","화물차","농기계","938596","1693119","126.8251901","35.23158466","N"
"2015","2015-08-14 16","주","금","1","0","0","0","0","부산","연제구","차대사람","길가장자리구역통행중","길가장자리구역통행중","안전운전 의무 불이행","단일로","기타단일로","승용차","보행자","1144390","1688769","129.0858143","35.18385762","N"
"2015","2015-08-14 20","야","금","1","0","0","0","0","부산","북구","차대사람","기타","기타","안전운전 의무 불이행","단일로","기타단일로","승용차","보행자","1137737","1694137","129.0136666","35.23317924","N"
"2015","2015-08-14 20","야","금","1","0","0","0","0","충남","청양군","차량단독","도로이탈","도로이탈 추락","안전운전 의무 불이행","단일로","기타단일로","화물차","없음","949837","1822693","126.9405835","36.40042291","N"
"2015","2015-08-15 03","야","토","1","0","0","0","0","경남","김해시","차대차","추돌","진행중 추돌","안전운전 의무 불이행","교차로","교차로부근","이륜차","승합차","1125974","1694033","128.8844158","35.23378917","N"
"2015","2015-08-15 08","주","토","1","0","0","0","0","경기","동두천시","차대사람","횡단중","횡단중","보행자 보호의무 위반","교차로","교차로내","승용차","보행자","961354","1989655","127.0603891","37.90593984","N"
"2015","2015-08-15 08","주","토","1","1","1","0","0","경남","산청군","차대차","측면충돌","측면충돌","안전운전 의무 불이행","단일로","기타단일로","승용차","화물차","1045496","1704371","128.0006172","35.33388864","N"
"2015","2015-08-15 10","주","토","1","0","0","0","0","전북","남원시","차대차","기타","기타","안전운전 의무 불이행","교차로","교차로내","승용차","자전거","984814","1709049","127.3328108","35.3769906","Y"
"2015","2015-08-15 14","주","토","1","2","2","0","0","전남","영광군","차대차","정면충돌","정면충돌","중앙선 침범","단일로","기타단일로","승용차","화물차","908006","1696705","126.4886535","35.26157413","N"
"2015","2015-08-15 15","주","토","1","6","3","3","0","충남","천안시","차대차","추돌","진행중 추돌","안전운전 의무 불이행","기타/불명","기타/불명","화물차","승합차","965579","1852657","127.1147961","36.67123955","Y"
"2015","2015-08-15 19","야","토","2","0","0","0","0","경북","군위군","차량단독","공작물충돌","공작물충돌","안전운전 의무 불이행","단일로","기타단일로","화물차","없음","1112362","1796775","128.7492214","36.16155201","Y"
"2015","2015-08-15 19","야","토","1","3","2","0","1","경남","남해군","차대차","측면충돌","측면충돌","중앙선 침범","단일로","기타단일로","화물차","승용차","1036006","1652630","127.8939452","34.86772342","N"
"2015","2015-08-15 23","야","토","1","0","0","0","0","경기","용인시","차량단독","공작물충돌","공작물충돌","안전운전 의무 불이행","단일로","터널안","원동기장치자전거","없음","963790","1925775","127.0912629","37.33027341","N"
"2015","2015-08-16 05","야","일","1","0","0","0","0","충북","청주시","차대차","추돌","진행중 추돌","안전운전 의무 불이행","단일로","기타단일로","승용차","자전거","999114","1858911","127.4900775","36.72824119","N"
"2015","2015-08-16 06","주","일","1","1","1","0","0","부산","강서구","차대차","측면충돌","측면충돌","교차로 통행방법 위반","교차로","교차로내","건설기계","승용차","1123121","1683472","128.8514926","35.13894003","N"
"2015","2015-08-16 17","주","일","1","0","0","0","0","전북","완주군","차량단독","전도전복","전도전복","안전운전 의무 불이행","단일로","교량위","자전거","없음","974601","1777963","127.2181955","35.99813238","N"
"2015","2015-08-16 17","주","일","1","0","0","0","0","전남","강진군","차량단독","기타","기타","안전운전 의무 불이행","단일로","기타단일로","승용차","없음","926339","1614518","126.6974192","34.52203482","N"
"2015","2015-08-16 18","야","일","1","0","0","0","0","경북","상주시","차대사람","보도통행중","보도통행중","중앙선 침범","단일로","기타단일로","화물차","보행자","1061289","1841664","128.18499","36.57079266","N"
"2015","2015-08-16 20","야","일","1","0","0","0","0","경기","부천시","차대사람","횡단중","횡단중","안전운전 의무 불이행","교차로","교차로내","승용차","보행자","939272","1946922","126.8127792","37.51959447","N"
"2015","2015-08-16 20","야","일","1","0","0","0","0","전북","군산시","차대사람","기타","기타","안전운전 의무 불이행","기타/불명","기타/불명","화물차","보행자","928582","1777303","126.7076993","35.98989656","N"
"2015","2015-08-16 23","야","일","1","0","0","0","0","서울","강동구","차대사람","횡단중","횡단중","안전운전 의무 불이행","단일로","기타단일로","승용차","보행자","967189","1950468","127.1285313","37.55297173","N"
"2015","2015-08-16 23","야","일","1","0","0","0","0","세종","세종시","차대차","정면충돌","정면충돌","기타","단일로","기타단일로","원동기장치자전거","승용차","976043","1833596","127.2324904","36.49972657","N"
"2015","2015-08-17 02","야","월","1","0","0","0","0","충남","태안군","차대차","추돌","진행중 추돌","안전운전 의무 불이행","교차로","교차로부근","이륜차","승용차","878944","1866004","126.1433107","36.78444604","N"
"2015","2015-08-17 04","야","월","1","0","0","0","0","서울","관악구","차대사람","횡단중","횡단중","과속","단일로","기타단일로","승용차","보행자","951093","1942654","126.9468275","37.48182852","N"
"2015","2015-08-17 05","야","월","1","0","0","0","0","부산","사상구","차대차","기타","기타","신호위반","단일로","기타단일로","승용차","이륜차","1135901","1689617","128.9927497","35.19268633","N"
"2015","2015-08-17 11","주","월","1","5","3","2","0","경기","하남시","차대차","기타","기타","안전운전 의무 불이행","교차로","교차로부근","화물차","승용차","975151","1949940","127.2186895","37.54846179","N"
"2015","2015-08-17 15","주","월","1","3","1","2","0","제주","제주시","차대차","측면충돌","측면충돌","기타","교차로","교차로내","승용차","승합차","890485","1497586","126.3214803","33.46446857","N"
"2015","2015-08-17 16","주","월","1","0","0","0","0","경기","파주시","차대차","측면충돌","측면충돌","안전운전 의무 불이행","단일로","기타단일로","원동기장치자전거","화물차","938639","1977138","126.8030756","37.79188219","N"
"2015","2015-08-17 16","주","월","1","0","0","0","0","제주","서귀포시","차대사람","횡단중","횡단중","안전운전 의무 불이행","단일로","기타단일로","승용차","보행자","921118","1476408","126.6529458","33.27616298","N"
"2015","2015-08-17 17","주","월","1","0","0","0","0","경북","영천시","차대사람","보도통행중","보도통행중","기타","단일로","기타단일로","화물차","보행자","1129284","1774893","128.9337244","35.96221894","N"
"2015","2015-08-17 18","야","월","1","0","0","0","0","경기","양주시","차대차","기타","기타","과속","단일로","기타단일로","화물차","자전거","964952","1981041","127.1017347","37.82844859","N"
"2015","2015-08-17 23","야","월","1","1","1","0","0","강원","인제군","차량단독","기타","기타","안전운전 의무 불이행","단일로","기타단일로","승용차","없음","1078420","2011483","128.3944017","38.10009017","N"
"2015","2015-08-17 23","야","월","1","0","0","0","0","충남","서산시","차대사람","횡단중","횡단중","안전운전 의무 불이행","교차로","교차로내","승용차","보행자","908077","1864205","126.4699693","36.77150678","N"
"2015","2015-08-18 00","야","화","1","1","1","0","0","경기","이천시","차대차","기타","기타","안전운전 의무 불이행","단일로","기타단일로","화물차","승용차","1002883","1915566","127.532504","37.23895107","N"
"2015","2015-08-18 04","야","화","1","0","0","0","0","전북","전주시","차대사람","차도통행중","차도통행중","안전운전 의무 불이행","교차로","교차로내","승용차","보행자","965299","1759792","127.1157837","35.83401822","N"
"2015","2015-08-18 05","야","화","1","0","0","0","0","세종","세종시","차대차","추돌","진행중 추돌","안전운전 의무 불이행","단일로","교량위","승합차","이륜차","976563","1851728","127.2377445","36.66319891","N"
"2015","2015-08-18 07","주","화","1","2","2","0","0","부산","서구","차대사람","길가장자리구역통행중","길가장자리구역통행중","안전운전 의무 불이행","단일로","기타단일로","승용차","보행자","1138569","1680923","129.0205871","35.11395366","N"
"2015","2015-08-18 07","주","화","1","0","0","0","0","충북","충주시","차량단독","공작물충돌","공작물충돌","안전운전 의무 불이행","단일로","기타단일로","이륜차","없음","1042597","1873472","127.9778614","36.85854473","N"
"2015","2015-08-18 07","주","화","1","0","0","0","0","충남","천안시","차량단독","공작물충돌","공작물충돌","안전운전 의무 불이행","단일로","기타단일로","승용차","없음","972752","1864995","127.1946276","36.7826957","N"
"2015","2015-08-18 08","주","화","1","1","1","0","0","전북","장수군","차대차","추돌","진행중 추돌","안전운전 의무 불이행","기타/불명","기타/불명","화물차","원동기장치자전거","1006456","1744386","127.5713586","35.69570614","N"
"2015","2015-08-18 08","주","화","1","2","2","0","0","대전","동구","차대차","추돌","주정차중 추돌","안전운전 의무 불이행","단일로","기타단일로","화물차","화물차","996450","1813317","127.4604524","36.31719811","N"
"2015","2015-08-18 09","주","화","1","0","0","0","0","울산","남구","차대차","측면충돌","측면충돌","안전운전 의무 불이행","교차로","교차로내","승용차","이륜차","1163865","1729544","129.3077938","35.54835005","N"
"2015","2015-08-18 13","주","화","1","0","0","0","0","충남","예산군","차대차","정면충돌","정면충돌","중앙선 침범","단일로","기타단일로","승용차","이륜차","939043","1845016","126.8184547","36.60103025","N"
"2015","2015-08-18 17","주","화","1","0","0","0","0","충남","태안군","차대차","측면충돌","측면충돌","기타","교차로","교차로내","화물차","원동기장치자전거","900702","1825786","126.3923051","36.42447898","N"
"2015","2015-08-19 02","야","수","1","0","0","0","0","전북","군산시","차대차","추돌","주정차중 추돌","안전운전 의무 불이행","단일로","기타단일로","승용차","화물차","930827","1776347","126.7326864","35.98143996","N"
"2015","2015-08-19 04","야","수","1","2","1","1","0","서울","동작구","차대차","정면충돌","정면충돌","중앙선 침범","단일로","기타단일로","이륜차","승합차","950346.3","1945159","126.9382131","37.50436685","N"
"2015","2015-08-19 06","주","수","1","0","0","0","0","서울","성동구","차대사람","횡단중","횡단중","안전운전 의무 불이행","교차로","교차로부근","화물차","보행자","958014","1951017","127.0246283","37.55754753","N"
"2015","2015-08-19 06","주","수","1","0","0","0","0","인천","연수구","차대차","측면충돌","측면충돌","신호위반","교차로","교차로내","화물차","원동기장치자전거","924077","1936314","126.6419365","37.42286217","N"
"2015","2015-08-19 08","주","수","1","0","0","0","0","세종","세종시","차대차","기타","기타","기타","교차로","교차로내","승용차","자전거","978813","1843372","127.263152","36.587923","N"
"2015","2015-08-19 11","주","수","1","0","0","0","0","경기","고양시","차대사람","횡단중","횡단중","신호위반","단일로","횡단보도상","화물차","보행자","938446","1963288","126.8020562","37.66704409","N"
"2015","2015-08-19 14","주","수","1","1","1","0","0","충남","홍성군","차량단독","공작물충돌","공작물충돌","안전운전 의무 불이행","교차로","교차로내","화물차","없음","911501","1840978","126.5110138","36.56247421","N"
"2015","2015-08-19 16","주","수","1","6","3","3","0","경기","안성시","차대차","추돌","주정차중 추돌","안전운전 의무 불이행","단일로","기타단일로","화물차","화물차","972956","1895550","127.1958217","37.05813727","N"
"2015","2015-08-19 18","야","수","1","0","0","0","0","전북","익산시","차대사람","횡단중","횡단중","안전운전 의무 불이행","기타/불명","기타/불명","승용차","보행자","949811.5","1771706.6","126.9435582","35.94076603","Y"
"2015","2015-08-19 19","야","수","1","5","1","4","0","경기","안양시","차대차","기타","기타","안전거리 미확보","단일로","기타단일로","승합차","승합차","948638","1933690","126.9196853","37.4009001","N"
"2015","2015-08-19 23","야","수","1","0","0","0","0","경기","시흥시","차대사람","횡단중","횡단중","안전운전 의무 불이행","단일로","기타단일로","승용차","보행자","935861","1938173","126.7749442","37.44050907","N"
"2015","2015-08-20 02","야","목","1","0","0","0","0","경남","창원시(통합)","차량단독","공작물충돌","공작물충돌","안전운전 의무 불이행","교차로","교차로부근","승용차","없음","1108233","1693523","128.689421","35.23126431","N"
"2015","2015-08-20 06","주","목","1","1","1","0","0","전남","광양시","차대차","기타","기타","신호위반","교차로","교차로내","승용차","승용차","1020319","1661582","127.7225314","34.94888307","N"
"2015","2015-08-20 08","주","목","1","0","0","0","0","경남","합천군","차량단독","전도전복","전도전복","안전운전 의무 불이행","단일로","기타단일로","농기계","없음","1056438","1729763","128.1227735","35.56227052","N"
"2015","2015-08-20 10","주","목","1","0","0","0","0","경북","영천시","차량단독","공작물충돌","공작물충돌","안전운전 의무 불이행","단일로","기타단일로","화물차","없음","1128268","1777206","128.9228345","35.98320053","N"
"2015","2015-08-20 18","야","목","1","0","0","0","0","충남","금산군","차대차","측면충돌","측면충돌","기타","교차로","교차로내","이륜차","승용차","1005922","1790393","127.5657987","36.11051248","N"
"2015","2015-08-20 19","야","목","1","0","0","0","0","충북","영동군","차대사람","횡단중","횡단중","안전운전 의무 불이행","교차로","교차로내","승용차","보행자","1025253","1798867.7","127.7808544","36.18660661","N"
"2015","2015-08-20 20","야","목","1","0","0","0","0","대구","달성군","차대차","추돌","진행중 추돌","안전운전 의무 불이행","단일로","기타단일로","승용차","이륜차","1086485.5","1749339.9","128.4564046","35.73659208","N"
"2015","2015-08-21 00","야","금","2","0","0","0","0","경기","성남시","차대사람","기타","기타","안전운전 의무 불이행","단일로","기타단일로","승용차","보행자","968218","1938321","127.1407058","37.44352092","N"
"2015","2015-08-21 02","야","금","1","1","1","0","0","강원","동해시","차량단독","공작물충돌","공작물충돌","안전운전 의무 불이행","교차로","교차로부근","승용차","없음","1143055","1948546","129.1189376","37.52513402","N"
"2015","2015-08-21 04","야","금","1","1","1","0","0","경기","성남시","차량단독","기타","기타","과속","단일로","기타단일로","이륜차","없음","966685","1940221","127.1232898","37.4605927","N"
"2015","2015-08-21 05","야","금","1","0","0","0","0","경기","안성시","차대차","측면충돌","측면충돌","교차로 통행방법 위반","교차로","교차로내","승용차","화물차","993711","1901544","127.4292136","37.11253782","N"
"2015","2015-08-21 05","야","금","1","2","0","0","2","서울","송파구","차대차","추돌","주정차중 추돌","안전운전 의무 불이행","단일로","기타단일로","승용차","화물차","967931","1943482","127.1372366","37.49002988","N"
"2015","2015-08-21 06","주","금","1","1","1","0","0","경남","양산시","차량단독","전도전복","전도전복","안전운전 의무 불이행","단일로","기타단일로","승용차","없음","1141053","1704336","129.0518493","35.32464895","N"
"2015","2015-08-21 08","주","금","1","0","0","0","0","전북","남원시","차량단독","도로이탈","도로이탈 기타","안전운전 의무 불이행","교차로","교차로부근","승용차","없음","977763","1713196","127.2550707","35.4142508","N"
"2015","2015-08-21 09","주","금","1","0","0","0","0","전북","고창군","차대사람","횡단중","횡단중","보행자 보호의무 위반","교차로","교차로부근","화물차","보행자","924951","1711818","126.6735352","35.39924666","N"
"2015","2015-08-21 09","주","금","1","1","1","0","0","경북","영양군","차대차","측면충돌","측면충돌","신호위반","교차로","교차로내","화물차","화물차","1141891","1845567","129.0863257","36.59738765","N"
"2015","2015-08-21 11","주","금","1","0","0","0","0","충남","홍성군","차대사람","기타","기타","안전운전 의무 불이행","단일로","기타단일로","승합차","보행자","923625","1840172","126.6465661","36.5562557","N"
"2015","2015-08-21 12","주","금","1","1","0","0","1","경북","구미시","차대차","기타","기타","안전거리 미확보","단일로","기타단일로","승용차","농기계","1076348","1794787","128.3486797","36.14713857","N"
"2015","2015-08-21 16","주","금","1","0","0","0","0","서울","강남구","차량단독","공작물충돌","공작물충돌","안전운전 의무 불이행","단일로","기타단일로","이륜차","없음","965179","1941957","127.1061789","37.47618463","N"
"2015","2015-08-21 17","주","금","1","0","0","0","0","경북","의성군","차대차","측면충돌","측면충돌","안전운전 의무 불이행","교차로","교차로내","이륜차","승용차","1093617","1817667","128.5433533","36.35186654","N"
"2015","2015-08-21 18","야","금","1","0","0","0","0","충남","당진시","차대차","정면충돌","정면충돌","안전운전 의무 불이행","단일로","기타단일로","이륜차","승용차","916286","1889872","126.5591075","37.00361414","N"
"2015","2015-08-21 18","야","금","1","4","1","3","0","전남","여수시","차대차","정면충돌","정면충돌","중앙선 침범","단일로","기타단일로","화물차","화물차","1021742","1650885","127.7378376","34.8523932","Y"
"2015","2015-08-21 20","야","금","1","8","8","0","0","경기","안성시","차대차","정면충돌","정면충돌","안전운전 의무 불이행","교차로","교차로내","승용차","화물차","981526","1890331","127.2923405","37.01129954","N"
"2015","2015-08-21 22","야","금","1","0","0","0","0","부산","강서구","차대사람","기타","기타","안전운전 의무 불이행","단일로","기타단일로","승용차","보행자","1127240","1683059","128.8966313","35.13470438","N"
"2015","2015-08-21 22","야","금","1","0","0","0","0","경기","평택시","차대사람","기타","기타","안전운전 의무 불이행","단일로","기타단일로","화물차","보행자","942442","1886719","126.8533042","36.97715975","N"
"2015","2015-08-21 22","야","금","1","3","0","3","0","경기","안양시","차대차","측면충돌","측면충돌","교차로 통행방법 위반","교차로","교차로내","승용차","이륜차","952767","1933888","126.9663224","37.40290452","N"
"2015","2015-08-21 22","야","금","1","0","0","0","0","강원","원주시","차대차","추돌","진행중 추돌","신호위반","교차로","교차로내","이륜차","승용차","1038663","1925313","127.9364017","37.3260102","N"
"2015","2015-08-21 23","야","금","1","0","0","0","0","부산","사하구","차대사람","횡단중","횡단중","안전운전 의무 불이행","단일로","기타단일로","승용차","보행자","1134144","1673940","128.9709132","35.05160588","N"
"2015","2015-08-22 01","야","토","1","1","0","1","0","서울","종로구","차대사람","기타","기타","안전운전 의무 불이행","단일로","기타단일로","승용차","보행자","954914","1952457","126.9894423","37.57038003","N"
"2015","2015-08-22 02","야","토","1","2","1","0","1","부산","기장군","차대차","정면충돌","정면충돌","중앙선 침범","단일로","기타단일로","원동기장치자전거","승용차","1155878","1694099","129.2129459","35.23017995","N"
"2015","2015-08-22 02","야","토","1","0","0","0","0","경기","화성시","차량단독","공작물충돌","공작물충돌","안전운전 의무 불이행","단일로","기타단일로","승용차","없음","960440","1913667","127.0540934","37.22099843","N"
"2015","2015-08-22 02","야","토","1","1","0","1","0","인천","서구","차대차","추돌","주정차중 추돌","안전운전 의무 불이행","단일로","횡단보도부근","화물차","화물차","924788.2","1946292.6","126.6489545","37.51285457","N"
"2015","2015-08-22 03","야","토","1","1","0","1","0","부산","서구","차대사람","횡단중","횡단중","안전운전 의무 불이행","단일로","기타단일로","승용차","보행자","1139014","1677598","129.0249105","35.08392046","N"
"2015","2015-08-22 03","야","토","1","0","0","0","0","경남","함안군","차대사람","기타","기타","안전운전 의무 불이행","교차로","교차로내","승용차","보행자","1082270","1698358","128.4046228","35.27732369","N"
"2015","2015-08-22 04","야","토","1","0","0","0","0","경기","고양시","차대사람","기타","기타","안전운전 의무 불이행","단일로","교량위","승용차","보행자","939160","1955734","126.8107807","37.59900896","N"
"2015","2015-08-22 05","야","토","1","0","0","0","0","서울","강서구","차대사람","기타","기타","신호위반","단일로","기타단일로","승용차","보행자","940556","1950700","126.8270025","37.55372918","N"
"2015","2015-08-22 07","주","토","1","0","0","0","0","서울","은평구","차대사람","횡단중","횡단중","안전운전 의무 불이행","단일로","기타단일로","승용차","보행자","948438","1954280","126.9159824","37.58647095","N"
"2015","2015-08-22 09","주","토","1","0","0","0","0","강원","영월군","차량단독","도로이탈","도로이탈 추락","안전운전 의무 불이행","단일로","기타단일로","화물차","없음","1116189","1904731","128.8081148","37.13406897","N"
"2015","2015-08-22 10","주","토","1","0","0","0","0","강원","춘천시","차대차","측면충돌","측면충돌","안전운전 의무 불이행","교차로","교차로부근","자전거","승용차","1021884","1987114","127.7488628","37.88359558","N"
"2015","2015-08-22 11","주","토","1","0","0","0","0","충남","부여군","차대차","기타","기타","안전운전 의무 불이행","단일로","기타단일로","승용차","이륜차","937133","1804339","126.8003976","36.23421785","N"
"2015","2015-08-22 12","주","토","1","0","0","0","0","경기","김포시","차대사람","횡단중","횡단중","안전운전 의무 불이행","교차로","교차로내","화물차","보행자","920895","1965697","126.6028088","37.68740934","N"
"2015","2015-08-22 14","주","토","1","0","0","0","0","경남","함안군","차대사람","횡단중","횡단중","보행자 보호의무 위반","교차로","교차로내","건설기계","보행자","1082597","1698421","128.4082244","35.27786475","N"
"2015","2015-08-22 15","주","토","1","0","0","0","0","전북","순창군","차대차","측면충돌","측면충돌","기타","단일로","기타단일로","이륜차","승용차","963623","1707888","127.0995652","35.36597423","N"
"2015","2015-08-22 18","야","토","1","0","0","0","0","경기","평택시","차량단독","공작물충돌","공작물충돌","안전운전 의무 불이행","단일로","기타단일로","화물차","없음","963639.2","1896992.7","127.090963","37.07082694","N"
"2015","2015-08-22 18","야","토","1","4","4","0","0","경남","함양군","차대차","정면충돌","정면충돌","중앙선 침범","단일로","기타단일로","승용차","승용차","1012797","1726031","127.641155","35.53014636","Y"
"2015","2015-08-22 19","야","토","1","1","0","1","0","충남","아산시","차대차","정면충돌","정면충돌","중앙선 침범","기타/불명","기타/불명","원동기장치자전거","승용차","955788","1857005","127.0049775","36.71003007","N"
"2015","2015-08-22 19","야","토","1","0","0","0","0","경남","함안군","차량단독","도로이탈","도로이탈 기타","안전운전 의무 불이행","단일로","기타단일로","승용차","없음","1078036","1700086","128.3582359","35.2932425","N"
"2015","2015-08-22 21","야","토","1","0","0","0","0","서울","영등포구","차대사람","횡단중","횡단중","안전운전 의무 불이행","단일로","기타단일로","승용차","보행자","948422","1946679","126.9163357","37.51796134","N"
"2015","2015-08-22 22","야","토","1","0","0","0","0","전북","익산시","차대사람","횡단중","횡단중","보행자 보호의무 위반","단일로","횡단보도상","승용차","보행자","949925","1771389","126.9448366","35.93790849","N"
"2015","2015-08-22 23","야","토","1","1","1","0","0","충북","충주시","차량단독","공작물충돌","공작물충돌","안전운전 의무 불이행","단일로","기타단일로","승용차","없음","1036112","1887470","127.9057813","36.98499742","N"
"2015","2015-08-22 23","야","토","1","0","0","0","0","전남","순천시","차대사람","차도통행중","차도통행중","안전운전 의무 불이행","단일로","기타단일로","승용차","보행자","1000530","1667191","127.5058081","34.99966581","N"
"2015","2015-08-23 00","야","일","1","0","0","0","0","경기","안산시","차대사람","횡단중","횡단중","과속","교차로","교차로부근","승용차","보행자","940578","1923626","126.829432","37.30970857","N"
"2015","2015-08-23 01","야","일","1","2","1","1","0","강원","원주시","차대차","측면충돌","측면충돌","교차로 통행방법 위반","교차로","교차로내","이륜차","승용차","1032891","1926565","127.8713082","37.33751775","N"
"2015","2015-08-23 01","야","일","1","1","0","1","0","경북","구미시","차대차","기타","기타","안전운전 의무 불이행","교차로","교차로부근","승용차","화물차","1076011","1790625","128.3445319","36.1096456","N"
"2015","2015-08-23 02","야","일","1","0","0","0","0","서울","송파구","차대사람","횡단중","횡단중","안전운전 의무 불이행","단일로","기타단일로","승용차","보행자","964919","1944574","127.1031136","37.49976304","N"
"2015","2015-08-23 02","야","일","1","0","0","0","0","경남","거제시","차량단독","공작물충돌","공작물충돌","안전운전 의무 불이행","교차로","교차로부근","승용차","없음","1106484","1658050","128.6656472","34.91164637","N"
"2015","2015-08-23 03","야","일","1","1","0","1","0","전남","장성군","차량단독","공작물충돌","공작물충돌","안전운전 의무 불이행","단일로","기타단일로","승용차","없음","938675","1692789","126.8260829","35.22861406","N"
"2015","2015-08-23 04","야","일","1","0","0","0","0","경기","평택시","차량단독","공작물충돌","공작물충돌","안전운전 의무 불이행","단일로","기타단일로","승용차","없음","943285","1886547","126.8627881","36.97566057","N"
"2015","2015-08-23 05","야","일","1","2","2","0","0","경기","남양주시","차량단독","공작물충돌","공작물충돌","안전운전 의무 불이행","단일로","기타단일로","화물차","없음","970625","1954985","127.1672501","37.59380124","N"
"2015","2015-08-23 05","야","일","1","0","0","0","0","경남","사천시","차대차","추돌","진행중 추돌","안전운전 의무 불이행","단일로","기타단일로","승용차","자전거","1051654","1671874","128.0663375","35.04057274","N"
"2015","2015-08-23 06","주","일","1","1","1","0","0","경북","구미시","차대차","기타","기타","안전운전 의무 불이행","단일로","기타단일로","승용차","특수차","1078279","1786409","128.3693097","36.07145907","N"
"2015","2015-08-23 06","주","일","1","0","0","0","0","인천","서구","차대차","기타","기타","과속","교차로","교차로내","승용차","자전거","926463","1955313","126.6669991","37.59428712","N"
"2015","2015-08-23 07","주","일","1","0","0","0","0","경기","남양주시","차대차","정면충돌","정면충돌","신호위반","교차로","교차로내","승용차","이륜차","973126","1969109","127.19506","37.72118152","N"
"2015","2015-08-23 07","주","일","1","0","0","0","0","충남","논산시","차대사람","기타","기타","안전운전 의무 불이행","단일로","기타단일로","화물차","보행자","975540","1799548","127.2279438","36.19276026","N"
"2015","2015-08-23 10","주","일","1","0","0","0","0","전북","부안군","차량단독","전도전복","전도전복","과속","단일로","기타단일로","이륜차","없음","929521","1748291","126.7206799","35.72841252","N"
"2015","2015-08-23 11","주","일","1","0","0","0","0","충북","괴산군","차량단독","기타","기타","안전운전 의무 불이행","단일로","기타단일로","농기계","없음","1020979","1858636","127.7349406","36.72553066","N"
"2015","2015-08-23 11","주","일","1","0","0","0","0","충북","청주시","차대차","측면충돌","측면충돌","기타","교차로","교차로부근","이륜차","승용차","996766","1849674","127.4638207","36.64496542","N"
"2015","2015-08-23 14","주","일","1","0","0","0","0","대구","달성군","차대차","추돌","진행중 추돌","안전운전 의무 불이행","단일로","기타단일로","이륜차","승용차","1085657.6","1743309","128.4466073","35.68229506","N"
"2015","2015-08-23 16","주","일","1","0","0","0","0","전남","보성군","차량단독","기타","기타","안전운전 의무 불이행","기타/불명","기타/불명","농기계","없음","967080","1658284","127.1395959","34.91881262","N"
"2015","2015-08-23 20","야","일","1","0","0","0","0","충남","천안시","차대차","추돌","진행중 추돌","안전운전 의무 불이행","단일로","기타단일로","승용차","자전거","967424","1881024.8","127.134229","36.92702753","N"
"2015","2015-08-23 21","야","일","1","0","0","0","0","강원","양양군","차대사람","차도통행중","차도통행중","안전운전 의무 불이행","교차로","교차로내","승용차","보행자","1105843","2004170","128.7060305","38.03139763","N"
"2015","2015-08-23 21","야","일","1","1","1","0","0","전남","영암군","차량단독","도로이탈","도로이탈 추락","안전운전 의무 불이행","단일로","기타단일로","승용차","없음","911010","1638138","126.5279389","34.73379768","N"
"2015","2015-08-23 21","야","일","1","1","0","1","0","경북","영덕군","차대차","추돌","진행중 추돌","과속","단일로","기타단일로","승용차","승용차","1168308","1826124","129.3772959","36.41790412","N"
"2015","2015-08-23 21","야","일","1","0","0","0","0","대구","북구","차대사람","횡단중","횡단중","과속","교차로","교차로내","승용차","보행자","1095658","1766442","128.5598714","35.88991308","N"
"2015","2015-08-24 09","주","월","1","0","0","0","0","경북","경주시","차대사람","기타","기타","안전운전 의무 불이행","교차로","교차로내","화물차","보행자","1154580","1762362","129.2117125","35.84561033","N"