"발생년","발생년월일시","주야","요일","사망자수","부상자수","중상자수","경상자수","부상신고자수","발생지시도","발생지시군구","사고유형_대분류","사고유형_중분류","사고유형","가해자법규위반","도로형태_대분류","도로형태","가해자_당사자종별","피해자_당사자종별","발생위치(X_UTMK)","발생위치(Y_UTMK)","경도","위도"," 어린이사고 여부"
"2015","2015-09-04 16","주","금","1","0","0","0","0","경기","연천군","차대차","추돌","진행중 추돌","안전운전 의무 불이행","단일로","기타단일로","화물차","원동기장치자전거","962088","2001364","127.0681209","38.01150051","N"
"2015","2015-09-04 16","주","금","1","2","0","2","0","경기","안성시","차대차","측면충돌","측면충돌","안전거리 미확보","단일로","기타단일로","특수차","승합차","967843","1893502","127.1384017","37.03951484","N"
"2015","2015-09-04 18","야","금","1","0","0","0","0","경기","부천시","차대사람","기타","기타","안전운전 의무 불이행","교차로","교차로내","화물차","보행자","938030","1945943","126.7988078","37.51068816","N"
"2015","2015-09-04 18","야","금","1","0","0","0","0","충북","제천시","차대차","측면충돌","측면충돌","중앙선 침범","단일로","기타단일로","자전거","승용차","1059550","1906703","128.1706598","37.15716571","Y"
"2015","2015-09-04 18","야","금","1","0","0","0","0","전북","남원시","차량단독","전도전복","전도전복","안전운전 의무 불이행","단일로","기타단일로","농기계","없음","996042.2","1720697.8","127.4563702","35.48213329","N"
"2015","2015-09-04 19","야","금","1","0","0","0","0","강원","홍천군","차대사람","횡단중","횡단중","안전운전 의무 불이행","단일로","기타단일로","승용차","보행자","1029284","1962296","127.8320121","37.65970053","N"
"2015","2015-09-04 20","야","금","1","0","0","0","0","경기","포천시","차대사람","횡단중","횡단중","안전운전 의무 불이행","교차로","교차로내","승용차","보행자","975902","1974228","127.2263892","37.76739731","N"
"2015","2015-09-04 20","야","금","1","0","0","0","0","경기","수원시","차대차","측면충돌","측면충돌","기타","단일로","기타단일로","승용차","원동기장치자전거","955117","1918954","126.9937778","37.26841281","N"
"2015","2015-09-04 22","야","금","1","0","0","0","0","충남","홍성군","차대차","추돌","주정차중 추돌","안전운전 의무 불이행","교차로","교차로부근","이륜차","화물차","925057","1844491","126.6621456","36.59530108","N"
"2015","2015-09-05 00","야","토","1","0","0","0","0","서울","중구","차대사람","횡단중","횡단중","안전운전 의무 불이행","교차로","교차로부근","승용차","보행자","954620","1951987","126.9861422","37.56612938","N"
"2015","2015-09-05 08","주","토","1","0","0","0","0","충남","예산군","차대차","추돌","진행중 추돌","안전운전 의무 불이행","교차로","교차로내","화물차","원동기장치자전거","928430","1860766","126.6983316","36.74226386","N"
"2015","2015-09-05 12","주","토","1","0","0","0","0","전남","해남군","차대차","측면충돌","측면충돌","안전운전 의무 불이행","단일로","기타단일로","이륜차","승합차","909661","1597622","126.5175093","34.36835566","N"
"2015","2015-09-05 14","주","토","1","0","0","0","0","서울","성북구","차량단독","전도전복","전도전복","안전운전 의무 불이행","단일로","기타단일로","자전거","없음","962119","1957219","127.0707836","37.61362589","N"
"2015","2015-09-05 17","주","토","1","1","0","1","0","전북","진안군","차대차","측면충돌","측면충돌","과속","교차로","교차로부근","화물차","승용차","991761","1753948","127.4088355","35.78190695","N"
"2015","2015-09-05 18","야","토","1","0","0","0","0","충남","천안시","차대차","정면충돌","정면충돌","중앙선 침범","단일로","기타단일로","승용차","승합차","972571","1879284","127.192083","36.91149912","N"
"2015","2015-09-05 18","야","토","1","0","0","0","0","경북","예천군","차량단독","공작물충돌","공작물충돌","안전운전 의무 불이행","단일로","기타단일로","원동기장치자전거","없음","1081536","1849063","128.4120406","36.63597158","N"
"2015","2015-09-05 21","야","토","1","0","0","0","0","경남","합천군","차량단독","도로이탈","도로이탈 기타","안전운전 의무 불이행","단일로","기타단일로","승용차","없음","1046322","1725848","128.0109275","35.52749675","N"
"2015","2015-09-05 23","야","토","1","0","0","0","0","대구","달서구","차대사람","횡단중","횡단중","안전운전 의무 불이행","교차로","교차로부근","승용차","보행자","1096325","1761687","128.5666859","35.84698334","N"
"2015","2015-09-06 00","야","일","1","4","3","1","0","부산","부산진구","차대차","기타","기타","신호위반","교차로","교차로내","승용차","승용차","1139544","1685361","129.0320322","35.15382317","N"
"2015","2015-09-06 02","야","일","1","2","1","1","0","서울","마포구","차대사람","횡단중","횡단중","안전운전 의무 불이행","단일로","기타단일로","원동기장치자전거","보행자","952505","1950379","126.9622982","37.55152952","N"
"2015","2015-09-06 10","주","일","1","0","0","0","0","서울","광진구","차대차","기타","기타","신호위반","교차로","교차로내","승용차","원동기장치자전거","963519","1951647","127.0869237","37.56346043","N"
"2015","2015-09-06 10","주","일","1","1","0","1","0","충남","서천군","차대차","정면충돌","정면충돌","중앙선 침범","단일로","기타단일로","이륜차","승용차","924276","1789189","126.6587945","36.09672276","N"
"2015","2015-09-06 14","주","일","1","1","0","1","0","전북","완주군","차대차","추돌","진행중 추돌","안전운전 의무 불이행","단일로","기타단일로","이륜차","화물차","976203","1746423","127.2369109","35.71380612","N"
"2015","2015-09-06 16","주","일","1","0","0","0","0","경기","평택시","차량단독","공작물충돌","공작물충돌","기타","단일로","기타단일로","원동기장치자전거","없음","960754","1895366","127.0585921","37.0560474","N"
"2015","2015-09-06 16","주","일","1","3","3","0","0","강원","양구군","차량단독","공작물충돌","공작물충돌","안전운전 의무 불이행","단일로","기타단일로","화물차","없음","1042796","2007290","127.9878683","38.06469119","Y"
"2015","2015-09-06 21","야","일","1","1","0","1","0","경기","양주시","차대차","측면충돌","측면충돌","기타","단일로","기타단일로","승용차","이륜차","960812","1983405","127.0545632","37.84958656","N"
"2015","2015-09-06 22","야","일","1","1","1","0","0","인천","서구","차대차","정면충돌","정면충돌","신호위반","단일로","기타단일로","원동기장치자전거","승합차","926996","1943306","126.6742305","37.4861145","N"
"2015","2015-09-06 23","야","일","1","0","0","0","0","대전","서구","차량단독","전도전복","전도전복","안전운전 의무 불이행","교차로","교차로부근","이륜차","없음","990575","1817816","127.3949496","36.35771892","N"
"2015","2015-09-07 03","야","월","1","12","3","9","0","경북","경주시","차대차","추돌","진행중 추돌","안전운전 의무 불이행","단일로","기타단일로","승합차","화물차","1152888","1755444","129.1916604","35.78352878","N"
"2015","2015-09-07 05","야","월","1","0","0","0","0","강원","강릉시","차대사람","보도통행중","보도통행중","안전운전 의무 불이행","단일로","기타단일로","화물차","보행자","1123866","1974127","128.9061812","37.75841463","N"
"2015","2015-09-07 05","야","월","1","0","0","0","0","전북","전주시","차대사람","횡단중","횡단중","과속","단일로","기타단일로","승용차","보행자","969047","1762202","127.1571881","35.85587232","N"
"2015","2015-09-07 05","야","월","1","0","0","0","0","경북","경산시","차대사람","차도통행중","차도통행중","안전운전 의무 불이행","단일로","기타단일로","화물차","보행자","1111128","1755399","128.7297055","35.78873566","N"
"2015","2015-09-07 12","주","월","1","0","0","0","0","경기","포천시","차대차","기타","기타","기타","교차로","교차로내","화물차","원동기장치자전거","980582","1987219","127.2791773","37.88459788","N"
"2015","2015-09-07 12","주","월","1","0","0","0","0","울산","동구","차대차","측면충돌","측면충돌","안전운전 의무 불이행","교차로","교차로내","승용차","자전거","1174565","1724743","129.424747","35.5032584","N"
"2015","2015-09-07 13","주","월","1","3","1","2","0","경기","용인시","차대차","기타","기타","안전거리 미확보","단일로","기타단일로","화물차","승용차","967672","1894621.6","127.1364307","37.04960124","N"
"2015","2015-09-07 13","주","월","1","1","1","0","0","충북","음성군","차량단독","공작물충돌","공작물충돌","안전운전 의무 불이행","단일로","기타단일로","승합차","없음","1013113","1883267","127.6472759","36.94771174","N"
"2015","2015-09-07 16","주","월","1","0","0","0","0","강원","영월군","차대사람","횡단중","횡단중","보행자 보호의무 위반","단일로","횡단보도상","승용차","보행자","1085821","1909859","128.4668571","37.18356696","N"
"2015","2015-09-07 16","주","월","1","0","0","0","0","대구","달서구","차대사람","횡단중","횡단중","안전운전 의무 불이행","교차로","교차로내","화물차","보행자","1094878","1757176","128.5501286","35.80645926","N"
"2015","2015-09-07 19","야","월","1","0","0","0","0","경북","김천시","차대차","추돌","진행중 추돌","안전운전 의무 불이행","단일로","기타단일로","화물차","이륜차","1064373","1795807","128.2156601","36.15720319","N"
"2015","2015-09-07 21","야","월","1","0","0","0","0","제주","제주시","차대사람","횡단중","횡단중","안전운전 의무 불이행","단일로","기타단일로","승합차","보행자","913662.2","1503408.8","126.5703027","33.5191015","N"
"2015","2015-09-08 00","야","화","1","0","0","0","0","전북","완주군","차대사람","차도통행중","차도통행중","안전운전 의무 불이행","단일로","기타단일로","승용차","보행자","955122","1758250","127.003192","35.81970271","N"
"2015","2015-09-08 04","야","화","1","0","0","0","0","서울","성북구","차량단독","공작물충돌","공작물충돌","안전운전 의무 불이행","단일로","기타단일로","승합차","없음","956076","1956560","127.0023542","37.60741732","N"
"2015","2015-09-08 05","야","화","1","0","0","0","0","경기","안양시","차대차","측면충돌","측면충돌","신호위반","교차로","교차로내","원동기장치자전거","화물차","950838","1933447","126.9445572","37.39882923","N"
"2015","2015-09-08 06","주","화","2","1","0","1","0","경기","부천시","차대사람","차도통행중","차도통행중","안전운전 의무 불이행","교차로","교차로부근","승용차","보행자","934284","1943494","126.7566437","37.48835634","N"
"2015","2015-09-08 09","주","화","1","1","1","0","0","경북","구미시","차대차","기타","기타","안전운전 의무 불이행","단일로","기타단일로","화물차","화물차","1082991","1796781","128.4227252","36.16456754","N"
"2015","2015-09-08 10","주","화","1","0","0","0","0","경남","함안군","차대차","추돌","진행중 추돌","안전운전 의무 불이행","단일로","터널안","화물차","이륜차","1093026","1703778","128.5234928","35.32524585","N"
"2015","2015-09-08 13","주","화","1","1","1","0","0","경남","창녕군","차량단독","전도전복","전도전복","안전운전 의무 불이행","단일로","기타단일로","농기계","없음","1083640","1719790","128.4218803","35.47043494","N"
"2015","2015-09-08 15","주","화","1","0","0","0","0","경남","합천군","차대차","추돌","주정차중 추돌","안전운전 의무 불이행","단일로","기타단일로","이륜차","화물차","1074349","1737275","128.3210906","35.62881306","N"
"2015","2015-09-08 17","주","화","1","0","0","0","0","대전","서구","차대차","측면충돌","측면충돌","신호위반","교차로","교차로내","승용차","자전거","991195","1817313","127.4018658","36.35319005","N"
"2015","2015-09-08 18","야","화","1","0","0","0","0","강원","횡성군","차량단독","전도전복","전도전복","안전운전 의무 불이행","단일로","기타단일로","화물차","없음","1056114","1945420","128.1348954","37.50634906","N"
"2015","2015-09-08 19","야","화","1","0","0","0","0","부산","강서구","차대차","정면충돌","정면충돌","안전운전 의무 불이행","교차로","교차로내","승합차","이륜차","1127586","1677472","128.8995666","35.08429611","N"
"2015","2015-09-08 19","야","화","1","0","0","0","0","경북","상주시","차대차","추돌","진행중 추돌","안전운전 의무 불이행","교차로","교차로내","원동기장치자전거","승용차","1053112","1809404","128.0913957","36.2804647","N"
"2015","2015-09-08 22","야","화","1","1","1","0","0","경남","함안군","차대차","추돌","진행중 추돌","안전운전 의무 불이행","단일로","기타단일로","승용차","원동기장치자전거","1093899","1700090","128.5326737","35.29191496","N"
"2015","2015-09-09 02","야","수","1","2","1","0","1","경북","칠곡군","차대차","추돌","주정차중 추돌","안전운전 의무 불이행","단일로","기타단일로","화물차","화물차","1083615","1777489","128.4276173","35.99060345","N"
"2015","2015-09-09 04","야","수","2","1","1","0","0","광주","서구","차대차","정면충돌","정면충돌","중앙선 침범","단일로","기타단일로","승합차","승용차","941446","1681648","126.8573236","35.12832575","N"
"2015","2015-09-09 08","주","수","1","0","0","0","0","경남","고성군","차량단독","공작물충돌","공작물충돌","안전운전 의무 불이행","단일로","기타단일로","원동기장치자전거","없음","1081063","1664086","128.3879922","34.96842008","N"
"2015","2015-09-09 09","주","수","1","2","2","0","0","충북","단양군","차대사람","길가장자리구역통행중","길가장자리구역통행중","기타","단일로","기타단일로","화물차","보행자","1067999","1899222","128.2651273","37.08915956","N"
"2015","2015-09-09 10","주","수","1","0","0","0","0","경기","김포시","차대차","추돌","진행중 추돌","안전운전 의무 불이행","단일로","기타단일로","원동기장치자전거","화물차","922404","1962337","126.6202792","37.65725685","N"
"2015","2015-09-09 10","주","수","1","1","1","0","0","전남","나주시","차대차","정면충돌","정면충돌","중앙선 침범","단일로","기타단일로","승용차","승용차","929462","1671454","126.7266674","35.03564279","N"
"2015","2015-09-09 12","주","수","1","0","0","0","0","전남","구례군","차량단독","전도전복","전도전복","안전운전 의무 불이행","단일로","기타단일로","승용차","없음","994517","1703609","127.4396717","35.32803919","N"
"2015","2015-09-09 16","주","수","1","0","0","0","0","전북","고창군","차량단독","도로이탈","도로이탈 추락","안전운전 의무 불이행","단일로","기타단일로","이륜차","없음","922036","1715788","126.6410576","35.43481553","N"
"2015","2015-09-09 18","야","수","1","0","0","0","0","경기","화성시","차대차","추돌","진행중 추돌","안전운전 의무 불이행","교차로","교차로내","자전거","승용차","946174","1902854","126.8940779","37.12281919","N"
"2015","2015-09-09 19","야","수","1","0","0","0","0","경기","용인시","차대사람","횡단중","횡단중","신호위반","교차로","교차로내","승용차","보행자","969010","1921707","127.1503548","37.29379421","N"
"2015","2015-09-09 20","야","수","1","0","0","0","0","경남","창원시(통합)","차량단독","기타","기타","안전운전 의무 불이행","교차로","교차로내","자전거","없음","1102085","1697076","128.6223111","35.26394081","N"
"2015","2015-09-09 22","야","수","1","0","0","0","0","경기","김포시","차대사람","횡단중","횡단중","안전운전 의무 불이행","단일로","기타단일로","승용차","보행자","919920","1961919","126.5921667","37.65327634","N"
"2015","2015-09-10 08","주","목","1","0","0","0","0","경기","화성시","차량단독","공작물충돌","공작물충돌","안전운전 의무 불이행","교차로","교차로내","승용차","없음","929107","1914593","126.7008551","37.22748861","N"
"2015","2015-09-10 10","주","목","1","0","0","0","0","경기","광주시","차대차","추돌","진행중 추돌","안전운전 의무 불이행","단일로","기타단일로","승용차","자전거","980454","1941229","127.2789549","37.47007221","N"
"2015","2015-09-10 10","주","목","1","0","0","0","0","경북","군위군","차대사람","길가장자리구역통행중","길가장자리구역통행중","안전운전 의무 불이행","단일로","기타단일로","승용차","보행자","1089427","1809095","128.4956795","36.27499623","N"
"2015","2015-09-10 13","주","목","1","0","0","0","0","경기","안성시","차대차","측면충돌","측면충돌","안전거리 미확보","단일로","기타단일로","자전거","승용차","977662","1890487","127.2489024","37.01262183","N"
"2015","2015-09-10 13","주","목","1","0","0","0","0","경북","안동시","차대차","기타","기타","중앙선 침범","단일로","기타단일로","불명","이륜차","1106849","1847261","128.6948853","36.6172263","N"
"2015","2015-09-10 13","주","목","1","2","0","1","1","광주","광산구","차대차","추돌","진행중 추돌","과속","단일로","기타단일로","승용차","승용차","931048","1684584","126.7429604","35.15413916","N"
"2015","2015-09-10 14","주","목","1","2","2","0","0","전남","여수시","차대사람","보도통행중","보도통행중","안전운전 의무 불이행","단일로","기타단일로","승용차","보행자","1022054","1638828","127.7409341","34.74366053","N"
"2015","2015-09-10 15","주","목","1","0","0","0","0","서울","노원구","차대차","기타","기타","안전운전 의무 불이행","교차로","교차로내","자전거","승용차","962215","1962233","127.0716119","37.65882205","N"
"2015","2015-09-10 15","주","목","1","3","1","2","0","충북","옥천군","차대차","기타","기타","중앙선 침범","단일로","기타단일로","이륜차","승용차","1014177","1809329","127.6578613","36.28114668","N"
"2015","2015-09-10 17","주","목","1","0","0","0","0","경북","상주시","차대사람","횡단중","횡단중","안전운전 의무 불이행","단일로","기타단일로","특수차","보행자","1044032","1827762","127.991334","36.44642048","N"
"2015","2015-09-10 19","야","목","1","0","0","0","0","울산","울주군","차대차","추돌","진행중 추돌","중앙선 침범","단일로","기타단일로","특수차","화물차","1160403","1716431","129.2670268","35.43073688","N"
"2015","2015-09-10 22","야","목","1","1","1","0","0","전북","임실군","차대차","정면충돌","정면충돌","중앙선 침범","단일로","기타단일로","승용차","승용차","983509","1733296","127.3179511","35.59559707","N"
"2015","2015-09-11 01","야","금","1","0","0","0","0","충북","단양군","차량단독","공작물충돌","공작물충돌","안전운전 의무 불이행","단일로","기타단일로","화물차","없음","1073876","1882993","128.3296575","36.94243512","N"
"2015","2015-09-11 05","야","금","1","0","0","0","0","대구","동구","차대차","측면충돌","측면충돌","안전운전 의무 불이행","교차로","교차로내","자전거","승용차","1108023","1764076","128.6965271","35.8672986","N"
"2015","2015-09-11 06","주","금","1","0","0","0","0","부산","부산진구","차대차","정면충돌","정면충돌","신호위반","교차로","교차로내","화물차","원동기장치자전거","1142570","1686450","129.0654314","35.16321464","N"
"2015","2015-09-11 10","주","금","1","0","0","0","0","경남","산청군","차대사람","길가장자리구역통행중","길가장자리구역통행중","안전운전 의무 불이행","단일로","기타단일로","화물차","보행자","1031184","1706421","127.8432157","35.35292256","N"
"2015","2015-09-11 12","주","금","1","0","0","0","0","충북","충주시","차대차","기타","기타","안전운전 의무 불이행","교차로","교차로내","화물차","자전거","1019427","1894740","127.7184855","37.05102444","N"
"2015","2015-09-11 12","주","금","1","0","0","0","0","전북","남원시","차대사람","횡단중","횡단중","안전운전 의무 불이행","단일로","기타단일로","승용차","보행자","990055","1713739","127.3904539","35.4193456","N"
"2015","2015-09-11 12","주","금","1","0","0","0","0","경남","산청군","차량단독","공작물충돌","공작물충돌","안전운전 의무 불이행","단일로","기타단일로","이륜차","없음","1031674","1715348","127.8489552","35.4333991","N"
"2015","2015-09-11 13","주","금","1","0","0","0","0","경남","고성군","차대차","기타","기타","안전운전 의무 불이행","단일로","기타단일로","자전거","승용차","1075500","1666312","128.3272608","34.98892116","N"
"2015","2015-09-11 15","주","금","1","1","1","0","0","경기","안성시","차대차","정면충돌","정면충돌","중앙선 침범","단일로","기타단일로","화물차","화물차","971109","1895867","127.1750357","37.06093968","N"
"2015","2015-09-11 16","주","금","1","0","0","0","0","경기","하남시","차대차","측면충돌","측면충돌","교차로 통행방법 위반","교차로","교차로내","원동기장치자전거","화물차","973852","1945482","127.2041427","37.50824364","N"
"2015","2015-09-11 18","야","금","1","0","0","0","0","경남","진주시","차대차","측면충돌","측면충돌","신호위반","교차로","교차로부근","자전거","승용차","1052026","1687056","128.0713706","35.17744716","N"
"2015","2015-09-11 19","야","금","1","0","0","0","0","제주","제주시","차대차","추돌","진행중 추돌","안전운전 의무 불이행","단일로","기타단일로","승용차","농기계","897218","1496321","126.3940686","33.45372837","N"
"2015","2015-09-11 21","야","금","1","0","0","0","0","인천","부평구","차대사람","기타","기타","안전운전 의무 불이행","단일로","횡단보도상","승용차","보행자","931299","1946133","126.7226347","37.51192395","N"
"2015","2015-09-11 22","야","금","1","0","0","0","0","경기","용인시","차대차","기타","기타","안전운전 의무 불이행","단일로","기타단일로","승용차","승용차","962582","1918775","127.07798","37.26712941","N"
"2015","2015-09-11 23","야","금","1","1","0","1","0","서울","도봉구","차대사람","횡단중","횡단중","안전운전 의무 불이행","단일로","횡단보도상","원동기장치자전거","보행자","959798","1963808","127.0441231","37.67291503","N"
"2015","2015-09-12 02","야","토","1","1","1","0","0","충남","홍성군","차대차","정면충돌","정면충돌","과속","단일로","기타단일로","승용차","승용차","922857","1842783","126.6377236","36.57972969","N"
"2015","2015-09-12 03","야","토","1","5","2","3","0","서울","강북구","차대차","측면충돌","측면충돌","신호위반","교차로","교차로내","승용차","승용차","958514","1957619","127.0299151","37.61707553","N"
"2015","2015-09-12 05","야","토","1","0","0","0","0","대구","수성구","차대사람","횡단중","횡단중","안전운전 의무 불이행","단일로","횡단보도상","승용차","보행자","1100268","1761070","128.6102652","35.8410259","N"
"2015","2015-09-12 06","주","토","1","0","0","0","0","경남","사천시","차대사람","횡단중","횡단중","안전운전 의무 불이행","단일로","기타단일로","승용차","보행자","1051843","1659582","128.0676441","34.92972585","N"
"2015","2015-09-12 07","주","토","2","2","1","1","0","경북","안동시","차대차","정면충돌","정면충돌","중앙선 침범","단일로","기타단일로","화물차","화물차","1127510","1842293","128.9250528","36.56991288","N"
"2015","2015-09-12 08","주","토","1","2","1","1","0","전북","정읍시","차량단독","공작물충돌","공작물충돌","안전운전 의무 불이행","단일로","기타단일로","승용차","없음","939169","1729907","126.8287433","35.56330869","N"
"2015","2015-09-12 10","주","토","1","1","1","0","0","경기","시흥시","차대차","추돌","주정차중 추돌","안전운전 의무 불이행","단일로","기타단일로","승용차","승용차","937634","1933437","126.7953856","37.39794425","N"
"2015","2015-09-12 11","주","토","1","0","0","0","0","충남","당진시","차량단독","기타","기타","안전운전 의무 불이행","교차로","교차로내","원동기장치자전거","없음","918637","1888043","126.5857255","36.98733535","N"
"2015","2015-09-12 12","주","토","1","0","0","0","0","경기","안산시","차대차","기타","기타","중앙선 침범","단일로","기타단일로","원동기장치자전거","승용차","917858","1918040","126.5736841","37.25763256","N"
"2015","2015-09-12 14","주","토","1","0","0","0","0","경남","창원시(통합)","차대사람","횡단중","횡단중","안전운전 의무 불이행","교차로","교차로내","승합차","보행자","1105758","1684046","128.6610111","35.14609049","N"
"2015","2015-09-12 18","야","토","1","0","0","0","0","서울","노원구","차량단독","전도전복","전도전복","안전운전 의무 불이행","단일로","기타단일로","자전거","없음","961501","1959358","127.0636687","37.63287948","N"
"2015","2015-09-12 19","야","토","1","0","0","0","0","경남","고성군","차대사람","기타","기타","안전운전 의무 불이행","단일로","기타단일로","승용차","보행자","1078972","1673167","128.3659515","35.05046329","N"
"2015","2015-09-12 20","야","토","1","0","0","0","0","서울","강동구","차대사람","기타","기타","과속","단일로","기타단일로","승용차","보행자","966316","1949137","127.1187089","37.54094339","N"
"2015","2015-09-12 20","야","토","1","1","0","1","0","인천","계양구","차대차","측면충돌","측면충돌","기타","단일로","기타단일로","승용차","승용차","936104","1953216","126.7763833","37.57610747","N"
"2015","2015-09-12 22","야","토","1","0","0","0","0","경기","동두천시","차대사람","횡단중","횡단중","안전운전 의무 불이행","교차로","교차로부근","승용차","보행자","961148","1990636","127.057993","37.91477259","N"
"2015","2015-09-12 22","야","토","1","1","1","0","0","충북","충주시","차대차","기타","기타","신호위반","교차로","교차로내","원동기장치자전거","승용차","1037263","1885950","127.9186394","36.97125089","N"
"2015","2015-09-12 22","야","토","1","1","0","0","1","충남","서산시","차대사람","횡단중","횡단중","과속","단일로","기타단일로","승용차","보행자","906489","1864121","126.4521882","36.77059428","N"
"2015","2015-09-12 22","야","토","1","0","0","0","0","전북","군산시","차대사람","횡단중","횡단중","안전운전 의무 불이행","교차로","교차로부근","승용차","보행자","924023","1773982","126.6574454","35.95961307","N"
"2015","2015-09-12 22","야","토","1","2","2","0","0","전북","완주군","차량단독","공작물충돌","공작물충돌","안전운전 의무 불이행","단일로","기타단일로","승용차","없음","958599","1758673","127.04166","35.82366937","N"
"2015","2015-09-12 23","야","토","1","0","0","0","0","경남","밀양시","차량단독","공작물충돌","공작물충돌","안전운전 의무 불이행","단일로","기타단일로","승용차","없음","1135110","1733076","128.9912586","35.58452442","N"
"2015","2015-09-13 02","야","일","2","0","0","0","0","경기","가평군","차량단독","공작물충돌","공작물충돌","안전운전 의무 불이행","단일로","기타단일로","이륜차","없음","992957","1972635","127.4200482","37.75332968","N"
"2015","2015-09-13 04","야","일","1","0","0","0","0","서울","용산구","차량단독","전도전복","전도전복","안전운전 의무 불이행","단일로","터널안","원동기장치자전거","없음","955278","1950681","126.9936724","37.55439031","N"
"2015","2015-09-13 05","야","일","1","0","0","0","0","경남","통영시","차대사람","횡단중","횡단중","보행자 보호의무 위반","교차로","교차로부근","승용차","보행자","1085166","1650994","128.4315983","34.8500407","N"
"2015","2015-09-13 06","주","일","1","0","0","0","0","경기","광주시","차대차","측면충돌","측면충돌","신호위반","교차로","교차로내","이륜차","승합차","977796","1932792","127.2491498","37.39396371","N"
"2015","2015-09-13 09","주","일","1","1","0","1","0","강원","삼척시","차대차","추돌","주정차중 추돌","안전운전 의무 불이행","단일로","기타단일로","승용차","자전거","1142072","1935840","129.1053665","37.41080284","N"
"2015","2015-09-13 13","주","일","1","0","0","0","0","경기","평택시","차대사람","차도통행중","차도통행중","안전운전 의무 불이행","단일로","기타단일로","화물차","보행자","959971","1897242","127.0496858","37.07292467","N"
"2015","2015-09-13 13","주","일","1","0","0","0","0","경북","상주시","차량단독","공작물충돌","공작물충돌","안전운전 의무 불이행","단일로","기타단일로","이륜차","없음","1036205","1830946","127.904147","36.47545184","N"
"2015","2015-09-13 14","주","일","2","0","0","0","0","경남","합천군","차대사람","길가장자리구역통행중","길가장자리구역통행중","안전운전 의무 불이행","단일로","기타단일로","승용차","보행자","1060267","1735209","128.1654289","35.61114577","N"
"2015","2015-09-13 15","주","일","1","1","0","1","0","경기","안성시","차대차","측면충돌","측면충돌","중앙선 침범","단일로","기타단일로","원동기장치자전거","승용차","997479","1898560","127.4716347","37.08565695","N"
"2015","2015-09-13 17","주","일","1","0","0","0","0","서울","중랑구","차대차","측면충돌","측면충돌","교차로 통행방법 위반","교차로","교차로내","원동기장치자전거","화물차","963630","1957804","127.0878747","37.61895967","N"
"2015","2015-09-13 17","주","일","1","0","0","0","0","경기","평택시","차대사람","기타","기타","안전운전 의무 불이행","단일로","기타단일로","화물차","보행자","948568","1880588","126.9225471","36.92224958","N"
"2015","2015-09-13 18","야","일","1","0","0","0","0","경기","화성시","차대사람","횡단중","횡단중","안전운전 의무 불이행","단일로","기타단일로","이륜차","보행자","947762","1903762","126.9118899","37.1310937","N"
"2015","2015-09-13 20","야","일","1","0","0","0","0","전북","군산시","차대차","기타","기타","안전운전 의무 불이행","단일로","기타단일로","승용차","불명","928083","1775554","126.7023226","35.97409247","N"
"2015","2015-09-13 22","야","일","1","0","0","0","0","광주","남구","차대사람","횡단중","횡단중","기타","단일로","기타단일로","승용차","보행자","945183.9","1681762.1","126.8983403","35.12956516","N"
"2015","2015-09-14 00","야","월","1","0","0","0","0","울산","동구","차량단독","공작물충돌","공작물충돌","안전운전 의무 불이행","단일로","기타단일로","승용차","없음","1176895","1731088","129.4518091","35.56002325","N"
"2015","2015-09-14 02","야","월","1","0","0","0","0","제주","제주시","차대차","추돌","진행중 추돌","안전거리 미확보","단일로","횡단보도부근","이륜차","화물차","909156.6","1501300.2","126.5220058","33.49971185","N"
"2015","2015-09-14 08","주","월","1","1","0","1","0","경남","진주시","차대차","추돌","진행중 추돌","안전운전 의무 불이행","단일로","기타단일로","화물차","화물차","1056869","1691881","128.1248888","35.22068973","N"
"2015","2015-09-14 10","주","월","1","0","0","0","0","경북","안동시","차대차","기타","기타","안전운전 의무 불이행","단일로","기타단일로","화물차","농기계","1099011","1844331","128.6068715","36.59166387","N"
"2015","2015-09-14 12","주","월","1","0","0","0","0","경기","부천시","차대차","측면충돌","측면충돌","안전운전 의무 불이행","교차로","교차로내","승용차","원동기장치자전거","936066","1944865","126.7766804","37.50083821","N"
"2015","2015-09-14 13","주","월","1","0","0","0","0","경기","평택시","차대사람","기타","기타","안전운전 의무 불이행","교차로","교차로부근","승용차","보행자","960319","1898399","127.0535395","37.08336871","N"
"2015","2015-09-14 14","주","월","1","0","0","0","0","충북","증평군","차대사람","횡단중","횡단중","안전운전 의무 불이행","교차로","교차로내","승용차","보행자","1008050","1865294","127.5902213","36.78574886","N"
"2015","2015-09-14 19","야","월","1","0","0","0","0","충북","청주시","차대차","측면충돌","측면충돌","안전운전 의무 불이행","단일로","횡단보도상","승용차","자전거","990645","1846827","127.3953787","36.61925932","N"
"2015","2015-09-14 19","야","월","1","0","0","0","0","경남","양산시","차대사람","횡단중","횡단중","보행자 보호의무 위반","단일로","기타단일로","승합차","보행자","1137736","1704048","129.0153191","35.32251582","N"
"2015","2015-09-15 01","야","화","1","6","1","5","0","충남","공주시","차대차","추돌","진행중 추돌","안전운전 의무 불이행","단일로","기타단일로","승용차","화물차","962376","1825657","127.0802704","36.4277167","N"
"2015","2015-09-15 02","야","화","1","2","1","0","1","부산","수영구","차대차","정면충돌","정면충돌","중앙선 침범","단일로","터널안","이륜차","승용차","1145730","1685436","129.0999376","35.15362151","N"