"발생년","발생년월일시","주야","요일","사망자수","부상자수","중상자수","경상자수","부상신고자수","발생지시도","발생지시군구","사고유형_대분류","사고유형_중분류","사고유형","가해자법규위반","도로형태_대분류","도로형태","가해자_당사자종별","피해자_당사자종별","발생위치(X_UTMK)","발생위치(Y_UTMK)","경도","위도"," 어린이사고 여부"
"2015","2015-09-15 02","야","화","1","2","2","0","0","경기","파주시","차량단독","공작물충돌","공작물충돌","안전운전 의무 불이행","교차로","교차로내","승용차","없음","941066","1974856","126.8308246","37.77147522","N"
"2015","2015-09-15 07","주","화","1","0","0","0","0","경기","고양시","차대차","기타","기타","안전거리 미확보","단일로","기타단일로","승합차","화물차","931073","1962483","126.7185386","37.65926468","N"
"2015","2015-09-15 07","주","화","1","0","0","0","0","광주","광산구","차대사람","횡단중","횡단중","보행자 보호의무 위반","교차로","교차로내","승합차","보행자","937692","1689055","126.8155637","35.1948859","N"
"2015","2015-09-15 08","주","화","1","1","1","0","0","경기","이천시","차대차","측면충돌","측면충돌","과속","교차로","교차로내","승용차","농기계","993619","1912930","127.4280809","37.21517257","N"
"2015","2015-09-15 14","주","화","1","1","0","1","0","강원","홍천군","차대차","추돌","진행중 추돌","안전운전 의무 불이행","단일로","터널안","화물차","화물차","1006047.6","1968729.9","127.5686196","37.71813897","N"
"2015","2015-09-15 16","주","화","1","0","0","0","0","충북","괴산군","차대사람","기타","기타","안전운전 의무 불이행","단일로","기타단일로","화물차","보행자","1040108.9","1873104.1","127.9499308","36.85533728","N"
"2015","2015-09-15 19","야","화","1","0","0","0","0","경기","고양시","차량단독","공작물충돌","공작물충돌","안전운전 의무 불이행","단일로","기타단일로","승용차","없음","940495","1956289","126.8258579","37.60409846","N"
"2015","2015-09-15 19","야","화","1","2","2","0","0","강원","평창군","차량단독","전도전복","전도전복","안전운전 의무 불이행","단일로","기타단일로","화물차","없음","1090558","1924480","128.5219948","37.31489293","N"
"2015","2015-09-15 19","야","화","1","0","0","0","0","강원","철원군","차대사람","횡단중","횡단중","안전운전 의무 불이행","단일로","기타단일로","승용차","보행자","975044","2023209","127.2149445","38.20883059","N"
"2015","2015-09-15 20","야","화","1","2","0","2","0","전북","익산시","차대차","추돌","진행중 추돌","안전운전 의무 불이행","교차로","교차로부근","승용차","승용차","950266","1774341","126.948432","35.96453997","N"
"2015","2015-09-16 01","야","수","1","1","1","0","0","경기","광주시","차대차","추돌","진행중 추돌","안전운전 의무 불이행","단일로","기타단일로","화물차","화물차","978452","1939691","127.2563595","37.45616471","N"
"2015","2015-09-16 04","야","수","1","0","0","0","0","대전","중구","차대차","측면충돌","측면충돌","과속","단일로","기타단일로","승용차","자전거","991278","1814776","127.4028192","36.3303187","N"
"2015","2015-09-16 06","주","수","1","1","0","1","0","경남","함안군","차대차","측면충돌","측면충돌","신호위반","교차로","교차로내","승용차","화물차","1084372","1698499","128.4277478","35.27841989","N"
"2015","2015-09-16 09","주","수","1","0","0","0","0","경북","포항시","차량단독","공작물충돌","공작물충돌","안전운전 의무 불이행","단일로","기타단일로","승용차","없음","1183479","1787356","129.5373306","36.06583099","N"
"2015","2015-09-16 10","주","수","1","0","0","0","0","경기","고양시","차대차","기타","기타","신호위반","교차로","교차로내","이륜차","승용차","937276","1964812","126.7886597","37.68070021","N"
"2015","2015-09-16 11","주","수","1","1","1","0","0","경북","포항시","차대차","기타","기타","중앙선 침범","단일로","기타단일로","이륜차","특수차","1169629","1794408","129.3851374","36.13189083","N"
"2015","2015-09-16 14","주","수","1","1","1","0","0","울산","울주군","차량단독","공작물충돌","공작물충돌","안전운전 의무 불이행","단일로","기타단일로","화물차","없음","1146657","1728804","129.1178891","35.54437694","N"
"2015","2015-09-16 14","주","수","1","0","0","0","0","전남","무안군","차대차","측면충돌","측면충돌","신호위반","교차로","교차로내","이륜차","승용차","896213","1667584","126.3626839","34.99788189","N"
"2015","2015-09-17 11","주","목","1","6","2","4","0","전남","영광군","차대차","측면충돌","측면충돌","기타","교차로","교차로내","화물차","승용차","912054","1690170","126.5338488","35.20301958","N"
"2015","2015-09-17 12","주","목","1","0","0","0","0","충남","논산시","차량단독","도로이탈","도로이탈 기타","안전운전 의무 불이행","단일로","기타단일로","승용차","없음","971887","1803494","127.1871722","36.22823615","N"
"2015","2015-09-17 16","주","목","1","0","0","0","0","전북","전주시","차대사람","보도통행중","보도통행중","보행자 보호의무 위반","교차로","교차로부근","화물차","보행자","965394","1757438","127.1169376","35.8127979","N"
"2015","2015-09-17 16","주","목","1","0","0","0","0","전북","군산시","차대사람","차도통행중","차도통행중","안전운전 의무 불이행","교차로","교차로부근","특수차","보행자","930050","1776368","126.7240662","35.98157385","N"
"2015","2015-09-17 19","야","목","1","0","0","0","0","부산","중구","차대사람","횡단중","횡단중","안전운전 의무 불이행","단일로","기타단일로","화물차","보행자","1139591","1680066","129.0316539","35.10608743","N"
"2015","2015-09-17 20","야","목","1","0","0","0","0","광주","북구","차대사람","횡단중","횡단중","안전운전 의무 불이행","단일로","기타단일로","승용차","보행자","944480.4","1686158.6","126.8903235","35.16916854","N"
"2015","2015-09-17 23","야","목","1","0","0","0","0","경북","경주시","차대사람","기타","기타","안전운전 의무 불이행","단일로","기타단일로","특수차","보행자","1154751","1765666","129.2142464","35.87535936","N"
"2015","2015-09-18 00","야","금","1","0","0","0","0","울산","북구","차대사람","횡단중","횡단중","안전운전 의무 불이행","교차로","교차로내","승용차","보행자","1166492","1742212","129.339374","35.66207469","N"
"2015","2015-09-18 04","야","금","1","0","0","0","0","경기","부천시","차대차","측면충돌","측면충돌","안전운전 의무 불이행","교차로","교차로부근","화물차","자전거","933159","1944994","126.7437828","37.50179492","N"
"2015","2015-09-18 04","야","금","1","1","1","0","0","경북","칠곡군","차대차","추돌","진행중 추돌","기타","교차로","교차로내","화물차","화물차","1093166","1784861","128.5344289","36.05619187","N"
"2015","2015-09-18 04","야","금","1","0","0","0","0","대전","유성구","차량단독","기타","기타","안전운전 의무 불이행","교차로","교차로부근","승용차","없음","987781","1822771","127.36373","36.40235851","N"
"2015","2015-09-18 08","주","금","1","0","0","0","0","경남","하동군","차대차","정면충돌","정면충돌","중앙선 침범","단일로","기타단일로","이륜차","건설기계","1014297","1685276","127.6569878","35.16264248","N"
"2015","2015-09-18 10","주","금","1","1","1","0","0","충북","청주시","차대차","측면충돌","측면충돌","중앙선 침범","단일로","기타단일로","승용차","승용차","990594.3","1849779.3","127.3947755","36.64587372","N"
"2015","2015-09-18 10","주","금","1","0","0","0","0","전남","장흥군","차대차","측면충돌","측면충돌","기타","교차로","교차로내","이륜차","화물차","940521","1607544","126.8524172","34.46006351","N"
"2015","2015-09-18 11","주","금","1","0","0","0","0","전남","영광군","차대사람","기타","기타","안전운전 의무 불이행","단일로","기타단일로","승용차","보행자","914198","1700572","126.5563131","35.29698802","N"
"2015","2015-09-18 16","주","금","1","0","0","0","0","전남","신안군","차량단독","전도전복","전도전복","안전운전 의무 불이행","단일로","기타단일로","화물차","없음","866949","1652599","126.044474","34.85937038","N"
"2015","2015-09-18 19","야","금","1","0","0","0","0","경기","고양시","차대사람","횡단중","횡단중","기타","단일로","횡단보도상","승합차","보행자","944079","1956487","126.8664442","37.60610797","N"
"2015","2015-09-18 20","야","금","1","0","0","0","0","광주","광산구","차대사람","횡단중","횡단중","안전운전 의무 불이행","교차로","교차로내","화물차","보행자","935682","1681944","126.7940402","35.13064269","N"
"2015","2015-09-18 23","야","금","1","1","0","1","0","서울","영등포구","차대차","추돌","진행중 추돌","안전운전 의무 불이행","단일로","기타단일로","승용차","승용차","947514","1947514","126.9060015","37.5254361","N"
"2015","2015-09-19 03","야","토","1","1","1","0","0","서울","서대문구","차대차","기타","기타","안전운전 의무 불이행","교차로","교차로내","승용차","원동기장치자전거","949748","1952090","126.9309697","37.56680473","N"
"2015","2015-09-19 03","야","토","1","2","0","2","0","경기","파주시","차대차","추돌","주정차중 추돌","안전운전 의무 불이행","교차로","교차로부근","승용차","화물차","934764","1968834","126.7598135","37.71677366","N"
"2015","2015-09-19 05","야","토","1","0","0","0","0","경북","안동시","차대차","측면충돌","측면충돌","안전운전 의무 불이행","교차로","교차로내","자전거","화물차","1109252","1841295","128.7209051","36.56318227","N"
"2015","2015-09-19 06","주","토","1","1","1","0","0","부산","부산진구","차대차","추돌","진행중 추돌","신호위반","단일로","기타단일로","승용차","승용차","1138879","1685039","129.0246794","35.15101274","N"
"2015","2015-09-19 07","주","토","1","0","0","0","0","경남","밀양시","차대차","기타","기타","안전운전 의무 불이행","단일로","기타단일로","승합차","농기계","1101899","1728740","128.6242238","35.54941389","N"
"2015","2015-09-19 09","주","토","1","0","0","0","0","서울","강서구","차대사람","횡단중","횡단중","신호위반","단일로","횡단보도상","화물차","보행자","943469","1948268","126.8601676","37.53199284","N"
"2015","2015-09-19 10","주","토","1","0","0","0","0","경북","문경시","차대사람","횡단중","횡단중","안전운전 의무 불이행","단일로","기타단일로","화물차","보행자","1061804","1843542","128.1908963","36.58768851","N"
"2015","2015-09-19 11","주","토","1","2","1","1","0","충남","청양군","차대차","추돌","진행중 추돌","기타","단일로","기타단일로","농기계","원동기장치자전거","936591","1827548","126.7924766","36.44340566","N"
"2015","2015-09-19 13","주","토","1","0","0","0","0","경기","광명시","차대차","추돌","주정차중 추돌","중앙선 침범","단일로","기타단일로","승용차","이륜차","944580","1940133","126.8733545","37.45873847","N"
"2015","2015-09-19 16","주","토","1","0","0","0","0","경기","가평군","차대사람","기타","기타","안전운전 의무 불이행","단일로","기타단일로","건설기계","보행자","1002181","1956057","127.524709","37.60393018","N"
"2015","2015-09-19 17","주","토","1","1","1","0","0","경기","양평군","차대사람","기타","기타","안전운전 의무 불이행","단일로","기타단일로","화물차","보행자","1011663","1940960","127.6318925","37.46778067","N"
"2015","2015-09-19 17","주","토","1","2","2","0","0","전남","해남군","차량단독","도로이탈","도로이탈 추락","안전운전 의무 불이행","단일로","기타단일로","승용차","없음","891306","1624809","126.3144579","34.61171598","Y"
"2015","2015-09-19 19","야","토","1","2","1","0","1","강원","횡성군","차량단독","공작물충돌","공작물충돌","안전운전 의무 불이행","단일로","기타단일로","승용차","없음","1053591.6","1940951.3","128.106032","37.4662218","N"
"2015","2015-09-19 20","야","토","1","0","0","0","0","경기","평택시","차대사람","횡단중","횡단중","안전운전 의무 불이행","단일로","기타단일로","승용차","보행자","959797","1890788","127.0480734","37.01474034","N"
"2015","2015-09-19 22","야","토","1","0","0","0","0","경북","포항시","차대사람","기타","기타","안전운전 의무 불이행","단일로","기타단일로","승용차","보행자","1167182","1782926","129.3555227","36.0288505","N"
"2015","2015-09-19 23","야","토","1","0","0","0","0","전북","군산시","차대사람","기타","기타","안전운전 의무 불이행","단일로","기타단일로","승용차","보행자","938662","1774245","126.8197542","35.96301402","N"
"2015","2015-09-20 00","야","일","1","1","1","0","0","대구","달성군","차대차","추돌","진행중 추돌","과속","단일로","기타단일로","승용차","화물차","1084170","1763128","128.4322528","35.86109332","N"
"2015","2015-09-20 01","야","일","1","0","0","0","0","강원","평창군","차대사람","차도통행중","차도통행중","안전운전 의무 불이행","단일로","기타단일로","승용차","보행자","1096970","1963924","128.5995451","37.66971612","N"
"2015","2015-09-20 09","주","일","1","3","3","0","0","경북","구미시","차대차","기타","기타","과속","교차로","교차로내","화물차","승용차","1088297","1793602","128.4813546","36.13544166","N"
"2015","2015-09-20 10","주","일","1","0","0","0","0","경기","이천시","차대사람","기타","기타","안전운전 의무 불이행","단일로","기타단일로","승용차","보행자","1010501","1901793","127.6181983","37.11474458","Y"
"2015","2015-09-20 11","주","일","1","0","0","0","0","서울","영등포구","차대사람","차도통행중","차도통행중","안전운전 의무 불이행","단일로","기타단일로","특수차","보행자","947602","1945735","126.9071243","37.5094067","N"
"2015","2015-09-20 13","주","일","1","1","0","1","0","충북","청주시","차대차","기타","기타","기타","교차로","교차로내","이륜차","자전거","999150","1847689","127.4904931","36.6270758","N"
"2015","2015-09-20 16","주","일","1","0","0","0","0","충남","보령시","차대차","기타","기타","안전운전 의무 불이행","교차로","교차로내","농기계","화물차","920911","1818509","126.6184555","36.36076062","N"
"2015","2015-09-20 19","야","일","1","0","0","0","0","전남","장성군","차대차","추돌","진행중 추돌","안전운전 의무 불이행","단일로","기타단일로","승용차","농기계","923586","1696222","126.6599609","35.2585297","N"
"2015","2015-09-20 21","야","일","1","0","0","0","0","제주","제주시","차대사람","횡단중","횡단중","보행자 보호의무 위반","단일로","횡단보도상","승용차","보행자","916474.5","1503602.8","126.6005645","33.52107467","N"
"2015","2015-09-20 23","야","일","1","0","0","0","0","대구","달서구","차대사람","횡단중","횡단중","안전운전 의무 불이행","단일로","횡단보도상","승용차","보행자","1090557","1762973","128.5029671","35.85912634","N"
"2015","2015-09-21 00","야","월","1","0","0","0","0","경기","하남시","차대차","측면충돌","측면충돌","신호위반","교차로","교차로내","원동기장치자전거","승합차","969573","1946211","127.1556976","37.51468329","N"
"2015","2015-09-21 01","야","월","1","0","0","0","0","경기","고양시","차량단독","공작물충돌","공작물충돌","안전운전 의무 불이행","교차로","교차로내","승용차","없음","936628","1966836","126.7811354","37.69889729","N"
"2015","2015-09-21 02","야","월","1","2","2","0","0","서울","송파구","차대차","측면충돌","측면충돌","신호위반","교차로","교차로내","승용차","화물차","965542","1944821","127.1101502","37.50201283","N"
"2015","2015-09-21 05","야","월","1","0","0","0","0","부산","수영구","차대차","측면충돌","측면충돌","신호위반","교차로","교차로내","화물차","자전거","1148087","1685788","129.1258685","35.15644986","N"
"2015","2015-09-21 05","야","월","1","0","0","0","0","경기","화성시","차량단독","공작물충돌","공작물충돌","안전운전 의무 불이행","단일로","기타단일로","화물차","없음","955715","1903711","127.0014267","37.13104437","N"
"2015","2015-09-21 05","야","월","1","0","0","0","0","전북","정읍시","차대사람","기타","기타","안전운전 의무 불이행","교차로","교차로부근","승용차","보행자","940197","1730781","126.8400218","35.57125129","N"
"2015","2015-09-21 05","야","월","1","0","0","0","0","대전","유성구","차대사람","횡단중","횡단중","안전운전 의무 불이행","교차로","교차로내","승용차","보행자","983884","1820833","127.3203099","36.38482936","N"
"2015","2015-09-21 06","주","월","1","0","0","0","0","대구","서구","차대사람","길가장자리구역통행중","길가장자리구역통행중","과속","단일로","기타단일로","승용차","보행자","1093731","1764299","128.5382717","35.87078121","N"
"2015","2015-09-21 08","주","월","1","0","0","0","0","충남","서천군","차량단독","도로이탈","도로이탈 추락","안전운전 의무 불이행","교차로","교차로부근","원동기장치자전거","없음","915046","1797056","126.5554223","36.16687635","N"
"2015","2015-09-21 11","주","월","1","0","0","0","0","서울","동작구","차량단독","공작물충돌","공작물충돌","안전운전 의무 불이행","단일로","기타단일로","이륜차","없음","952844","1943299","126.9665904","37.48773316","N"
"2015","2015-09-21 12","주","월","2","0","0","0","0","부산","남구","차대차","정면충돌","정면충돌","중앙선 침범","단일로","교량위","승용차","특수차","1143520","1681193","129.0749458","35.11569379","N"
"2015","2015-09-21 12","주","월","1","0","0","0","0","제주","제주시","차대차","측면충돌","측면충돌","신호위반","교차로","교차로내","원동기장치자전거","승합차","905915.2","1499030","126.4873528","33.47895827","N"
"2015","2015-09-21 14","주","월","1","1","0","1","0","전남","여수시","차량단독","도로이탈","도로이탈 추락","안전운전 의무 불이행","단일로","기타단일로","농기계","없음","1008394","1632738","127.5916419","34.6889456","N"
"2015","2015-09-21 16","주","월","1","0","0","0","0","서울","강서구","차대사람","차도통행중","차도통행중","안전운전 의무 불이행","단일로","기타단일로","승합차","보행자","942488","1948443","126.8490513","37.53350945","Y"
"2015","2015-09-21 16","주","월","1","0","0","0","0","경남","산청군","차대사람","차도통행중","차도통행중","안전운전 의무 불이행","단일로","기타단일로","농기계","보행자","1039875","1699585","127.938535","35.29097496","N"
"2015","2015-09-21 18","야","월","1","0","0","0","0","서울","금천구","차량단독","기타","기타","안전운전 의무 불이행","단일로","기타단일로","승합차","없음","948100","1939140","126.9132238","37.44999264","N"
"2015","2015-09-21 19","야","월","1","0","0","0","0","전북","임실군","차대사람","차도통행중","차도통행중","안전운전 의무 불이행","단일로","기타단일로","화물차","보행자","981230","1735856","127.2927332","35.61863862","N"
"2015","2015-09-21 20","야","월","1","0","0","0","0","경남","김해시","차대사람","횡단중","횡단중","안전운전 의무 불이행","단일로","기타단일로","승용차","보행자","1120024","1693021","128.8188953","35.22539647","N"
"2015","2015-09-21 21","야","월","1","0","0","0","0","대구","남구","차대사람","차도통행중","차도통행중","안전운전 의무 불이행","단일로","기타단일로","승용차","보행자","1098787","1762781","128.5940807","35.85660013","N"
"2015","2015-09-21 22","야","월","1","0","0","0","0","인천","남동구","차대사람","차도통행중","차도통행중","안전운전 의무 불이행","단일로","기타단일로","승용차","보행자","931962","1937402","126.7309428","37.43328151","N"
"2015","2015-09-22 01","야","화","1","0","0","0","0","충남","계룡시","차량단독","전도전복","전도전복","안전운전 의무 불이행","단일로","기타단일로","이륜차","없음","976290","1811356","127.2359277","36.29923368","N"
"2015","2015-09-22 03","야","화","1","0","0","0","0","광주","동구","차량단독","공작물충돌","공작물충돌","안전운전 의무 불이행","교차로","교차로내","승용차","없음","947924","1685384","126.9281858","35.16236858","N"
"2015","2015-09-22 04","야","화","1","0","0","0","0","서울","강남구","차대차","추돌","진행중 추돌","안전거리 미확보","단일로","기타단일로","특수차","승용차","964190","1944035","127.0948926","37.4948768","N"
"2015","2015-09-22 04","야","화","1","0","0","0","0","전남","여수시","차대사람","횡단중","횡단중","안전운전 의무 불이행","교차로","교차로내","승용차","보행자","1020877","1638741","127.7280736","34.74290075","N"
"2015","2015-09-22 06","주","화","1","0","0","0","0","서울","광진구","차대사람","횡단중","횡단중","안전운전 의무 불이행","단일로","기타단일로","승용차","보행자","961528","1949374","127.0644994","37.54289212","N"
"2015","2015-09-22 08","주","화","1","0","0","0","0","충남","논산시","차대차","추돌","진행중 추돌","안전운전 의무 불이행","교차로","교차로부근","승용차","자전거","962986","1801345","127.0882298","36.20856216","N"
"2015","2015-09-22 09","주","화","1","1","1","0","0","경기","고양시","차대차","추돌","진행중 추돌","안전운전 의무 불이행","단일로","기타단일로","승용차","승용차","936909","1959077","126.7849938","37.62898705","N"
"2015","2015-09-22 10","주","화","1","1","0","1","0","경기","양평군","차대차","측면충돌","측면충돌","안전운전 의무 불이행","교차로","교차로내","이륜차","승용차","1004886","1947789","127.5552994","37.52939567","N"
"2015","2015-09-22 11","주","화","1","1","1","0","0","부산","강서구","차대차","측면충돌","측면충돌","신호위반","교차로","교차로내","특수차","승용차","1129904","1679114","128.9252448","35.09880183","N"
"2015","2015-09-22 12","주","화","1","0","0","0","0","경기","고양시","차대차","측면충돌","측면충돌","안전운전 의무 불이행","단일로","기타단일로","승용차","자전거","933081","1964030","126.7411606","37.67335582","N"
"2015","2015-09-22 13","주","화","1","1","1","0","0","경북","의성군","차대차","정면충돌","정면충돌","중앙선 침범","단일로","기타단일로","화물차","화물차","1076020","1820059","128.3474917","36.37498042","N"
"2015","2015-09-22 19","야","화","1","1","0","1","0","충북","청주시","차대차","정면충돌","정면충돌","중앙선 침범","단일로","기타단일로","승용차","승합차","987086.7","1845066.3","127.3556143","36.60334504","N"
"2015","2015-09-22 21","야","화","1","0","0","0","0","충남","부여군","차량단독","전도전복","전도전복","안전운전 의무 불이행","교차로","교차로내","특수차","없음","938448","1798547","126.8154852","36.18208773","N"
"2015","2015-09-22 21","야","화","1","1","1","0","0","경남","하동군","차대사람","차도통행중","차도통행중","안전운전 의무 불이행","단일로","기타단일로","원동기장치자전거","보행자","1022848","1675722","127.7506172","35.07633432","N"
"2015","2015-09-22 22","야","화","1","0","0","0","0","경기","오산시","차대차","기타","기타","안전운전 의무 불이행","단일로","기타단일로","승용차","승용차","955387","1908823","126.9974292","37.17710757","N"
"2015","2015-09-23 05","야","수","1","0","0","0","0","경남","창원시(통합)","차대차","추돌","진행중 추돌","안전운전 의무 불이행","단일로","기타단일로","화물차","화물차","1101231","1699321","128.6132009","35.28426693","N"
"2015","2015-09-23 06","주","수","1","1","0","1","0","강원","태백시","차대차","정면충돌","정면충돌","중앙선 침범","단일로","기타단일로","승용차","건설기계","1137562","1899234","129.0476606","37.08163654","N"
"2015","2015-09-23 06","주","수","2","0","0","0","0","충남","서산시","차대사람","횡단중","횡단중","신호위반","단일로","횡단보도상","화물차","보행자","905466","1882183","126.4384782","36.93328751","N"
"2015","2015-09-23 07","주","수","1","1","0","1","0","전남","완도군","차대차","추돌","진행중 추돌","안전운전 의무 불이행","교차로","교차로내","승용차","승용차","931645","1591198","126.7570889","34.31211188","N"
"2015","2015-09-23 09","주","수","1","1","1","0","0","충남","아산시","차대차","기타","기타","신호위반","교차로","교차로내","건설기계","원동기장치자전거","945201","1874618","126.8851778","36.86824582","N"
"2015","2015-09-23 14","주","수","1","0","0","0","0","경기","양주시","차량단독","공작물충돌","공작물충돌","안전운전 의무 불이행","단일로","기타단일로","자전거","없음","951778","1976068","126.9523694","37.78302669","N"
"2015","2015-09-23 18","야","수","1","3","2","1","0","서울","금천구","차대차","측면충돌","측면충돌","안전운전 의무 불이행","교차로","교차로내","승용차","원동기장치자전거","947188","1940776","126.9027961","37.46468666","N"
"2015","2015-09-23 18","야","수","2","49","21","17","11","서울","강서구","차대차","추돌","진행중 추돌","신호위반","교차로","교차로내","승합차","승합차","939638","1951489","126.8165451","37.56078069","N"
"2015","2015-09-23 18","야","수","1","1","1","0","0","강원","원주시","차대차","추돌","진행중 추돌","안전운전 의무 불이행","단일로","기타단일로","승용차","농기계","1029045","1926395","127.8278845","37.3361137","N"
"2015","2015-09-23 19","야","수","1","0","0","0","0","경기","이천시","차대차","측면충돌","측면충돌","신호위반","교차로","교차로내","이륜차","화물차","997284","1918330","127.4693688","37.26386639","N"
"2015","2015-09-23 19","야","수","1","1","0","1","0","경남","창원시(통합)","차대차","추돌","진행중 추돌","안전운전 의무 불이행","교차로","교차로내","특수차","승용차","1104433","1694469","128.6477888","35.24019588","N"
"2015","2015-09-23 22","야","수","1","3","3","0","0","울산","남구","차대차","측면충돌","측면충돌","신호위반","교차로","교차로내","승용차","승용차","1166974","1726104","129.3413685","35.51682984","N"
"2015","2015-09-24 01","야","목","1","0","0","0","0","서울","종로구","차대사람","차도통행중","차도통행중","안전운전 의무 불이행","단일로","기타단일로","승용차","보행자","954495","1952447","126.9846983","37.57026928","N"
"2015","2015-09-24 02","야","목","2","0","0","0","0","울산","울주군","차대차","정면충돌","정면충돌","중앙선 침범","단일로","기타단일로","승용차","승용차","1161916","1715305","129.2834633","35.42034387","N"
"2015","2015-09-24 06","주","목","1","1","1","0","0","경기","안성시","차대차","추돌","진행중 추돌","안전운전 의무 불이행","단일로","기타단일로","화물차","화물차","974975","1901218","127.2183413","37.10928577","N"
"2015","2015-09-24 07","주","목","1","0","0","0","0","경북","포항시","차량단독","공작물충돌","공작물충돌","안전운전 의무 불이행","단일로","기타단일로","승용차","없음","1166295","1787989","129.3467485","36.07462597","N"
"2015","2015-09-24 09","주","목","1","0","0","0","0","전남","광양시","차대사람","기타","기타","안전운전 의무 불이행","단일로","기타단일로","건설기계","보행자","1019070","1666281","127.7089602","34.99128025","N"
"2015","2015-09-24 10","주","목","1","0","0","0","0","전남","나주시","차대사람","횡단중","횡단중","보행자 보호의무 위반","교차로","교차로내","건설기계","보행자","934148","1669635","126.7781821","35.01955798","N"
"2015","2015-09-24 11","주","목","1","2","1","1","0","서울","서초구","차대사람","기타","기타","기타","단일로","기타단일로","승용차","보행자","957276","1942891","127.0167454","37.48427142","N"
"2015","2015-09-24 11","주","목","1","0","0","0","0","광주","광산구","차대차","측면충돌","측면충돌","안전운전 의무 불이행","단일로","기타단일로","화물차","원동기장치자전거","927029","1685609","126.698748","35.16309716","N"
"2015","2015-09-24 16","주","목","1","0","0","0","0","경남","함안군","차대차","기타","기타","안전운전 의무 불이행","단일로","기타단일로","화물차","이륜차","1077269","1696010","128.3494175","35.25655269","N"
"2015","2015-09-24 19","야","목","1","0","0","0","0","강원","속초시","차량단독","전도전복","전도전복","안전운전 의무 불이행","단일로","기타단일로","원동기장치자전거","없음","1092176","2023258","128.5527944","38.20489756","N"
"2015","2015-09-24 21","야","목","1","1","0","1","0","경남","창원시(통합)","차대차","추돌","주정차중 추돌","안전운전 의무 불이행","단일로","횡단보도상","승용차","이륜차","1101930","1696825","128.6205762","35.26169376","N"
"2015","2015-09-25 03","야","금","1","0","0","0","0","대전","유성구","차대사람","횡단중","횡단중","과속","단일로","기타단일로","승용차","보행자","984962","1816813","127.3324071","36.34860512","N"
"2015","2015-09-25 05","야","금","1","0","0","0","0","울산","남구","차대사람","기타","기타","신호위반","교차로","교차로부근","승합차","보행자","1160429","1729969","129.2699876","35.55274255","N"
"2015","2015-09-25 06","주","금","1","0","0","0","0","서울","강서구","차대차","측면충돌","측면충돌","신호위반","교차로","교차로내","원동기장치자전거","승합차","943800","1950435","126.8637478","37.55154435","N"
"2015","2015-09-25 09","주","금","1","0","0","0","0","경기","안산시","차대사람","기타","기타","안전운전 의무 불이행","교차로","교차로내","승용차","보행자","943844","1921615","126.8664383","37.29178569","N"
"2015","2015-09-25 11","주","금","1","0","0","0","0","경남","거창군","차대사람","길가장자리구역통행중","길가장자리구역통행중","안전운전 의무 불이행","단일로","기타단일로","승용차","보행자","1038236","1743095","127.9225588","35.68334556","N"
"2015","2015-09-25 13","주","금","1","0","0","0","0","충북","제천시","차대차","기타","기타","교차로 통행방법 위반","교차로","교차로내","농기계","원동기장치자전거","1054664.2","1904035.4","128.1154435","37.13341939","N"
"2015","2015-09-25 18","야","금","1","1","1","0","0","경북","성주군","차대차","정면충돌","정면충돌","중앙선 침범","단일로","기타단일로","승용차","화물차","1058144","1770526","128.1445536","35.9296811","N"
"2015","2015-09-25 18","야","금","1","0","0","0","0","제주","제주시","차대차","측면충돌","측면충돌","안전운전 의무 불이행","교차로","교차로내","화물차","자전거","885753","1494034","126.2710199","33.43194338","N"
"2015","2015-09-25 19","야","금","1","0","0","0","0","부산","북구","차대사람","차도통행중","차도통행중","안전운전 의무 불이행","단일로","기타단일로","화물차","보행자","1136945","1691223","129.0044806","35.20702098","N"
"2015","2015-09-25 19","야","금","1","0","0","0","0","충북","청주시","차대사람","횡단중","횡단중","안전운전 의무 불이행","단일로","횡단보도부근","화물차","보행자","999511","1847303","127.494531","36.62359626","N"
"2015","2015-09-25 19","야","금","1","0","0","0","0","전북","익산시","차대사람","길가장자리구역통행중","길가장자리구역통행중","안전운전 의무 불이행","단일로","기타단일로","승용차","보행자","953498","1780364","126.9839211","36.01900025","N"
"2015","2015-09-25 20","야","금","1","0","0","0","0","강원","홍천군","차대사람","길가장자리구역통행중","길가장자리구역통행중","안전운전 의무 불이행","단일로","기타단일로","화물차","보행자","1031750","1964508","127.8600666","37.67955579","N"
"2015","2015-09-25 20","야","금","1","1","1","0","0","제주","서귀포시","차대사람","횡단중","횡단중","안전운전 의무 불이행","교차로","교차로내","승합차","보행자","939090","1483457","126.8454461","33.34090545","N"
"2015","2015-09-25 22","야","금","1","0","0","0","0","광주","북구","차대사람","횡단중","횡단중","안전운전 의무 불이행","단일로","기타단일로","승용차","보행자","944055","1686564","126.8856248","35.17280029","N"
"2015","2015-09-26 01","야","토","1","0","0","0","0","강원","춘천시","차대사람","횡단중","횡단중","안전운전 의무 불이행","단일로","기타단일로","승용차","보행자","1024235","1983894","127.7754898","37.85451417","N"
"2015","2015-09-26 07","주","토","1","0","0","0","0","경남","진주시","차대차","기타","기타","안전운전 의무 불이행","단일로","기타단일로","승용차","화물차","1066244","1688985","128.2276635","35.19400268","N"
"2015","2015-09-26 07","주","토","1","1","0","1","0","광주","남구","차대차","측면충돌","측면충돌","신호위반","교차로","교차로내","승용차","승용차","946913","1683037","126.9172361","35.14115337","N"