"발생년","발생년월일시","주야","요일","사망자수","부상자수","중상자수","경상자수","부상신고자수","발생지시도","발생지시군구","사고유형_대분류","사고유형_중분류","사고유형","가해자법규위반","도로형태_대분류","도로형태","가해자_당사자종별","피해자_당사자종별","발생위치(X_UTMK)","발생위치(Y_UTMK)","경도","위도"," 어린이사고 여부"
"2015","2015-09-26 10","주","토","1","0","0","0","0","경남","김해시","차대사람","횡단중","횡단중","안전운전 의무 불이행","단일로","기타단일로","화물차","보행자","1123092","1693924","128.8527352","35.23316466","N"
"2015","2015-09-26 11","주","토","1","0","0","0","0","경기","양평군","차대차","기타","기타","안전운전 의무 불이행","교차로","교차로내","농기계","승용차","1009157","1944207","127.6035936","37.49707631","N"
"2015","2015-09-26 12","주","토","1","2","1","1","0","경남","창녕군","차량단독","도로이탈","도로이탈 추락","안전운전 의무 불이행","단일로","기타단일로","승용차","없음","1090321","1726246","128.4962272","35.52805304","N"
"2015","2015-09-26 14","주","토","1","0","0","0","0","인천","강화군","차량단독","전도전복","전도전복","안전운전 의무 불이행","단일로","기타단일로","화물차","없음","902973","1976290","126.3981588","37.78114819","N"
"2015","2015-09-26 16","주","토","1","3","1","1","1","경북","경주시","차량단독","공작물충돌","공작물충돌","안전운전 의무 불이행","단일로","기타단일로","승용차","없음","1160441","1778515","129.2798447","35.99023469","Y"
"2015","2015-09-26 16","주","토","1","1","0","1","0","광주","광산구","차대차","정면충돌","정면충돌","신호위반","교차로","교차로내","이륜차","승용차","939271","1689489","126.8328756","35.19889586","N"
"2015","2015-09-27 01","야","일","1","0","0","0","0","전북","군산시","차대사람","횡단중","횡단중","안전운전 의무 불이행","교차로","교차로부근","승용차","보행자","908809","1755990","126.4908093","35.79611717","N"
"2015","2015-09-27 01","야","일","1","5","5","0","0","경남","양산시","차대차","추돌","주정차중 추돌","과속","교차로","교차로부근","승용차","승용차","1138022","1705832","129.0187654","35.33855692","Y"
"2015","2015-09-27 04","야","일","1","1","1","0","0","경남","김해시","차대차","측면충돌","측면충돌","신호위반","교차로","교차로내","승용차","승용차","1124363","1696970","128.8671604","35.26046594","N"
"2015","2015-09-27 05","야","일","1","0","0","0","0","경기","수원시","차대사람","횡단중","횡단중","안전운전 의무 불이행","단일로","기타단일로","승합차","보행자","955684","1918869","127.0001777","37.26767382","N"
"2015","2015-09-27 06","주","일","1","0","0","0","0","경기","수원시","차대차","기타","기타","안전운전 의무 불이행","단일로","기타단일로","승용차","승용차","951949","1921661","126.9578733","37.29265445","N"
"2015","2015-09-27 07","주","일","1","0","0","0","0","충남","아산시","차량단독","전도전복","전도전복","안전운전 의무 불이행","단일로","기타단일로","원동기장치자전거","없음","941165","1864048","126.840716","36.77272388","N"
"2015","2015-09-27 07","주","일","1","0","0","0","0","전남","무안군","차대사람","횡단중","횡단중","안전운전 의무 불이행","단일로","기타단일로","화물차","보행자","909138","1649759","126.5062372","34.83841238","N"
"2015","2015-09-27 10","주","일","1","0","0","0","0","제주","서귀포시","차량단독","기타","기타","안전운전 의무 불이행","단일로","기타단일로","원동기장치자전거","없음","902574","1474004","126.4541003","33.25296639","N"
"2015","2015-09-27 11","주","일","2","7","7","0","0","경북","고령군","차대차","추돌","주정차중 추돌","안전운전 의무 불이행","단일로","기타단일로","승용차","승용차","1076235.2","1750652.1","128.3431876","35.74926965","N"
"2015","2015-09-27 17","주","일","1","0","0","0","0","전남","순천시","차대사람","기타","기타","과속","단일로","기타단일로","승용차","보행자","984833","1656463","127.3339854","34.90281268","Y"
"2015","2015-09-27 19","야","일","1","0","0","0","0","강원","횡성군","차대사람","횡단중","횡단중","안전운전 의무 불이행","단일로","기타단일로","승용차","보행자","1063055","1946663","128.2135299","37.51710397","N"
"2015","2015-09-27 22","야","일","1","0","0","0","0","울산","중구","차대사람","횡단중","횡단중","안전운전 의무 불이행","단일로","기타단일로","이륜차","보행자","1164372","1730726","129.3136246","35.55891836","N"
"2015","2015-09-28 01","야","월","1","1","0","1","0","충북","청주시","차량단독","공작물충돌","공작물충돌","안전운전 의무 불이행","교차로","교차로부근","승용차","없음","1001023","1841662","127.5114338","36.572742","N"
"2015","2015-09-28 06","주","월","1","0","0","0","0","충북","옥천군","차량단독","도로이탈","도로이탈 추락","안전운전 의무 불이행","단일로","기타단일로","승합차","없음","1008187.6","1816639.7","127.5912461","36.34712543","N"
"2015","2015-09-28 06","주","월","1","2","0","2","0","경북","구미시","차대차","정면충돌","정면충돌","중앙선 침범","교차로","교차로부근","승용차","승합차","1076695","1791889","128.352254","36.12098646","N"
"2015","2015-09-28 09","주","월","1","0","0","0","0","경남","진주시","차대차","추돌","주정차중 추돌","안전운전 의무 불이행","교차로","교차로부근","화물차","승용차","1052291","1690113","128.0744748","35.20499745","N"
"2015","2015-09-28 16","주","월","1","0","0","0","0","서울","강남구","차대사람","횡단중","횡단중","보행자 보호의무 위반","교차로","교차로내","승합차","보행자","965142","1943344","127.1056948","37.48868493","N"
"2015","2015-09-28 21","야","월","1","0","0","0","0","충남","서산시","차대사람","차도통행중","차도통행중","안전운전 의무 불이행","단일로","기타단일로","승용차","보행자","916976","1868344","126.5692221","36.8096354","N"
"2015","2015-09-28 22","야","월","1","0","0","0","0","경기","용인시","차대사람","기타","기타","안전운전 의무 불이행","교차로","교차로부근","승용차","보행자","965015","1920102","127.1053577","37.27918536","N"
"2015","2015-09-29 04","야","화","1","0","0","0","0","서울","중랑구","차대사람","횡단중","횡단중","안전운전 의무 불이행","단일로","기타단일로","승합차","보행자","963831","1955425","127.0902699","37.59752503","N"
"2015","2015-09-29 11","주","화","1","0","0","0","0","경북","김천시","차량단독","도로이탈","도로이탈 추락","안전운전 의무 불이행","단일로","기타단일로","이륜차","없음","1064945","1801619","128.2224998","36.2095599","N"
"2015","2015-09-29 12","주","화","1","0","0","0","0","대구","달성군","차량단독","도로이탈","도로이탈 기타","안전운전 의무 불이행","단일로","기타단일로","농기계","없음","1081691","1741965","128.4026407","35.67051515","N"
"2015","2015-09-29 14","주","화","1","0","0","0","0","전북","부안군","차량단독","공작물충돌","공작물충돌","안전운전 의무 불이행","단일로","기타단일로","화물차","없음","913213","1744210","126.540816","35.69031894","N"
"2015","2015-09-29 15","주","화","1","0","0","0","0","경기","용인시","차량단독","공작물충돌","공작물충돌","안전운전 의무 불이행","단일로","기타단일로","원동기장치자전거","없음","977170","1925706","127.2422961","37.3300768","N"
"2015","2015-09-29 15","주","화","1","0","0","0","0","강원","화천군","차량단독","도로이탈","도로이탈 기타","안전운전 의무 불이행","단일로","교량위","이륜차","없음","1021624","2018324","127.7468481","38.16489063","N"
"2015","2015-09-29 18","야","화","1","0","0","0","0","충북","괴산군","차량단독","도로이탈","도로이탈 추락","안전운전 의무 불이행","단일로","기타단일로","농기계","없음","1031918","1874726","127.8581175","36.87027011","N"
"2015","2015-09-29 18","야","화","1","0","0","0","0","인천","남동구","차대차","측면충돌","측면충돌","신호위반","교차로","교차로내","원동기장치자전거","승용차","930956","1934269","126.7198656","37.4049694","N"
"2015","2015-09-29 20","야","화","1","0","0","0","0","경기","수원시","차대차","기타","기타","과속","교차로","교차로내","승용차","자전거","954202","1922591","126.983234","37.3011508","N"
"2015","2015-09-29 22","야","화","1","0","0","0","0","대구","달서구","차대차","추돌","진행중 추돌","신호위반","교차로","교차로내","이륜차","승합차","1093640","1761091","128.5368871","35.84187082","N"
"2015","2015-09-30 00","야","수","2","0","0","0","0","경남","밀양시","차대차","추돌","주정차중 추돌","안전운전 의무 불이행","단일로","기타단일로","승합차","승용차","1116821","1723371","128.7880457","35.49936861","N"
"2015","2015-09-30 07","주","수","1","0","0","0","0","전북","고창군","차대차","추돌","진행중 추돌","과속","단일로","기타단일로","화물차","원동기장치자전거","927087","1717533","126.6965439","35.45093127","N"
"2015","2015-09-30 08","주","수","1","0","0","0","0","서울","중랑구","차대사람","길가장자리구역통행중","길가장자리구역통행중","보행자 보호의무 위반","교차로","교차로내","화물차","보행자","964687","1957142","127.0998837","37.61303411","N"
"2015","2015-09-30 08","주","수","1","0","0","0","0","충북","영동군","차대차","측면충돌","측면충돌","안전운전 의무 불이행","교차로","교차로내","승용차","원동기장치자전거","1025357","1798992","127.782015","36.18772452","N"
"2015","2015-09-30 09","주","수","1","0","0","0","0","경기","의정부시","차대사람","기타","기타","안전운전 의무 불이행","기타/불명","기타/불명","승용차","보행자","960884","1969644","127.0561241","37.72556238","N"
"2015","2015-09-30 09","주","수","1","0","0","0","0","전북","김제시","차량단독","공작물충돌","공작물충돌","안전운전 의무 불이행","단일로","기타단일로","승용차","없음","951840","1750836","126.9673072","35.75270337","N"
"2015","2015-09-30 10","주","수","1","0","0","0","0","경남","사천시","차대사람","길가장자리구역통행중","길가장자리구역통행중","안전운전 의무 불이행","단일로","기타단일로","승용차","보행자","1049550","1661121","128.0426297","34.94371791","N"
"2015","2015-09-30 19","야","수","1","1","0","1","0","충북","영동군","차대차","추돌","진행중 추돌","안전운전 의무 불이행","단일로","기타단일로","승용차","농기계","1038761","1801368","127.9312057","36.20870107","N"
"2015","2015-09-30 20","야","수","1","0","0","0","0","강원","삼척시","차대사람","횡단중","횡단중","과속","단일로","기타단일로","승합차","보행자","1137284","1916991","129.0477937","37.24168373","N"
"2015","2015-09-30 21","야","수","1","0","0","0","0","부산","사하구","차대차","측면충돌","측면충돌","신호위반","단일로","기타단일로","승용차","이륜차","1133798","1680072","128.9681105","35.10692785","N"
"2015","2015-09-30 21","야","수","1","2","0","1","1","경북","경산시","차대차","추돌","진행중 추돌","과속","단일로","기타단일로","화물차","농기계","1114277","1762230","128.7655208","35.849949","N"
"2015","2015-09-30 23","야","수","1","0","0","0","0","충북","청주시","차대사람","기타","기타","안전운전 의무 불이행","단일로","기타단일로","승용차","보행자","998916","1847092","127.4878767","36.62169361","N"
"2015","2015-10-01 05","야","목","1","0","0","0","0","충남","천안시","차대사람","횡단중","횡단중","안전운전 의무 불이행","교차로","교차로부근","화물차","보행자","969582","1867066","127.1590187","36.80126841","N"
"2015","2015-10-01 10","주","목","2","2","2","0","0","경남","진주시","차대차","정면충돌","정면충돌","중앙선 침범","단일로","기타단일로","승합차","화물차","1069038","1687835","128.2582558","35.18344557","N"
"2015","2015-10-01 16","주","목","1","0","0","0","0","강원","횡성군","차량단독","공작물충돌","공작물충돌","안전운전 의무 불이행","단일로","터널안","화물차","없음","1071688.3","1950084.5","128.3115499","37.54731041","N"
"2015","2015-10-01 18","야","목","1","0","0","0","0","전남","순천시","차대사람","횡단중","횡단중","안전운전 의무 불이행","단일로","기타단일로","화물차","보행자","1003214","1660911","127.5351969","34.94303105","N"
"2015","2015-10-01 18","야","목","1","1","0","1","0","전남","광양시","차대차","정면충돌","정면충돌","중앙선 침범","단일로","기타단일로","승용차","승용차","1022496","1664304","127.746447","34.97338246","N"
"2015","2015-10-01 19","야","목","1","1","0","0","1","제주","서귀포시","차량단독","기타","기타","안전운전 의무 불이행","단일로","기타단일로","화물차","없음","889562","1472426","126.3146289","33.2374827","N"
"2015","2015-10-01 20","야","목","1","0","0","0","0","충북","음성군","차대사람","기타","기타","안전운전 의무 불이행","단일로","기타단일로","승용차","보행자","1001808","1882128","127.5203035","36.93753379","N"
"2015","2015-10-01 22","야","목","1","0","0","0","0","강원","원주시","차대사람","횡단중","횡단중","안전운전 의무 불이행","기타/불명","기타/불명","승용차","보행자","1038166","1929316","127.9309982","37.3621124","N"
"2015","2015-10-02 00","야","금","1","0","0","0","0","경기","양평군","차대사람","기타","기타","안전운전 의무 불이행","단일로","기타단일로","화물차","보행자","996488","1945066","127.4602645","37.50485779","N"
"2015","2015-10-02 05","야","금","1","0","0","0","0","대전","중구","차대사람","기타","기타","안전운전 의무 불이행","단일로","횡단보도부근","화물차","보행자","991929","1814126","127.4100794","36.32446434","N"
"2015","2015-10-02 06","주","금","1","0","0","0","0","전남","여수시","차대사람","횡단중","횡단중","안전운전 의무 불이행","교차로","교차로부근","승용차","보행자","1014290","1641394","127.6561584","34.76693839","N"
"2015","2015-10-02 08","주","금","1","0","0","0","0","경북","영천시","차대차","측면충돌","측면충돌","중앙선 침범","단일로","기타단일로","화물차","이륜차","1128406","1778888","128.9246375","35.99834251","N"
"2015","2015-10-02 09","주","금","1","0","0","0","0","충남","공주시","차대차","측면충돌","측면충돌","안전운전 의무 불이행","교차로","교차로부근","승용차","이륜차","964625","1833521","127.1050001","36.49869646","N"
"2015","2015-10-02 09","주","금","1","0","0","0","0","전남","담양군","차대차","기타","기타","안전운전 의무 불이행","교차로","교차로내","승합차","자전거","951275","1692077","126.9645838","35.22288583","N"
"2015","2015-10-02 10","주","금","1","3","3","0","0","전북","김제시","차대차","추돌","주정차중 추돌","안전운전 의무 불이행","단일로","기타단일로","화물차","화물차","947544","1765504","126.9188286","35.88472664","N"
"2015","2015-10-02 10","주","금","1","0","0","0","0","경남","창원시(통합)","차대차","측면충돌","측면충돌","신호위반","교차로","교차로내","이륜차","승합차","1099158","1695033","128.5898907","35.24581648","N"
"2015","2015-10-02 12","주","금","1","0","0","0","0","인천","계양구","차대차","측면충돌","측면충돌","기타","교차로","교차로내","원동기장치자전거","승용차","932609","1949561","126.7371418","37.54291653","N"
"2015","2015-10-02 13","주","금","1","0","0","0","0","경남","김해시","차대차","측면충돌","측면충돌","안전운전 의무 불이행","교차로","교차로내","화물차","원동기장치자전거","1133437","1694692","128.9665156","35.23876374","N"
"2015","2015-10-02 14","주","금","1","0","0","0","0","경북","칠곡군","차대사람","횡단중","횡단중","안전운전 의무 불이행","단일로","기타단일로","승용차","보행자","1081039","1777720","128.3990662","35.99290343","N"
"2015","2015-10-02 15","주","금","1","2","1","1","0","경기","남양주시","차대차","추돌","진행중 추돌","신호위반","교차로","교차로내","화물차","화물차","971393","1966149","127.1755122","37.69444994","N"
"2015","2015-10-02 15","주","금","1","1","1","0","0","경북","상주시","차대차","측면충돌","측면충돌","중앙선 침범","교차로","교차로내","원동기장치자전거","화물차","1058067","1820039","128.1473586","36.3760523","N"
"2015","2015-10-02 15","주","금","1","0","0","0","0","경북","포항시","차대차","측면충돌","측면충돌","안전운전 의무 불이행","단일로","기타단일로","승용차","자전거","1168807","1781585","129.3732635","36.01648626","N"
"2015","2015-10-02 20","야","금","1","0","0","0","0","제주","제주시","차대사람","기타","기타","안전운전 의무 불이행","기타/불명","기타/불명","승용차","보행자","922449","1505472","126.664732","33.53838277","Y"
"2015","2015-10-02 21","야","금","1","0","0","0","0","경북","칠곡군","차대차","기타","기타","과속","단일로","기타단일로","승용차","원동기장치자전거","1078734","1775470","128.3732732","35.97280877","N"
"2015","2015-10-03 00","야","토","1","0","0","0","0","전북","익산시","차대사람","차도통행중","차도통행중","안전운전 의무 불이행","교차로","교차로부근","승용차","보행자","951333","1774181","126.9602747","35.96315127","N"
"2015","2015-10-03 08","주","토","1","1","1","0","0","제주","서귀포시","차대차","정면충돌","정면충돌","중앙선 침범","단일로","기타단일로","승용차","화물차","924139","1489988","126.6842421","33.39885743","N"
"2015","2015-10-03 09","주","토","1","0","0","0","0","충북","음성군","차량단독","기타","기타","안전운전 의무 불이행","단일로","기타단일로","이륜차","없음","1009452","1897202","127.6063331","37.07337125","N"
"2015","2015-10-03 10","주","토","1","0","0","0","0","강원","춘천시","차대차","측면충돌","측면충돌","안전운전 의무 불이행","단일로","기타단일로","승용차","자전거","1022198","1989686","127.7525127","37.90676934","N"
"2015","2015-10-03 10","주","토","1","0","0","0","0","충북","진천군","차대차","기타","기타","안전운전 의무 불이행","단일로","기타단일로","원동기장치자전거","건설기계","1000142","1871910","127.5015927","36.84542438","N"
"2015","2015-10-03 11","주","토","1","0","0","0","0","제주","제주시","차량단독","공작물충돌","공작물충돌","안전운전 의무 불이행","단일로","기타단일로","이륜차","없음","924767","1497524","126.6903637","33.46686767","N"
"2015","2015-10-03 12","주","토","1","1","0","1","0","충남","예산군","차대차","측면충돌","측면충돌","기타","교차로","교차로내","승용차","이륜차","940343","1854459","126.8322544","36.68623506","Y"
"2015","2015-10-03 12","주","토","1","0","0","0","0","전남","담양군","차량단독","기타","기타","안전운전 의무 불이행","단일로","기타단일로","자전거","없음","952240","1710670","126.9741035","35.39057798","N"
"2015","2015-10-03 15","주","토","1","0","0","0","0","전북","무주군","차량단독","기타","기타","안전운전 의무 불이행","단일로","기타단일로","농기계","없음","1019527","1768689","127.7164263","35.91465386","N"
"2015","2015-10-03 16","주","토","1","0","0","0","0","충북","청주시","차량단독","기타","기타","안전운전 의무 불이행","단일로","기타단일로","화물차","없음","1011882","1846355","127.6328745","36.61497608","N"
"2015","2015-10-03 17","주","토","1","4","0","4","0","경기","이천시","차대차","측면충돌","측면충돌","안전운전 의무 불이행","단일로","기타단일로","승용차","승용차","990812","1924004","127.396307","37.31497029","N"
"2015","2015-10-03 17","주","토","1","0","0","0","0","전북","김제시","차대사람","기타","기타","안전운전 의무 불이행","교차로","교차로부근","승용차","보행자","944181","1756922","126.8821715","35.80716827","N"
"2015","2015-10-03 17","주","토","1","0","0","0","0","전남","구례군","차량단독","공작물충돌","공작물충돌","안전운전 의무 불이행","단일로","기타단일로","화물차","없음","994521","1706111","127.4396989","35.35059958","N"
"2015","2015-10-03 17","주","토","1","0","0","0","0","경남","양산시","차대차","기타","기타","안전거리 미확보","단일로","기타단일로","승용차","원동기장치자전거","1135310","1702868","128.9884423","35.31221092","N"
"2015","2015-10-03 18","야","토","1","0","0","0","0","경기","양평군","차대차","추돌","진행중 추돌","안전거리 미확보","단일로","기타단일로","승용차","건설기계","1006109","1942754","127.5690994","37.48400465","N"
"2015","2015-10-03 18","야","토","1","0","0","0","0","경남","고성군","차대사람","횡단중","횡단중","보행자 보호의무 위반","단일로","기타단일로","승용차","보행자","1075442","1665200","128.3265246","34.97889912","N"
"2015","2015-10-03 19","야","토","1","0","0","0","0","충남","논산시","차대사람","횡단중","횡단중","과속","단일로","기타단일로","화물차","보행자","962287","1801334","127.0804544","36.20843599","N"
"2015","2015-10-03 19","야","토","1","0","0","0","0","경북","김천시","차대사람","기타","기타","안전운전 의무 불이행","단일로","기타단일로","승용차","보행자","1047256","1794964","128.0253215","36.15058933","N"
"2015","2015-10-03 19","야","토","1","0","0","0","0","경남","진주시","차대사람","기타","기타","안전운전 의무 불이행","단일로","기타단일로","승용차","보행자","1054570","1689423","128.0994653","35.19865459","N"
"2015","2015-10-03 19","야","토","1","0","0","0","0","경남","함양군","차량단독","전도전복","전도전복","안전운전 의무 불이행","단일로","기타단일로","이륜차","없음","1012901","1719200","127.6421935","35.46855215","N"
"2015","2015-10-04 00","야","일","1","0","0","0","0","경북","포항시","차대사람","횡단중","횡단중","과속","단일로","기타단일로","승용차","보행자","1169221","1786438","129.3788944","36.06014495","N"
"2015","2015-10-04 03","야","일","1","0","0","0","0","광주","광산구","차대사람","횡단중","횡단중","안전운전 의무 불이행","교차로","교차로내","승용차","보행자","940480.3","1691573.1","126.8460086","35.2177597","N"
"2015","2015-10-04 06","주","일","1","1","1","0","0","광주","광산구","차대차","정면충돌","정면충돌","기타","단일로","기타단일로","승용차","승용차","941349","1688786","126.8557517","35.19268081","N"
"2015","2015-10-04 07","주","일","1","0","0","0","0","강원","평창군","차량단독","전도전복","전도전복","안전운전 의무 불이행","단일로","기타단일로","승용차","없음","1093099","1954321","128.5544353","37.58357545","N"
"2015","2015-10-04 08","주","일","1","0","0","0","0","경북","경주시","차량단독","도로이탈","도로이탈 추락","안전운전 의무 불이행","단일로","기타단일로","농기계","없음","1179638","1757342","129.4879195","35.79610443","N"
"2015","2015-10-04 08","주","일","1","0","0","0","0","대전","동구","차대차","추돌","진행중 추돌","안전거리 미확보","단일로","기타단일로","원동기장치자전거","승용차","995993","1813307","127.4553614","36.31710616","N"
"2015","2015-10-04 11","주","일","1","3","1","2","0","경기","가평군","차대차","정면충돌","정면충돌","중앙선 침범","단일로","기타단일로","이륜차","이륜차","998764","1954986","127.4859989","37.59427846","N"
"2015","2015-10-04 12","주","일","1","0","0","0","0","충북","청주시","차대사람","길가장자리구역통행중","길가장자리구역통행중","중앙선 침범","단일로","기타단일로","승용차","보행자","1018635","1853193","127.708558","36.67651189","N"
"2015","2015-10-04 16","주","일","1","0","0","0","0","경기","평택시","차량단독","공작물충돌","공작물충돌","안전운전 의무 불이행","단일로","기타단일로","농기계","없음","947305","1886398","126.9079623","36.9745513","N"
"2015","2015-10-04 16","주","일","1","0","0","0","0","인천","서구","차량단독","전도전복","전도전복","기타","단일로","기타단일로","이륜차","없음","928085","1947508","126.6861363","37.52407152","N"
"2015","2015-10-04 18","야","일","1","0","0","0","0","전남","목포시","차대사람","차도통행중","차도통행중","안전운전 의무 불이행","단일로","기타단일로","승용차","보행자","897825","1644156","126.3832079","34.78682207","N"
"2015","2015-10-04 19","야","일","1","0","0","0","0","경기","포천시","차대사람","차도통행중","차도통행중","안전운전 의무 불이행","단일로","기타단일로","승용차","보행자","975903","1975657","127.2263531","37.78027712","N"
"2015","2015-10-04 20","야","일","1","0","0","0","0","서울","용산구","차대사람","횡단중","횡단중","안전운전 의무 불이행","단일로","기타단일로","승용차","보행자","953123","1950395","126.9692935","37.55170539","N"
"2015","2015-10-04 20","야","일","1","0","0","0","0","경북","구미시","차대사람","차도통행중","차도통행중","안전운전 의무 불이행","단일로","기타단일로","승합차","보행자","1076110","1792445","128.3458077","36.12604474","N"
"2015","2015-10-04 21","야","일","1","0","0","0","0","전남","여수시","차대사람","횡단중","횡단중","안전운전 의무 불이행","단일로","횡단보도상","승합차","보행자","1021011","1638460","127.7295305","34.74036401","N"
"2015","2015-10-05 01","야","월","1","0","0","0","0","울산","북구","차량단독","공작물충돌","공작물충돌","안전운전 의무 불이행","단일로","기타단일로","화물차","없음","1167427","1738022","129.3488285","35.62415717","N"
"2015","2015-10-05 06","주","월","1","0","0","0","0","전북","완주군","차대차","추돌","진행중 추돌","안전운전 의무 불이행","교차로","교차로부근","승용차","자전거","968931","1771088","127.1555565","35.93598427","N"
"2015","2015-10-05 07","주","월","1","0","0","0","0","경기","고양시","차대사람","횡단중","횡단중","신호위반","기타/불명","기타/불명","승용차","보행자","938369","1967891","126.8007938","37.70852441","N"
"2015","2015-10-05 10","주","월","1","0","0","0","0","대구","달서구","차대차","기타","기타","신호위반","단일로","횡단보도상","승용차","원동기장치자전거","1093656","1760306","128.5369722","35.83479275","N"
"2015","2015-10-05 13","주","월","1","0","0","0","0","충북","충주시","차량단독","전도전복","전도전복","안전운전 의무 불이행","단일로","기타단일로","승용차","없음","1036114.7","1885313","127.9057084","36.9655536","N"
"2015","2015-10-05 16","주","월","1","2","2","0","0","경북","예천군","차량단독","도로이탈","도로이탈 기타","안전운전 의무 불이행","단일로","기타단일로","승용차","없음","1081608","1841950","128.4120907","36.57184964","N"
"2015","2015-10-05 16","주","월","1","0","0","0","0","인천","남동구","차대사람","횡단중","횡단중","안전운전 의무 불이행","교차로","교차로부근","승합차","보행자","932430","1939003","126.7360856","37.44774554","N"
"2015","2015-10-05 18","야","월","1","0","0","0","0","서울","강남구","차량단독","공작물충돌","공작물충돌","안전운전 의무 불이행","단일로","기타단일로","승용차","없음","960291","1943101","127.050836","37.4862988","N"
"2015","2015-10-05 18","야","월","1","0","0","0","0","전북","임실군","차대차","측면충돌","측면충돌","중앙선 침범","단일로","기타단일로","승합차","이륜차","970250","1724979","127.1718887","35.52029719","N"
"2015","2015-10-05 18","야","월","1","0","0","0","0","제주","서귀포시","차대사람","횡단중","횡단중","보행자 보호의무 위반","단일로","횡단보도상","승용차","보행자","886616","1473822","126.28284","33.24976648","N"
"2015","2015-10-05 19","야","월","1","0","0","0","0","전북","정읍시","차대사람","길가장자리구역통행중","길가장자리구역통행중","안전운전 의무 불이행","기타/불명","기타/불명","승용차","보행자","956702","1730633","127.02217","35.57077646","N"
"2015","2015-10-05 19","야","월","1","0","0","0","0","전남","화순군","차대차","추돌","진행중 추돌","안전운전 의무 불이행","단일로","기타단일로","승용차","화물차","949847","1668989","126.9502931","35.01463444","N"
"2015","2015-10-05 21","야","월","1","0","0","0","0","서울","양천구","차대사람","횡단중","횡단중","신호위반","단일로","기타단일로","승용차","보행자","945025","1946964","126.8778755","37.52033387","N"
"2015","2015-10-05 21","야","월","1","0","0","0","0","울산","울주군","차량단독","기타","기타","안전운전 의무 불이행","교차로","교차로부근","원동기장치자전거","없음","1166567","1720766","129.3357873","35.46879187","N"
"2015","2015-10-05 23","야","월","1","1","0","1","0","전북","전주시","차대차","추돌","진행중 추돌","안전운전 의무 불이행","단일로","기타단일로","화물차","화물차","965195","1750580","127.115033","35.75095866","N"
"2015","2015-10-06 02","야","화","1","0","0","0","0","부산","해운대구","차대사람","횡단중","횡단중","안전운전 의무 불이행","교차로","교차로내","승용차","보행자","1151661","1686479","129.1652203","35.16214524","N"
"2015","2015-10-06 03","야","화","1","2","2","0","0","서울","중랑구","차대차","측면충돌","측면충돌","신호위반","교차로","교차로내","이륜차","승용차","964456","1954646","127.0973877","37.59052804","N"
"2015","2015-10-06 03","야","화","1","0","0","0","0","전남","무안군","차대차","추돌","진행중 추돌","안전운전 의무 불이행","단일로","기타단일로","승용차","화물차","903094","1649848","126.4401331","34.83865687","N"
"2015","2015-10-06 07","주","화","1","0","0","0","0","충북","청주시","차대사람","횡단중","횡단중","안전운전 의무 불이행","단일로","기타단일로","승용차","보행자","998397","1850703","127.4820648","36.65424596","N"
"2015","2015-10-06 09","주","화","1","0","0","0","0","경북","영덕군","차대사람","차도통행중","차도통행중","안전운전 의무 불이행","단일로","기타단일로","화물차","보행자","1167667","1822829","129.3694381","36.38832663","N"
"2015","2015-10-06 10","주","화","1","0","0","0","0","전북","무주군","차대차","측면충돌","측면충돌","중앙선 침범","단일로","기타단일로","승합차","이륜차","1025535","1776235","127.7832577","35.98254944","N"
"2015","2015-10-06 11","주","화","1","0","0","0","0","경북","울진군","차대차","추돌","진행중 추돌","안전운전 의무 불이행","교차로","교차로내","이륜차","화물차","1173626","1858599","129.4439021","36.70955384","N"
"2015","2015-10-06 12","주","화","1","2","0","2","0","경기","남양주시","차대차","기타","기타","안전운전 의무 불이행","단일로","기타단일로","원동기장치자전거","승용차","973043","1955494","127.1946212","37.59846309","N"
"2015","2015-10-06 12","주","화","1","0","0","0","0","대구","중구","차대차","측면충돌","측면충돌","중앙선 침범","단일로","기타단일로","자전거","승용차","1099409","1764614","128.6011969","35.87306075","N"
"2015","2015-10-06 14","주","화","1","3","2","1","0","부산","기장군","차대차","측면충돌","측면충돌","신호위반","단일로","기타단일로","승용차","화물차","1153162","1703673","129.1848978","35.31689027","N"
"2015","2015-10-06 14","주","화","2","1","1","0","0","경남","의령군","차대차","기타","기타","안전운전 의무 불이행","단일로","기타단일로","승용차","승용차","1071426","1703717","128.2858624","35.32647402","N"
"2015","2015-10-06 15","주","화","1","0","0","0","0","충북","옥천군","차량단독","도로이탈","도로이탈 추락","안전운전 의무 불이행","단일로","기타단일로","이륜차","없음","1009437","1804235","127.6050199","36.23527954","N"
"2015","2015-10-06 16","주","화","1","0","0","0","0","대구","달서구","차대사람","횡단중","횡단중","안전운전 의무 불이행","단일로","기타단일로","이륜차","보행자","1096396","1762654","128.5675888","35.85569347","N"
"2015","2015-10-06 17","주","화","1","0","0","0","0","전남","해남군","차대차","기타","기타","안전운전 의무 불이행","단일로","기타단일로","화물차","원동기장치자전거","912861","1603357","126.5517238","34.42034313","N"
"2015","2015-10-06 17","주","화","1","0","0","0","0","경남","진주시","차대차","측면충돌","측면충돌","안전운전 의무 불이행","교차로","교차로부근","승용차","자전거","1051514","1687143","128.0657533","35.17825801","N"
"2015","2015-10-06 19","야","화","1","0","0","0","0","경남","진주시","차대차","정면충돌","정면충돌","안전운전 의무 불이행","교차로","교차로내","화물차","이륜차","1060178","1693596","128.1613722","35.23595989","N"