"발생년","발생년월일시","주야","요일","사망자수","부상자수","중상자수","경상자수","부상신고자수","발생지시도","발생지시군구","사고유형_대분류","사고유형_중분류","사고유형","가해자법규위반","도로형태_대분류","도로형태","가해자_당사자종별","피해자_당사자종별","발생위치(X_UTMK)","발생위치(Y_UTMK)","경도","위도"," 어린이사고 여부"
"2015","2015-10-06 20","야","화","1","0","0","0","0","충남","태안군","차대사람","차도통행중","차도통행중","안전운전 의무 불이행","단일로","기타단일로","승용차","보행자","893451","1861934","126.306427","36.74950695","N"
"2015","2015-10-06 20","야","화","1","1","1","0","0","대구","북구","차대차","추돌","진행중 추돌","안전운전 의무 불이행","교차로","교차로부근","승용차","자전거","1098260","1767679","128.5888492","35.90080613","N"
"2015","2015-10-07 01","야","수","1","0","0","0","0","경남","창원시(통합)","차대사람","차도통행중","차도통행중","안전운전 의무 불이행","단일로","기타단일로","승용차","보행자","1100637","1702338","128.6070403","35.31152605","N"
"2015","2015-10-07 02","야","수","1","0","0","0","0","경남","밀양시","차대차","추돌","진행중 추돌","안전운전 의무 불이행","단일로","교량위","화물차","승용차","1115617","1720542","128.7743708","35.47400763","N"
"2015","2015-10-07 04","야","수","1","0","0","0","0","전북","전주시","차대사람","보도통행중","보도통행중","보행자 보호의무 위반","교차로","교차로내","화물차","보행자","964880","1759339","127.1111645","35.82991906","N"
"2015","2015-10-07 05","야","수","1","0","0","0","0","부산","기장군","차대사람","횡단중","횡단중","신호위반","단일로","기타단일로","승합차","보행자","1152664","1704264","129.1795317","35.3222932","N"
"2015","2015-10-07 07","주","수","1","3","2","1","0","충남","부여군","차대차","측면충돌","측면충돌","신호위반","교차로","교차로내","승용차","화물차","954665","1805654","126.9954145","36.2470546","N"
"2015","2015-10-07 12","주","수","1","0","0","0","0","대구","달성군","차대차","기타","기타","안전운전 의무 불이행","단일로","기타단일로","화물차","농기계","1086165","1740962","128.4519626","35.6610922","N"
"2015","2015-10-07 15","주","수","1","0","0","0","0","전남","담양군","차대차","기타","기타","안전운전 의무 불이행","단일로","기타단일로","승합차","자전거","952808.2","1701210.3","126.9809058","35.30531119","N"
"2015","2015-10-07 18","야","수","1","0","0","0","0","경기","의정부시","차대차","기타","기타","신호위반","교차로","교차로내","이륜차","화물차","960138","1971096","127.0475793","37.73861712","N"
"2015","2015-10-07 18","야","수","1","0","0","0","0","경남","사천시","차대사람","기타","기타","안전운전 의무 불이행","단일로","기타단일로","승용차","보행자","1042559","1680410","127.9670611","35.11796652","N"
"2015","2015-10-07 19","야","수","1","0","0","0","0","강원","강릉시","차대사람","차도통행중","차도통행중","안전운전 의무 불이행","단일로","기타단일로","승용차","보행자","1122106","1972595","128.8859487","37.74484702","N"
"2015","2015-10-07 19","야","수","1","0","0","0","0","충남","보령시","차대사람","길가장자리구역통행중","길가장자리구역통행중","안전운전 의무 불이행","단일로","기타단일로","승용차","보행자","923365","1820748","126.6455849","36.38114249","N"
"2015","2015-10-07 20","야","수","1","0","0","0","0","부산","중구","차대사람","횡단중","횡단중","안전운전 의무 불이행","단일로","횡단보도상","승용차","보행자","1140122","1680553","129.0375609","35.11040352","N"
"2015","2015-10-07 22","야","수","1","0","0","0","0","전북","익산시","차대차","정면충돌","정면충돌","신호위반","교차로","교차로내","화물차","이륜차","951187","1774234","126.9586524","35.96362181","N"
"2015","2015-10-07 22","야","수","1","0","0","0","0","경북","의성군","차량단독","공작물충돌","공작물충돌","안전운전 의무 불이행","단일로","교량위","화물차","없음","1081324","1821383","128.4067542","36.38648118","N"
"2015","2015-10-08 00","야","목","1","0","0","0","0","경기","용인시","차량단독","공작물충돌","공작물충돌","안전운전 의무 불이행","단일로","기타단일로","이륜차","없음","970953","1914521","127.172557","37.22908317","N"
"2015","2015-10-08 00","야","목","1","0","0","0","0","경북","경주시","차량단독","도로이탈","도로이탈 기타","안전운전 의무 불이행","교차로","교차로내","화물차","없음","1179434","1750717","129.4841794","35.73644471","N"
"2015","2015-10-08 00","야","목","1","0","0","0","0","인천","중구","차량단독","전도전복","전도전복","안전운전 의무 불이행","단일로","기타단일로","이륜차","없음","921044","1941889","126.6070649","37.47285393","N"
"2015","2015-10-08 07","주","목","1","0","0","0","0","부산","부산진구","차대차","기타","기타","안전운전 의무 불이행","단일로","횡단보도부근","이륜차","화물차","1141737","1684151","129.0558933","35.14260957","N"
"2015","2015-10-08 09","주","목","1","0","0","0","0","강원","원주시","차대사람","횡단중","횡단중","신호위반","교차로","교차로내","화물차","보행자","1038390","1927305","127.9334235","37.34397674","N"
"2015","2015-10-08 10","주","목","1","0","0","0","0","경북","성주군","차대차","추돌","진행중 추돌","안전운전 의무 불이행","기타/불명","기타/불명","화물차","원동기장치자전거","1072658","1769358","128.3053285","35.9181798","N"
"2015","2015-10-08 12","주","목","1","0","0","0","0","서울","송파구","차량단독","공작물충돌","공작물충돌","안전운전 의무 불이행","단일로","기타단일로","원동기장치자전거","없음","967667","1946644","127.1341113","37.51852128","N"
"2015","2015-10-08 12","주","목","1","0","0","0","0","경북","경주시","차대차","기타","기타","안전운전 의무 불이행","단일로","기타단일로","승용차","농기계","1174743","1757562","129.4338263","35.79897016","N"
"2015","2015-10-08 16","주","목","1","0","0","0","0","대전","동구","차대차","추돌","진행중 추돌","안전운전 의무 불이행","단일로","기타단일로","승용차","화물차","998051","1808023","127.478301","36.26947462","N"
"2015","2015-10-08 18","야","목","1","0","0","0","0","대구","북구","차대사람","횡단중","횡단중","안전운전 의무 불이행","단일로","기타단일로","승용차","보행자","1099573","1768492","128.6034983","35.90800205","N"
"2015","2015-10-08 19","야","목","1","0","0","0","0","전남","순천시","차대사람","횡단중","횡단중","안전운전 의무 불이행","단일로","기타단일로","승용차","보행자","1001043","1660285","127.5114212","34.93739064","N"
"2015","2015-10-08 20","야","목","1","0","0","0","0","경남","합천군","차대차","추돌","진행중 추돌","안전운전 의무 불이행","단일로","기타단일로","화물차","농기계","1045464","1718860","128.0010727","35.46453018","N"
"2015","2015-10-08 21","야","목","1","0","0","0","0","경남","통영시","차대사람","차도통행중","차도통행중","안전운전 의무 불이행","교차로","교차로부근","승용차","보행자","1085179","1650987","128.4317398","34.84997649","N"
"2015","2015-10-08 23","야","목","1","0","0","0","0","강원","동해시","차대차","추돌","주정차중 추돌","안전운전 의무 불이행","단일로","기타단일로","이륜차","건설기계","1142583","1947721","129.1134379","37.51777382","N"
"2015","2015-10-09 02","야","금","1","0","0","0","0","대구","수성구","차대차","추돌","주정차중 추돌","안전운전 의무 불이행","교차로","교차로부근","승용차","이륜차","1101707.4","1763061.6","128.6264548","35.85883072","N"
"2015","2015-10-09 05","야","금","1","0","0","0","0","인천","남동구","차대차","측면충돌","측면충돌","신호위반","교차로","교차로내","자전거","승합차","930167","1942248","126.7101958","37.47682417","N"
"2015","2015-10-09 06","주","금","1","0","0","0","0","서울","노원구","차량단독","공작물충돌","공작물충돌","안전운전 의무 불이행","단일로","기타단일로","승용차","없음","964325","1958682","127.095707","37.62690055","N"
"2015","2015-10-09 07","주","금","1","0","0","0","0","경기","고양시","차대사람","길가장자리구역통행중","길가장자리구역통행중","안전운전 의무 불이행","기타/불명","기타/불명","승용차","보행자","930845","1962646","126.7159385","37.66071658","N"
"2015","2015-10-09 12","주","금","4","19","3","13","3","경북","포항시","차대차","측면충돌","측면충돌","기타","교차로","교차로내","승합차","승합차","1171844","1790580","129.4089058","36.09700779","Y"
"2015","2015-10-09 12","주","금","1","0","0","0","0","경남","사천시","차대차","측면충돌","측면충돌","기타","교차로","교차로내","승용차","이륜차","1054032","1676458","128.0927075","35.08178157","N"
"2015","2015-10-09 14","주","금","1","1","0","0","1","경북","청송군","차대차","정면충돌","정면충돌","중앙선 침범","단일로","기타단일로","건설기계","화물차","1134744","1841115","129.0056693","36.55830309","N"
"2015","2015-10-09 15","주","금","1","0","0","0","0","광주","북구","차대차","기타","기타","기타","단일로","기타단일로","자전거","승용차","947248","1685937","126.9207281","35.16731957","N"
"2015","2015-10-09 16","주","금","1","1","0","1","0","경기","안산시","차대차","측면충돌","측면충돌","기타","교차로","교차로부근","자전거","승용차","936855","1925849","126.7872323","37.3294995","N"
"2015","2015-10-09 17","주","금","1","0","0","0","0","경북","영주시","차대차","측면충돌","측면충돌","안전운전 의무 불이행","교차로","교차로내","승용차","원동기장치자전거","1090262","1875746","128.5127913","36.87568881","N"
"2015","2015-10-09 17","주","금","1","0","0","0","0","경남","남해군","차대사람","횡단중","횡단중","안전운전 의무 불이행","단일로","기타단일로","승용차","보행자","1033354","1639086","127.864392","34.74568032","N"
"2015","2015-10-09 18","야","금","1","0","0","0","0","전남","광양시","차대사람","횡단중","횡단중","신호위반","교차로","교차로부근","승용차","보행자","1020637","1659691","127.7259673","34.93182463","N"
"2015","2015-10-09 21","야","금","1","0","0","0","0","경기","하남시","차대차","측면충돌","측면충돌","신호위반","교차로","교차로내","승용차","이륜차","975027","1948098","127.2173485","37.53185558","N"
"2015","2015-10-10 02","야","토","1","0","0","0","0","서울","서초구","차대사람","차도통행중","차도통행중","과속","단일로","기타단일로","승용차","보행자","958071","1942901","127.0257369","37.48439799","N"
"2015","2015-10-10 05","야","토","2","1","0","1","0","경북","영천시","차대차","정면충돌","정면충돌","중앙선 침범","단일로","기타단일로","승용차","승용차","1126000","1771783","128.896822","35.934617","N"
"2015","2015-10-10 06","주","토","1","0","0","0","0","대구","동구","차대사람","기타","기타","안전운전 의무 불이행","단일로","기타단일로","승용차","보행자","1102952","1768849","128.640985","35.91087022","N"
"2015","2015-10-10 09","주","토","1","0","0","0","0","경북","포항시","차대차","기타","기타","안전운전 의무 불이행","교차로","교차로내","승용차","이륜차","1168821","1786021","129.3743661","36.05645687","N"
"2015","2015-10-10 11","주","토","1","0","0","0","0","경북","경산시","차대사람","길가장자리구역통행중","길가장자리구역통행중","안전운전 의무 불이행","단일로","기타단일로","승용차","보행자","1112415","1760171","128.7446151","35.83160446","N"
"2015","2015-10-10 12","주","토","1","1","1","0","0","경기","평택시","차대차","기타","기타","중앙선 침범","단일로","기타단일로","승용차","승용차","962589","1902589","127.0788701","37.12123089","N"
"2015","2015-10-10 13","주","토","1","0","0","0","0","서울","구로구","차대차","기타","기타","기타","교차로","교차로부근","승용차","승용차","943201","1944943","126.8573915","37.50200791","N"
"2015","2015-10-10 13","주","토","1","3","3","0","0","전남","해남군","차대차","정면충돌","정면충돌","중앙선 침범","단일로","기타단일로","화물차","승합차","899186","1634936","126.3991849","34.70382875","N"
"2015","2015-10-10 14","주","토","1","3","1","2","0","전남","완도군","차량단독","기타","기타","안전운전 의무 불이행","단일로","기타단일로","승합차","없음","958612","1592455","127.0501066","34.32487468","N"
"2015","2015-10-10 15","주","토","1","4","2","2","0","경남","남해군","차대차","정면충돌","정면충돌","중앙선 침범","단일로","기타단일로","승용차","승용차","1041109","1645833","127.9494429","34.80623842","N"
"2015","2015-10-10 17","주","토","1","0","0","0","0","전남","고흥군","차량단독","도로이탈","도로이탈 추락","안전운전 의무 불이행","단일로","기타단일로","화물차","없음","988515","1640482","127.3745065","34.75874964","N"
"2015","2015-10-10 23","야","토","1","0","0","0","0","경기","고양시","차대사람","횡단중","횡단중","안전운전 의무 불이행","교차로","교차로부근","화물차","보행자","944758","1955684","126.8741971","37.5989116","N"
"2015","2015-10-11 05","야","일","1","0","0","0","0","경북","경주시","차대차","추돌","진행중 추돌","안전운전 의무 불이행","단일로","기타단일로","승용차","자전거","1153251","1761386","129.1968144","35.83702311","N"
"2015","2015-10-11 06","주","일","1","0","0","0","0","경기","고양시","차대사람","횡단중","횡단중","안전운전 의무 불이행","단일로","기타단일로","승용차","보행자","947562","1967843","126.9050866","37.70866414","N"
"2015","2015-10-11 09","주","일","1","0","0","0","0","강원","태백시","차량단독","전도전복","전도전복","안전운전 의무 불이행","단일로","기타단일로","승용차","없음","1129763","1911758","128.9621143","37.19560625","N"
"2015","2015-10-11 14","주","일","1","0","0","0","0","세종","세종시","차대차","측면충돌","측면충돌","안전운전 의무 불이행","교차로","교차로내","화물차","이륜차","983219","1840727","127.3124637","36.56416595","N"
"2015","2015-10-11 15","주","일","1","0","0","0","0","전남","나주시","차대사람","횡단중","횡단중","보행자 보호의무 위반","단일로","횡단보도상","승용차","보행자","918441","1670946","126.6059024","35.03023234","N"
"2015","2015-10-11 16","주","일","1","0","0","0","0","서울","서대문구","차대사람","길가장자리구역통행중","길가장자리구역통행중","안전운전 의무 불이행","단일로","기타단일로","승합차","보행자","950719","1954855","126.9417784","37.59177848","N"
"2015","2015-10-11 16","주","일","1","1","1","0","0","경기","가평군","차대차","기타","기타","안전운전 의무 불이행","교차로","교차로내","승용차","승용차","996888","1965519","127.4647032","37.68921268","N"
"2015","2015-10-11 18","야","일","1","1","1","0","0","서울","관악구","차대차","기타","기타","신호위반","교차로","교차로내","이륜차","승용차","948962","1943567","126.9226622","37.4899423","N"
"2015","2015-10-11 19","야","일","1","1","0","1","0","강원","춘천시","차대차","정면충돌","정면충돌","중앙선 침범","단일로","기타단일로","승용차","승합차","1016836","1988530","127.6914908","37.89646536","N"
"2015","2015-10-11 19","야","일","1","0","0","0","0","충북","괴산군","차대사람","횡단중","횡단중","과속","교차로","교차로부근","승합차","보행자","1026118","1867580","127.7927972","36.80603034","N"
"2015","2015-10-11 20","야","일","1","0","0","0","0","경기","포천시","차대사람","횡단중","횡단중","안전운전 의무 불이행","단일로","기타단일로","승용차","보행자","968398","1980448","127.1409182","37.82322978","N"
"2015","2015-10-11 21","야","일","1","0","0","0","0","경기","용인시","차량단독","공작물충돌","공작물충돌","중앙선 침범","단일로","기타단일로","승용차","없음","977295","1914409","127.2440522","37.22824968","N"
"2015","2015-10-12 01","야","월","1","0","0","0","0","경북","구미시","차대사람","보도통행중","보도통행중","안전운전 의무 불이행","교차로","교차로내","승용차","보행자","1076505","1786445","128.3496144","36.07192486","N"
"2015","2015-10-12 03","야","월","1","0","0","0","0","서울","양천구","차량단독","공작물충돌","공작물충돌","안전운전 의무 불이행","단일로","터널안","승용차","없음","942107","1945257","126.8449903","37.50477003","N"
"2015","2015-10-12 03","야","월","1","2","0","2","0","경기","안산시","차대차","추돌","진행중 추돌","안전운전 의무 불이행","교차로","교차로부근","승용차","승용차","940247","1924458","126.82563","37.31718644","N"
"2015","2015-10-12 05","야","월","1","0","0","0","0","서울","강남구","차대사람","횡단중","횡단중","안전운전 의무 불이행","단일로","횡단보도상","승용차","보행자","959832","1944263","127.0455808","37.49675251","N"
"2015","2015-10-12 06","주","월","1","0","0","0","0","서울","은평구","차대사람","횡단중","횡단중","신호위반","단일로","횡단보도상","승용차","보행자","951166","1962239","126.946348","37.6583547","N"
"2015","2015-10-12 09","주","월","1","0","0","0","0","전북","정읍시","차대사람","횡단중","횡단중","안전운전 의무 불이행","교차로","교차로부근","승합차","보행자","941342","1730679","126.8526645","35.57040017","N"
"2015","2015-10-12 10","주","월","1","2","0","2","0","경기","양주시","차대차","추돌","진행중 추돌","안전운전 의무 불이행","단일로","기타단일로","승용차","화물차","958820","1987986","127.0316602","37.89078636","N"
"2015","2015-10-12 12","주","월","1","0","0","0","0","경기","화성시","차대사람","횡단중","횡단중","안전운전 의무 불이행","교차로","교차로부근","화물차","보행자","951179","1913655","126.9497114","37.22045129","N"
"2015","2015-10-12 13","주","월","2","3","3","0","0","경북","군위군","차대차","정면충돌","정면충돌","중앙선 침범","단일로","기타단일로","승용차","화물차","1098263","1794867","128.5922601","36.14588583","N"
"2015","2015-10-12 14","주","월","1","1","1","0","0","전남","장흥군","차량단독","공작물충돌","공작물충돌","안전운전 의무 불이행","단일로","기타단일로","화물차","없음","955118","1639729","127.0096341","34.75103664","N"
"2015","2015-10-12 17","주","월","1","2","0","2","0","광주","서구","차대사람","횡단중","횡단중","보행자 보호의무 위반","단일로","횡단보도상","승용차","보행자","940971","1683846","126.8519533","35.14811661","N"
"2015","2015-10-12 18","야","월","1","3","3","0","0","경북","성주군","차대차","정면충돌","정면충돌","안전운전 의무 불이행","교차로","교차로내","화물차","화물차","1075850","1759846","128.3397992","35.8321851","N"
"2015","2015-10-12 19","야","월","1","3","0","3","0","전남","담양군","차대차","측면충돌","측면충돌","중앙선 침범","단일로","교량위","승용차","화물차","949382","1695676","126.9435618","35.255243","N"
"2015","2015-10-12 20","야","월","1","0","0","0","0","부산","동구","차량단독","공작물충돌","공작물충돌","안전운전 의무 불이행","단일로","기타단일로","승용차","없음","1142000","1682693","129.0585289","35.12943021","N"
"2015","2015-10-12 23","야","월","1","2","1","1","0","경기","평택시","차대차","기타","기타","안전운전 의무 불이행","교차로","교차로부근","승용차","승용차","960931","1894164","127.0606453","37.04521986","N"
"2015","2015-10-13 04","야","화","1","0","0","0","0","전남","순천시","차대차","추돌","진행중 추돌","안전운전 의무 불이행","단일로","기타단일로","화물차","화물차","988197","1668954","127.37063","35.01549473","N"
"2015","2015-10-13 07","주","화","1","1","1","0","0","충북","옥천군","차대차","정면충돌","정면충돌","중앙선 침범","단일로","기타단일로","화물차","승용차","1014125","1821494","127.6575029","36.39081982","N"
"2015","2015-10-13 10","주","화","1","0","0","0","0","경기","양평군","차량단독","공작물충돌","공작물충돌","안전운전 의무 불이행","단일로","기타단일로","승용차","없음","998183","1947833","127.4794352","37.52980342","N"
"2015","2015-10-13 10","주","화","1","0","0","0","0","충북","음성군","차대차","기타","기타","교차로 통행방법 위반","교차로","교차로내","화물차","원동기장치자전거","1009578","1892635","127.6076923","37.03220151","N"
"2015","2015-10-13 10","주","화","1","1","1","0","0","충남","서산시","차대차","측면충돌","측면충돌","안전운전 의무 불이행","단일로","기타단일로","이륜차","승용차","913715","1857945","126.5338443","36.71561223","N"
"2015","2015-10-13 13","주","화","1","0","0","0","0","경기","양주시","차대차","추돌","진행중 추돌","중앙선 침범","단일로","기타단일로","승용차","화물차","955975","1991355","126.9990994","37.92101697","N"
"2015","2015-10-13 13","주","화","1","0","0","0","0","충북","음성군","차대차","측면충돌","측면충돌","안전운전 의무 불이행","교차로","교차로내","승용차","자전거","998648","1890731","127.4848019","37.015086","N"
"2015","2015-10-13 15","주","화","1","0","0","0","0","경기","부천시","차대차","측면충돌","측면충돌","신호위반","교차로","교차로내","화물차","이륜차","935952","1946454","126.7752523","37.51515185","N"
"2015","2015-10-13 16","주","화","1","0","0","0","0","서울","관악구","차대사람","횡단중","횡단중","신호위반","교차로","교차로부근","승용차","보행자","948449","1943475","126.9168659","37.48908458","N"
"2015","2015-10-13 16","주","화","2","1","1","0","0","경기","안산시","차대차","정면충돌","정면충돌","중앙선 침범","단일로","기타단일로","승용차","화물차","923068","1915168","126.6327277","37.23219223","N"
"2015","2015-10-13 18","야","화","1","0","0","0","0","전남","장흥군","차대사람","횡단중","횡단중","안전운전 의무 불이행","단일로","기타단일로","화물차","보행자","948054","1631662","126.9329551","34.67795787","N"
"2015","2015-10-13 18","야","화","1","0","0","0","0","경남","사천시","차대사람","차도통행중","차도통행중","안전운전 의무 불이행","단일로","기타단일로","승용차","보행자","1057799","1664792","128.1332159","34.97638205","N"
"2015","2015-10-14 00","야","수","1","0","0","0","0","경기","여주시","차대사람","횡단중","횡단중","안전운전 의무 불이행","교차로","교차로부근","승용차","보행자","1011917","1921150","127.6344458","37.2892135","N"
"2015","2015-10-14 02","야","수","1","3","2","1","0","서울","서초구","차대차","추돌","진행중 추돌","안전운전 의무 불이행","단일로","기타단일로","승용차","승용차","957493","1944862","127.0190859","37.50204676","N"
"2015","2015-10-14 03","야","수","1","1","0","1","0","경기","용인시","차대차","추돌","진행중 추돌","안전운전 의무 불이행","단일로","기타단일로","승용차","화물차","964322","1921282","127.0974839","37.28979529","N"
"2015","2015-10-14 05","야","수","1","0","0","0","0","경기","수원시","차대사람","횡단중","횡단중","안전운전 의무 불이행","교차로","교차로내","화물차","보행자","957810","1918580","127.0241716","37.26516766","N"
"2015","2015-10-14 05","야","수","1","0","0","0","0","전남","나주시","차대차","추돌","진행중 추돌","안전운전 의무 불이행","단일로","기타단일로","화물차","원동기장치자전거","930649","1671459","126.7396795","35.03577011","N"
"2015","2015-10-14 07","주","수","1","1","1","0","0","강원","춘천시","차대차","정면충돌","정면충돌","중앙선 침범","단일로","기타단일로","승용차","승합차","1018061","1994120","127.705564","37.94682433","N"
"2015","2015-10-14 09","주","수","3","3","0","3","0","충남","서산시","차대차","정면충돌","정면충돌","신호위반","교차로","교차로부근","건설기계","승용차","905541","1864397","126.4415331","36.77298791","N"
"2015","2015-10-14 09","주","수","1","0","0","0","0","대구","수성구","차대사람","횡단중","횡단중","안전운전 의무 불이행","교차로","교차로부근","승용차","보행자","1101437","1762504","128.6233896","35.85383232","N"
"2015","2015-10-14 10","주","수","1","1","1","0","0","충북","청주시","차대차","정면충돌","정면충돌","안전운전 의무 불이행","교차로","교차로내","승용차","승합차","988270","1842889","127.3688781","36.58373192","N"
"2015","2015-10-14 10","주","수","1","1","0","1","0","충남","보령시","차대차","추돌","진행중 추돌","안전운전 의무 불이행","단일로","기타단일로","화물차","화물차","917989","1833287","126.5843268","36.49372696","N"
"2015","2015-10-14 13","주","수","1","1","0","1","0","경기","파주시","차대차","측면충돌","측면충돌","안전운전 의무 불이행","교차로","교차로내","이륜차","화물차","930327","1978768","126.7085208","37.8059761","N"
"2015","2015-10-14 14","주","수","1","0","0","0","0","전남","완도군","차대차","정면충돌","정면충돌","중앙선 침범","단일로","기타단일로","이륜차","화물차","913281","1577788","126.5588697","34.18981648","N"
"2015","2015-10-14 15","주","수","1","0","0","0","0","울산","울주군","차량단독","기타","기타","안전운전 의무 불이행","단일로","기타단일로","농기계","없음","1145767","1726716","129.1076986","35.52568893","N"
"2015","2015-10-14 16","주","수","1","0","0","0","0","충북","음성군","차대차","기타","기타","안전운전 의무 불이행","교차로","교차로내","승합차","원동기장치자전거","1006360","1887099","127.5714634","36.98232505","N"
"2015","2015-10-14 17","주","수","1","0","0","0","0","경기","포천시","차대사람","횡단중","횡단중","보행자 보호의무 위반","단일로","횡단보도상","화물차","보행자","974471","1988169","127.2096497","37.89300932","N"
"2015","2015-10-14 17","주","수","1","0","0","0","0","전남","나주시","차량단독","전도전복","전도전복","안전운전 의무 불이행","단일로","기타단일로","이륜차","없음","923287","1664516","126.6596149","34.97263625","N"
"2015","2015-10-14 17","주","수","1","0","0","0","0","인천","연수구","차대사람","기타","기타","안전운전 의무 불이행","단일로","기타단일로","화물차","보행자","925860","1936888","126.6620279","37.42818007","Y"
"2015","2015-10-14 18","야","수","1","0","0","0","0","경기","양주시","차대사람","기타","기타","안전운전 의무 불이행","교차로","교차로내","화물차","보행자","955796","1977775","126.9978938","37.7986149","N"
"2015","2015-10-14 18","야","수","1","3","0","3","0","경북","안동시","차대사람","기타","기타","보행자 보호의무 위반","교차로","교차로내","화물차","보행자","1124112","1839594","128.8866521","36.54603613","N"
"2015","2015-10-14 19","야","수","1","0","0","0","0","대구","북구","차대사람","횡단중","횡단중","안전운전 의무 불이행","교차로","교차로내","승용차","보행자","1099342","1766084","128.6006381","35.8863188","N"
"2015","2015-10-14 23","야","수","1","1","1","0","0","강원","평창군","차대차","추돌","진행중 추돌","안전거리 미확보","단일로","기타단일로","승용차","승용차","1081375.1","1955508.3","128.4217998","37.59538725","N"
"2015","2015-10-15 07","주","목","1","5","3","2","0","인천","부평구","차대차","측면충돌","측면충돌","중앙선 침범","단일로","기타단일로","승용차","승합차","931887","1943604","126.7295217","37.48917405","N"
"2015","2015-10-15 10","주","목","1","0","0","0","0","전북","익산시","차대차","기타","기타","안전운전 의무 불이행","교차로","교차로내","승용차","승용차","950736","1773586","126.9536911","35.95775704","N"
"2015","2015-10-15 14","주","목","1","0","0","0","0","경북","구미시","차대차","기타","기타","안전운전 의무 불이행","단일로","교량위","이륜차","건설기계","1074526","1795555","128.3285012","36.15420372","N"
"2015","2015-10-15 16","주","목","1","0","0","0","0","전남","완도군","차대사람","길가장자리구역통행중","길가장자리구역통행중","안전운전 의무 불이행","단일로","기타단일로","승용차","보행자","933815","1597943","126.7801521","34.37307705","N"
"2015","2015-10-15 17","주","목","1","0","0","0","0","충남","천안시","차대사람","횡단중","횡단중","보행자 보호의무 위반","단일로","기타단일로","화물차","보행자","971978","1879198","127.1854293","36.91070644","N"
"2015","2015-10-15 20","야","목","1","0","0","0","0","경기","구리시","차량단독","기타","기타","안전운전 의무 불이행","단일로","기타단일로","이륜차","없음","968223","1958565","127.139886","37.62598908","N"
"2015","2015-10-15 21","야","목","1","1","1","0","0","전남","장성군","차량단독","전도전복","전도전복","안전운전 의무 불이행","교차로","교차로내","승용차","없음","922580","1693687","126.6491416","35.23559668","N"
"2015","2015-10-15 23","야","목","1","0","0","0","0","대전","대덕구","차대차","추돌","주정차중 추돌","안전운전 의무 불이행","단일로","기타단일로","승용차","승합차","993127","1822389","127.4233536","36.3989678","N"
"2015","2015-10-16 04","야","금","1","1","0","0","1","경남","양산시","차대차","추돌","진행중 추돌","안전운전 의무 불이행","단일로","기타단일로","승용차","승용차","1140431","1708576","129.0457363","35.36295442","N"
"2015","2015-10-16 10","주","금","1","0","0","0","0","경기","김포시","차대사람","횡단중","횡단중","안전운전 의무 불이행","단일로","기타단일로","특수차","보행자","922440","1958059","126.6211416","37.61870488","N"
"2015","2015-10-16 12","주","금","1","0","0","0","0","경북","경산시","차대차","기타","기타","안전운전 의무 불이행","단일로","기타단일로","화물차","이륜차","1120391","1770057","128.8343953","35.91976689","N"
"2015","2015-10-16 12","주","금","1","0","0","0","0","대구","동구","차대사람","횡단중","횡단중","보행자 보호의무 위반","단일로","횡단보도상","승용차","보행자","1108772","1764689","128.7049054","35.87274136","N"
"2015","2015-10-16 13","주","금","1","2","1","1","0","전남","무안군","차대차","추돌","진행중 추돌","안전운전 의무 불이행","단일로","기타단일로","승용차","원동기장치자전거","909363","1653122","126.5083339","34.8687543","N"
"2015","2015-10-16 13","주","금","1","0","0","0","0","전남","광양시","차대차","측면충돌","측면충돌","신호위반","교차로","교차로부근","원동기장치자전거","승용차","1008493","1664042","127.5930397","34.97123432","N"
"2015","2015-10-16 14","주","금","1","0","0","0","0","전북","익산시","차대사람","차도통행중","차도통행중","안전운전 의무 불이행","교차로","교차로내","건설기계","보행자","949515","1783671","126.9395084","36.04861603","N"
"2015","2015-10-16 15","주","금","1","2","1","1","0","경기","용인시","차대차","기타","기타","안전운전 의무 불이행","단일로","기타단일로","화물차","승합차","964868","1921273","127.1036441","37.28973496","N"
"2015","2015-10-16 16","주","금","1","2","0","2","0","충북","진천군","차대차","정면충돌","정면충돌","교차로 통행방법 위반","교차로","교차로내","승용차","승용차","1001525","1867567","127.5170962","36.80627234","N"
"2015","2015-10-16 17","주","금","1","0","0","0","0","경기","동두천시","차대차","기타","기타","기타","단일로","기타단일로","승용차","이륜차","960773","1991070","127.0537032","37.91866802","N"
"2015","2015-10-16 17","주","금","1","0","0","0","0","전남","영광군","차대차","기타","기타","중앙선 침범","단일로","기타단일로","이륜차","화물차","907582","1695302","126.4841507","35.24888614","N"
"2015","2015-10-16 18","야","금","1","4","4","0","0","경기","가평군","차대차","정면충돌","정면충돌","중앙선 침범","단일로","고가도로위","승용차","승용차","999626","1958223","127.4957618","37.62345592","N"
"2015","2015-10-16 18","야","금","1","0","0","0","0","세종","세종시","차대차","추돌","진행중 추돌","안전운전 의무 불이행","단일로","기타단일로","자전거","승용차","981303.8","1844250.4","127.2909749","36.59589384","N"
"2015","2015-10-16 18","야","금","1","2","2","0","0","경북","영천시","차대사람","횡단중","횡단중","보행자 보호의무 위반","교차로","교차로내","승합차","보행자","1129464","1775711","128.9358535","35.96956784","Y"