"발생년","발생년월일시","주야","요일","사망자수","부상자수","중상자수","경상자수","부상신고자수","발생지시도","발생지시군구","사고유형_대분류","사고유형_중분류","사고유형","가해자법규위반","도로형태_대분류","도로형태","가해자_당사자종별","피해자_당사자종별","발생위치(X_UTMK)","발생위치(Y_UTMK)","경도","위도"," 어린이사고 여부"
"2015","2015-11-04 22","야","수","1","0","0","0","0","경기","양주시","차대사람","횡단중","횡단중","안전운전 의무 불이행","단일로","기타단일로","승용차","보행자","954090","1968949","126.9790745","37.7189829","N"
"2015","2015-11-05 00","야","목","1","0","0","0","0","경기","남양주시","차대사람","횡단중","횡단중","안전운전 의무 불이행","단일로","횡단보도상","승용차","보행자","976567","1960833","127.2343708","37.64668208","N"
"2015","2015-11-05 04","야","목","1","0","0","0","0","경기","안양시","차대사람","기타","기타","안전운전 의무 불이행","단일로","기타단일로","승용차","보행자","948685","1933165","126.9202528","37.3961707","N"
"2015","2015-11-05 05","야","목","1","1","0","1","0","전남","순천시","차대차","측면충돌","측면충돌","기타","교차로","교차로내","승용차","승용차","1003161","1661022","127.5346169","34.94403216","N"
"2015","2015-11-05 09","주","목","1","0","0","0","0","서울","영등포구","차대사람","기타","기타","안전운전 의무 불이행","단일로","기타단일로","승용차","보행자","946893","1948865","126.8988761","37.53757727","N"
"2015","2015-11-05 13","주","목","1","0","0","0","0","충북","영동군","차대사람","길가장자리구역통행중","길가장자리구역통행중","안전운전 의무 불이행","단일로","기타단일로","승용차","보행자","1019587","1804653","127.7179843","36.23889557","N"
"2015","2015-11-05 14","주","목","1","0","0","0","0","전북","군산시","차대차","측면충돌","측면충돌","안전운전 의무 불이행","교차로","교차로내","이륜차","화물차","937256","1772673","126.8042868","35.9487525","N"
"2015","2015-11-05 16","주","목","1","0","0","0","0","서울","양천구","차대사람","기타","기타","안전운전 의무 불이행","단일로","기타단일로","승용차","보행자","940176","1948634","126.8228691","37.53508379","N"
"2015","2015-11-05 16","주","목","1","0","0","0","0","강원","화천군","차량단독","공작물충돌","공작물충돌","안전운전 의무 불이행","단일로","기타단일로","승용차","없음","1016877","2011721","127.6925028","38.10548156","N"
"2015","2015-11-05 17","주","목","1","0","0","0","0","경기","시흥시","차대차","측면충돌","측면충돌","교차로 통행방법 위반","교차로","교차로내","화물차","이륜차","928978","1926757","126.6982388","37.33711433","N"
"2015","2015-11-05 17","주","목","1","0","0","0","0","경기","양주시","차대차","측면충돌","측면충돌","교차로 통행방법 위반","교차로","교차로내","건설기계","원동기장치자전거","960787","1980332","127.0544457","37.82188891","N"
"2015","2015-11-05 18","야","목","1","0","0","0","0","전북","군산시","차대사람","길가장자리구역통행중","길가장자리구역통행중","안전운전 의무 불이행","단일로","기타단일로","승용차","보행자","937099","1772745","126.8025404","35.94939151","N"
"2015","2015-11-05 19","야","목","1","1","0","1","0","경북","청도군","차대차","추돌","진행중 추돌","안전운전 의무 불이행","단일로","기타단일로","화물차","농기계","1111125","1743030","128.7279592","35.67723854","N"
"2015","2015-11-06 04","야","금","2","0","0","0","0","대전","서구","차량단독","공작물충돌","공작물충돌","안전운전 의무 불이행","교차로","교차로내","이륜차","없음","991197","1816385","127.4018986","36.34482377","N"
"2015","2015-11-06 06","주","금","1","0","0","0","0","대구","북구","차대사람","기타","기타","과속","교차로","교차로부근","승용차","보행자","1095998","1766394","128.5636322","35.88944708","N"
"2015","2015-11-06 06","주","금","1","0","0","0","0","인천","미추홀구","차대사람","횡단중","횡단중","안전운전 의무 불이행","교차로","교차로부근","승용차","보행자","927348","1938488","126.6786869","37.44271863","N"
"2015","2015-11-06 07","주","금","1","0","0","0","0","서울","강동구","차대사람","기타","기타","신호위반","교차로","교차로부근","승용차","보행자","970884","1951461","127.170324","37.56204626","N"
"2015","2015-11-06 09","주","금","1","1","0","1","0","경기","양주시","차대차","정면충돌","정면충돌","중앙선 침범","단일로","기타단일로","승용차","승용차","959495","1976178","127.0399981","37.78439283","N"
"2015","2015-11-06 12","주","금","1","0","0","0","0","서울","관악구","차대사람","길가장자리구역통행중","길가장자리구역통행중","안전운전 의무 불이행","단일로","기타단일로","승용차","보행자","954021","1942022","126.9799835","37.47628251","N"
"2015","2015-11-06 12","주","금","1","0","0","0","0","부산","사하구","차대차","측면충돌","측면충돌","안전운전 의무 불이행","교차로","교차로부근","승용차","자전거","1132845","1677156","128.9571888","35.0807681","N"
"2015","2015-11-06 14","주","금","1","1","1","0","0","전북","남원시","차량단독","도로이탈","도로이탈 추락","안전운전 의무 불이행","단일로","기타단일로","승용차","없음","997303","1710072","127.4703041","35.38632688","N"
"2015","2015-11-06 18","야","금","1","0","0","0","0","충북","진천군","차대사람","횡단중","횡단중","안전운전 의무 불이행","교차로","교차로부근","승용차","보행자","989001","1876056","127.3765718","36.88273498","N"
"2015","2015-11-06 18","야","금","1","0","0","0","0","충남","아산시","차대차","기타","기타","안전운전 의무 불이행","단일로","기타단일로","승용차","농기계","949465","1864386","126.933696","36.77624977","N"
"2015","2015-11-06 18","야","금","1","0","0","0","0","울산","북구","차량단독","공작물충돌","공작물충돌","안전운전 의무 불이행","단일로","기타단일로","화물차","없음","1174889","1736396","129.4308351","35.60821219","N"
"2015","2015-11-06 19","야","금","1","0","0","0","0","제주","제주시","차대사람","횡단중","횡단중","안전운전 의무 불이행","단일로","기타단일로","승용차","보행자","885835","1491331","126.2722449","33.4075773","N"
"2015","2015-11-06 21","야","금","1","0","0","0","0","경기","가평군","차대사람","횡단중","횡단중","안전운전 의무 불이행","교차로","교차로내","승합차","보행자","993155","1971216","127.4223093","37.74054134","N"
"2015","2015-11-06 21","야","금","1","1","1","0","0","경북","성주군","차대차","정면충돌","정면충돌","중앙선 침범","단일로","기타단일로","승용차","승용차","1067055","1768669","128.2431727","35.91236872","N"
"2015","2015-11-06 22","야","금","1","0","0","0","0","전북","전주시","차대사람","횡단중","횡단중","과속","단일로","기타단일로","승합차","보행자","965108","1756689","127.1138045","35.80603477","N"
"2015","2015-11-07 02","야","토","1","0","0","0","0","서울","양천구","차량단독","공작물충돌","공작물충돌","안전운전 의무 불이행","단일로","기타단일로","승용차","없음","945783","1948136","126.8863664","37.5309421","N"
"2015","2015-11-07 02","야","토","1","0","0","0","0","경남","함안군","차대사람","기타","기타","안전운전 의무 불이행","단일로","기타단일로","승용차","보행자","1079108","1700017","128.3700178","35.29253617","N"
"2015","2015-11-07 03","야","토","1","0","0","0","0","충남","천안시","차대사람","횡단중","횡단중","안전운전 의무 불이행","단일로","기타단일로","승용차","보행자","967422","1868588","127.1347407","36.81491665","N"
"2015","2015-11-07 03","야","토","1","0","0","0","0","대구","동구","차대사람","기타","기타","안전운전 의무 불이행","교차로","교차로부근","화물차","보행자","1101701","1765963","128.6267542","35.88498574","N"
"2015","2015-11-07 05","야","토","1","0","0","0","0","서울","광진구","차대사람","기타","기타","안전운전 의무 불이행","단일로","기타단일로","승용차","보행자","964085","1949942","127.093416","37.54811491","N"
"2015","2015-11-07 05","야","토","1","0","0","0","0","서울","구로구","차대사람","기타","기타","안전운전 의무 불이행","교차로","교차로내","승용차","보행자","942237","1944887","126.8464901","37.50144334","N"
"2015","2015-11-07 05","야","토","1","0","0","0","0","대구","남구","차대사람","기타","기타","안전운전 의무 불이행","단일로","횡단보도상","승용차","보행자","1099523","1761458","128.6020656","35.84459945","N"
"2015","2015-11-07 08","주","토","1","0","0","0","0","제주","제주시","차대사람","기타","기타","보행자 보호의무 위반","교차로","교차로내","화물차","보행자","901739.9","1500660.9","126.4422412","33.49329065","N"
"2015","2015-11-07 09","주","토","1","0","0","0","0","부산","동구","차대차","측면충돌","측면충돌","신호위반","교차로","교차로내","원동기장치자전거","특수차","1141667","1682364","129.0548188","35.12651157","N"
"2015","2015-11-07 13","주","토","1","0","0","0","0","경기","시흥시","차대사람","횡단중","횡단중","안전운전 의무 불이행","단일로","횡단보도부근","승용차","보행자","939578","1935697","126.8171627","37.41844284","N"
"2015","2015-11-07 14","주","토","1","4","2","2","0","전남","나주시","차량단독","공작물충돌","공작물충돌","안전운전 의무 불이행","단일로","기타단일로","화물차","없음","932884.8","1676103.9","126.7638137","35.07780248","Y"
"2015","2015-11-07 14","주","토","1","6","6","0","0","전남","고흥군","차대차","측면충돌","측면충돌","안전운전 의무 불이행","단일로","기타단일로","승용차","승용차","965199","1610446","127.1209757","34.48736185","N"
"2015","2015-11-07 17","주","토","1","0","0","0","0","서울","양천구","차대사람","횡단중","횡단중","안전운전 의무 불이행","교차로","교차로내","원동기장치자전거","보행자","940889","1949109","126.8309006","37.53941096","N"
"2015","2015-11-07 17","주","토","1","9","4","5","0","경북","영덕군","차대차","추돌","진행중 추돌","안전운전 의무 불이행","단일로","기타단일로","승합차","승용차","1170712","1836204","129.4063195","36.50830292","N"
"2015","2015-11-07 18","야","토","1","0","0","0","0","서울","동대문구","차대사람","횡단중","횡단중","안전운전 의무 불이행","단일로","기타단일로","승용차","보행자","960561","1954730","127.0532651","37.59112642","N"
"2015","2015-11-07 18","야","토","1","0","0","0","0","충남","부여군","차대사람","횡단중","횡단중","안전운전 의무 불이행","단일로","기타단일로","승용차","보행자","947633.2","1808862.4","126.916938","36.27562289","N"
"2015","2015-11-07 18","야","토","1","1","0","1","0","전북","군산시","차대차","추돌","진행중 추돌","안전운전 의무 불이행","단일로","기타단일로","승용차","승용차","931912","1776446","126.7447125","35.98240882","N"
"2015","2015-11-07 18","야","토","1","0","0","0","0","경북","의성군","차대사람","기타","기타","안전운전 의무 불이행","단일로","기타단일로","화물차","보행자","1116695","1824892","128.8015866","36.4144635","N"
"2015","2015-11-07 19","야","토","1","0","0","0","0","경기","안산시","차대차","추돌","진행중 추돌","안전운전 의무 불이행","단일로","기타단일로","승용차","화물차","944473","1928529","126.8730168","37.35414208","N"
"2015","2015-11-07 19","야","토","1","0","0","0","0","대전","동구","차대사람","횡단중","횡단중","안전운전 의무 불이행","단일로","기타단일로","화물차","보행자","997627","1814409","127.4735611","36.32704661","N"
"2015","2015-11-07 22","야","토","1","0","0","0","0","대전","대덕구","차대사람","횡단중","횡단중","안전운전 의무 불이행","단일로","기타단일로","승용차","보행자","993665","1827870","127.4293085","36.44838435","N"
"2015","2015-11-07 23","야","토","1","1","0","1","0","서울","노원구","차대차","추돌","주정차중 추돌","안전운전 의무 불이행","교차로","교차로내","승용차","원동기장치자전거","960882","1958905","127.0566777","37.62877035","N"
"2015","2015-11-07 23","야","토","1","0","0","0","0","강원","춘천시","차대사람","차도통행중","차도통행중","안전운전 의무 불이행","단일로","기타단일로","승용차","보행자","1024755","1992250","127.7816876","37.92981246","N"
"2015","2015-11-08 00","야","일","1","0","0","0","0","경기","용인시","차대사람","횡단중","횡단중","안전운전 의무 불이행","교차로","교차로내","승용차","보행자","965405","1921974","127.1096697","37.29607374","N"
"2015","2015-11-08 00","야","일","1","0","0","0","0","충남","공주시","차대차","기타","기타","과속","단일로","기타단일로","승용차","승합차","965995","1846407","127.1197285","36.61491218","N"
"2015","2015-11-08 00","야","일","1","0","0","0","0","경북","안동시","차대사람","횡단중","횡단중","안전운전 의무 불이행","단일로","기타단일로","승용차","보행자","1111629","1841141","128.7474404","36.56151933","N"
"2015","2015-11-08 01","야","일","1","0","0","0","0","서울","마포구","차대사람","기타","기타","안전운전 의무 불이행","단일로","기타단일로","승용차","보행자","947543","1951400","126.9060519","37.56046272","N"
"2015","2015-11-08 01","야","일","1","0","0","0","0","서울","은평구","차대사람","횡단중","횡단중","과속","교차로","교차로부근","승용차","보행자","949225","1957529","126.9246705","37.61579813","N"
"2015","2015-11-08 01","야","일","1","0","0","0","0","경기","양주시","차대사람","횡단중","횡단중","과속","단일로","기타단일로","승용차","보행자","962869","1977405","127.0782517","37.79559511","N"
"2015","2015-11-08 03","야","일","1","0","0","0","0","대구","수성구","차대사람","기타","기타","안전운전 의무 불이행","단일로","기타단일로","승용차","보행자","1100824","1761642","128.616493","35.84612514","N"
"2015","2015-11-08 04","야","일","1","0","0","0","0","경기","성남시","차대사람","기타","기타","안전운전 의무 불이행","단일로","기타단일로","승용차","보행자","967880","1937420","127.136924","37.43538801","N"
"2015","2015-11-08 06","주","일","1","0","0","0","0","경기","부천시","차대사람","횡단중","횡단중","안전운전 의무 불이행","단일로","기타단일로","화물차","보행자","935254","1947480","126.7672641","37.52435036","N"
"2015","2015-11-08 06","주","일","1","0","0","0","0","광주","북구","차대사람","횡단중","횡단중","보행자 보호의무 위반","단일로","기타단일로","승용차","보행자","945978","1686529","126.906744","35.17258997","N"
"2015","2015-11-08 08","주","일","1","1","1","0","0","부산","동구","차량단독","전도전복","전도전복","안전운전 의무 불이행","단일로","기타단일로","승용차","없음","1140897","1681416","129.0462092","35.11807444","N"
"2015","2015-11-08 09","주","일","1","0","0","0","0","부산","해운대구","차대차","추돌","주정차중 추돌","안전운전 의무 불이행","단일로","기타단일로","승용차","건설기계","1147607","1691840","129.1216839","35.21107045","N"
"2015","2015-11-08 09","주","일","1","0","0","0","0","경기","남양주시","차량단독","공작물충돌","공작물충돌","안전운전 의무 불이행","교차로","교차로부근","승용차","없음","971107","1964654","127.1723274","37.68096619","N"
"2015","2015-11-08 10","주","일","1","0","0","0","0","전남","담양군","차량단독","기타","기타","안전운전 의무 불이행","단일로","기타단일로","승용차","없음","961298","1697030","127.0744855","35.26798318","N"
"2015","2015-11-08 10","주","일","1","3","2","1","0","경남","밀양시","차량단독","도로이탈","도로이탈 추락","안전운전 의무 불이행","단일로","기타단일로","승용차","없음","1126027","1734253","128.8912171","35.59633236","N"
"2015","2015-11-08 13","주","일","1","0","0","0","0","부산","영도구","차대사람","길가장자리구역통행중","길가장자리구역통행중","안전운전 의무 불이행","단일로","기타단일로","승용차","보행자","1141152","1678329","129.0484802","35.09021255","N"
"2015","2015-11-08 17","주","일","1","0","0","0","0","충남","홍성군","차대사람","횡단중","횡단중","보행자 보호의무 위반","단일로","기타단일로","화물차","보행자","925648","1845124","126.668691","36.60105327","N"
"2015","2015-11-08 17","주","일","1","1","1","0","0","전남","영암군","차대차","정면충돌","정면충돌","중앙선 침범","단일로","기타단일로","화물차","승용차","935299","1647351","126.792524","34.81870041","N"
"2015","2015-11-08 18","야","일","1","0","0","0","0","전북","정읍시","차대사람","횡단중","횡단중","안전운전 의무 불이행","단일로","기타단일로","승용차","보행자","941105","1731939","126.8499574","35.58174626","N"
"2015","2015-11-08 19","야","일","1","0","0","0","0","경북","영천시","차대사람","횡단중","횡단중","안전운전 의무 불이행","단일로","기타단일로","승합차","보행자","1127004","1773962","128.9082977","35.95412696","N"
"2015","2015-11-08 20","야","일","1","0","0","0","0","경북","김천시","차대사람","차도통행중","차도통행중","안전운전 의무 불이행","단일로","기타단일로","승합차","보행자","1047297","1794373","128.0257417","36.14525927","N"
"2015","2015-11-08 20","야","일","1","0","0","0","0","대전","유성구","차대사람","횡단중","횡단중","안전운전 의무 불이행","교차로","교차로부근","승용차","보행자","984852","1816803","127.3311814","36.34851324","N"
"2015","2015-11-08 21","야","일","1","0","0","0","0","대구","서구","차대사람","횡단중","횡단중","안전운전 의무 불이행","단일로","기타단일로","승용차","보행자","1096933","1765969","128.5739384","35.88552372","N"
"2015","2015-11-08 22","야","일","1","1","0","1","0","부산","영도구","차대차","정면충돌","정면충돌","중앙선 침범","단일로","기타단일로","원동기장치자전거","승용차","1143265","1676860","129.0713987","35.07667291","N"
"2015","2015-11-08 22","야","일","1","0","0","0","0","경기","용인시","차대사람","차도통행중","차도통행중","안전운전 의무 불이행","교차로","교차로내","승용차","보행자","985437","1909116","127.3359378","37.18070094","N"
"2015","2015-11-09 02","야","월","1","1","1","0","0","강원","춘천시","차대차","추돌","주정차중 추돌","안전운전 의무 불이행","교차로","교차로부근","승용차","화물차","1020841","1985406","127.7369527","37.86822582","N"
"2015","2015-11-09 03","야","월","1","0","0","0","0","경기","이천시","차량단독","공작물충돌","공작물충돌","중앙선 침범","단일로","기타단일로","승용차","없음","996596","1922470","127.4615905","37.30118208","N"
"2015","2015-11-09 03","야","월","1","1","1","0","0","대구","서구","차대차","추돌","주정차중 추돌","안전운전 의무 불이행","단일로","기타단일로","승용차","승합차","1095386","1765249","128.5567153","35.87918524","N"
"2015","2015-11-09 05","야","월","1","0","0","0","0","전남","해남군","차대차","추돌","진행중 추돌","안전운전 의무 불이행","단일로","기타단일로","특수차","농기계","891267","1624549","126.3140659","34.60936766","N"
"2015","2015-11-09 09","주","월","1","0","0","0","0","경기","안양시","차대사람","횡단중","횡단중","안전운전 의무 불이행","교차로","교차로부근","이륜차","보행자","948177","1933153","126.9145146","37.39603426","N"
"2015","2015-11-09 11","주","월","1","0","0","0","0","서울","마포구","차대차","측면충돌","측면충돌","신호위반","교차로","교차로내","이륜차","승합차","951803","1950101","126.9543693","37.5489874","N"
"2015","2015-11-09 11","주","월","1","0","0","0","0","광주","광산구","차대사람","횡단중","횡단중","보행자 보호의무 위반","교차로","교차로내","승용차","보행자","932768","1676089","126.7625338","35.07766035","N"
"2015","2015-11-09 13","주","월","1","0","0","0","0","충남","천안시","차대차","측면충돌","측면충돌","안전운전 의무 불이행","단일로","기타단일로","화물차","원동기장치자전거","973457","1875244","127.2021706","36.87510603","N"
"2015","2015-11-09 14","주","월","1","0","0","0","0","경남","창원시(통합)","차대차","측면충돌","측면충돌","신호위반","교차로","교차로부근","자전거","승용차","1101359","1696844","128.6143023","35.26192301","N"
"2015","2015-11-09 16","주","월","1","0","0","0","0","경기","안양시","차대사람","기타","기타","안전운전 의무 불이행","단일로","기타단일로","건설기계","보행자","948588","1933962","126.9191015","37.40334896","N"
"2015","2015-11-09 17","주","월","1","0","0","0","0","강원","속초시","차대사람","기타","기타","안전운전 의무 불이행","교차로","교차로내","화물차","보행자","1094495","2021863","128.5790912","38.19208674","N"
"2015","2015-11-09 17","주","월","1","2","0","2","0","충북","괴산군","차대차","추돌","주정차중 추돌","안전운전 의무 불이행","단일로","기타단일로","승용차","화물차","1040475","1872662","127.9540139","36.85133641","N"
"2015","2015-11-09 18","야","월","1","0","0","0","0","충남","당진시","차대사람","횡단중","횡단중","안전운전 의무 불이행","단일로","기타단일로","화물차","보행자","918952","1871718","126.5910127","36.84021846","N"
"2015","2015-11-09 21","야","월","1","0","0","0","0","충남","서천군","차대사람","차도통행중","차도통행중","안전운전 의무 불이행","단일로","기타단일로","화물차","보행자","912682","1796421","126.5292117","36.16094197","N"
"2015","2015-11-09 22","야","월","1","0","0","0","0","경북","경주시","차대사람","차도통행중","차도통행중","안전운전 의무 불이행","단일로","기타단일로","화물차","보행자","1149711","1760146","129.1574015","35.82639467","N"
"2015","2015-11-10 00","야","화","1","0","0","0","0","충남","예산군","차대사람","기타","기타","안전운전 의무 불이행","교차로","교차로부근","화물차","보행자","922695","1854488","126.6347341","36.68522496","N"
"2015","2015-11-10 00","야","화","1","0","0","0","0","경북","경주시","차대사람","횡단중","횡단중","안전운전 의무 불이행","단일로","기타단일로","화물차","보행자","1164668","1749626","129.3207505","35.72919455","N"
"2015","2015-11-10 01","야","화","1","0","0","0","0","경기","용인시","차대사람","횡단중","횡단중","안전운전 의무 불이행","교차로","교차로내","승용차","보행자","965541","1920269","127.1112832","37.2807103","N"
"2015","2015-11-10 01","야","화","1","0","0","0","0","경기","구리시","차량단독","전도전복","전도전복","안전운전 의무 불이행","단일로","기타단일로","이륜차","없음","965983","1951449","127.1148323","37.5617701","N"
"2015","2015-11-10 04","야","화","1","0","0","0","0","전북","정읍시","차량단독","공작물충돌","공작물충돌","안전운전 의무 불이행","단일로","기타단일로","화물차","없음","950025","1747229","126.9474572","35.72009237","N"
"2015","2015-11-10 06","주","화","1","0","0","0","0","경기","성남시","차대차","측면충돌","측면충돌","신호위반","교차로","교차로내","승용차","자전거","965310","1927972","127.1083174","37.35013453","N"
"2015","2015-11-10 10","주","화","1","0","0","0","0","전북","정읍시","차대사람","횡단중","횡단중","안전운전 의무 불이행","교차로","교차로부근","화물차","보행자","950683","1735310","126.9554623","35.61266341","N"
"2015","2015-11-10 11","주","화","1","0","0","0","0","전남","순천시","차대사람","횡단중","횡단중","안전운전 의무 불이행","단일로","기타단일로","승용차","보행자","998921","1662835","127.4881812","34.96038527","N"
"2015","2015-11-10 12","주","화","1","0","0","0","0","전남","장흥군","차대차","추돌","진행중 추돌","안전운전 의무 불이행","단일로","기타단일로","승용차","농기계","943865","1611878","126.8885383","34.49933365","N"
"2015","2015-11-10 15","주","화","1","0","0","0","0","충남","아산시","차대차","측면충돌","측면충돌","안전운전 의무 불이행","교차로","교차로내","건설기계","이륜차","957926","1874180","127.0279663","36.86495032","N"
"2015","2015-11-10 17","주","화","1","0","0","0","0","전남","보성군","차대차","기타","기타","안전운전 의무 불이행","교차로","교차로내","화물차","자전거","985383","1652051","127.3400827","34.86303519","N"
"2015","2015-11-10 17","주","화","1","0","0","0","0","대구","북구","차대차","기타","기타","안전거리 미확보","단일로","기타단일로","건설기계","자전거","1101435","1767571","128.6240126","35.89950845","N"
"2015","2015-11-10 18","야","화","1","0","0","0","0","충남","예산군","차대차","기타","기타","안전운전 의무 불이행","단일로","기타단일로","승용차","농기계","934566","1854541","126.7675896","36.68659407","N"
"2015","2015-11-10 18","야","화","1","0","0","0","0","전북","군산시","차대사람","길가장자리구역통행중","길가장자리구역통행중","안전운전 의무 불이행","단일로","기타단일로","화물차","보행자","925626","1769622","126.6756287","35.92043072","N"
"2015","2015-11-10 18","야","화","1","2","0","1","1","경북","경주시","차대차","추돌","진행중 추돌","안전운전 의무 불이행","단일로","기타단일로","승용차","농기계","1134173","1752630","128.9841797","35.76090012","N"
"2015","2015-11-10 20","야","화","1","0","0","0","0","전남","순천시","차대차","추돌","주정차중 추돌","안전운전 의무 불이행","단일로","기타단일로","이륜차","화물차","998935","1660602","127.4883375","34.94024917","N"
"2015","2015-11-10 22","야","화","1","0","0","0","0","경남","거창군","차대차","추돌","주정차중 추돌","안전운전 의무 불이행","단일로","기타단일로","원동기장치자전거","화물차","1037961","1744614","127.9195915","35.69705174","N"
"2015","2015-11-11 06","주","수","1","1","0","0","1","경남","남해군","차대차","추돌","진행중 추돌","과속","단일로","기타단일로","화물차","농기계","1033572","1642171","127.8668966","34.77349251","N"
"2015","2015-11-11 13","주","수","1","0","0","0","0","대구","북구","차대사람","횡단중","횡단중","안전운전 의무 불이행","단일로","기타단일로","화물차","보행자","1094218","1770913","128.5444486","35.93035698","Y"
"2015","2015-11-11 17","주","수","1","0","0","0","0","부산","강서구","차대사람","횡단중","횡단중","보행자 보호의무 위반","단일로","기타단일로","화물차","보행자","1132226","1692236","128.9528154","35.2167854","N"
"2015","2015-11-11 18","야","수","1","0","0","0","0","전남","광양시","차대사람","횡단중","횡단중","안전운전 의무 불이행","단일로","기타단일로","승용차","보행자","1004768","1666137","127.5522448","34.99015032","N"
"2015","2015-11-11 18","야","수","1","0","0","0","0","광주","광산구","차대차","측면충돌","측면충돌","안전운전 의무 불이행","교차로","교차로내","화물차","자전거","932531","1680853","126.7595461","35.1205993","N"
"2015","2015-11-11 19","야","수","1","0","0","0","0","경남","김해시","차량단독","공작물충돌","공작물충돌","안전운전 의무 불이행","단일로","기타단일로","승용차","없음","1129071","1693041","128.9182861","35.22445293","N"
"2015","2015-11-11 19","야","수","1","0","0","0","0","충남","천안시","차대차","측면충돌","측면충돌","안전운전 의무 불이행","단일로","기타단일로","승용차","자전거","966512","1865232","127.1246858","36.78463208","N"
"2015","2015-11-11 20","야","수","1","0","0","0","0","충북","음성군","차대차","측면충돌","측면충돌","안전운전 의무 불이행","교차로","교차로내","승용차","승용차","999720","1890714","127.4968525","37.01493369","N"
"2015","2015-11-11 20","야","수","1","0","0","0","0","대전","유성구","차대차","추돌","진행중 추돌","안전운전 의무 불이행","교차로","교차로부근","승용차","원동기장치자전거","985496","1818530","127.3383263","36.36409271","N"
"2015","2015-11-12 05","야","목","1","0","0","0","0","서울","구로구","차대사람","횡단중","횡단중","안전운전 의무 불이행","교차로","교차로내","승용차","보행자","946299","1945449","126.8924026","37.50675402","N"
"2015","2015-11-12 06","주","목","1","1","0","1","0","경기","김포시","차대차","정면충돌","정면충돌","안전거리 미확보","단일로","교량위","화물차","건설기계","924290","1963894","126.6414973","37.67144667","N"
"2015","2015-11-12 06","주","목","1","0","0","0","0","경기","화성시","차대사람","차도통행중","차도통행중","안전운전 의무 불이행","단일로","기타단일로","승용차","보행자","954237","1900588","126.9849783","37.10282285","N"
"2015","2015-11-12 09","주","목","1","0","0","0","0","서울","금천구","차대사람","횡단중","횡단중","보행자 보호의무 위반","교차로","교차로내","승용차","보행자","946962","1939260","126.9003497","37.45100965","Y"
"2015","2015-11-12 09","주","목","1","0","0","0","0","경기","평택시","차량단독","도로이탈","도로이탈 기타","안전운전 의무 불이행","기타/불명","기타/불명","승용차","없음","959165","1901589","127.0403823","37.11207375","N"
"2015","2015-11-12 13","주","목","1","0","0","0","0","강원","횡성군","차대차","측면충돌","측면충돌","신호위반","교차로","교차로내","원동기장치자전거","화물차","1040912","1948563","127.9630753","37.53547723","N"
"2015","2015-11-12 17","주","목","1","1","1","0","0","경남","창녕군","차대차","기타","기타","안전운전 의무 불이행","단일로","기타단일로","화물차","화물차","1088122","1731298","128.4725256","35.57379631","N"
"2015","2015-11-12 18","야","목","1","0","0","0","0","경북","고령군","차대사람","횡단중","횡단중","보행자 보호의무 위반","단일로","횡단보도상","승용차","보행자","1071110","1746788","128.2861636","35.71481682","N"
"2015","2015-11-12 19","야","목","1","1","1","0","0","충북","청주시","차대사람","횡단중","횡단중","보행자 보호의무 위반","단일로","기타단일로","이륜차","보행자","994612.8","1847865.1","127.4397451","36.62864848","N"
"2015","2015-11-12 19","야","목","1","0","0","0","0","전남","여수시","차대사람","횡단중","횡단중","안전운전 의무 불이행","교차로","교차로부근","승합차","보행자","1011459","1638435","127.6251815","34.74029051","N"
"2015","2015-11-12 19","야","목","1","0","0","0","0","경북","청도군","차대차","추돌","진행중 추돌","안전운전 의무 불이행","단일로","기타단일로","승용차","농기계","1114059","1733455","128.7590193","35.59059153","N"
"2015","2015-11-12 20","야","목","1","0","0","0","0","전남","목포시","차대사람","횡단중","횡단중","안전운전 의무 불이행","단일로","기타단일로","승용차","보행자","899140","1646142","126.3973403","34.804859","N"
"2015","2015-11-12 22","야","목","1","1","0","1","0","대전","중구","차대차","추돌","진행중 추돌","기타","단일로","기타단일로","승용차","원동기장치자전거","991612","1813719","127.4065521","36.32079234","N"
"2015","2015-11-13 01","야","금","1","0","0","0","0","부산","동래구","차대차","측면충돌","측면충돌","신호위반","교차로","교차로내","원동기장치자전거","화물차","1146506","1690059","129.1092752","35.19517867","N"
"2015","2015-11-13 01","야","금","1","0","0","0","0","대전","서구","차대차","측면충돌","측면충돌","신호위반","교차로","교차로내","승용차","원동기장치자전거","988238","1817316","127.3689092","36.35318548","N"
"2015","2015-11-13 04","야","금","1","0","0","0","0","전북","부안군","차대사람","기타","기타","안전운전 의무 불이행","단일로","기타단일로","화물차","보행자","927658","1752266","126.699723","35.76411374","N"
"2015","2015-11-13 05","야","금","1","0","0","0","0","경기","수원시","차대사람","횡단중","횡단중","안전운전 의무 불이행","단일로","기타단일로","승용차","보행자","955833","1918550","127.001877","37.26480554","N"
"2015","2015-11-13 11","주","금","1","0","0","0","0","전북","익산시","차대사람","차도통행중","차도통행중","안전운전 의무 불이행","교차로","교차로부근","승용차","보행자","953108","1774771","126.9799242","35.96855741","N"
"2015","2015-11-13 12","주","금","1","0","0","0","0","제주","서귀포시","차대사람","기타","기타","안전운전 의무 불이행","단일로","기타단일로","승합차","보행자","907818","1474582","126.5103301","33.25863987","N"
"2015","2015-11-13 17","주","금","1","0","0","0","0","전북","김제시","차량단독","기타","기타","안전운전 의무 불이행","단일로","기타단일로","승합차","없음","941236","1758255","126.8494788","35.8190142","N"