"발생년","발생년월일시","주야","요일","사망자수","부상자수","중상자수","경상자수","부상신고자수","발생지시도","발생지시군구","사고유형_대분류","사고유형_중분류","사고유형","가해자법규위반","도로형태_대분류","도로형태","가해자_당사자종별","피해자_당사자종별","발생위치(X_UTMK)","발생위치(Y_UTMK)","경도","위도"," 어린이사고 여부"
"2015","2015-12-16 22","야","수","1","0","0","0","0","전남","여수시","차대차","정면충돌","정면충돌","안전운전 의무 불이행","교차로","교차로내","승용차","화물차","1012216","1640700","127.6334841","34.76070702","N"
"2015","2015-12-17 00","야","목","1","0","0","0","0","충남","아산시","차량단독","공작물충돌","공작물충돌","안전운전 의무 불이행","단일로","기타단일로","승용차","없음","954513","1865591","126.9901906","36.78736796","N"
"2015","2015-12-17 06","주","목","1","0","0","0","0","서울","서초구","차대사람","횡단중","횡단중","보행자 보호의무 위반","교차로","교차로부근","화물차","보행자","954880","1943813","126.9895885","37.49246775","N"
"2015","2015-12-17 06","주","목","1","0","0","0","0","경기","남양주시","차대차","추돌","진행중 추돌","안전운전 의무 불이행","단일로","기타단일로","이륜차","화물차","969108","1956149","127.1500172","37.60424308","N"
"2015","2015-12-17 06","주","목","1","0","0","0","0","경기","광명시","차대차","정면충돌","정면충돌","안전운전 의무 불이행","단일로","기타단일로","이륜차","건설기계","945770","1940426","126.8867878","37.46144992","N"
"2015","2015-12-17 06","주","목","1","0","0","0","0","인천","남동구","차대차","측면충돌","측면충돌","중앙선 침범","단일로","기타단일로","이륜차","승합차","931465","1940385","126.7250482","37.46013037","N"
"2015","2015-12-17 10","주","목","1","0","0","0","0","서울","구로구","차대사람","횡단중","횡단중","안전운전 의무 불이행","단일로","횡단보도상","승합차","보행자","946254","1944367","126.8919726","37.49699917","N"
"2015","2015-12-17 11","주","목","1","1","0","1","0","전북","임실군","차대차","정면충돌","정면충돌","중앙선 침범","단일로","기타단일로","승용차","승용차","983213","1726956","127.3148151","35.53842718","N"
"2015","2015-12-17 17","주","목","1","0","0","0","0","경북","영천시","차대차","측면충돌","측면충돌","안전운전 의무 불이행","교차로","교차로내","화물차","승용차","1116556","1782519","128.7937307","36.03256021","N"
"2015","2015-12-17 19","야","목","1","0","0","0","0","충북","음성군","차대사람","횡단중","횡단중","안전운전 의무 불이행","교차로","교차로내","승용차","보행자","1008582","1887813","127.5964387","36.9887437","N"
"2015","2015-12-17 19","야","목","1","1","0","1","0","울산","중구","차량단독","전도전복","전도전복","안전운전 의무 불이행","단일로","기타단일로","승용차","없음","1160052","1731878","129.2662076","35.57000803","N"
"2015","2015-12-17 22","야","목","1","0","0","0","0","울산","동구","차량단독","전도전복","전도전복","안전운전 의무 불이행","단일로","기타단일로","이륜차","없음","1173390","1727985","129.4124911","35.53268007","N"
"2015","2015-12-18 01","야","금","1","4","2","2","0","서울","관악구","차대사람","횡단중","횡단중","보행자 보호의무 위반","교차로","교차로내","승용차","보행자","949573","1942904","126.9296189","37.48400009","N"
"2015","2015-12-18 01","야","금","1","0","0","0","0","경기","용인시","차대사람","횡단중","횡단중","안전운전 의무 불이행","교차로","교차로내","화물차","보행자","973449","1914933","127.200679","37.23287137","N"
"2015","2015-12-18 01","야","금","2","1","1","0","0","충북","음성군","차대차","추돌","주정차중 추돌","안전운전 의무 불이행","단일로","기타단일로","승합차","이륜차","1016343","1883473","127.6835572","36.94951819","N"
"2015","2015-12-18 04","야","금","1","3","3","0","0","경북","상주시","차량단독","전도전복","전도전복","안전운전 의무 불이행","단일로","기타단일로","승용차","없음","1052970","1806544","128.0896207","36.25468943","N"
"2015","2015-12-18 06","주","금","2","3","2","1","0","부산","강서구","차대차","측면충돌","측면충돌","중앙선 침범","단일로","기타단일로","화물차","건설기계","1129205","1681627","128.9179702","35.12154519","N"
"2015","2015-12-18 08","주","금","1","0","0","0","0","전남","순천시","차대사람","횡단중","횡단중","안전운전 의무 불이행","단일로","기타단일로","승용차","보행자","999159.1","1661755.9","127.4907904","34.9506547","N"
"2015","2015-12-18 10","주","금","1","2","1","1","0","경기","양주시","차대차","정면충돌","정면충돌","중앙선 침범","단일로","기타단일로","승용차","승용차","957740","1988234","127.0193633","37.89297202","N"
"2015","2015-12-18 10","주","금","1","1","0","0","1","충남","아산시","차대차","정면충돌","정면충돌","중앙선 침범","단일로","기타단일로","건설기계","건설기계","950078","1874120","126.939926","36.8640272","N"
"2015","2015-12-18 10","주","금","1","0","0","0","0","전남","신안군","차량단독","전도전복","전도전복","안전운전 의무 불이행","단일로","기타단일로","이륜차","없음","862538","1641843","125.9979946","34.76182216","N"
"2015","2015-12-18 10","주","금","1","0","0","0","0","울산","울주군","차대사람","기타","기타","안전운전 의무 불이행","단일로","기타단일로","승용차","보행자","1146036","1727783","129.1108567","35.53526631","N"
"2015","2015-12-18 12","주","금","1","0","0","0","0","경북","의성군","차대차","추돌","진행중 추돌","안전운전 의무 불이행","단일로","기타단일로","화물차","이륜차","1096953","1809966","128.5795691","36.28212042","N"
"2015","2015-12-18 12","주","금","1","0","0","0","0","경남","사천시","차대차","정면충돌","정면충돌","안전운전 의무 불이행","단일로","기타단일로","농기계","이륜차","1050452","1673914","128.0532833","35.05902811","N"
"2015","2015-12-18 14","주","금","1","0","0","0","0","전북","임실군","차량단독","전도전복","전도전복","안전운전 의무 불이행","단일로","기타단일로","이륜차","없음","978628","1733990","127.2640504","35.60176106","N"
"2015","2015-12-18 18","야","금","1","0","0","0","0","충남","천안시","차대차","기타","기타","안전운전 의무 불이행","단일로","기타단일로","화물차","자전거","969059","1869698","127.153049","36.82497774","N"
"2015","2015-12-18 18","야","금","1","0","0","0","0","제주","제주시","차대사람","횡단중","횡단중","안전운전 의무 불이행","교차로","교차로부근","승용차","보행자","904435.1","1500704.4","126.471246","33.4939272","N"
"2015","2015-12-18 20","야","금","1","1","0","1","0","충북","청주시","차대차","정면충돌","정면충돌","안전운전 의무 불이행","단일로","기타단일로","승용차","건설기계","1001270","1851115","127.5142101","36.65796063","N"
"2015","2015-12-18 23","야","금","1","0","0","0","0","대구","중구","차대사람","횡단중","횡단중","과속","단일로","기타단일로","승용차","보행자","1099297","1763912","128.5998689","35.86674395","N"
"2015","2015-12-19 01","야","토","1","3","0","0","3","경기","용인시","차대차","추돌","주정차중 추돌","안전운전 의무 불이행","단일로","기타단일로","승용차","특수차","964870","1921468","127.1036575","37.29149272","N"
"2015","2015-12-19 06","주","토","1","1","0","1","0","대구","달성군","차대차","추돌","주정차중 추돌","안전운전 의무 불이행","단일로","기타단일로","화물차","화물차","1083428","1752836","128.422961","35.76837393","N"
"2015","2015-12-19 07","주","토","1","0","0","0","0","서울","마포구","차대차","추돌","진행중 추돌","안전운전 의무 불이행","단일로","기타단일로","승용차","자전거","947121","1953037","126.9011559","37.57519298","N"
"2015","2015-12-19 08","주","토","1","0","0","0","0","서울","서초구","차대차","추돌","주정차중 추돌","기타","단일로","기타단일로","승용차","승합차","963745.6","1940534.2","127.0900377","37.46330511","N"
"2015","2015-12-19 08","주","토","2","9","4","5","0","전남","담양군","차대차","기타","기타","과속","단일로","기타단일로","승용차","승용차","950555","1692448","126.9566501","35.22619578","Y"
"2015","2015-12-19 10","주","토","1","0","0","0","0","광주","북구","차대사람","횡단중","횡단중","안전운전 의무 불이행","단일로","기타단일로","승용차","보행자","945479","1689218","126.9010866","35.19680884","N"
"2015","2015-12-19 15","주","토","1","0","0","0","0","경기","파주시","차대차","기타","기타","안전운전 의무 불이행","단일로","기타단일로","승용차","자전거","935876","1985261","126.7709764","37.86490039","N"
"2015","2015-12-19 15","주","토","1","0","0","0","0","제주","서귀포시","차대차","기타","기타","안전운전 의무 불이행","교차로","교차로내","승용차","건설기계","896886","1480772","126.3922766","33.31347359","N"
"2015","2015-12-19 18","야","토","1","9","6","3","0","경기","용인시","차대차","기타","기타","안전운전 의무 불이행","단일로","기타단일로","승합차","승용차","964042","1903369","127.0951885","37.12831879","N"
"2015","2015-12-19 22","야","토","1","0","0","0","0","경기","이천시","차대사람","횡단중","횡단중","안전운전 의무 불이행","교차로","교차로부근","승용차","보행자","996022","1919128","127.4551316","37.27105504","N"
"2015","2015-12-20 00","야","일","1","0","0","0","0","충남","아산시","차대사람","횡단중","횡단중","안전운전 의무 불이행","단일로","기타단일로","화물차","보행자","956091","1864834","127.0079196","36.78061852","N"
"2015","2015-12-20 01","야","일","1","0","0","0","0","서울","중구","차대사람","차도통행중","차도통행중","안전운전 의무 불이행","단일로","횡단보도부근","승용차","보행자","955173","1951411","126.9924391","37.56096486","N"
"2015","2015-12-20 01","야","일","1","0","0","0","0","경기","안성시","차량단독","전도전복","전도전복","안전운전 의무 불이행","단일로","기타단일로","승용차","없음","976525","1892197","127.2360684","37.02800856","N"
"2015","2015-12-20 04","야","일","1","1","0","0","1","경남","창원시(통합)","차대차","추돌","진행중 추돌","안전운전 의무 불이행","단일로","교량위","승용차","화물차","1110925","1689345","128.7184358","35.19330502","N"
"2015","2015-12-20 05","야","일","1","0","0","0","0","인천","계양구","차대사람","횡단중","횡단중","안전운전 의무 불이행","단일로","기타단일로","승용차","보행자","931602","1949614","126.7257387","37.54332002","N"
"2015","2015-12-20 08","주","일","1","1","0","1","0","경기","여주시","차대차","기타","기타","안전운전 의무 불이행","단일로","기타단일로","승용차","승용차","1003942","1915647","127.5444439","37.23967733","N"
"2015","2015-12-20 09","주","일","1","3","2","1","0","강원","정선군","차대차","추돌","진행중 추돌","중앙선 침범","단일로","기타단일로","건설기계","화물차","1116952","1945212","128.8230826","37.4987704","N"
"2015","2015-12-20 14","주","일","1","0","0","0","0","경기","파주시","차대사람","횡단중","횡단중","안전운전 의무 불이행","교차로","교차로부근","화물차","보행자","944846","1983461","126.8730874","37.84926499","N"
"2015","2015-12-20 19","야","일","1","3","0","3","0","전북","정읍시","차대차","추돌","주정차중 추돌","안전운전 의무 불이행","단일로","기타단일로","승용차","건설기계","950234","1740757","126.9501685","35.66175146","N"
"2015","2015-12-21 04","야","월","1","0","0","0","0","강원","강릉시","차량단독","전도전복","전도전복","안전운전 의무 불이행","단일로","기타단일로","승용차","없음","1124927","1968948","128.9173327","37.71160472","N"
"2015","2015-12-21 05","야","월","1","0","0","0","0","충남","천안시","차대차","추돌","진행중 추돌","안전운전 의무 불이행","단일로","기타단일로","승용차","승용차","964632","1869712","127.103408","36.82494874","N"
"2015","2015-12-21 06","주","월","1","0","0","0","0","경기","부천시","차대사람","횡단중","횡단중","안전운전 의무 불이행","단일로","기타단일로","승용차","보행자","935177","1943000","126.7667878","37.48396707","N"
"2015","2015-12-21 06","주","월","1","1","1","0","0","경북","상주시","차량단독","전도전복","전도전복","안전운전 의무 불이행","단일로","교량위","화물차","없음","1064784","1824187","128.2225838","36.41301574","N"
"2015","2015-12-21 07","주","월","1","0","0","0","0","경기","김포시","차대사람","횡단중","횡단중","안전운전 의무 불이행","교차로","교차로내","승용차","보행자","920483","1966232","126.5980781","37.69219526","N"
"2015","2015-12-21 08","주","월","1","0","0","0","0","전남","여수시","차대사람","길가장자리구역통행중","길가장자리구역통행중","안전운전 의무 불이행","교차로","교차로부근","화물차","보행자","1013755","1638455","127.650264","34.7404425","N"
"2015","2015-12-21 11","주","월","1","3","0","2","1","경기","용인시","차대차","정면충돌","정면충돌","중앙선 침범","단일로","기타단일로","승합차","승합차","974888","1918942","127.216766","37.26904813","N"
"2015","2015-12-21 12","주","월","1","1","0","1","0","대구","달서구","차대차","정면충돌","정면충돌","신호위반","교차로","교차로내","이륜차","승용차","1095544","1760660","128.5579156","35.83780176","N"
"2015","2015-12-21 13","주","월","1","0","0","0","0","충남","부여군","차대차","추돌","진행중 추돌","안전운전 의무 불이행","단일로","기타단일로","화물차","승용차","960765","1809142","127.0631314","36.27876701","N"
"2015","2015-12-21 18","야","월","1","0","0","0","0","강원","속초시","차대사람","횡단중","횡단중","안전운전 의무 불이행","단일로","기타단일로","승용차","보행자","1095977","2021273","128.5959325","38.18661353","N"
"2015","2015-12-21 18","야","월","1","0","0","0","0","경북","칠곡군","차대사람","기타","기타","안전운전 의무 불이행","단일로","기타단일로","승용차","보행자","1087440","1784021","128.4707682","36.04915134","N"
"2015","2015-12-21 18","야","월","1","1","1","0","0","경북","봉화군","차대차","정면충돌","정면충돌","중앙선 침범","단일로","기타단일로","화물차","승용차","1111779","1870660","128.7534282","36.8275488","N"
"2015","2015-12-21 18","야","월","1","0","0","0","0","인천","강화군","차대사람","횡단중","횡단중","안전운전 의무 불이행","단일로","기타단일로","건설기계","보행자","913179.2","1971356.6","126.514634","37.7377155","N"
"2015","2015-12-21 19","야","월","1","0","0","0","0","경기","안성시","차대사람","횡단중","횡단중","안전운전 의무 불이행","단일로","기타단일로","승합차","보행자","967085","1893531","127.129877","37.03974997","N"
"2015","2015-12-21 21","야","월","1","0","0","0","0","경남","산청군","차대차","추돌","진행중 추돌","안전운전 의무 불이행","단일로","기타단일로","화물차","화물차","1040616","1700083","127.9467088","35.29543547","N"
"2015","2015-12-21 23","야","월","1","0","0","0","0","경기","용인시","차대차","정면충돌","정면충돌","신호위반","교차로","교차로내","원동기장치자전거","승용차","965437","1921778","127.1100399","37.29430824","N"
"2015","2015-12-21 23","야","월","1","0","0","0","0","경북","경주시","차량단독","도로이탈","도로이탈 추락","안전운전 의무 불이행","단일로","기타단일로","이륜차","없음","1153350","1778875","129.2012826","35.99462013","N"
"2015","2015-12-21 23","야","월","1","0","0","0","0","경남","고성군","차대사람","횡단중","횡단중","안전운전 의무 불이행","단일로","횡단보도부근","승용차","보행자","1080258","1663899","128.3791569","34.96679817","N"
"2015","2015-12-22 05","야","화","1","0","0","0","0","대구","서구","차대사람","횡단중","횡단중","안전운전 의무 불이행","단일로","기타단일로","화물차","보행자","1095790","1764383","128.5610861","35.87133916","N"
"2015","2015-12-22 05","야","화","1","1","1","0","0","인천","연수구","차량단독","전도전복","전도전복","안전운전 의무 불이행","단일로","기타단일로","승용차","없음","924133","1937280","126.64247","37.4315731","N"
"2015","2015-12-22 05","야","화","1","0","0","0","0","인천","계양구","차대차","정면충돌","정면충돌","안전운전 의무 불이행","단일로","교량위","승용차","화물차","934164","1953078","126.754427","37.57472699","N"
"2015","2015-12-22 06","주","화","1","2","2","0","0","경북","칠곡군","차대차","정면충돌","정면충돌","중앙선 침범","단일로","기타단일로","승용차","화물차","1097835","1777047","128.5852946","35.98529572","N"
"2015","2015-12-22 07","주","화","1","0","0","0","0","충북","진천군","차량단독","전도전복","전도전복","안전운전 의무 불이행","단일로","기타단일로","승합차","없음","994200","1885296","127.4348429","36.96607559","N"
"2015","2015-12-22 10","주","화","1","0","0","0","0","경남","거제시","차대차","추돌","진행중 추돌","안전운전 의무 불이행","단일로","기타단일로","이륜차","승용차","1110962","1653034","128.7139915","34.86594422","N"
"2015","2015-12-22 11","주","화","1","0","0","0","0","경기","수원시","차대사람","횡단중","횡단중","안전운전 의무 불이행","단일로","횡단보도부근","건설기계","보행자","956247","1918977","127.0065209","37.26867393","N"
"2015","2015-12-22 13","주","화","2","1","1","0","0","전북","김제시","차대차","측면충돌","측면충돌","기타","교차로","교차로내","건설기계","화물차","940183","1766978","126.8371684","35.89759322","N"
"2015","2015-12-22 17","주","화","1","0","0","0","0","강원","양양군","차량단독","전도전복","전도전복","안전운전 의무 불이행","단일로","교량위","승용차","없음","1097481","2007331","128.6111972","38.06082052","N"
"2015","2015-12-22 19","야","화","1","0","0","0","0","경기","용인시","차대차","추돌","진행중 추돌","중앙선 침범","단일로","기타단일로","승용차","승용차","978910","1910157","127.2623777","37.18995996","N"
"2015","2015-12-22 21","야","화","1","0","0","0","0","서울","종로구","차량단독","기타","기타","안전운전 의무 불이행","단일로","기타단일로","이륜차","없음","952446.1","1952684.7","126.9614819","37.57230816","N"
"2015","2015-12-23 00","야","수","1","0","0","0","0","전남","완도군","차대사람","기타","기타","안전운전 의무 불이행","교차로","교차로내","승용차","보행자","914642","1576290","126.5737861","34.17642071","N"
"2015","2015-12-23 05","야","수","1","0","0","0","0","경기","고양시","차대사람","횡단중","횡단중","안전운전 의무 불이행","교차로","교차로부근","화물차","보행자","942786","1968598","126.8508462","37.71518294","N"
"2015","2015-12-23 08","주","수","1","0","0","0","0","경기","안산시","차대차","정면충돌","정면충돌","신호위반","교차로","교차로부근","이륜차","승용차","932657","1924123","126.7400065","37.31364788","N"
"2015","2015-12-23 15","주","수","1","0","0","0","0","경기","군포시","차대사람","횡단중","횡단중","신호위반","교차로","교차로부근","승합차","보행자","950904","1928389","126.9456385","37.35324279","N"
"2015","2015-12-23 18","야","수","1","0","0","0","0","경기","양평군","차대사람","횡단중","횡단중","안전운전 의무 불이행","교차로","교차로부근","승합차","보행자","1003126","1939611","127.5353451","37.45568947","N"
"2015","2015-12-23 18","야","수","1","0","0","0","0","전남","신안군","차대사람","횡단중","횡단중","보행자 보호의무 위반","단일로","횡단보도상","승용차","보행자","884347","1674615","126.2317022","35.05997996","N"
"2015","2015-12-23 19","야","수","1","2","1","1","0","충북","옥천군","차대차","기타","기타","안전운전 의무 불이행","단일로","기타단일로","화물차","화물차","1008989","1810960","127.6001117","36.29591325","N"
"2015","2015-12-23 21","야","수","1","0","0","0","0","인천","계양구","차대사람","차도통행중","차도통행중","안전운전 의무 불이행","단일로","기타단일로","승합차","보행자","931659","1949620","126.7263833","37.54337832","N"
"2015","2015-12-23 21","야","수","1","0","0","0","0","울산","울주군","차대사람","길가장자리구역통행중","길가장자리구역통행중","안전운전 의무 불이행","단일로","기타단일로","승합차","보행자","1151963","1718311","129.1744377","35.44900583","N"
"2015","2015-12-23 22","야","수","1","0","0","0","0","대구","동구","차대사람","기타","기타","안전운전 의무 불이행","교차로","교차로부근","승용차","보행자","1103820","1765592","128.6501782","35.88141892","N"
"2015","2015-12-23 23","야","수","1","0","0","0","0","경기","이천시","차대사람","횡단중","횡단중","안전운전 의무 불이행","교차로","교차로부근","승용차","보행자","994815","1919621","127.4415142","37.275493","N"
"2015","2015-12-23 23","야","수","1","0","0","0","0","충남","서천군","차대사람","기타","기타","안전운전 의무 불이행","단일로","기타단일로","승용차","보행자","927458","1792320","126.6938512","36.12519128","N"
"2015","2015-12-23 23","야","수","1","0","0","0","0","경북","성주군","차량단독","공작물충돌","공작물충돌","안전운전 의무 불이행","단일로","기타단일로","승용차","없음","1077716","1763515","128.3608146","35.86511556","N"
"2015","2015-12-24 00","야","목","1","0","0","0","0","대구","달성군","차대사람","횡단중","횡단중","안전운전 의무 불이행","단일로","기타단일로","승용차","보행자","1080920","1764588","128.3964086","35.87452918","N"
"2015","2015-12-24 05","야","목","1","0","0","0","0","서울","동대문구","차대사람","횡단중","횡단중","안전운전 의무 불이행","단일로","횡단보도부근","화물차","보행자","959154","1954389","127.0373471","37.58799151","N"
"2015","2015-12-24 08","주","목","1","0","0","0","0","경남","거창군","차량단독","전도전복","전도전복","안전운전 의무 불이행","단일로","기타단일로","승용차","없음","1040553","1749712","127.9484982","35.74291249","N"
"2015","2015-12-24 11","주","목","1","0","0","0","0","전남","나주시","차대사람","횡단중","횡단중","신호위반","단일로","횡단보도상","원동기장치자전거","보행자","931803","1671412","126.7523341","35.03542494","N"
"2015","2015-12-24 11","주","목","1","0","0","0","0","경남","남해군","차량단독","전도전복","전도전복","안전운전 의무 불이행","단일로","기타단일로","이륜차","없음","1033989","1642951","127.8714853","34.7805124","N"
"2015","2015-12-24 13","주","목","1","0","0","0","0","서울","용산구","차량단독","공작물충돌","공작물충돌","안전운전 의무 불이행","단일로","지하차도(도로)내","이륜차","없음","955179","1946840","126.9927862","37.51976558","N"
"2015","2015-12-24 17","주","목","1","0","0","0","0","강원","홍천군","차대사람","차도통행중","차도통행중","안전운전 의무 불이행","단일로","기타단일로","승용차","보행자","1041371","1972950","127.9696524","37.75526022","N"
"2015","2015-12-24 17","주","목","1","0","0","0","0","전남","담양군","차대차","측면충돌","측면충돌","안전운전 의무 불이행","단일로","기타단일로","이륜차","화물차","950474","1697245","126.9554709","35.26944472","N"
"2015","2015-12-24 18","야","목","1","0","0","0","0","서울","영등포구","차대사람","횡단중","횡단중","안전운전 의무 불이행","단일로","기타단일로","승합차","보행자","947168","1946338","126.9021705","37.51481689","N"
"2015","2015-12-24 18","야","목","1","0","0","0","0","충남","금산군","차대차","추돌","진행중 추돌","과속","단일로","기타단일로","승용차","자전거","998620","1801105","127.4846481","36.20710579","N"
"2015","2015-12-24 21","야","목","1","0","0","0","0","경기","용인시","차대사람","횡단중","횡단중","안전운전 의무 불이행","교차로","교차로내","건설기계","보행자","975343","1920211","127.2218558","37.28049894","N"
"2015","2015-12-24 21","야","목","1","0","0","0","0","경기","연천군","차대사람","횡단중","횡단중","안전운전 의무 불이행","교차로","교차로내","승용차","보행자","964696","2016878","127.0970629","38.1514266","N"
"2015","2015-12-24 23","야","목","1","0","0","0","0","경북","김천시","차대사람","횡단중","횡단중","보행자 보호의무 위반","교차로","교차로부근","승용차","보행자","1065608","1799592","128.2297054","36.19124193","N"
"2015","2015-12-25 01","야","금","1","0","0","0","0","경기","안산시","차대사람","차도통행중","차도통행중","안전운전 의무 불이행","단일로","기타단일로","승용차","보행자","942564","1923883","126.8518225","37.31214988","N"
"2015","2015-12-25 02","야","금","1","0","0","0","0","서울","성북구","차대사람","횡단중","횡단중","안전운전 의무 불이행","단일로","횡단보도상","승용차","보행자","961042","1957024","127.0585912","37.61182329","N"
"2015","2015-12-25 05","야","금","1","2","0","2","0","경북","김천시","차대차","추돌","진행중 추돌","안전운전 의무 불이행","단일로","기타단일로","화물차","화물차","1045124","1800206","128.0019232","36.19794934","N"
"2015","2015-12-25 06","주","금","1","0","0","0","0","대구","달성군","차대사람","횡단중","횡단중","신호위반","교차로","교차로내","승용차","보행자","1086598","1763313","128.4591616","35.86254941","N"
"2015","2015-12-25 09","주","금","1","0","0","0","0","경기","고양시","차대사람","기타","기타","안전운전 의무 불이행","단일로","기타단일로","승합차","보행자","941418","1958048","126.8361732","37.62001139","N"
"2015","2015-12-25 14","주","금","1","0","0","0","0","충남","서산시","차량단독","공작물충돌","공작물충돌","안전운전 의무 불이행","단일로","기타단일로","화물차","없음","903998","1884662","126.4216818","36.95548207","N"
"2015","2015-12-25 15","주","금","1","0","0","0","0","대구","달서구","차대사람","횡단중","횡단중","안전운전 의무 불이행","기타/불명","기타/불명","승용차","보행자","1092155","1762276","128.5205828","35.85269404","N"
"2015","2015-12-25 17","주","금","1","2","2","0","0","경남","함안군","차대차","정면충돌","정면충돌","안전운전 의무 불이행","단일로","기타단일로","승합차","농기계","1081686","1700518","128.3984171","35.29684588","N"
"2015","2015-12-25 18","야","금","1","0","0","0","0","전남","나주시","차대사람","횡단중","횡단중","안전운전 의무 불이행","단일로","기타단일로","승합차","보행자","941174","1671039","126.8550916","35.0326512","N"
"2015","2015-12-25 18","야","금","1","2","1","1","0","경북","청송군","차대차","정면충돌","정면충돌","교차로 통행방법 위반","교차로","교차로내","승용차","승용차","1139776","1838447","129.0613961","36.53353647","N"
"2015","2015-12-25 20","야","금","1","1","0","1","0","경남","양산시","차대차","정면충돌","정면충돌","안전운전 의무 불이행","교차로","교차로내","승용차","승용차","1150535","1710583","129.1572817","35.37957026","Y"
"2015","2015-12-26 02","야","토","1","0","0","0","0","경기","용인시","차량단독","전도전복","전도전복","안전운전 의무 불이행","단일로","기타단일로","승용차","없음","976633","1922979","127.2363205","37.30548268","N"
"2015","2015-12-26 06","주","토","1","5","4","0","1","경기","안성시","차대차","추돌","진행중 추돌","안전운전 의무 불이행","단일로","기타단일로","승합차","승용차","979614","1885674","127.2709745","36.96928006","N"
"2015","2015-12-26 07","주","토","1","0","0","0","0","충남","서산시","차량단독","공작물충돌","공작물충돌","안전운전 의무 불이행","단일로","기타단일로","화물차","없음","900152","1850337","126.3829923","36.64571045","N"
"2015","2015-12-26 10","주","토","1","0","0","0","0","광주","광산구","차대사람","횡단중","횡단중","기타","단일로","기타단일로","화물차","보행자","936947","1684920","126.8076968","35.15755607","N"
"2015","2015-12-26 12","주","토","1","1","0","1","0","경기","포천시","차량단독","전도전복","전도전복","안전운전 의무 불이행","단일로","기타단일로","승용차","없음","974966","1980433","127.2155475","37.82329846","N"
"2015","2015-12-26 12","주","토","1","0","0","0","0","전남","진도군","차량단독","전도전복","전도전복","안전운전 의무 불이행","기타/불명","기타/불명","승용차","없음","889673","1613519","126.2981152","34.50974983","N"
"2015","2015-12-26 13","주","토","1","1","1","0","0","경기","이천시","차대차","기타","기타","안전운전 의무 불이행","교차로","교차로내","승용차","화물차","1005857","1901174","127.5659211","37.10920535","N"
"2015","2015-12-26 13","주","토","1","1","1","0","0","경기","이천시","차대차","정면충돌","정면충돌","안전운전 의무 불이행","교차로","교차로내","승용차","화물차","1005837","1901118","127.5656955","37.10870067","N"
"2015","2015-12-26 14","주","토","1","0","0","0","0","광주","광산구","차대사람","횡단중","횡단중","안전운전 의무 불이행","단일로","기타단일로","승용차","보행자","931424","1680546","126.7474234","35.11775642","N"
"2015","2015-12-26 15","주","토","1","1","0","1","0","경북","경산시","차대사람","횡단중","횡단중","안전운전 의무 불이행","단일로","기타단일로","승용차","보행자","1120822","1768281","128.8389015","35.90370554","N"
"2015","2015-12-26 17","주","토","1","2","1","0","1","경기","안성시","차대차","기타","기타","안전운전 의무 불이행","단일로","기타단일로","화물차","승합차","969289","1888286","127.154874","36.992545","N"
"2015","2015-12-26 18","야","토","1","0","0","0","0","부산","동구","차대사람","횡단중","횡단중","안전운전 의무 불이행","단일로","기타단일로","승용차","보행자","1140308","1681077","129.0396901","35.11510096","N"
"2015","2015-12-26 18","야","토","1","0","0","0","0","경기","남양주시","차대사람","횡단중","횡단중","안전운전 의무 불이행","단일로","기타단일로","승용차","보행자","973618","1959278","127.2009984","37.63258635","N"
"2015","2015-12-26 18","야","토","1","0","0","0","0","충남","부여군","차대사람","횡단중","횡단중","안전운전 의무 불이행","교차로","교차로부근","승용차","보행자","933986","1802524","126.7655324","36.21764598","N"
"2015","2015-12-26 19","야","토","1","4","1","2","1","서울","성동구","차대차","기타","기타","안전거리 미확보","단일로","기타단일로","승용차","승합차","961153","1949490","127.0602484","37.54392193","N"
"2015","2015-12-26 22","야","토","1","0","0","0","0","경기","포천시","차대사람","횡단중","횡단중","안전운전 의무 불이행","단일로","횡단보도상","승용차","보행자","974074","1989552","127.2050848","37.90546299","N"
"2015","2015-12-26 23","야","토","1","0","0","0","0","전남","순천시","차대사람","기타","기타","과속","단일로","기타단일로","승합차","보행자","1001500","1661915","127.5164285","34.95208862","N"
"2015","2015-12-27 05","야","일","1","0","0","0","0","경남","창원시(통합)","차대차","정면충돌","정면충돌","안전운전 의무 불이행","단일로","기타단일로","화물차","화물차","1118296","1681013","128.7981893","35.11735138","N"
"2015","2015-12-27 07","주","일","1","0","0","0","0","전남","해남군","차량단독","전도전복","전도전복","안전운전 의무 불이행","단일로","기타단일로","승용차","없음","917761","1618685","126.6035636","34.55895891","N"
"2015","2015-12-27 08","주","일","1","0","0","0","0","부산","연제구","차대차","측면충돌","측면충돌","안전운전 의무 불이행","단일로","기타단일로","건설기계","자전거","1144566","1689544","129.0878826","35.1908179","N"
"2015","2015-12-27 09","주","일","1","0","0","0","0","경기","안양시","차대사람","횡단중","횡단중","안전운전 의무 불이행","교차로","교차로내","승용차","보행자","948197","1934368","126.9146554","37.40698659","N"
"2015","2015-12-27 12","주","일","1","0","0","0","0","경기","안산시","차대사람","횡단중","횡단중","안전운전 의무 불이행","단일로","기타단일로","승합차","보행자","944872","1929457","126.8774528","37.36253026","Y"
"2015","2015-12-27 18","야","일","1","0","0","0","0","전남","영광군","차량단독","전도전복","전도전복","안전운전 의무 불이행","단일로","기타단일로","원동기장치자전거","없음","907013","1711802","126.4760232","35.39758953","N"
"2015","2015-12-27 20","야","일","1","0","0","0","0","전북","남원시","차대차","측면충돌","측면충돌","안전운전 의무 불이행","단일로","기타단일로","승용차","자전거","989320","1711969","127.3823809","35.40337823","N"