"발생년","발생년월일시","주야","요일","사망자수","부상자수","중상자수","경상자수","부상신고자수","발생지시도","발생지시군구","사고유형_대분류","사고유형_중분류","사고유형","가해자법규위반","도로형태_대분류","도로형태","가해자_당사자종별","피해자_당사자종별","발생위치(X_UTMK)","발생위치(Y_UTMK)","경도","위도"," 어린이사고 여부"
"2015","2015-12-27 22","야","일","1","0","0","0","0","경기","남양주시","차대사람","횡단중","횡단중","안전운전 의무 불이행","단일로","횡단보도상","승용차","보행자","976363","1960724","127.2320619","37.64569439","N"
"2015","2015-12-28 01","야","월","1","1","1","0","0","경기","안성시","차대차","추돌","진행중 추돌","안전운전 의무 불이행","단일로","기타단일로","승용차","화물차","971035","1889587","127.1744451","37.00432801","N"
"2015","2015-12-28 06","주","월","1","0","0","0","0","서울","종로구","차대사람","차도통행중","차도통행중","안전운전 의무 불이행","단일로","기타단일로","승용차","보행자","954517","1953109","126.9849063","37.5762371","N"
"2015","2015-12-28 06","주","월","1","0","0","0","0","강원","고성군","차대사람","횡단중","횡단중","신호위반","교차로","교차로내","화물차","보행자","1090821","2034211","128.5387247","38.30373308","N"
"2015","2015-12-28 11","주","월","2","2","0","0","2","제주","서귀포시","차대차","기타","기타","안전운전 의무 불이행","교차로","교차로내","화물차","승합차","916244","1479163","126.600358","33.30064229","N"
"2015","2015-12-28 14","주","월","1","0","0","0","0","부산","동래구","차대사람","횡단중","횡단중","안전운전 의무 불이행","교차로","교차로부근","승합차","보행자","1145634","1691929","129.1000309","35.21216102","N"
"2015","2015-12-28 18","야","월","1","0","0","0","0","강원","원주시","차대사람","횡단중","횡단중","안전운전 의무 불이행","단일로","기타단일로","화물차","보행자","1035762.8","1929707.1","127.903879","37.36573341","N"
"2015","2015-12-28 18","야","월","1","0","0","0","0","충남","예산군","차대차","추돌","주정차중 추돌","안전운전 의무 불이행","단일로","기타단일로","화물차","특수차","939741","1860406","126.8250478","36.73980477","N"
"2015","2015-12-28 20","야","월","1","0","0","0","0","경북","경주시","차대차","기타","기타","안전운전 의무 불이행","단일로","기타단일로","승용차","자전거","1160099","1763824","129.2730937","35.8578997","N"
"2015","2015-12-28 21","야","월","1","0","0","0","0","경기","의정부시","차대차","측면충돌","측면충돌","신호위반","교차로","교차로부근","이륜차","자전거","959019","1971020","127.0348837","37.73788271","N"
"2015","2015-12-28 22","야","월","1","0","0","0","0","경남","남해군","차대사람","횡단중","횡단중","보행자 보호의무 위반","교차로","교차로부근","승용차","보행자","1038507","1647226","127.92106","34.8189015","N"
"2015","2015-12-29 00","야","화","1","0","0","0","0","울산","남구","차대사람","횡단중","횡단중","신호위반","교차로","교차로내","승용차","보행자","1165175","1729668","129.3222648","35.54925004","N"
"2015","2015-12-29 02","야","화","1","0","0","0","0","충북","청주시","차대차","측면충돌","측면충돌","안전운전 의무 불이행","교차로","교차로내","승용차","원동기장치자전거","997308","1850824","127.4698801","36.65533432","N"
"2015","2015-12-29 03","야","화","1","0","0","0","0","경남","밀양시","차대차","추돌","진행중 추돌","안전거리 미확보","단일로","교량위","승용차","화물차","1115596","1720737","128.7741671","35.4757679","N"
"2015","2015-12-29 03","야","화","1","0","0","0","0","대구","달서구","차량단독","기타","기타","안전운전 의무 불이행","단일로","기타단일로","이륜차","없음","1095533","1762895","128.5580614","35.85795053","N"
"2015","2015-12-29 06","주","화","1","0","0","0","0","전남","여수시","차대사람","횡단중","횡단중","신호위반","교차로","교차로내","승용차","보행자","1020300","1645789","127.7219402","34.8064692","N"
"2015","2015-12-29 07","주","화","1","0","0","0","0","대전","대덕구","차대차","기타","기타","안전운전 의무 불이행","단일로","기타단일로","화물차","화물차","992638","1826037","127.4178657","36.43185202","N"
"2015","2015-12-29 10","주","화","1","0","0","0","0","강원","춘천시","차대차","측면충돌","측면충돌","안전운전 의무 불이행","단일로","기타단일로","승용차","자전거","1024197","1983784","127.7750542","37.85352375","N"
"2015","2015-12-29 10","주","화","1","0","0","0","0","경북","김천시","차대사람","횡단중","횡단중","안전운전 의무 불이행","단일로","기타단일로","승용차","보행자","1067899","1797686","128.2550195","36.17390152","N"
"2015","2015-12-29 11","주","화","1","1","1","0","0","경북","안동시","차대차","정면충돌","정면충돌","안전운전 의무 불이행","단일로","기타단일로","화물차","승용차","1127169","1825047","128.9184053","36.41453009","N"
"2015","2015-12-29 12","주","화","1","3","2","1","0","경기","의정부시","차대차","정면충돌","정면충돌","중앙선 침범","단일로","기타단일로","승용차","승용차","963414","1973388","127.0846445","37.75941187","Y"
"2015","2015-12-29 13","주","화","1","0","0","0","0","경남","하동군","차대사람","기타","기타","안전운전 의무 불이행","단일로","기타단일로","화물차","보행자","1028347","1681260","127.8111241","35.12613169","N"
"2015","2015-12-29 16","주","화","1","0","0","0","0","부산","중구","차대차","측면충돌","측면충돌","기타","교차로","교차로부근","원동기장치자전거","승합차","1139267","1679746","129.0280461","35.10324779","N"
"2015","2015-12-29 17","주","화","1","7","3","4","0","경남","사천시","차대차","정면충돌","정면충돌","신호위반","교차로","교차로내","승합차","승용차","1059937","1671410","128.1571144","35.03593109","N"
"2015","2015-12-29 18","야","화","1","0","0","0","0","전남","영암군","차대사람","횡단중","횡단중","안전운전 의무 불이행","단일로","기타단일로","승용차","보행자","904029","1641498","126.4513117","34.76346009","N"
"2015","2015-12-29 22","야","화","1","1","1","0","0","전북","전주시","차대차","측면충돌","측면충돌","신호위반","교차로","교차로내","이륜차","승용차","964390","1757251","127.1058326","35.81107598","N"
"2015","2015-12-30 00","야","수","1","1","1","0","0","충북","진천군","차량단독","전도전복","전도전복","안전운전 의무 불이행","교차로","교차로내","승용차","없음","997955","1880980","127.4770382","36.92718462","N"
"2015","2015-12-30 00","야","수","1","0","0","0","0","경남","창원시(통합)","차대사람","길가장자리구역통행중","길가장자리구역통행중","안전운전 의무 불이행","교차로","교차로부근","화물차","보행자","1098079","1693677","128.577871","35.2336977","N"
"2015","2015-12-30 01","야","수","1","3","3","0","0","부산","연제구","차량단독","공작물충돌","공작물충돌","안전운전 의무 불이행","교차로","교차로부근","승용차","없음","1144225","1687438","129.08377","35.17188406","N"
"2015","2015-12-30 02","야","수","1","0","0","0","0","서울","중랑구","차량단독","전도전복","전도전복","안전운전 의무 불이행","단일로","기타단일로","승용차","없음","966921","1955837","127.1252547","37.60135485","N"
"2015","2015-12-30 02","야","수","1","7","3","4","0","대전","유성구","차대차","측면충돌","측면충돌","신호위반","교차로","교차로내","승용차","승용차","983884","1811917","127.3204945","36.30444823","N"
"2015","2015-12-30 03","야","수","1","0","0","0","0","서울","도봉구","차대사람","횡단중","횡단중","안전운전 의무 불이행","교차로","교차로내","화물차","보행자","959926","1964657","127.0455278","37.68057276","N"
"2015","2015-12-30 05","야","수","1","0","0","0","0","서울","강동구","차대사람","횡단중","횡단중","안전운전 의무 불이행","단일로","횡단보도상","화물차","보행자","967496","1948595","127.1320899","37.53610049","N"
"2015","2015-12-30 05","야","수","1","0","0","0","0","경기","이천시","차대사람","기타","기타","안전운전 의무 불이행","기타/불명","기타/불명","승합차","보행자","989205","1921611","127.3782057","37.29338264","N"
"2015","2015-12-30 06","주","수","1","4","3","0","1","광주","북구","차대차","기타","기타","안전운전 의무 불이행","단일로","기타단일로","승용차","승용차","943702.6","1686827.3","126.8817371","35.17515469","N"
"2015","2015-12-30 08","주","수","1","0","0","0","0","경기","부천시","차대사람","횡단중","횡단중","안전운전 의무 불이행","단일로","기타단일로","승합차","보행자","936747","1943160","126.784531","37.48551801","N"
"2015","2015-12-30 08","주","수","1","0","0","0","0","경북","안동시","차대차","측면충돌","측면충돌","기타","교차로","교차로내","승용차","이륜차","1108267","1842174","128.7100234","36.57121697","N"
"2015","2015-12-30 10","주","수","1","0","0","0","0","부산","북구","차대사람","횡단중","횡단중","안전운전 의무 불이행","단일로","기타단일로","승합차","보행자","1136761","1691498","129.0025055","35.20952493","N"
"2015","2015-12-30 10","주","수","1","0","0","0","0","경북","김천시","차량단독","전도전복","전도전복","안전운전 의무 불이행","단일로","기타단일로","건설기계","없음","1060930","1783290","128.1764174","36.04458305","N"
"2015","2015-12-30 13","주","수","1","4","2","2","0","전남","담양군","차대차","기타","기타","안전거리 미확보","단일로","기타단일로","승용차","승용차","952039","1692043","126.9729807","35.2226161","Y"
"2015","2015-12-30 14","주","수","2","0","0","0","0","충북","음성군","차량단독","기타","기타","안전운전 의무 불이행","단일로","기타단일로","화물차","없음","1013700","1889732","127.653986","37.00598169","N"
"2015","2015-12-30 17","주","수","1","0","0","0","0","전북","김제시","차대사람","횡단중","횡단중","안전운전 의무 불이행","단일로","기타단일로","화물차","보행자","950770","1762267","126.9547687","35.85571033","N"
"2015","2015-12-30 18","야","수","1","1","0","1","0","서울","송파구","차대사람","차도통행중","차도통행중","안전운전 의무 불이행","단일로","기타단일로","원동기장치자전거","보행자","964138","1944384","127.0942873","37.49802047","N"
"2015","2015-12-30 18","야","수","1","0","0","0","0","경기","양평군","차대사람","횡단중","횡단중","안전운전 의무 불이행","단일로","기타단일로","화물차","보행자","1003415","1936331","127.5385976","37.42612333","N"
"2015","2015-12-30 18","야","수","1","0","0","0","0","전남","화순군","차대사람","횡단중","횡단중","안전운전 의무 불이행","단일로","기타단일로","화물차","보행자","952734","1673960","126.9816521","35.05959722","N"
"2015","2015-12-30 18","야","수","1","0","0","0","0","경북","칠곡군","차대사람","횡단중","횡단중","안전운전 의무 불이행","단일로","기타단일로","승용차","보행자","1093436","1785884","128.5375473","36.06538767","N"
"2015","2015-12-30 19","야","수","1","0","0","0","0","강원","강릉시","차대사람","횡단중","횡단중","보행자 보호의무 위반","단일로","횡단보도상","화물차","보행자","1116533","1968570","128.8220639","37.70930486","N"
"2015","2015-12-30 21","야","수","1","1","0","1","0","경기","용인시","차대차","정면충돌","정면충돌","안전운전 의무 불이행","단일로","기타단일로","화물차","화물차","973618","1908972","127.202795","37.17914375","N"
"2015","2015-12-30 22","야","수","1","0","0","0","0","경북","경산시","차대사람","횡단중","횡단중","안전운전 의무 불이행","단일로","횡단보도상","승용차","보행자","1111808","1757619","128.7375389","35.80866987","N"
"2015","2015-12-31 00","야","목","1","1","1","0","0","충남","당진시","차량단독","전도전복","전도전복","안전운전 의무 불이행","교차로","교차로부근","화물차","없음","919347","1885432","126.5939819","36.96386271","N"
"2015","2015-12-31 00","야","목","1","6","4","2","0","전남","무안군","차량단독","공작물충돌","공작물충돌","안전운전 의무 불이행","단일로","기타단일로","승용차","없음","907622","1667640","126.4876811","34.99949364","N"
"2015","2015-12-31 06","주","목","1","3","3","0","0","충남","당진시","차량단독","공작물충돌","공작물충돌","안전운전 의무 불이행","단일로","기타단일로","승용차","없음","918473","1872981","126.5855055","36.85156133","N"
"2015","2015-12-31 11","주","목","1","5","3","2","0","경북","영천시","차대차","정면충돌","정면충돌","안전운전 의무 불이행","단일로","교량위","승용차","화물차","1130415","1776245","128.9464856","35.97425418","N"
"2015","2015-12-31 15","주","목","1","0","0","0","0","서울","서대문구","차대사람","차도통행중","차도통행중","안전운전 의무 불이행","교차로","교차로내","화물차","보행자","948598","1952572","126.9179144","37.57108556","N"
"2015","2015-12-31 18","야","목","1","0","0","0","0","충남","서산시","차대사람","횡단중","횡단중","안전운전 의무 불이행","단일로","기타단일로","승용차","보행자","907629","1864576","126.4649051","36.77480714","N"
"2015","2015-12-31 22","야","목","1","0","0","0","0","충남","천안시","차대사람","기타","기타","안전운전 의무 불이행","단일로","기타단일로","화물차","보행자","974663","1879437","127.2155623","36.91293688","N"
"2016","2016-01-01 03","야","금","1","0","0","0","0","경북","안동시","차량단독","공작물충돌","공작물충돌","안전운전 의무 불이행","교차로","교차로부근","이륜차","없음","1109248","1841683","128.7209154","36.56667979","N"
"2016","2016-01-01 04","야","금","1","0","0","0","0","경기","수원시","차대차","추돌","진행중 추돌","안전운전 의무 불이행","단일로","기타단일로","승용차","화물차","957686","1914744","127.0229911","37.23058533","N"
"2016","2016-01-01 04","야","금","1","0","0","0","0","경남","창원시(통합)","차량단독","공작물충돌","공작물충돌","안전운전 의무 불이행","단일로","기타단일로","승용차","없음","1109023","1703558","128.6994342","35.32164473","N"
"2016","2016-01-01 09","주","금","1","66","4","62","0","전남","곡성군","차대차","추돌","진행중 추돌","안전거리 미확보","단일로","기타단일로","승합차","승합차","974549.5","1692529.2","127.2203184","35.2278243","Y"
"2016","2016-01-01 11","주","금","1","0","0","0","0","전남","화순군","차대차","측면충돌","측면충돌","신호위반","교차로","교차로내","원동기장치자전거","승용차","952729","1673528","126.9816219","35.05570165","N"
"2016","2016-01-01 14","주","금","1","1","0","1","0","전남","해남군","차대차","정면충돌","정면충돌","중앙선 침범","단일로","기타단일로","이륜차","승용차","902266","1621029","126.4344163","34.57873673","N"
"2016","2016-01-01 18","야","금","1","0","0","0","0","경북","영천시","차대사람","기타","기타","안전운전 의무 불이행","단일로","기타단일로","승용차","화물차","1118711","1779296","128.8171612","36.00324918","N"
"2016","2016-01-02 02","야","토","1","0","0","0","0","전북","부안군","차대사람","기타","기타","안전운전 의무 불이행","단일로","기타단일로","화물차","보행자","930758","1747703","126.7344077","35.72319919","N"
"2016","2016-01-02 05","야","토","1","0","0","0","0","경남","거제시","차대차","정면충돌","정면충돌","중앙선 침범","단일로","기타단일로","화물차","승합차","1101402","1655346","128.6096976","34.88778821","N"
"2016","2016-01-02 06","주","토","1","0","0","0","0","경남","사천시","차대사람","횡단중","횡단중","안전운전 의무 불이행","단일로","기타단일로","승용차","보행자","1051430","1663949","128.0633915","34.96912448","N"
"2016","2016-01-02 07","주","토","1","0","0","0","0","충북","청주시","차대사람","횡단중","횡단중","보행자 보호의무 위반","교차로","교차로내","승용차","보행자","998879","1846957","127.4874631","36.62047654","N"
"2016","2016-01-02 10","주","토","1","0","0","0","0","전남","광양시","차량단독","전도전복","전도전복","안전운전 의무 불이행","교차로","교차로부근","이륜차","없음","1021914","1673875","127.7403235","35.05970017","N"
"2016","2016-01-02 11","주","토","1","0","0","0","0","서울","강서구","차대차","측면충돌","측면충돌","신호위반","교차로","교차로내","이륜차","승합차","942105.1","1951162.1","126.8445032","37.55799274","N"
"2016","2016-01-02 17","주","토","1","2","2","0","0","충남","논산시","차량단독","공작물충돌","공작물충돌","안전운전 의무 불이행","단일로","기타단일로","승용차","없음","974796","1801564","127.2196039","36.21091647","Y"
"2016","2016-01-02 18","야","토","1","1","1","0","0","경북","성주군","차대차","기타","기타","안전운전 의무 불이행","교차로","교차로부근","승용차","화물차","1064520","1772298","128.2153738","35.945256","N"
"2016","2016-01-02 18","야","토","1","0","0","0","0","광주","동구","차대사람","횡단중","횡단중","안전운전 의무 불이행","단일로","기타단일로","승용차","보행자","948291","1681062","126.932486","35.12341699","N"
"2016","2016-01-02 19","야","토","1","0","0","0","0","경기","남양주시","차대사람","횡단중","횡단중","신호위반","단일로","기타단일로","승용차","보행자","975213","1972983","127.2186088","37.7561575","N"
"2016","2016-01-02 19","야","토","1","0","0","0","0","전북","완주군","차대사람","횡단중","횡단중","안전운전 의무 불이행","단일로","기타단일로","승용차","보행자","970470","1770580","127.1726371","35.93145194","N"
"2016","2016-01-02 21","야","토","1","0","0","0","0","부산","부산진구","차대사람","기타","기타","안전운전 의무 불이행","단일로","기타단일로","승용차","보행자","1141855.7","1686031.5","129.057519","35.15954343","N"
"2016","2016-01-02 23","야","토","1","1","1","0","0","제주","제주시","차량단독","공작물충돌","공작물충돌","안전운전 의무 불이행","단일로","기타단일로","승용차","없음","890786","1497287","126.3247552","33.461803","N"
"2016","2016-01-03 00","야","일","1","0","0","0","0","대구","달성군","차대사람","횡단중","횡단중","과속","단일로","기타단일로","승용차","보행자","1089009","1755964.3","128.4850433","35.79608574","N"
"2016","2016-01-03 02","야","일","1","0","0","0","0","충남","서산시","차량단독","전도전복","전도전복","안전운전 의무 불이행","단일로","기타단일로","화물차","없음","906853","1863925","126.4562902","36.76886353","N"
"2016","2016-01-03 03","야","일","1","0","0","0","0","대구","서구","차대사람","횡단중","횡단중","안전운전 의무 불이행","단일로","횡단보도상","승용차","보행자","1094848.9","1762584.7","128.550449","35.85521977","N"
"2016","2016-01-03 04","야","일","1","0","0","0","0","충남","예산군","차대사람","횡단중","횡단중","보행자 보호의무 위반","교차로","교차로부근","승용차","보행자","925260","1855679","126.6633247","36.69616571","N"
"2016","2016-01-03 08","주","일","1","3","1","2","0","충남","보령시","차대사람","기타","기타","안전운전 의무 불이행","단일로","기타단일로","승용차","보행자","918021","1833558","126.5846553","36.49617251","N"
"2016","2016-01-03 15","주","일","1","0","0","0","0","충남","금산군","차량단독","전도전복","전도전복","안전운전 의무 불이행","단일로","기타단일로","이륜차","없음","1003519","1792496","127.5391087","36.12948431","N"
"2016","2016-01-03 17","주","일","1","0","0","0","0","충남","금산군","차대차","추돌","진행중 추돌","안전운전 의무 불이행","단일로","기타단일로","이륜차","농기계","987879","1793702","127.3652739","36.1402879","N"
"2016","2016-01-03 20","야","일","1","1","1","0","0","강원","평창군","차대차","정면충돌","정면충돌","중앙선 침범","단일로","기타단일로","화물차","승합차","1105346","1962937","128.69436","37.65989826","N"
"2016","2016-01-03 20","야","일","1","0","0","0","0","세종","세종시","차대사람","보도통행중","보도통행중","안전운전 의무 불이행","단일로","기타단일로","승용차","보행자","981862","1845128","127.2971949","36.60381617","N"
"2016","2016-01-03 22","야","일","1","2","2","0","0","경남","진주시","차대차","추돌","진행중 추돌","안전운전 의무 불이행","교차로","교차로부근","승용차","승합차","1053959","1688598","128.0926996","35.19124888","N"
"2016","2016-01-04 10","주","월","1","0","0","0","0","경기","파주시","차대차","측면충돌","측면충돌","안전거리 미확보","단일로","기타단일로","자전거","화물차","939518","1971529","126.8135258","37.7413891","N"
"2016","2016-01-04 12","주","월","1","0","0","0","0","경남","창원시(통합)","차량단독","공작물충돌","공작물충돌","안전운전 의무 불이행","단일로","기타단일로","자전거","없음","1108458","1685611","128.6908516","35.15991177","N"
"2016","2016-01-04 15","주","월","1","0","0","0","0","광주","서구","차대차","측면충돌","측면충돌","안전거리 미확보","단일로","기타단일로","이륜차","화물차","941268.5","1680392.8","126.8554647","35.11699766","N"
"2016","2016-01-04 19","야","월","1","0","0","0","0","충북","청주시","차대사람","횡단중","횡단중","안전운전 의무 불이행","단일로","기타단일로","승용차","보행자","989436","1847019","127.3818553","36.62097756","N"
"2016","2016-01-04 22","야","월","1","0","0","0","0","경북","경주시","차대사람","횡단중","횡단중","안전운전 의무 불이행","단일로","기타단일로","특수차","보행자","1155745","1765162","129.2251544","35.87065968","N"
"2016","2016-01-04 23","야","월","3","0","0","0","0","인천","서구","차량단독","공작물충돌","공작물충돌","안전운전 의무 불이행","단일로","기타단일로","승용차","없음","924785","1950935","126.6484427","37.55469448","N"
"2016","2016-01-05 05","야","화","1","1","1","0","0","경기","고양시","차대차","측면충돌","측면충돌","신호위반","교차로","교차로내","승용차","화물차","933500","1962772","126.7460262","37.66204841","N"
"2016","2016-01-05 12","주","화","1","3","0","3","0","경북","안동시","차대차","추돌","진행중 추돌","안전운전 의무 불이행","교차로","교차로부근","승용차","화물차","1108505","1839866","128.7123577","36.55038777","N"
"2016","2016-01-05 12","주","화","1","0","0","0","0","대전","대덕구","차대사람","횡단중","횡단중","안전운전 의무 불이행","단일로","기타단일로","화물차","보행자","993331","1827371","127.4255857","36.44388347","N"
"2016","2016-01-05 15","주","화","1","0","0","0","0","전남","순천시","차대사람","기타","기타","안전운전 의무 불이행","단일로","기타단일로","화물차","보행자","1001905","1658712","127.5208569","34.92320478","N"
"2016","2016-01-05 15","주","화","1","0","0","0","0","전남","무안군","차량단독","도로이탈","도로이탈 추락","안전운전 의무 불이행","단일로","기타단일로","승용차","없음","890938","1678077","126.3035117","35.09192528","N"
"2016","2016-01-05 18","야","화","1","0","0","0","0","전남","영암군","차대차","추돌","진행중 추돌","안전운전 의무 불이행","단일로","기타단일로","승용차","원동기장치자전거","902582","1639336","126.4357526","34.74382976","N"
"2016","2016-01-05 21","야","화","1","3","3","0","0","경기","고양시","차대차","측면충돌","측면충돌","중앙선 침범","단일로","기타단일로","승용차","승용차","945185","1959322","126.8787613","37.63172629","N"
"2016","2016-01-06 04","야","수","1","0","0","0","0","충남","천안시","차대차","추돌","진행중 추돌","안전운전 의무 불이행","단일로","기타단일로","화물차","화물차","969066","1873305","127.1529806","36.85749329","N"
"2016","2016-01-06 08","주","수","1","2","0","2","0","서울","영등포구","차대차","측면충돌","측면충돌","안전운전 의무 불이행","단일로","기타단일로","승용차","승용차","946576","1949361","126.895252","37.54202945","N"
"2016","2016-01-06 10","주","수","1","0","0","0","0","강원","강릉시","차대사람","횡단중","횡단중","안전운전 의무 불이행","단일로","기타단일로","승용차","보행자","1123451","1975466","128.9016989","37.77053588","N"
"2016","2016-01-06 13","주","수","1","0","0","0","0","경기","이천시","차량단독","전도전복","전도전복","안전운전 의무 불이행","단일로","교량위","원동기장치자전거","없음","996193","1926182","127.4570241","37.33464027","N"
"2016","2016-01-06 13","주","수","2","0","0","0","0","전남","장성군","차대차","측면충돌","측면충돌","안전운전 의무 불이행","교차로","교차로내","화물차","원동기장치자전거","935546","1701639","126.7910049","35.30821245","N"
"2016","2016-01-06 15","주","수","1","0","0","0","0","광주","서구","차량단독","전도전복","전도전복","안전운전 의무 불이행","단일로","기타단일로","이륜차","없음","941970.4","1681133.8","126.8631151","35.12371975","N"
"2016","2016-01-06 17","주","수","1","0","0","0","0","충북","청주시","차대차","기타","기타","안전운전 의무 불이행","단일로","기타단일로","원동기장치자전거","화물차","994806","1840529","127.4419556","36.56251432","N"
"2016","2016-01-06 18","야","수","1","0","0","0","0","충북","보은군","차대사람","횡단중","횡단중","교차로 통행방법 위반","교차로","교차로내","승용차","보행자","1025417","1830196","127.7837003","36.46903756","N"
"2016","2016-01-06 18","야","수","1","0","0","0","0","전남","함평군","차대차","측면충돌","측면충돌","안전운전 의무 불이행","단일로","기타단일로","승용차","화물차","912199","1675385","126.5370126","35.06973132","Y"
"2016","2016-01-06 20","야","수","1","0","0","0","0","충남","천안시","차대사람","보도통행중","보도통행중","과속","교차로","교차로내","승용차","보행자","968971","1870351","127.1520356","36.83086135","N"
"2016","2016-01-06 21","야","수","1","3","0","2","1","경기","용인시","차대차","측면충돌","측면충돌","중앙선 침범","단일로","기타단일로","승용차","승합차","973642","1905677","127.2031815","37.1494431","N"
"2016","2016-01-06 22","야","수","1","2","1","1","0","인천","연수구","차대차","측면충돌","측면충돌","중앙선 침범","교차로","교차로내","승용차","승용차","923811","1933987","126.6391706","37.40186758","N"
"2016","2016-01-07 02","야","목","1","1","0","1","0","부산","수영구","차대차","정면충돌","정면충돌","중앙선 침범","단일로","기타단일로","원동기장치자전거","승용차","1146580.7","1684296.5","129.1090717","35.14322677","N"
"2016","2016-01-07 02","야","목","1","3","1","2","0","전북","전주시","차대차","측면충돌","측면충돌","안전운전 의무 불이행","교차로","교차로내","승용차","승용차","964410","1757527","127.1060417","35.81356512","N"
"2016","2016-01-07 04","야","목","1","0","0","0","0","경기","안산시","차량단독","공작물충돌","공작물충돌","안전운전 의무 불이행","단일로","기타단일로","이륜차","없음","942784","1925471","126.8541827","37.32647668","N"
"2016","2016-01-07 04","야","목","1","0","0","0","0","경북","안동시","차대사람","횡단중","횡단중","안전운전 의무 불이행","교차로","교차로부근","승용차","보행자","1112061","1840840","128.7522231","36.55875583","N"
"2016","2016-01-07 04","야","목","1","0","0","0","0","대구","수성구","차대차","추돌","진행중 추돌","안전운전 의무 불이행","단일로","기타단일로","이륜차","승용차","1100761.1","1760111.4","128.6156034","35.83233406","N"
"2016","2016-01-07 06","주","목","1","0","0","0","0","인천","남동구","차대사람","횡단중","횡단중","신호위반","교차로","교차로내","화물차","보행자","931422","1939478","126.7246464","37.45195247","N"
"2016","2016-01-07 07","주","목","1","0","0","0","0","경남","김해시","차대사람","길가장자리구역통행중","길가장자리구역통행중","안전운전 의무 불이행","단일로","기타단일로","승용차","보행자","1121287","1699141","128.833674","35.28041393","N"
"2016","2016-01-07 08","주","목","1","2","2","0","0","강원","춘천시","차대차","측면충돌","측면충돌","중앙선 침범","단일로","교량위","승용차","화물차","1014922","1995907","127.6698742","37.96298743","N"
"2016","2016-01-07 12","주","목","1","0","0","0","0","서울","동대문구","차대사람","횡단중","횡단중","안전운전 의무 불이행","단일로","기타단일로","화물차","보행자","958488","1953577","127.0298498","37.58064296","N"
"2016","2016-01-07 15","주","목","2","9","2","3","4","인천","중구","차대차","추돌","진행중 추돌","안전운전 의무 불이행","단일로","기타단일로","승합차","승용차","914617","1946682","126.533833","37.51547873","Y"
"2016","2016-01-07 18","야","목","1","0","0","0","0","경기","가평군","차대사람","횡단중","횡단중","안전운전 의무 불이행","단일로","기타단일로","화물차","보행자","987533","1979478","127.3583577","37.81494919","N"
"2016","2016-01-07 19","야","목","1","0","0","0","0","서울","양천구","차대차","측면충돌","측면충돌","신호위반","교차로","교차로부근","자전거","자전거","944324","1947670","126.8698895","37.52665506","N"
"2016","2016-01-07 19","야","목","1","0","0","0","0","대구","수성구","차대사람","횡단중","횡단중","안전운전 의무 불이행","단일로","기타단일로","승용차","보행자","1100850.2","1762227.2","128.616857","35.8513977","N"
"2016","2016-01-07 20","야","목","1","0","0","0","0","전남","영광군","차대차","추돌","진행중 추돌","안전운전 의무 불이행","단일로","기타단일로","승용차","원동기장치자전거","909846","1698322","126.5087015","35.27631987","N"
"2016","2016-01-08 00","야","금","1","0","0","0","0","서울","마포구","차량단독","공작물충돌","공작물충돌","안전운전 의무 불이행","단일로","기타단일로","이륜차","없음","945186","1953397","126.8792166","37.57832447","N"
"2016","2016-01-08 01","야","금","1","0","0","0","0","경기","평택시","차대사람","횡단중","횡단중","안전운전 의무 불이행","단일로","기타단일로","승용차","보행자","952740","1889962","126.9687996","37.00696617","N"
"2016","2016-01-08 02","야","금","1","1","1","0","0","경북","경주시","차대차","기타","기타","과속","단일로","기타단일로","승용차","승용차","1157878","1777857","129.2512931","35.98472336","N"
"2016","2016-01-08 04","야","금","1","1","0","1","0","경북","안동시","차대차","추돌","진행중 추돌","안전운전 의무 불이행","단일로","기타단일로","승용차","화물차","1099731","1835187","128.6137359","36.5091703","N"
"2016","2016-01-08 08","주","금","1","0","0","0","0","강원","고성군","차량단독","전도전복","전도전복","안전운전 의무 불이행","교차로","교차로내","승용차","없음","1082335","2044177","128.4428464","38.39435733","N"
"2016","2016-01-08 10","주","금","1","0","0","0","0","대구","북구","차대차","측면충돌","측면충돌","기타","단일로","기타단일로","화물차","자전거","1096229.5","1766483.9","128.5662076","35.89023474","N"
"2016","2016-01-08 13","주","금","1","2","1","1","0","경북","문경시","차대차","정면충돌","정면충돌","중앙선 침범","단일로","기타단일로","화물차","건설기계","1067010","1849587","128.2496163","36.64182809","N"
"2016","2016-01-08 13","주","금","1","0","0","0","0","경남","하동군","차대차","기타","기타","안전운전 의무 불이행","교차로","교차로부근","원동기장치자전거","화물차","1033784","1689076","127.8711171","35.19644079","N"
"2016","2016-01-08 14","주","금","1","0","0","0","0","전북","완주군","차대차","측면충돌","측면충돌","안전거리 미확보","단일로","기타단일로","원동기장치자전거","화물차","974162","1762030","127.2138428","35.85446983","N"
"2016","2016-01-08 17","주","금","1","1","0","1","0","충남","당진시","차대차","정면충돌","정면충돌","중앙선 침범","단일로","기타단일로","승용차","화물차","923892","1879493","126.6456308","36.91071","N"
"2016","2016-01-08 20","야","금","1","0","0","0","0","경북","구미시","차대사람","기타","기타","안전운전 의무 불이행","단일로","기타단일로","승용차","보행자","1077244.9","1791768.8","128.3583522","36.11985926","N"
"2016","2016-01-09 00","야","토","1","0","0","0","0","대구","달성군","차량단독","전도전복","전도전복","안전운전 의무 불이행","단일로","기타단일로","이륜차","없음","1090248.7","1757418.2","128.4989251","35.80907928","N"