"발생년","발생년월일시","주야","요일","사망자수","부상자수","중상자수","경상자수","부상신고자수","발생지시도","발생지시군구","사고유형_대분류","사고유형_중분류","사고유형","가해자법규위반","도로형태_대분류","도로형태","가해자_당사자종별","피해자_당사자종별","발생위치(X_UTMK)","발생위치(Y_UTMK)","경도","위도"," 어린이사고 여부"
"2016","2016-01-09 02","야","토","1","0","0","0","0","경기","광주시","차대사람","횡단중","횡단중","안전운전 의무 불이행","단일로","기타단일로","승용차","보행자","969164","1929035","127.1517876","37.35985219","N"
"2016","2016-01-09 02","야","토","1","0","0","0","0","강원","원주시","차량단독","공작물충돌","공작물충돌","안전운전 의무 불이행","단일로","기타단일로","승합차","없음","1042246","1923474","127.9767382","37.30927806","N"
"2016","2016-01-09 02","야","토","1","2","2","0","0","전남","목포시","차대차","정면충돌","정면충돌","중앙선 침범","단일로","기타단일로","승용차","승용차","903163","1645923","126.4413405","34.803275","N"
"2016","2016-01-09 11","주","토","2","0","0","0","0","경기","파주시","차대차","측면충돌","측면충돌","신호위반","교차로","교차로내","승용차","화물차","939346","1971623","126.8115659","37.7422249","N"
"2016","2016-01-09 13","주","토","1","0","0","0","0","전남","순천시","차대사람","횡단중","횡단중","중앙선 침범","단일로","횡단보도상","승용차","보행자","999152","1661760","127.4907126","34.95069167","N"
"2016","2016-01-09 14","주","토","1","0","0","0","0","충남","천안시","차대사람","횡단중","횡단중","안전운전 의무 불이행","교차로","교차로내","화물차","보행자","967503","1877722","127.1352578","36.89725757","N"
"2016","2016-01-09 15","주","토","1","1","1","0","0","경남","함양군","차량단독","전도전복","전도전복","안전운전 의무 불이행","기타/불명","기타/불명","화물차","없음","1012572","1707911","127.6383932","35.36676581","N"
"2016","2016-01-09 16","주","토","1","2","1","1","0","전남","해남군","차대차","정면충돌","정면충돌","중앙선 침범","단일로","기타단일로","화물차","승합차","902969","1618987","126.4423131","34.56039163","N"
"2016","2016-01-09 17","주","토","1","0","0","0","0","강원","강릉시","차대사람","횡단중","횡단중","안전운전 의무 불이행","단일로","기타단일로","승용차","보행자","1116871","1984982","128.8285426","37.85714719","N"
"2016","2016-01-09 18","야","토","1","0","0","0","0","서울","서초구","차대사람","기타","기타","보행자 보호의무 위반","교차로","교차로부근","승합차","보행자","956186","1942705","127.0044278","37.48254386","N"
"2016","2016-01-09 21","야","토","1","0","0","0","0","충남","당진시","차대사람","기타","기타","안전운전 의무 불이행","교차로","교차로내","승용차","보행자","922726","1878365","126.6326581","36.90044788","N"
"2016","2016-01-09 23","야","토","2","0","0","0","0","강원","원주시","차대차","기타","기타","과속","교차로","교차로부근","승용차","승용차","1039339","1926288","127.9440834","37.33477013","N"
"2016","2016-01-10 00","야","일","1","0","0","0","0","전북","전주시","차대차","측면충돌","측면충돌","안전운전 의무 불이행","교차로","교차로내","승용차","자전거","964820","1761656","127.1103981","35.85080692","N"
"2016","2016-01-10 05","야","일","1","2","2","0","0","전북","익산시","차량단독","공작물충돌","공작물충돌","안전운전 의무 불이행","단일로","기타단일로","승용차","없음","955118","1773940","127.0022632","35.96115994","N"
"2016","2016-01-10 07","주","일","1","0","0","0","0","인천","서구","차량단독","공작물충돌","공작물충돌","안전운전 의무 불이행","교차로","교차로부근","승용차","없음","925889","1945224","126.6615169","37.5033127","N"
"2016","2016-01-10 08","주","일","1","0","0","0","0","경북","문경시","차대차","측면충돌","측면충돌","안전운전 의무 불이행","단일로","기타단일로","원동기장치자전거","승용차","1051552","1862478","128.0775712","36.75899565","N"
"2016","2016-01-10 14","주","일","1","0","0","0","0","충남","부여군","차량단독","전도전복","전도전복","안전운전 의무 불이행","단일로","기타단일로","이륜차","없음","950364","1803321","126.9476936","36.22581073","N"
"2016","2016-01-10 17","주","일","1","0","0","0","0","경북","포항시","차대사람","횡단중","횡단중","안전운전 의무 불이행","단일로","기타단일로","승합차","보행자","1166232","1780952","129.344569","36.011225","N"
"2016","2016-01-10 19","야","일","1","0","0","0","0","서울","서초구","차대사람","기타","기타","안전운전 의무 불이행","단일로","기타단일로","승용차","보행자","961053","1939880","127.0596254","37.45729895","N"
"2016","2016-01-10 19","야","일","1","0","0","0","0","충남","천안시","차대차","측면충돌","측면충돌","안전운전 의무 불이행","단일로","기타단일로","승용차","승용차","976593","1865347","127.237663","36.78597158","N"
"2016","2016-01-10 22","야","일","1","0","0","0","0","전북","완주군","차량단독","전도전복","전도전복","안전운전 의무 불이행","단일로","기타단일로","원동기장치자전거","없음","957912.9","1759673.2","127.0340119","35.83265787","N"
"2016","2016-01-11 00","야","월","1","3","3","0","0","전남","영암군","차대차","정면충돌","정면충돌","중앙선 침범","단일로","기타단일로","승용차","승용차","903628","1644495","126.4465871","34.79044396","N"
"2016","2016-01-11 12","주","월","1","0","0","0","0","경북","경주시","차대차","추돌","진행중 추돌","안전운전 의무 불이행","단일로","기타단일로","특수차","승용차","1153419","1753174","129.1970986","35.76298804","N"
"2016","2016-01-11 14","주","월","1","6","4","2","0","강원","태백시","차대차","정면충돌","정면충돌","중앙선 침범","단일로","기타단일로","화물차","승합차","1133540","1904299","129.0033268","37.12785986","N"
"2016","2016-01-11 14","주","월","1","0","0","0","0","충북","충주시","차대사람","기타","기타","안전운전 의무 불이행","단일로","기타단일로","화물차","보행자","1027371.9","1901472.8","127.8080823","37.11151688","N"
"2016","2016-01-11 14","주","월","1","6","0","6","0","전남","무안군","차대차","추돌","진행중 추돌","안전운전 의무 불이행","단일로","터널안","승합차","승용차","908561","1657254","126.4991087","34.90593748","Y"
"2016","2016-01-11 15","주","월","1","0","0","0","0","경기","고양시","차대사람","횡단중","횡단중","안전운전 의무 불이행","단일로","횡단보도부근","승합차","보행자","942017","1957930","126.8429698","37.61898586","N"
"2016","2016-01-11 22","야","월","1","0","0","0","0","경기","김포시","차대사람","차도통행중","차도통행중","안전운전 의무 불이행","교차로","교차로부근","승용차","보행자","926017","1962912","126.6611781","37.66273736","N"
"2016","2016-01-12 02","야","화","1","0","0","0","0","서울","구로구","차대사람","기타","기타","안전운전 의무 불이행","단일로","지하차도(도로)내","승용차","보행자","945739","1945394","126.8860709","37.50622554","N"
"2016","2016-01-12 04","야","화","1","0","0","0","0","경기","성남시","차대사람","횡단중","횡단중","신호위반","교차로","교차로부근","승용차","보행자","968788","1938012","127.1471626","37.44075514","N"
"2016","2016-01-12 04","야","화","1","3","3","0","0","전남","광양시","차대차","추돌","진행중 추돌","안전운전 의무 불이행","단일로","기타단일로","원동기장치자전거","승합차","1007543","1664673","127.5826383","34.97693187","N"
"2016","2016-01-12 05","야","화","1","0","0","0","0","경기","군포시","차대사람","횡단중","횡단중","안전운전 의무 불이행","교차로","교차로내","승용차","보행자","948954","1929338","126.9235558","37.3616913","N"
"2016","2016-01-12 07","주","화","1","0","0","0","0","충남","논산시","차대차","추돌","진행중 추돌","안전운전 의무 불이행","단일로","기타단일로","승용차","자전거","976793","1793020","127.242073","36.13393724","N"
"2016","2016-01-12 09","주","화","1","1","1","0","0","충남","예산군","차대차","정면충돌","정면충돌","중앙선 침범","단일로","기타단일로","화물차","화물차","937068","1854100","126.795629","36.68278776","N"
"2016","2016-01-12 10","주","화","1","0","0","0","0","부산","강서구","차대차","기타","기타","중앙선 침범","기타/불명","기타/불명","승용차","원동기장치자전거","1131959","1691988.1","128.9498428","35.21458594","N"
"2016","2016-01-12 10","주","화","1","0","0","0","0","전남","진도군","차대차","기타","기타","안전운전 의무 불이행","단일로","기타단일로","화물차","이륜차","892638","1605916","126.3313657","34.44151211","N"
"2016","2016-01-12 11","주","화","1","0","0","0","0","전북","남원시","차량단독","전도전복","전도전복","안전운전 의무 불이행","단일로","기타단일로","원동기장치자전거","없음","995478","1711432","127.4502021","35.39858319","N"
"2016","2016-01-12 13","주","화","1","0","0","0","0","서울","동작구","차대사람","횡단중","횡단중","안전운전 의무 불이행","단일로","기타단일로","화물차","보행자","950493","1945431","126.9398545","37.50682633","N"
"2016","2016-01-12 14","주","화","1","0","0","0","0","강원","홍천군","차대차","측면충돌","측면충돌","안전운전 의무 불이행","교차로","교차로내","화물차","이륜차","1032588","1964744","127.8695804","37.6816535","N"
"2016","2016-01-12 16","주","화","1","0","0","0","0","경기","가평군","차량단독","공작물충돌","공작물충돌","안전운전 의무 불이행","단일로","기타단일로","승용차","없음","999828","1963920","127.4980495","37.67480554","N"
"2016","2016-01-12 19","야","화","1","5","2","3","0","경남","창원시(통합)","차대차","추돌","진행중 추돌","안전운전 의무 불이행","단일로","기타단일로","승용차","이륜차","1098931","1691308","128.586948","35.21225629","N"
"2016","2016-01-13 01","야","수","1","0","0","0","0","경기","파주시","차량단독","공작물충돌","공작물충돌","안전운전 의무 불이행","단일로","기타단일로","원동기장치자전거","없음","932573","1970854","126.7347684","37.73482025","N"
"2016","2016-01-13 06","주","수","1","0","0","0","0","경기","수원시","차대차","추돌","진행중 추돌","안전운전 의무 불이행","단일로","기타단일로","화물차","화물차","951305","1921329","126.9506295","37.28962844","N"
"2016","2016-01-13 06","주","수","1","0","0","0","0","전남","장성군","차대사람","횡단중","횡단중","안전거리 미확보","기타/불명","기타/불명","화물차","보행자","923030","1694657","126.6539958","35.24437695","N"
"2016","2016-01-13 14","주","수","1","0","0","0","0","충남","예산군","차대차","측면충돌","측면충돌","교차로 통행방법 위반","교차로","교차로내","이륜차","승용차","940656","1855313","126.8356914","36.69395287","N"
"2016","2016-01-13 19","야","수","1","0","0","0","0","경북","성주군","차량단독","공작물충돌","공작물충돌","안전운전 의무 불이행","단일로","기타단일로","화물차","없음","1058529","1765146","128.1484255","35.88115468","N"
"2016","2016-01-13 23","야","수","1","1","0","1","0","전북","군산시","차대차","정면충돌","정면충돌","중앙선 침범","단일로","기타단일로","승용차","화물차","932667","1780014","126.7527835","36.01462741","N"
"2016","2016-01-14 02","야","목","1","0","0","0","0","서울","서대문구","차대사람","길가장자리구역통행중","길가장자리구역통행중","안전운전 의무 불이행","단일로","기타단일로","승용차","보행자","952823","1951181","126.9658467","37.55877444","N"
"2016","2016-01-14 06","주","목","1","0","0","0","0","전남","목포시","차대사람","횡단중","횡단중","안전운전 의무 불이행","단일로","기타단일로","승용차","보행자","901078","1646973","126.4184264","34.81254151","N"
"2016","2016-01-14 08","주","목","1","0","0","0","0","전남","여수시","차량단독","기타","기타","기타","단일로","기타단일로","특수차","없음","1016810","1647921","127.6838269","34.82575847","N"
"2016","2016-01-14 09","주","목","1","0","0","0","0","부산","해운대구","차대차","추돌","진행중 추돌","안전운전 의무 불이행","단일로","기타단일로","화물차","화물차","1149780.5","1693360","129.145831","35.22444864","N"
"2016","2016-01-14 09","주","목","2","0","0","0","0","경북","의성군","차량단독","전도전복","전도전복","안전운전 의무 불이행","단일로","기타단일로","화물차","없음","1090519","1833627","128.5106942","36.49602485","N"
"2016","2016-01-14 10","주","목","1","0","0","0","0","경남","창원시(통합)","차대사람","횡단중","횡단중","신호위반","단일로","횡단보도상","승용차","보행자","1096650","1691475","128.5619103","35.21398427","N"
"2016","2016-01-14 16","주","목","1","3","2","1","0","강원","홍천군","차대차","정면충돌","정면충돌","중앙선 침범","단일로","기타단일로","승용차","화물차","1031495","1954547","127.8567453","37.58978325","N"
"2016","2016-01-14 18","야","목","1","0","0","0","0","경기","광주시","차대차","추돌","진행중 추돌","안전운전 의무 불이행","단일로","기타단일로","승용차","이륜차","969221","1929022","127.1524318","37.35973691","N"
"2016","2016-01-14 20","야","목","1","0","0","0","0","경북","경산시","차대사람","횡단중","횡단중","보행자 보호의무 위반","단일로","기타단일로","승용차","보행자","1113741","1773695","128.7612251","35.95335578","N"
"2016","2016-01-14 22","야","목","1","0","0","0","0","충북","괴산군","차량단독","공작물충돌","공작물충돌","안전운전 의무 불이행","단일로","기타단일로","승용차","없음","1019126","1852150","127.7140271","36.66709963","N"
"2016","2016-01-15 00","야","금","1","0","0","0","0","경기","김포시","차대차","정면충돌","정면충돌","안전운전 의무 불이행","단일로","기타단일로","화물차","화물차","928643","1961986","126.6910395","37.65459973","N"
"2016","2016-01-15 02","야","금","1","0","0","0","0","경기","평택시","차대차","측면충돌","측면충돌","안전운전 의무 불이행","단일로","기타단일로","승합차","승용차","970295.1","1886335.2","127.1662571","36.97499224","N"
"2016","2016-01-15 03","야","금","2","1","1","0","0","경기","고양시","차대차","기타","기타","중앙선 침범","단일로","기타단일로","승용차","승용차","942054","1956886","126.8434717","37.60957873","N"
"2016","2016-01-15 04","야","금","1","0","0","0","0","경기","광명시","차량단독","공작물충돌","공작물충돌","안전운전 의무 불이행","단일로","기타단일로","승용차","없음","944841","1941856","126.8761765","37.47428379","N"
"2016","2016-01-15 08","주","금","1","2","1","1","0","전북","정읍시","차대차","정면충돌","정면충돌","중앙선 침범","단일로","교량위","승용차","승용차","956907","1734959","127.0242016","35.60978969","N"
"2016","2016-01-15 10","주","금","1","0","0","0","0","강원","영월군","차량단독","전도전복","전도전복","안전운전 의무 불이행","단일로","기타단일로","승용차","없음","1080714","1911972","128.409557","37.20306694","N"
"2016","2016-01-15 10","주","금","1","0","0","0","0","전남","영암군","차량단독","전도전복","전도전복","안전운전 의무 불이행","단일로","기타단일로","이륜차","없음","906123","1641338","126.4742077","34.76221238","N"
"2016","2016-01-15 11","주","금","1","0","0","0","0","충북","청주시","차대사람","횡단중","횡단중","안전운전 의무 불이행","교차로","교차로부근","승용차","보행자","997210","1848584","127.4687917","36.63514051","N"
"2016","2016-01-15 11","주","금","1","0","0","0","0","경북","문경시","차대차","측면충돌","측면충돌","중앙선 침범","단일로","기타단일로","원동기장치자전거","승합차","1068092","1852084","128.261941","36.66425966","N"
"2016","2016-01-15 13","주","금","1","0","0","0","0","부산","금정구","차대차","측면충돌","측면충돌","교차로 통행방법 위반","교차로","교차로내","이륜차","승합차","1144436.8","1695426.4","129.0874962","35.24385839","N"
"2016","2016-01-15 14","주","금","1","0","0","0","0","전남","완도군","차량단독","전도전복","전도전복","안전운전 의무 불이행","단일로","기타단일로","승용차","없음","914645","1578273","126.5736231","34.19430259","N"
"2016","2016-01-15 18","야","금","1","0","0","0","0","광주","서구","차대사람","횡단중","횡단중","안전운전 의무 불이행","단일로","기타단일로","승합차","보행자","944000","1684424","126.8851661","35.15350154","N"
"2016","2016-01-15 19","야","금","1","0","0","0","0","경북","구미시","차대차","추돌","진행중 추돌","안전운전 의무 불이행","단일로","기타단일로","화물차","화물차","1070416","1805059","128.2836679","36.24018778","N"
"2016","2016-01-15 19","야","금","1","0","0","0","0","광주","광산구","차대사람","횡단중","횡단중","안전운전 의무 불이행","단일로","기타단일로","화물차","보행자","936575","1685050","126.8036027","35.15870481","N"
"2016","2016-01-15 20","야","금","1","0","0","0","0","충남","서산시","차대사람","차도통행중","차도통행중","안전운전 의무 불이행","단일로","기타단일로","화물차","보행자","912447","1869953","126.5182691","36.82372972","N"
"2016","2016-01-15 21","야","금","1","0","0","0","0","경북","성주군","차량단독","공작물충돌","공작물충돌","안전운전 의무 불이행","단일로","기타단일로","승용차","없음","1069282","1775266","128.2684282","35.97168682","N"
"2016","2016-01-15 23","야","금","1","0","0","0","0","전남","보성군","차량단독","전도전복","전도전복","안전운전 의무 불이행","단일로","기타단일로","승용차","없음","967003","1648425","127.1391416","34.82990708","N"
"2016","2016-01-16 01","야","토","1","0","0","0","0","전북","익산시","차대사람","횡단중","횡단중","안전운전 의무 불이행","단일로","기타단일로","승용차","보행자","953555","1773719","126.9849432","35.95909434","N"
"2016","2016-01-16 02","야","토","1","0","0","0","0","부산","금정구","차량단독","공작물충돌","공작물충돌","안전운전 의무 불이행","단일로","기타단일로","승용차","없음","1144798","1696081","129.0915801","35.24970655","N"
"2016","2016-01-16 04","야","토","2","0","0","0","0","대구","수성구","차량단독","전도전복","전도전복","안전운전 의무 불이행","교차로","교차로부근","원동기장치자전거","없음","1102411.1","1759701","128.6338159","35.82846358","N"
"2016","2016-01-16 06","주","토","1","0","0","0","0","서울","도봉구","차대사람","횡단중","횡단중","안전운전 의무 불이행","단일로","기타단일로","승합차","보행자","959688.7","1963056.9","127.0429252","37.66614048","N"
"2016","2016-01-16 06","주","토","1","0","0","0","0","경북","안동시","차대사람","횡단중","횡단중","안전운전 의무 불이행","교차로","교차로부근","승용차","보행자","1109228","1841509","128.7206673","36.56511381","N"
"2016","2016-01-16 06","주","토","1","0","0","0","0","인천","미추홀구","차대사람","횡단중","횡단중","안전운전 의무 불이행","교차로","교차로부근","승용차","보행자","924586.7","1941336.6","126.6471827","37.46817128","N"
"2016","2016-01-16 06","주","토","1","0","0","0","0","광주","북구","차대사람","횡단중","횡단중","안전운전 의무 불이행","단일로","횡단보도상","승용차","보행자","942112","1688201","126.8641735","35.1874504","N"
"2016","2016-01-16 10","주","토","1","0","0","0","0","경남","창원시(통합)","차대차","정면충돌","정면충돌","안전운전 의무 불이행","교차로","교차로부근","승용차","자전거","1108234","1692514","128.6892992","35.22216791","N"
"2016","2016-01-16 15","주","토","1","1","0","1","0","충북","음성군","차대차","기타","기타","안전운전 의무 불이행","단일로","기타단일로","승용차","승용차","1011849","1873683","127.6329296","36.86133304","N"
"2016","2016-01-16 16","주","토","1","0","0","0","0","경기","광명시","차대차","기타","기타","안전거리 미확보","단일로","기타단일로","승용차","이륜차","945386","1941023","126.8824016","37.46680819","N"
"2016","2016-01-16 16","주","토","1","0","0","0","0","강원","원주시","차량단독","전도전복","전도전복","안전운전 의무 불이행","단일로","기타단일로","이륜차","없음","1028989","1919344","127.826977","37.27255902","N"
"2016","2016-01-16 17","주","토","1","0","0","0","0","전북","익산시","차대차","정면충돌","정면충돌","중앙선 침범","교차로","교차로부근","이륜차","화물차","949826","1780150","126.9431845","36.01688866","N"
"2016","2016-01-16 18","야","토","1","0","0","0","0","서울","동대문구","차대차","추돌","진행중 추돌","안전운전 의무 불이행","단일로","기타단일로","이륜차","화물차","962071","1956485","127.0702778","37.60700819","N"
"2016","2016-01-16 18","야","토","1","0","0","0","0","전북","익산시","차대사람","횡단중","횡단중","안전운전 의무 불이행","교차로","교차로내","승용차","보행자","952595","1786624","126.9735243","36.07539369","N"
"2016","2016-01-16 19","야","토","1","0","0","0","0","충남","천안시","차대사람","횡단중","횡단중","안전운전 의무 불이행","단일로","기타단일로","화물차","보행자","967318","1883227","127.1329437","36.94687524","N"
"2016","2016-01-16 19","야","토","1","0","0","0","0","충남","논산시","차대사람","차도통행중","차도통행중","안전운전 의무 불이행","단일로","기타단일로","화물차","보행자","956422","1795227","127.0155491","36.15313275","N"
"2016","2016-01-16 19","야","토","1","0","0","0","0","인천","연수구","차대사람","횡단중","횡단중","안전운전 의무 불이행","단일로","기타단일로","승용차","보행자","927794","1934548","126.6841138","37.40724287","N"
"2016","2016-01-16 20","야","토","1","0","0","0","0","충북","제천시","차대차","측면충돌","측면충돌","신호위반","교차로","교차로내","화물차","화물차","1059939","1906814","128.1750494","37.15814134","N"
"2016","2016-01-17 17","주","일","1","0","0","0","0","경북","영천시","차대사람","기타","기타","안전운전 의무 불이행","단일로","기타단일로","승합차","보행자","1145167","1774717","129.1097713","35.95839952","N"
"2016","2016-01-17 18","야","일","1","4","4","0","0","전남","광양시","차대차","정면충돌","정면충돌","중앙선 침범","교차로","교차로부근","승합차","승용차","1018666","1659431","127.7043799","34.9295183","N"
"2016","2016-01-17 21","야","일","1","0","0","0","0","강원","철원군","차대사람","횡단중","횡단중","안전운전 의무 불이행","단일로","기타단일로","승합차","보행자","981430","2020922","127.2879467","38.18837338","N"
"2016","2016-01-17 21","야","일","1","2","2","0","0","충북","보은군","차대차","기타","기타","안전운전 의무 불이행","단일로","기타단일로","승용차","화물차","1025695","1834853","127.7869581","36.51101342","N"
"2016","2016-01-17 21","야","일","1","1","0","1","0","경북","경주시","차대차","기타","기타","안전운전 의무 불이행","단일로","기타단일로","승용차","자전거","1159732","1777931","129.2718651","35.98508831","N"
"2016","2016-01-17 21","야","일","1","0","0","0","0","경북","포항시","차대사람","길가장자리구역통행중","길가장자리구역통행중","안전운전 의무 불이행","단일로","기타단일로","승용차","보행자","1166573","1778816","129.3479018","35.99191875","N"
"2016","2016-01-17 22","야","일","2","0","0","0","0","제주","서귀포시","차대차","추돌","진행중 추돌","안전운전 의무 불이행","단일로","기타단일로","승용차","원동기장치자전거","933284.2","1490367.5","126.7825481","33.40288767","N"
"2016","2016-01-18 00","야","월","1","0","0","0","0","충남","예산군","차대사람","횡단중","횡단중","안전운전 의무 불이행","단일로","기타단일로","승용차","보행자","933309","1850317","126.7538885","36.64843085","N"
"2016","2016-01-18 05","야","월","1","0","0","0","0","경기","포천시","차대차","측면충돌","측면충돌","안전운전 의무 불이행","단일로","기타단일로","원동기장치자전거","화물차","971981","1985753","127.1814242","37.8711608","N"
"2016","2016-01-18 05","야","월","1","0","0","0","0","대전","동구","차량단독","기타","기타","안전운전 의무 불이행","단일로","기타단일로","승용차","없음","996725","1811196","127.4635249","36.29807726","N"
"2016","2016-01-18 06","주","월","1","6","1","5","0","경남","밀양시","차대차","측면충돌","측면충돌","안전거리 미확보","단일로","교량위","화물차","승용차","1115703","1721166","128.7754074","35.47962266","N"
"2016","2016-01-18 07","주","월","1","0","0","0","0","전남","해남군","차대사람","횡단중","횡단중","보행자 보호의무 위반","단일로","기타단일로","승합차","보행자","907872","1619349","126.4957116","34.56410698","N"
"2016","2016-01-18 07","주","월","1","2","2","0","0","경북","성주군","차대차","기타","기타","안전운전 의무 불이행","기타/불명","기타/불명","승용차","화물차","1074353","1768664","128.324049","35.91179582","N"
"2016","2016-01-18 10","주","월","1","0","0","0","0","경기","포천시","차량단독","도로이탈","도로이탈 추락","안전운전 의무 불이행","단일로","기타단일로","승용차","없음","966889","1995695","127.1230723","37.96059551","N"
"2016","2016-01-18 11","주","월","1","0","0","0","0","충남","청양군","차대사람","횡단중","횡단중","과속","단일로","기타단일로","승용차","보행자","951344","1823523","126.9573368","36.40798283","N"
"2016","2016-01-18 12","주","월","1","0","0","0","0","경북","구미시","차대차","측면충돌","측면충돌","안전운전 의무 불이행","교차로","교차로부근","승용차","자전거","1083308","1790356","128.4255688","36.10662179","N"
"2016","2016-01-18 15","주","월","1","0","0","0","0","전북","김제시","차량단독","전도전복","전도전복","안전운전 의무 불이행","단일로","기타단일로","원동기장치자전거","없음","954281.7","1747392.6","126.9945099","35.72177428","N"
"2016","2016-01-18 16","주","월","1","0","0","0","0","경남","하동군","차대차","추돌","진행중 추돌","안전운전 의무 불이행","기타/불명","기타/불명","승용차","농기계","1017986","1679388","127.6973664","35.10949003","N"
"2016","2016-01-18 16","주","월","1","0","0","0","0","대구","북구","차대차","측면충돌","측면충돌","신호위반","단일로","횡단보도상","승합차","자전거","1095736.4","1771061.4","128.561296","35.93154712","N"
"2016","2016-01-18 17","주","월","1","2","1","1","0","광주","광산구","차량단독","공작물충돌","공작물충돌","안전운전 의무 불이행","단일로","기타단일로","화물차","없음","932507","1678354","126.7594866","35.0980654","N"
"2016","2016-01-18 18","야","월","1","0","0","0","0","울산","울주군","차대사람","횡단중","횡단중","안전운전 의무 불이행","단일로","기타단일로","승용차","보행자","1164744","1720804","129.3157122","35.46943822","N"
"2016","2016-01-18 20","야","월","1","0","0","0","0","경기","오산시","차대사람","횡단중","횡단중","보행자 보호의무 위반","교차로","교차로부근","승합차","보행자","962548","1904327","127.0783217","37.13689556","N"
"2016","2016-01-19 00","야","화","1","2","0","2","0","서울","마포구","차대차","정면충돌","정면충돌","안전거리 미확보","단일로","기타단일로","승용차","승용차","947083","1950443","126.9009128","37.55181088","N"
"2016","2016-01-19 05","야","화","1","0","0","0","0","서울","은평구","차대사람","횡단중","횡단중","안전운전 의무 불이행","단일로","횡단보도부근","승합차","보행자","948814","1958512","126.9199449","37.62463514","N"
"2016","2016-01-19 07","주","화","1","0","0","0","0","서울","영등포구","차량단독","전도전복","전도전복","안전운전 의무 불이행","단일로","기타단일로","승용차","없음","947184","1948494","126.9021965","37.53425013","N"
"2016","2016-01-19 12","주","화","1","7","2","5","0","전북","정읍시","차대차","기타","기타","안전운전 의무 불이행","단일로","기타단일로","화물차","승용차","942539","1734216","126.8656221","35.60236001","Y"
"2016","2016-01-19 12","주","화","1","0","0","0","0","인천","서구","차대사람","횡단중","횡단중","보행자 보호의무 위반","교차로","교차로내","화물차","보행자","926718","1949804","126.6704382","37.54465699","N"
"2016","2016-01-19 13","주","화","1","16","2","13","1","전북","전주시","차대차","추돌","진행중 추돌","안전운전 의무 불이행","단일로","지하차도(도로)내","승용차","화물차","960494","1764221","127.0623637","35.87376779","N"
"2016","2016-01-19 16","주","화","1","0","0","0","0","경기","양평군","차량단독","전도전복","전도전복","안전운전 의무 불이행","단일로","기타단일로","승용차","없음","990841","1943268","127.3963955","37.48861246","N"
"2016","2016-01-19 16","주","화","1","0","0","0","0","충북","청주시","차량단독","전도전복","전도전복","안전운전 의무 불이행","단일로","기타단일로","승용차","없음","1001282.8","1851112.3","127.5143533","36.65793627","N"
"2016","2016-01-19 18","야","화","1","0","0","0","0","경기","고양시","차대사람","횡단중","횡단중","안전운전 의무 불이행","단일로","기타단일로","승합차","보행자","933810.4","1964252.9","126.7494109","37.67541766","N"
"2016","2016-01-19 18","야","화","1","0","0","0","0","대구","북구","차대사람","차도통행중","차도통행중","안전운전 의무 불이행","단일로","기타단일로","원동기장치자전거","보행자","1101216","1768524","128.6217075","35.90812181","N"
"2016","2016-01-19 19","야","화","1","3","2","1","0","경기","이천시","차대차","정면충돌","정면충돌","중앙선 침범","단일로","기타단일로","승용차","승용차","999067","1920840","127.4894744","37.28649505","N"
"2016","2016-01-19 22","야","화","1","2","2","0","0","충남","당진시","차대차","정면충돌","정면충돌","중앙선 침범","단일로","기타단일로","화물차","승용차","927195","1883183","126.6823508","36.94423111","N"
"2016","2016-01-20 00","야","수","1","0","0","0","0","서울","중구","차대사람","횡단중","횡단중","안전운전 의무 불이행","단일로","기타단일로","승용차","보행자","953388.4","1950752.3","126.9722753","37.55493927","N"
"2016","2016-01-20 04","야","수","2","1","0","1","0","경북","포항시","차대차","추돌","진행중 추돌","안전운전 의무 불이행","단일로","기타단일로","승용차","화물차","1169482","1779546","129.3803139","35.99799549","N"
"2016","2016-01-20 09","주","수","1","4","0","4","0","충북","청주시","차대차","추돌","진행중 추돌","안전운전 의무 불이행","교차로","교차로부근","화물차","화물차","1001044.5","1851588.7","127.5116876","36.66223128","N"
"2016","2016-01-20 21","야","수","1","0","0","0","0","경기","고양시","차대차","정면충돌","정면충돌","중앙선 침범","교차로","교차로부근","승용차","원동기장치자전거","946872","1967553","126.8972801","37.70601066","N"
"2016","2016-01-21 01","야","목","1","0","0","0","0","인천","서구","차량단독","공작물충돌","공작물충돌","안전운전 의무 불이행","단일로","기타단일로","승용차","없음","925496","1950713","126.6565141","37.55275146","N"
"2016","2016-01-21 06","주","목","1","0","0","0","0","경기","안성시","차량단독","도로이탈","도로이탈 기타","안전운전 의무 불이행","단일로","기타단일로","화물차","없음","997474","1898551","127.4715785","37.08557581","N"
"2016","2016-01-21 06","주","목","1","0","0","0","0","경기","안산시","차대사람","횡단중","횡단중","안전운전 의무 불이행","교차로","교차로부근","화물차","보행자","942186","1925825","126.8474056","37.32963037","N"
"2016","2016-01-21 07","주","목","1","0","0","0","0","경기","성남시","차대사람","횡단중","횡단중","안전운전 의무 불이행","단일로","기타단일로","승용차","보행자","971587","1937861","127.1788094","37.4394843","N"
"2016","2016-01-21 15","주","목","1","4","1","3","0","경북","김천시","차대차","추돌","진행중 추돌","안전운전 의무 불이행","단일로","기타단일로","승용차","화물차","1069609","1785721","128.2729747","36.06591635","Y"
"2016","2016-01-21 17","주","목","1","0","0","0","0","경기","고양시","차대사람","횡단중","횡단중","안전운전 의무 불이행","교차로","교차로내","승합차","보행자","941847","1961850","126.8407314","37.65430553","N"