"발생년","발생년월일시","주야","요일","사망자수","부상자수","중상자수","경상자수","부상신고자수","발생지시도","발생지시군구","사고유형_대분류","사고유형_중분류","사고유형","가해자법규위반","도로형태_대분류","도로형태","가해자_당사자종별","피해자_당사자종별","발생위치(X_UTMK)","발생위치(Y_UTMK)","경도","위도"," 어린이사고 여부"
"2016","2016-01-21 18","야","목","1","2","0","2","0","전남","여수시","차대차","정면충돌","정면충돌","중앙선 침범","단일로","기타단일로","승용차","승용차","1021519","1637393","127.7350527","34.73073148","N"
"2016","2016-01-21 18","야","목","1","0","0","0","0","경북","울진군","차대사람","횡단중","횡단중","안전운전 의무 불이행","단일로","기타단일로","승용차","보행자","1172904","1853957","129.4347744","36.6678623","N"
"2016","2016-01-21 20","야","목","1","0","0","0","0","경기","안성시","차대사람","횡단중","횡단중","안전운전 의무 불이행","단일로","기타단일로","승합차","보행자","980257","1889723","127.2780922","37.005793","N"
"2016","2016-01-21 23","야","목","1","0","0","0","0","부산","강서구","차대사람","차도통행중","차도통행중","안전운전 의무 불이행","단일로","기타단일로","승용차","보행자","1131245","1692200","128.9420341","35.21658974","N"
"2016","2016-01-21 23","야","목","1","1","1","0","0","경기","안성시","차대차","추돌","진행중 추돌","안전운전 의무 불이행","단일로","기타단일로","화물차","화물차","972324.2","1881839.3","127.189219","36.93452644","N"
"2016","2016-01-22 00","야","금","1","0","0","0","0","대구","달성군","차량단독","공작물충돌","공작물충돌","안전운전 의무 불이행","단일로","기타단일로","승용차","없음","1086918","1765649","128.4629603","35.88357978","N"
"2016","2016-01-22 01","야","금","1","0","0","0","0","경북","칠곡군","차량단독","기타","기타","안전운전 의무 불이행","단일로","기타단일로","이륜차","없음","1082183","1782696","128.4122734","36.03766517","N"
"2016","2016-01-22 01","야","금","1","1","1","0","0","대구","동구","차대차","측면충돌","측면충돌","신호위반","교차로","교차로내","승용차","승용차","1109968","1763956","128.7180501","35.86600043","N"
"2016","2016-01-22 06","주","금","1","0","0","0","0","충남","태안군","차대차","기타","기타","신호위반","교차로","교차로내","화물차","승용차","889847","1863099","126.2658947","36.75959499","N"
"2016","2016-01-22 07","주","금","1","0","0","0","0","경기","여주시","차대사람","횡단중","횡단중","안전운전 의무 불이행","단일로","횡단보도상","승용차","보행자","1004762","1922149","127.5537306","37.29828263","N"
"2016","2016-01-22 08","주","금","1","0","0","0","0","강원","고성군","차량단독","전도전복","전도전복","안전운전 의무 불이행","단일로","기타단일로","승용차","없음","1089354","2032313","128.5217092","38.28677755","N"
"2016","2016-01-22 10","주","금","1","1","1","0","0","강원","삼척시","차대차","추돌","진행중 추돌","안전운전 의무 불이행","단일로","기타단일로","건설기계","이륜차","1154406","1927829","129.2430086","37.33665208","N"
"2016","2016-01-22 11","주","금","1","0","0","0","0","서울","금천구","차대사람","횡단중","횡단중","안전운전 의무 불이행","교차로","교차로내","화물차","보행자","946329","1942017","126.8929925","37.47582256","N"
"2016","2016-01-22 13","주","금","1","0","0","0","0","경남","김해시","차량단독","전도전복","전도전복","안전운전 의무 불이행","단일로","기타단일로","원동기장치자전거","없음","1117519","1700307","128.7924176","35.29137474","N"
"2016","2016-01-22 17","주","금","1","3","3","0","0","전남","진도군","차대차","정면충돌","정면충돌","중앙선 침범","단일로","기타단일로","승용차","승용차","887197","1608988","126.2717466","34.46862947","N"
"2016","2016-01-22 18","야","금","1","0","0","0","0","경북","경주시","차대사람","횡단중","횡단중","안전운전 의무 불이행","교차로","교차로부근","승합차","보행자","1154145","1762698","129.2069624","35.84870693","N"
"2016","2016-01-22 19","야","금","1","0","0","0","0","대구","북구","차대차","측면충돌","측면충돌","안전운전 의무 불이행","교차로","교차로내","화물차","원동기장치자전거","1096114.2","1767107.4","128.5650056","35.89586665","N"
"2016","2016-01-22 21","야","금","1","0","0","0","0","경북","칠곡군","차대차","추돌","진행중 추돌","기타","단일로","기타단일로","승용차","승용차","1081378","1772272","128.4022678","35.94376218","N"
"2016","2016-01-23 00","야","토","1","0","0","0","0","서울","영등포구","차대사람","횡단중","횡단중","안전운전 의무 불이행","단일로","횡단보도상","승용차","보행자","947113.6","1947622","126.9014625","37.52638664","N"
"2016","2016-01-23 00","야","토","1","0","0","0","0","충남","당진시","차량단독","공작물충돌","공작물충돌","안전운전 의무 불이행","단일로","기타단일로","승용차","없음","921905","1873309","126.6239646","36.8548077","N"
"2016","2016-01-23 01","야","토","1","0","0","0","0","부산","사상구","차대차","추돌","진행중 추돌","안전운전 의무 불이행","단일로","고가도로위","화물차","화물차","1138043.5","1685317.6","129.0155564","35.15363912","N"
"2016","2016-01-23 02","야","토","1","0","0","0","0","충남","아산시","차량단독","전도전복","전도전복","안전운전 의무 불이행","교차로","교차로부근","승용차","없음","943844","1874168","126.869987","36.86410975","N"
"2016","2016-01-23 04","야","토","1","9","5","3","1","인천","남동구","차대차","추돌","진행중 추돌","안전운전 의무 불이행","교차로","교차로부근","승용차","화물차","929470","1940846","126.7024478","37.46413522","N"
"2016","2016-01-23 08","주","토","1","0","0","0","0","서울","관악구","차대사람","차도통행중","차도통행중","안전운전 의무 불이행","단일로","기타단일로","승용차","보행자","950415","1943140","126.9391265","37.48617282","N"
"2016","2016-01-23 18","야","토","1","1","0","1","0","충남","보령시","차대차","정면충돌","정면충돌","중앙선 침범","단일로","기타단일로","승용차","화물차","916813","1817563","126.5728847","36.35188745","N"
"2016","2016-01-23 18","야","토","1","0","0","0","0","경북","포항시","차대사람","횡단중","횡단중","안전운전 의무 불이행","단일로","기타단일로","화물차","보행자","1168897","1785661","129.3751325","36.05319971","N"
"2016","2016-01-23 20","야","토","1","0","0","0","0","경북","김천시","차대사람","차도통행중","차도통행중","안전운전 의무 불이행","단일로","기타단일로","승용차","보행자","1056934","1792098","128.1326941","36.12423158","N"
"2016","2016-01-23 22","야","토","1","0","0","0","0","서울","강동구","차대사람","횡단중","횡단중","신호위반","교차로","교차로내","승합차","보행자","970962","1950933","127.1712281","37.55728963","N"
"2016","2016-01-24 07","주","일","1","0","0","0","0","경기","양평군","차량단독","공작물충돌","공작물충돌","안전운전 의무 불이행","단일로","기타단일로","승용차","없음","1014764","1950768","127.6671575","37.55614181","N"
"2016","2016-01-24 12","주","일","1","0","0","0","0","경남","창원시(통합)","차대차","추돌","진행중 추돌","안전운전 의무 불이행","교차로","교차로부근","승용차","원동기장치자전거","1103976","1694104","128.6427208","35.23695282","N"
"2016","2016-01-24 19","야","일","1","0","0","0","0","대구","동구","차대사람","횡단중","횡단중","보행자 보호의무 위반","단일로","횡단보도상","승용차","보행자","1110465.6","1764611.2","128.7236514","35.87185045","N"
"2016","2016-01-24 21","야","일","1","0","0","0","0","서울","관악구","차대사람","길가장자리구역통행중","길가장자리구역통행중","안전운전 의무 불이행","단일로","기타단일로","승합차","보행자","952715.8","1942031.6","126.9652218","37.47630315","N"
"2016","2016-01-24 21","야","일","1","0","0","0","0","강원","속초시","차대사람","횡단중","횡단중","안전운전 의무 불이행","교차로","교차로내","승용차","보행자","1095477","2021596","128.5902675","38.18957722","N"
"2016","2016-01-25 02","야","월","1","2","0","2","0","대전","대덕구","차대차","추돌","진행중 추돌","안전운전 의무 불이행","단일로","기타단일로","화물차","승합차","992723","1827808","127.4187974","36.44781871","N"
"2016","2016-01-25 04","야","월","1","0","0","0","0","대구","남구","차대사람","횡단중","횡단중","안전운전 의무 불이행","교차로","교차로내","승용차","보행자","1095520","1760662","128.5576501","35.83782213","N"
"2016","2016-01-25 13","주","월","1","3","0","3","0","경기","광주시","차량단독","공작물충돌","공작물충돌","안전운전 의무 불이행","단일로","기타단일로","승용차","없음","978166","1939636","127.2531274","37.45566225","N"
"2016","2016-01-25 15","주","월","1","1","0","1","0","경기","고양시","차대차","측면충돌","측면충돌","신호위반","교차로","교차로내","승용차","승용차","937258","1962940","126.7886167","37.66382719","N"
"2016","2016-01-25 16","주","월","1","0","0","0","0","경기","포천시","차대사람","횡단중","횡단중","안전운전 의무 불이행","단일로","기타단일로","화물차","보행자","976140","1974447","127.2290842","37.76937743","N"
"2016","2016-01-25 17","주","월","1","0","0","0","0","서울","노원구","차대사람","횡단중","횡단중","신호위반","교차로","교차로내","화물차","보행자","963297","1957946","127.0840943","37.62022631","N"
"2016","2016-01-25 18","야","월","1","0","0","0","0","경남","창원시(통합)","차량단독","공작물충돌","공작물충돌","안전운전 의무 불이행","단일로","기타단일로","화물차","없음","1109432","1699658","128.7034122","35.28644154","N"
"2016","2016-01-25 19","야","월","1","0","0","0","0","경기","평택시","차대사람","횡단중","횡단중","안전운전 의무 불이행","단일로","기타단일로","승용차","보행자","963561","1889934","127.0904253","37.0071958","N"
"2016","2016-01-25 22","야","월","1","0","0","0","0","서울","서대문구","차대사람","기타","기타","신호위반","단일로","기타단일로","원동기장치자전거","보행자","950107","1951211","126.9350945","37.55890171","N"
"2016","2016-01-25 23","야","월","1","0","0","0","0","경남","김해시","차대차","측면충돌","측면충돌","안전운전 의무 불이행","교차로","교차로내","화물차","승용차","1111500","1701946","128.7264604","35.30683933","N"
"2016","2016-01-26 02","야","화","1","0","0","0","0","경기","군포시","차대차","추돌","진행중 추돌","안전운전 의무 불이행","교차로","교차로부근","이륜차","특수차","949947","1926493","126.9349612","37.33610213","N"
"2016","2016-01-26 08","주","화","1","0","0","0","0","인천","강화군","차대사람","보도통행중","보도통행중","안전운전 의무 불이행","단일로","기타단일로","승용차","보행자","894020","1977546","126.2963245","37.7914718","N"
"2016","2016-01-26 12","주","화","1","0","0","0","0","경기","평택시","차대사람","횡단중","횡단중","보행자 보호의무 위반","단일로","횡단보도상","승합차","보행자","963322","1888088","127.0878288","36.99054629","Y"
"2016","2016-01-26 12","주","화","1","0","0","0","0","경기","포천시","차대사람","횡단중","횡단중","안전운전 의무 불이행","단일로","기타단일로","건설기계","보행자","972682","1983138","127.1894934","37.84761315","N"
"2016","2016-01-26 16","주","화","1","0","0","0","0","경남","진주시","차대차","측면충돌","측면충돌","신호위반","교차로","교차로내","승용차","원동기장치자전거","1052823","1687743","128.0801672","35.18360003","N"
"2016","2016-01-27 05","야","수","1","1","0","1","0","서울","강북구","차대차","추돌","진행중 추돌","안전운전 의무 불이행","교차로","교차로부근","승용차","승합차","957091","1959488","127.0136816","37.63385577","N"
"2016","2016-01-27 09","주","수","1","0","0","0","0","경기","남양주시","차량단독","전도전복","전도전복","안전운전 의무 불이행","단일로","기타단일로","승용차","없음","978022","1961039","127.2508579","37.64857481","N"
"2016","2016-01-27 10","주","수","1","0","0","0","0","전북","전주시","차대사람","횡단중","횡단중","보행자 보호의무 위반","단일로","횡단보도상","승용차","보행자","966201","1755705","127.1259435","35.79720123","N"
"2016","2016-01-27 10","주","수","1","0","0","0","0","경남","통영시","차대사람","횡단중","횡단중","안전운전 의무 불이행","단일로","기타단일로","승용차","보행자","1083778","1653075","128.4166254","34.86891936","N"
"2016","2016-01-27 11","주","수","1","0","0","0","0","전북","남원시","차량단독","전도전복","전도전복","안전운전 의무 불이행","단일로","기타단일로","승용차","없음","994332","1714433","127.437561","35.42563681","N"
"2016","2016-01-27 14","주","수","1","0","0","0","0","경북","군위군","차량단독","공작물충돌","공작물충돌","안전운전 의무 불이행","교차로","교차로부근","승용차","없음","1109350","1798135","128.7159307","36.17415523","N"
"2016","2016-01-27 15","주","수","1","2","0","2","0","경기","안산시","차대차","측면충돌","측면충돌","신호위반","교차로","교차로내","이륜차","승용차","941681","1924164","126.8418362","37.31462763","N"
"2016","2016-01-27 15","주","수","1","0","0","0","0","대전","대덕구","차대사람","횡단중","횡단중","보행자 보호의무 위반","교차로","교차로내","화물차","보행자","993411","1826814","127.4264831","36.43886251","N"
"2016","2016-01-27 18","야","수","1","0","0","0","0","전북","익산시","차대사람","횡단중","횡단중","안전운전 의무 불이행","단일로","기타단일로","승용차","보행자","944991","1770649","126.890189","35.93097157","N"
"2016","2016-01-27 18","야","수","1","0","0","0","0","경북","구미시","차대차","추돌","진행중 추돌","안전운전 의무 불이행","교차로","교차로부근","이륜차","승용차","1072111","1804808","128.302507","36.23780005","N"
"2016","2016-01-27 18","야","수","1","0","0","0","0","경남","거창군","차대차","추돌","진행중 추돌","안전운전 의무 불이행","단일로","기타단일로","화물차","농기계","1037715","1751467","127.9171945","35.75884862","N"
"2016","2016-01-27 18","야","수","1","0","0","0","0","경남","창원시(통합)","차대사람","횡단중","횡단중","안전운전 의무 불이행","단일로","횡단보도상","승용차","보행자","1104946","1694569","128.6534388","35.24104381","N"
"2016","2016-01-27 19","야","수","1","0","0","0","0","충남","당진시","차대사람","횡단중","횡단중","안전운전 의무 불이행","단일로","기타단일로","화물차","보행자","923392","1870378","126.640939","36.82851044","N"
"2016","2016-01-27 21","야","수","1","0","0","0","0","경남","창원시(통합)","차대사람","횡단중","횡단중","신호위반","단일로","기타단일로","승합차","보행자","1091865","1694377","128.5096682","35.24059751","N"
"2016","2016-01-28 06","주","목","1","0","0","0","0","강원","춘천시","차대사람","횡단중","횡단중","안전운전 의무 불이행","단일로","횡단보도부근","승용차","보행자","1007990","1981633","127.5908013","37.83442272","N"
"2016","2016-01-28 07","주","목","1","0","0","0","0","충남","부여군","차대사람","횡단중","횡단중","안전운전 의무 불이행","교차로","교차로부근","승용차","보행자","946621","1808216","126.9057127","36.26974008","N"
"2016","2016-01-28 09","주","목","1","0","0","0","0","대전","서구","차대차","추돌","진행중 추돌","안전운전 의무 불이행","교차로","교차로내","화물차","원동기장치자전거","988188","1818318","127.3683367","36.36221828","N"
"2016","2016-01-28 10","주","목","1","0","0","0","0","전북","임실군","차대차","측면충돌","측면충돌","안전운전 의무 불이행","교차로","교차로내","화물차","화물차","981470","1725730","127.2956154","35.52734178","N"
"2016","2016-01-28 10","주","목","1","0","0","0","0","경남","고성군","차량단독","전도전복","전도전복","안전운전 의무 불이행","교차로","교차로내","이륜차","없음","1072770","1669024","128.2975879","35.01357421","N"
"2016","2016-01-28 19","야","목","1","0","0","0","0","부산","중구","차대차","기타","기타","안전운전 의무 불이행","단일로","기타단일로","화물차","승용차","1140180.5","1679296.3","129.0379897","35.09906745","N"
"2016","2016-01-28 22","야","목","1","0","0","0","0","서울","강서구","차대차","추돌","진행중 추돌","기타","단일로","기타단일로","화물차","화물차","939583","1954330","126.8156881","37.58638276","N"
"2016","2016-01-29 02","야","금","1","0","0","0","0","대전","유성구","차대차","기타","기타","중앙선 침범","단일로","기타단일로","승용차","화물차","990182","1826584","127.3904584","36.43676138","N"
"2016","2016-01-29 07","주","금","1","0","0","0","0","경기","화성시","차대사람","횡단중","횡단중","안전운전 의무 불이행","교차로","교차로내","화물차","보행자","954908","1903870","126.992332","37.13243902","N"
"2016","2016-01-29 08","주","금","2","0","0","0","0","울산","울주군","차대차","추돌","진행중 추돌","안전운전 의무 불이행","단일로","기타단일로","화물차","화물차","1147817.5","1732309.2","129.1313271","35.57579667","N"
"2016","2016-01-29 10","주","금","1","0","0","0","0","경남","산청군","차대사람","횡단중","횡단중","안전운전 의무 불이행","단일로","기타단일로","화물차","보행자","1046383","1709106","128.0106457","35.37654121","N"
"2016","2016-01-29 16","주","금","1","1","0","1","0","충남","태안군","차대차","정면충돌","정면충돌","중앙선 침범","기타/불명","기타/불명","화물차","승합차","902619","1825020","126.4137824","36.41777096","N"
"2016","2016-01-29 19","야","금","1","0","0","0","0","서울","마포구","차대사람","차도통행중","차도통행중","과속","단일로","기타단일로","승용차","보행자","947291","1952911","126.9030901","37.57406708","N"
"2016","2016-01-29 19","야","금","1","0","0","0","0","서울","강서구","차대사람","차도통행중","차도통행중","안전운전 의무 불이행","단일로","기타단일로","승합차","보행자","939235.8","1951547.8","126.8119866","37.5612842","N"
"2016","2016-01-29 19","야","금","1","0","0","0","0","충남","천안시","차대차","정면충돌","정면충돌","중앙선 침범","단일로","기타단일로","이륜차","화물차","967414","1881213","127.1341086","36.92872369","N"
"2016","2016-01-29 19","야","금","1","0","0","0","0","경남","김해시","차대차","추돌","진행중 추돌","안전운전 의무 불이행","단일로","기타단일로","승용차","건설기계","1119935","1686537","128.8169736","35.16695542","Y"
"2016","2016-01-29 22","야","금","1","0","0","0","0","강원","동해시","차량단독","전도전복","전도전복","안전운전 의무 불이행","단일로","기타단일로","승용차","없음","1139499.9","1956555.2","129.080243","37.59784262","N"
"2016","2016-01-30 00","야","토","1","0","0","0","0","경남","진주시","차대사람","횡단중","횡단중","신호위반","단일로","횡단보도부근","승용차","보행자","1054008","1687227","128.0931479","35.17888438","N"
"2016","2016-01-30 03","야","토","1","5","5","0","0","서울","영등포구","차대차","측면충돌","측면충돌","과속","단일로","기타단일로","승용차","화물차","945946","1949390","126.8881188","37.5422541","N"
"2016","2016-01-30 03","야","토","1","0","0","0","0","대구","달서구","차대사람","횡단중","횡단중","안전운전 의무 불이행","단일로","기타단일로","승용차","보행자","1091169","1762130","128.509648","35.85147013","N"
"2016","2016-01-30 07","주","토","1","0","0","0","0","대전","서구","차대사람","횡단중","횡단중","안전운전 의무 불이행","교차로","교차로내","승합차","보행자","989253","1812878","127.3802829","36.31318692","N"
"2016","2016-01-30 08","주","토","1","0","0","0","0","강원","원주시","차량단독","전도전복","전도전복","안전운전 의무 불이행","교차로","교차로부근","이륜차","없음","1038511.2","1928223.7","127.9348395","37.35225255","N"
"2016","2016-01-30 08","주","토","1","3","2","1","0","충북","옥천군","차대차","추돌","진행중 추돌","안전운전 의무 불이행","단일로","기타단일로","화물차","승용차","1001692","1816639","127.5188564","36.34715247","Y"
"2016","2016-01-30 10","주","토","2","1","0","1","0","충북","충주시","차대차","추돌","진행중 추돌","안전거리 미확보","기타/불명","기타/불명","화물차","화물차","1019528","1898822","127.7197276","37.08781854","N"
"2016","2016-01-30 11","주","토","1","3","2","1","0","전남","나주시","차대차","정면충돌","정면충돌","중앙선 침범","단일로","기타단일로","승용차","화물차","926846","1670290","126.6980923","35.0249614","N"
"2016","2016-01-30 14","주","토","1","0","0","0","0","충남","서산시","차량단독","공작물충돌","공작물충돌","안전운전 의무 불이행","단일로","기타단일로","화물차","없음","900754","1884080","126.3853271","36.94990019","N"
"2016","2016-01-30 20","야","토","1","0","0","0","0","경북","군위군","차량단독","전도전복","전도전복","안전운전 의무 불이행","단일로","기타단일로","승용차","없음","1110078","1798066","128.7240145","36.17345081","N"
"2016","2016-01-30 20","야","토","1","0","0","0","0","울산","울주군","차대사람","횡단중","횡단중","안전운전 의무 불이행","단일로","횡단보도부근","승용차","보행자","1150239","1739912","129.1594559","35.64395417","N"
"2016","2016-01-30 22","야","토","1","0","0","0","0","경기","시흥시","차대사람","횡단중","횡단중","보행자 보호의무 위반","교차로","교차로내","화물차","보행자","937106","1939100","126.7889381","37.44894967","N"
"2016","2016-01-30 23","야","토","1","0","0","0","0","경기","성남시","차대사람","기타","기타","안전운전 의무 불이행","교차로","교차로내","승용차","보행자","967256","1938070","127.1298418","37.44122496","N"
"2016","2016-01-31 00","야","일","1","2","2","0","0","전북","정읍시","차량단독","도로이탈","도로이탈 추락","과속","단일로","기타단일로","승용차","없음","943552.6","1732313.9","126.8769447","35.58526903","N"
"2016","2016-01-31 01","야","일","1","1","1","0","0","세종","세종시","차량단독","전도전복","전도전복","안전운전 의무 불이행","단일로","기타단일로","원동기장치자전거","없음","980153","1833845","127.2783769","36.50206541","N"
"2016","2016-01-31 02","야","일","1","1","1","0","0","경기","양주시","차대차","정면충돌","정면충돌","중앙선 침범","단일로","기타단일로","승용차","화물차","952853","1968200","126.9650878","37.71216935","N"
"2016","2016-01-31 03","야","일","1","0","0","0","0","경북","봉화군","차량단독","공작물충돌","공작물충돌","안전운전 의무 불이행","단일로","기타단일로","화물차","없음","1122725","1880133","128.8776722","36.91156255","N"
"2016","2016-01-31 06","주","일","1","4","2","2","0","경북","칠곡군","차량단독","전도전복","전도전복","안전운전 의무 불이행","단일로","기타단일로","승용차","없음","1080568","1776654","128.393733","35.98333263","N"
"2016","2016-01-31 07","주","일","1","0","0","0","0","서울","구로구","차대차","기타","기타","중앙선 침범","단일로","기타단일로","자전거","승용차","940226","1942633","126.823923","37.48099987","N"
"2016","2016-01-31 08","주","일","1","1","1","0","0","전북","정읍시","차대사람","길가장자리구역통행중","길가장자리구역통행중","중앙선 침범","단일로","기타단일로","승용차","보행자","943577","1732339","126.8772122","35.58549672","N"
"2016","2016-01-31 09","주","일","1","2","2","0","0","경북","경주시","차대차","기타","기타","안전운전 의무 불이행","단일로","기타단일로","승합차","승용차","1155124","1778152","129.2208141","35.98782385","N"
"2016","2016-01-31 12","주","일","1","0","0","0","0","경북","김천시","차대사람","횡단중","횡단중","보행자 보호의무 위반","단일로","횡단보도상","승용차","보행자","1055609.9","1792239","128.1179904","36.12557953","N"
"2016","2016-01-31 14","주","일","1","0","0","0","0","부산","사상구","차량단독","도로이탈","도로이탈 추락","안전운전 의무 불이행","단일로","기타단일로","건설기계","없음","1134152.5","1683367","128.9725337","35.13658272","N"
"2016","2016-01-31 15","주","일","1","0","0","0","0","전남","보성군","차대사람","기타","기타","안전운전 의무 불이행","단일로","기타단일로","건설기계","보행자","959398","1630403","127.0568434","34.66711778","N"
"2016","2016-01-31 18","야","일","1","0","0","0","0","충북","청주시","차대차","정면충돌","정면충돌","교차로 통행방법 위반","교차로","교차로내","화물차","이륜차","996908","1851353","127.4654025","36.66010201","N"
"2016","2016-01-31 18","야","일","1","0","0","0","0","충남","서천군","차대차","추돌","진행중 추돌","안전운전 의무 불이행","단일로","기타단일로","승용차","화물차","928995","1779877","126.7120498","36.01313156","N"
"2016","2016-01-31 20","야","일","1","0","0","0","0","경북","경주시","차대차","기타","기타","안전운전 의무 불이행","교차로","교차로내","승합차","자전거","1154594","1761730","129.211745","35.83991245","N"
"2016","2016-02-01 01","야","월","1","1","1","0","0","경기","동두천시","차대차","정면충돌","정면충돌","중앙선 침범","단일로","기타단일로","승용차","승용차","960021","1988896","127.0452683","37.89904154","N"
"2016","2016-02-01 07","주","월","1","0","0","0","0","강원","원주시","차대사람","횡단중","횡단중","보행자 보호의무 위반","단일로","횡단보도상","승합차","보행자","1037927","1928434","127.9282541","37.35417218","N"
"2016","2016-02-01 07","주","월","1","1","0","1","0","경북","군위군","차대차","추돌","진행중 추돌","안전운전 의무 불이행","단일로","기타단일로","화물차","화물차","1095080","1805092","128.5581238","36.23837259","N"
"2016","2016-02-01 14","주","월","1","1","1","0","0","경남","창원시(통합)","차대사람","횡단중","횡단중","안전운전 의무 불이행","단일로","기타단일로","화물차","보행자","1091303","1693586","128.5034044","35.23351746","N"
"2016","2016-02-01 14","주","월","1","0","0","0","0","제주","제주시","차대사람","횡단중","횡단중","안전운전 의무 불이행","단일로","기타단일로","화물차","보행자","908515.9","1501829.8","126.515055","33.50443332","N"
"2016","2016-02-01 19","야","월","1","0","0","0","0","충북","청주시","차대사람","기타","기타","안전운전 의무 불이행","기타/불명","기타/불명","승합차","보행자","993968","1847092","127.4325392","36.62167513","Y"
"2016","2016-02-01 21","야","월","1","0","0","0","0","경북","경주시","차대사람","횡단중","횡단중","안전운전 의무 불이행","단일로","기타단일로","승용차","보행자","1141986","1758937","129.0716954","35.81664695","N"
"2016","2016-02-01 22","야","월","1","0","0","0","0","전남","함평군","차대사람","횡단중","횡단중","과속","단일로","기타단일로","승용차","보행자","912379","1670443","126.5395083","35.02518942","N"
"2016","2016-02-02 05","야","화","1","0","0","0","0","부산","수영구","차대사람","횡단중","횡단중","안전운전 의무 불이행","단일로","기타단일로","승용차","보행자","1147092","1684609","129.1147381","35.14596888","N"
"2016","2016-02-02 05","야","화","1","0","0","0","0","전남","목포시","차대사람","횡단중","횡단중","안전운전 의무 불이행","단일로","기타단일로","승합차","보행자","901924","1646392","126.4277426","34.807385","N"
"2016","2016-02-02 06","주","화","1","1","0","1","0","경북","상주시","차대차","추돌","진행중 추돌","안전운전 의무 불이행","단일로","기타단일로","화물차","건설기계","1062796","1831484","128.2010032","36.47892735","N"
"2016","2016-02-02 15","주","화","1","1","1","0","0","충남","공주시","차대차","추돌","진행중 추돌","안전운전 의무 불이행","단일로","기타단일로","화물차","농기계","967603","1817110","127.1389377","36.35085474","N"
"2016","2016-02-02 16","주","화","1","0","0","0","0","경북","경주시","차대차","추돌","진행중 추돌","안전운전 의무 불이행","단일로","기타단일로","원동기장치자전거","화물차","1146774","1760949","129.1250464","35.83407567","N"
"2016","2016-02-02 18","야","화","1","0","0","0","0","경기","고양시","차대사람","횡단중","횡단중","안전운전 의무 불이행","단일로","횡단보도부근","승용차","보행자","938069","1959049","126.7981415","37.62881362","N"
"2016","2016-02-02 18","야","화","1","0","0","0","0","강원","원주시","차대사람","횡단중","횡단중","안전운전 의무 불이행","교차로","교차로내","승용차","보행자","1040600","1927448","127.9583815","37.34517164","N"
"2016","2016-02-02 21","야","화","1","0","0","0","0","경북","경주시","차대차","기타","기타","안전운전 의무 불이행","단일로","기타단일로","화물차","화물차","1156954","1778385","129.2411523","35.98963074","N"
"2016","2016-02-03 00","야","수","1","0","0","0","0","경남","창원시(통합)","차대사람","기타","기타","안전운전 의무 불이행","단일로","기타단일로","승용차","보행자","1093069","1696659","128.5231577","35.26106006","N"
"2016","2016-02-03 04","야","수","1","0","0","0","0","서울","도봉구","차대사람","차도통행중","차도통행중","안전운전 의무 불이행","단일로","횡단보도상","승용차","보행자","959793","1963808","127.0440664","37.67291481","N"
"2016","2016-02-03 04","야","수","1","1","0","1","0","경남","진주시","차량단독","전도전복","전도전복","안전운전 의무 불이행","단일로","기타단일로","승용차","없음","1044897","1696473","127.9935937","35.26270217","N"
"2016","2016-02-03 04","야","수","1","0","0","0","0","광주","광산구","차대사람","횡단중","횡단중","안전운전 의무 불이행","단일로","기타단일로","승용차","보행자","936790.5","1685374.8","126.8059438","35.16164696","N"
"2016","2016-02-03 06","주","수","1","0","0","0","0","경기","안양시","차대사람","횡단중","횡단중","안전운전 의무 불이행","교차로","교차로내","화물차","보행자","951794","1929933","126.9555868","37.36720625","N"
"2016","2016-02-03 07","주","수","1","0","0","0","0","전남","완도군","차량단독","전도전복","전도전복","안전운전 의무 불이행","단일로","기타단일로","농기계","없음","935760","1600540","126.8011105","34.39661856","N"
"2016","2016-02-03 07","주","수","1","0","0","0","0","경남","창원시(통합)","차대차","측면충돌","측면충돌","신호위반","교차로","교차로부근","이륜차","승용차","1103568","1691471","128.6379061","35.21325773","N"
"2016","2016-02-03 10","주","수","1","0","0","0","0","서울","성북구","차대사람","기타","기타","과속","단일로","기타단일로","화물차","보행자","959322","1955434","127.0391919","37.59741778","N"
"2016","2016-02-03 10","주","수","1","4","2","2","0","경기","고양시","차대차","측면충돌","측면충돌","신호위반","교차로","교차로내","승합차","승용차","937433","1961760","126.7907019","37.65320412","N"
"2016","2016-02-03 12","주","수","1","0","0","0","0","경북","김천시","차대차","측면충돌","측면충돌","안전운전 의무 불이행","교차로","교차로내","화물차","이륜차","1055695","1798592","128.1193863","36.18284811","N"
"2016","2016-02-03 15","주","수","1","0","0","0","0","경북","고령군","차대차","정면충돌","정면충돌","신호위반","교차로","교차로내","원동기장치자전거","건설기계","1086321","1758999","128.4556273","35.82368349","N"
"2016","2016-02-03 16","주","수","1","0","0","0","0","제주","제주시","차대사람","횡단중","횡단중","안전운전 의무 불이행","단일로","기타단일로","화물차","보행자","906227.2","1498792.5","126.4907353","33.47684382","N"
"2016","2016-02-03 18","야","수","1","0","0","0","0","경북","군위군","차대사람","차도통행중","차도통행중","안전운전 의무 불이행","단일로","기타단일로","승용차","보행자","1104906","1788483","128.6652376","36.08764495","N"
"2016","2016-02-03 18","야","수","1","0","0","0","0","경남","고성군","차대사람","횡단중","횡단중","안전운전 의무 불이행","단일로","기타단일로","화물차","보행자","1079890","1663980","128.3751339","34.96755761","N"
"2016","2016-02-03 21","야","수","1","0","0","0","0","경기","수원시","차대차","추돌","진행중 추돌","안전운전 의무 불이행","단일로","기타단일로","화물차","화물차","954115","1924735","126.9821198","37.32047164","N"