"발생년","발생년월일시","주야","요일","사망자수","부상자수","중상자수","경상자수","부상신고자수","발생지시도","발생지시군구","사고유형_대분류","사고유형_중분류","사고유형","가해자법규위반","도로형태_대분류","도로형태","가해자_당사자종별","피해자_당사자종별","발생위치(X_UTMK)","발생위치(Y_UTMK)","경도","위도"," 어린이사고 여부"
"2016","2016-02-03 21","야","수","1","0","0","0","0","충남","서산시","차대사람","횡단중","횡단중","과속","단일로","기타단일로","승용차","보행자","900408","1865674","126.3838576","36.78397197","N"
"2016","2016-02-03 23","야","수","1","0","0","0","0","전남","해남군","차대사람","횡단중","횡단중","안전운전 의무 불이행","교차로","교차로부근","승용차","보행자","921181","1623791","126.6403651","34.60526796","N"
"2016","2016-02-04 00","야","목","1","0","0","0","0","인천","강화군","차대사람","횡단중","횡단중","안전운전 의무 불이행","단일로","기타단일로","승용차","보행자","911034.2","1971673.1","126.4902542","37.74036175","N"
"2016","2016-02-04 05","야","목","1","1","1","0","0","경북","포항시","차량단독","전도전복","전도전복","안전운전 의무 불이행","단일로","기타단일로","승용차","없음","1170792","1794088","129.3979863","36.12880329","N"
"2016","2016-02-04 06","주","목","1","0","0","0","0","경기","양주시","차량단독","도로이탈","도로이탈 추락","안전운전 의무 불이행","단일로","기타단일로","승용차","없음","952225","1979937","126.9571904","37.8179207","N"
"2016","2016-02-04 08","주","목","1","4","4","0","0","경기","용인시","차대차","측면충돌","측면충돌","중앙선 침범","단일로","기타단일로","승용차","승용차","989060","1905904","127.3768003","37.15179695","N"
"2016","2016-02-04 10","주","목","1","0","0","0","0","경기","수원시","차대사람","기타","기타","안전운전 의무 불이행","단일로","기타단일로","화물차","보행자","957819","1921683","127.024097","37.29313755","N"
"2016","2016-02-04 11","주","목","1","0","0","0","0","전북","장수군","차대차","추돌","진행중 추돌","안전운전 의무 불이행","단일로","기타단일로","승용차","화물차","1004379","1748721","127.548425","35.73480352","N"
"2016","2016-02-04 14","주","목","1","0","0","0","0","서울","관악구","차대사람","보도통행중","보도통행중","안전운전 의무 불이행","교차로","교차로부근","화물차","보행자","952761","1941772","126.9657496","37.47396561","N"
"2016","2016-02-04 19","야","목","1","0","0","0","0","인천","강화군","차대사람","차도통행중","차도통행중","안전운전 의무 불이행","단일로","기타단일로","승용차","보행자","906314","1975272","126.4362247","37.77232295","N"
"2016","2016-02-04 21","야","목","1","0","0","0","0","경기","성남시","차대사람","횡단중","횡단중","안전운전 의무 불이행","단일로","기타단일로","승용차","보행자","968087","1937554","127.1392581","37.43660299","N"
"2016","2016-02-04 23","야","목","1","0","0","0","0","서울","마포구","차량단독","기타","기타","안전운전 의무 불이행","교차로","교차로부근","원동기장치자전거","없음","948133","1951787","126.9127045","37.5639842","N"
"2016","2016-02-04 23","야","목","1","0","0","0","0","경기","용인시","차대차","정면충돌","정면충돌","안전운전 의무 불이행","단일로","기타단일로","화물차","화물차","974034","1911124","127.2074065","37.19855359","N"
"2016","2016-02-05 00","야","금","1","1","0","1","0","경기","용인시","차대사람","횡단중","횡단중","안전운전 의무 불이행","교차로","교차로부근","승용차","보행자","964820","1926427","127.1028583","37.33618994","N"
"2016","2016-02-05 05","야","금","1","0","0","0","0","서울","은평구","차대사람","기타","기타","보행자 보호의무 위반","교차로","교차로내","승합차","보행자","947950","1957377","126.9102351","37.61435684","N"
"2016","2016-02-05 06","주","금","1","0","0","0","0","경기","부천시","차대사람","횡단중","횡단중","안전운전 의무 불이행","단일로","횡단보도상","승용차","보행자","935513","1947013","126.770236","37.52015948","N"
"2016","2016-02-05 07","주","금","1","0","0","0","0","경남","창녕군","차대사람","횡단중","횡단중","안전운전 의무 불이행","단일로","횡단보도부근","화물차","보행자","1089088","1710537","128.4809085","35.38654118","N"
"2016","2016-02-05 08","주","금","1","0","0","0","0","충남","천안시","차대차","기타","기타","신호위반","교차로","교차로내","건설기계","자전거","969546","1864842","127.1587041","36.78121881","N"
"2016","2016-02-05 10","주","금","1","0","0","0","0","경기","화성시","차대사람","횡단중","횡단중","안전운전 의무 불이행","단일로","기타단일로","승용차","보행자","947673","1903988","126.9108722","37.13312583","N"
"2016","2016-02-05 11","주","금","1","0","0","0","0","전남","함평군","차대차","추돌","진행중 추돌","안전운전 의무 불이행","교차로","교차로부근","자전거","화물차","912694","1671126","126.5428891","35.03137472","N"
"2016","2016-02-05 11","주","금","1","1","1","0","0","대구","달성군","차대차","추돌","진행중 추돌","안전운전 의무 불이행","교차로","교차로부근","화물차","건설기계","1083027","1740968","128.4172982","35.66141535","N"
"2016","2016-02-05 13","주","금","1","0","0","0","0","경기","파주시","차대사람","기타","기타","안전운전 의무 불이행","단일로","기타단일로","승용차","보행자","936839","1971954","126.7830842","37.74503845","N"
"2016","2016-02-05 15","주","금","1","0","0","0","0","서울","관악구","차대사람","기타","기타","안전운전 의무 불이행","교차로","교차로부근","화물차","보행자","948386","1941977","126.9162584","37.47557925","N"
"2016","2016-02-05 21","야","금","1","0","0","0","0","충남","보령시","차대사람","기타","기타","안전운전 의무 불이행","단일로","기타단일로","화물차","보행자","921085.8","1818722.4","126.620382","36.36269864","N"
"2016","2016-02-05 22","야","금","1","0","0","0","0","경기","시흥시","차대차","측면충돌","측면충돌","신호위반","교차로","교차로내","승용차","승합차","929592","1926266","126.7052162","37.33273569","N"
"2016","2016-02-05 23","야","금","1","0","0","0","0","경기","고양시","차대사람","차도통행중","차도통행중","과속","단일로","기타단일로","승용차","보행자","944367","1959960","126.8694426","37.63742736","N"
"2016","2016-02-06 00","야","토","1","0","0","0","0","인천","미추홀구","차대사람","보도통행중","보도통행중","과속","교차로","교차로내","승용차","보행자","925267","1938625","126.6551501","37.44378757","N"
"2016","2016-02-06 01","야","토","1","0","0","0","0","경기","성남시","차대사람","횡단중","횡단중","안전운전 의무 불이행","단일로","기타단일로","승합차","보행자","968164","1937616","127.1401258","37.43716449","N"
"2016","2016-02-06 01","야","토","1","0","0","0","0","경기","광주시","차대사람","횡단중","횡단중","안전운전 의무 불이행","단일로","기타단일로","승용차","보행자","981158","1932063","127.2871504","37.38746714","N"
"2016","2016-02-06 01","야","토","1","0","0","0","0","세종","세종시","차대사람","기타","기타","안전운전 의무 불이행","단일로","기타단일로","승용차","보행자","982443","1844331","127.3037094","36.59664211","N"
"2016","2016-02-06 02","야","토","1","1","1","0","0","광주","서구","차대사람","횡단중","횡단중","과속","교차로","교차로내","승용차","보행자","941665","1682110","126.8596945","35.13250418","N"
"2016","2016-02-06 04","야","토","1","1","1","0","0","부산","사하구","차대차","추돌","진행중 추돌","안전운전 의무 불이행","단일로","기타단일로","화물차","화물차","1135938","1675353","128.9908104","35.064103","N"
"2016","2016-02-06 05","야","토","1","0","0","0","0","서울","관악구","차대차","추돌","진행중 추돌","중앙선 침범","교차로","교차로부근","이륜차","화물차","949002.8","1943556.5","126.9231244","37.48984991","N"
"2016","2016-02-06 05","야","토","1","1","0","1","0","경북","포항시","차대차","추돌","진행중 추돌","안전운전 의무 불이행","교차로","교차로부근","승용차","화물차","1169662","1780041","129.382416","36.00242466","N"
"2016","2016-02-06 06","주","토","1","0","0","0","0","서울","은평구","차대사람","횡단중","횡단중","안전운전 의무 불이행","교차로","교차로부근","승용차","보행자","949800","1956742","126.9312396","37.60873645","N"
"2016","2016-02-06 11","주","토","1","0","0","0","0","경북","김천시","차대차","기타","기타","안전운전 의무 불이행","단일로","기타단일로","화물차","자전거","1055465","1792188","128.1163766","36.12512805","N"
"2016","2016-02-06 14","주","토","1","0","0","0","0","서울","송파구","차대차","추돌","진행중 추돌","안전운전 의무 불이행","단일로","지하차도(도로)내","화물차","승용차","964678","1944886","127.1003722","37.50256604","N"
"2016","2016-02-06 17","주","토","1","0","0","0","0","서울","동작구","차대차","기타","기타","안전운전 의무 불이행","단일로","기타단일로","원동기장치자전거","승용차","950528","1945659.3","126.9402351","37.50888593","N"
"2016","2016-02-06 19","야","토","1","0","0","0","0","경기","수원시","차대사람","기타","기타","안전운전 의무 불이행","단일로","기타단일로","승용차","보행자","955982","1922677","127.003313","37.30201196","N"
"2016","2016-02-06 19","야","토","1","0","0","0","0","대전","대덕구","차대사람","횡단중","횡단중","안전운전 의무 불이행","교차로","교차로내","승용차","보행자","993787","1818568","127.4307443","36.3645246","N"
"2016","2016-02-06 23","야","토","1","0","0","0","0","전남","순천시","차대사람","횡단중","횡단중","안전운전 의무 불이행","교차로","교차로부근","승용차","보행자","1002304","1659290","127.5252269","34.9284161","N"
"2016","2016-02-07 01","야","일","1","0","0","0","0","전남","순천시","차대사람","횡단중","횡단중","안전운전 의무 불이행","단일로","기타단일로","승합차","보행자","1003354","1663813","127.5367417","34.96919939","N"
"2016","2016-02-07 04","야","일","1","7","0","7","0","인천","연수구","차대차","추돌","진행중 추돌","안전운전 의무 불이행","단일로","교량위","승용차","승용차","915704","1936754","126.547268","37.42610299","Y"
"2016","2016-02-07 08","주","일","1","2","2","0","0","경남","고성군","차량단독","공작물충돌","공작물충돌","안전운전 의무 불이행","교차로","교차로부근","승용차","없음","1068193","1665990","128.2471773","34.9865369","N"
"2016","2016-02-07 10","주","일","2","11","4","7","0","경기","평택시","차대차","측면충돌","측면충돌","신호위반","교차로","교차로내","승합차","화물차","961200","1899418","127.0633989","37.09259091","Y"
"2016","2016-02-07 13","주","일","1","1","0","1","0","경남","함안군","차대차","측면충돌","측면충돌","안전운전 의무 불이행","교차로","교차로내","화물차","자전거","1085323","1705482","128.4389309","35.34129635","Y"
"2016","2016-02-07 13","주","일","1","0","0","0","0","대구","동구","차대차","측면충돌","측면충돌","안전운전 의무 불이행","교차로","교차로부근","승용차","자전거","1103161","1772355","128.643756","35.94245216","Y"
"2016","2016-02-07 15","주","일","1","0","0","0","0","경기","남양주시","차대사람","횡단중","횡단중","안전운전 의무 불이행","단일로","기타단일로","승합차","보행자","971818","1968509","127.1802415","37.71573429","N"
"2016","2016-02-07 19","야","일","1","3","1","2","0","경기","용인시","차대사람","길가장자리구역통행중","길가장자리구역통행중","과속","단일로","기타단일로","승용차","보행자","961820","1918879","127.0693807","37.2680359","N"
"2016","2016-02-08 11","주","월","1","6","4","2","0","경북","경주시","차대차","기타","기타","중앙선 침범","단일로","기타단일로","화물차","승용차","1144470","1762413","129.099811","35.84761239","Y"
"2016","2016-02-08 13","주","월","1","3","3","0","0","경북","김천시","차량단독","공작물충돌","공작물충돌","안전운전 의무 불이행","단일로","기타단일로","승용차","없음","1057402","1776229","128.1367412","35.98114011","Y"
"2016","2016-02-08 18","야","월","1","0","0","0","0","경남","양산시","차대사람","횡단중","횡단중","안전운전 의무 불이행","교차로","교차로내","승용차","보행자","1146847","1704205","129.1155486","35.32263334","N"
"2016","2016-02-08 23","야","월","1","1","1","0","0","경기","고양시","차량단독","전도전복","전도전복","안전운전 의무 불이행","단일로","기타단일로","승용차","없음","937942","1964497","126.796239","37.67790652","N"
"2016","2016-02-09 11","주","화","1","0","0","0","0","경기","양평군","차량단독","전도전복","전도전복","안전운전 의무 불이행","단일로","기타단일로","이륜차","없음","1010898","1938763","127.623209","37.44798688","N"
"2016","2016-02-09 19","야","화","1","0","0","0","0","경기","안산시","차대차","측면충돌","측면충돌","안전운전 의무 불이행","교차로","교차로부근","이륜차","승용차","941779","1922938","126.8430383","37.3035834","N"
"2016","2016-02-09 19","야","화","1","0","0","0","0","충남","논산시","차대차","추돌","진행중 추돌","안전거리 미확보","단일로","기타단일로","승용차","자전거","961346","1801845","127.0699611","36.21300569","N"
"2016","2016-02-09 20","야","화","1","1","0","1","0","전남","고흥군","차대사람","기타","기타","안전운전 의무 불이행","교차로","교차로내","승용차","보행자","985934","1647645","127.3461848","34.82331123","Y"
"2016","2016-02-09 20","야","화","1","0","0","0","0","전남","화순군","차대사람","횡단중","횡단중","안전운전 의무 불이행","단일로","기타단일로","승용차","보행자","946061","1672861","126.9085467","35.0493529","N"
"2016","2016-02-09 20","야","화","1","0","0","0","0","경남","통영시","차대사람","횡단중","횡단중","안전운전 의무 불이행","단일로","기타단일로","승용차","보행자","1084366","1648728","128.4226204","34.829676","N"
"2016","2016-02-09 23","야","화","1","0","0","0","0","전북","고창군","차량단독","전도전복","전도전복","안전운전 의무 불이행","교차로","교차로부근","화물차","없음","922995","1709517","126.6522143","35.37835186","N"
"2016","2016-02-10 01","야","수","1","2","1","1","0","경기","광주시","차량단독","공작물충돌","공작물충돌","과속","단일로","기타단일로","승용차","없음","979748","1932090","127.2712217","37.38768077","N"
"2016","2016-02-10 02","야","수","1","0","0","0","0","서울","광진구","차량단독","공작물충돌","공작물충돌","안전운전 의무 불이행","단일로","기타단일로","원동기장치자전거","없음","962922","1948748","127.0803106","37.53730689","N"
"2016","2016-02-10 02","야","수","1","0","0","0","0","경기","부천시","차대사람","횡단중","횡단중","안전운전 의무 불이행","교차로","교차로내","승용차","보행자","936743","1942882","126.7845097","37.48301213","N"
"2016","2016-02-10 04","야","수","1","0","0","0","0","광주","광산구","차대사람","기타","기타","안전운전 의무 불이행","기타/불명","기타/불명","승합차","보행자","934762","1681568","126.7839726","35.12719323","N"
"2016","2016-02-10 05","야","수","1","3","3","0","0","서울","광진구","차대차","측면충돌","측면충돌","신호위반","교차로","교차로내","승용차","승용차","962601","1951739","127.0765248","37.56425283","N"
"2016","2016-02-10 06","주","수","1","0","0","0","0","경남","거제시","차대사람","횡단중","횡단중","안전운전 의무 불이행","단일로","기타단일로","화물차","보행자","1101339","1655549","128.6090329","34.88962473","N"
"2016","2016-02-10 09","주","수","1","0","0","0","0","서울","양천구","차대사람","차도통행중","차도통행중","안전운전 의무 불이행","단일로","기타단일로","승용차","보행자","943666","1947811","126.8624322","37.52788593","N"
"2016","2016-02-10 10","주","수","1","0","0","0","0","경남","김해시","차대사람","횡단중","횡단중","안전운전 의무 불이행","단일로","기타단일로","화물차","보행자","1112248","1701566","128.7346343","35.30332995","N"
"2016","2016-02-10 16","주","수","1","3","0","3","0","충남","예산군","차대차","측면충돌","측면충돌","신호위반","교차로","교차로내","승용차","승용차","941997","1858615","126.8504515","36.72380086","N"
"2016","2016-02-10 19","야","수","1","0","0","0","0","경기","시흥시","차대사람","횡단중","횡단중","안전운전 의무 불이행","교차로","교차로내","승용차","보행자","941007","1939624","126.832997","37.45392966","N"
"2016","2016-02-10 19","야","수","1","0","0","0","0","경남","창녕군","차대사람","횡단중","횡단중","안전운전 의무 불이행","교차로","교차로내","승용차","보행자","1103682","1715262","128.6421709","35.4277259","N"
"2016","2016-02-10 20","야","수","1","0","0","0","0","서울","동대문구","차대사람","길가장자리구역통행중","길가장자리구역통행중","안전운전 의무 불이행","단일로","기타단일로","승용차","보행자","959277","1953133","127.0388101","37.57667632","N"
"2016","2016-02-11 08","주","목","1","1","0","1","0","서울","성북구","차대차","측면충돌","측면충돌","신호위반","교차로","교차로내","원동기장치자전거","승용차","957544.1","1956009.5","127.0190188","37.60252452","N"
"2016","2016-02-11 09","주","목","1","0","0","0","0","전남","강진군","차량단독","기타","기타","안전운전 의무 불이행","단일로","기타단일로","원동기장치자전거","없음","937385","1628253","126.8167508","34.64662052","N"
"2016","2016-02-11 10","주","목","1","0","0","0","0","서울","강동구","차대차","측면충돌","측면충돌","신호위반","교차로","교차로내","특수차","이륜차","968519","1946491","127.1437591","37.51717169","N"
"2016","2016-02-11 14","주","목","2","0","0","0","0","강원","강릉시","차량단독","전도전복","전도전복","안전운전 의무 불이행","단일로","기타단일로","화물차","없음","1117391","1975581","128.8329281","37.77237042","Y"
"2016","2016-02-11 16","주","목","1","0","0","0","0","충남","금산군","차량단독","전도전복","전도전복","안전운전 의무 불이행","교차로","교차로내","농기계","없음","1006956","1785462","127.5772439","36.06604869","N"
"2016","2016-02-11 16","주","목","1","0","0","0","0","경북","경주시","차대차","측면충돌","측면충돌","안전운전 의무 불이행","단일로","기타단일로","화물차","화물차","1159665","1757258","129.2669766","35.7987984","N"
"2016","2016-02-11 16","주","목","1","0","0","0","0","울산","중구","차대차","측면충돌","측면충돌","안전운전 의무 불이행","단일로","기타단일로","특수차","이륜차","1165572","1731177","129.3269513","35.56278291","N"
"2016","2016-02-11 21","야","목","1","0","0","0","0","충남","논산시","차대사람","횡단중","횡단중","안전운전 의무 불이행","교차로","교차로내","승용차","보행자","964310","1792456","127.1033626","36.12847339","N"
"2016","2016-02-11 22","야","목","1","0","0","0","0","서울","종로구","차대사람","횡단중","횡단중","안전운전 의무 불이행","단일로","기타단일로","승합차","보행자","954513","1952433","126.984903","37.57014399","N"
"2016","2016-02-11 23","야","목","1","0","0","0","0","경기","의왕시","차대사람","횡단중","횡단중","과속","단일로","기타단일로","화물차","보행자","954310","1927756","126.9841345","37.3477112","N"
"2016","2016-02-12 01","야","금","1","0","0","0","0","경기","부천시","차대차","정면충돌","정면충돌","안전운전 의무 불이행","교차로","교차로내","승용차","승용차","933992","1945431","126.7531671","37.50579351","N"
"2016","2016-02-12 02","야","금","1","0","0","0","0","경기","안양시","차대사람","기타","기타","안전운전 의무 불이행","단일로","기타단일로","승용차","보행자","949287","1933899","126.9270034","37.40281966","N"
"2016","2016-02-12 06","주","금","1","0","0","0","0","충남","천안시","차대사람","횡단중","횡단중","안전운전 의무 불이행","교차로","교차로부근","승용차","보행자","969040","1868298","127.152893","36.81235677","N"
"2016","2016-02-12 14","주","금","1","0","0","0","0","제주","서귀포시","차대차","기타","기타","기타","교차로","교차로내","승합차","이륜차","935424.4","1488731.7","126.8056793","33.3882651","N"
"2016","2016-02-12 21","야","금","1","3","0","3","0","전북","고창군","차대차","측면충돌","측면충돌","신호위반","교차로","교차로내","승용차","승용차","928377","1715738","126.7109157","35.43484146","N"
"2016","2016-02-12 23","야","금","1","0","0","0","0","경북","영주시","차대사람","기타","기타","안전운전 의무 불이행","단일로","기타단일로","승용차","보행자","1092178","1873179","128.5339749","36.85236687","N"
"2016","2016-02-13 01","야","토","1","0","0","0","0","서울","강서구","차대차","정면충돌","정면충돌","신호위반","교차로","교차로내","승용차","이륜차","941908","1949013","126.8424419","37.5386105","N"
"2016","2016-02-13 02","야","토","1","0","0","0","0","경기","안양시","차량단독","공작물충돌","공작물충돌","안전운전 의무 불이행","단일로","기타단일로","승용차","없음","948918","1934398","126.9227998","37.40729704","N"
"2016","2016-02-13 04","야","토","1","1","0","1","0","서울","마포구","차대사람","차도통행중","차도통행중","안전운전 의무 불이행","단일로","기타단일로","승용차","보행자","951596","1951000","126.9519667","37.55707939","N"
"2016","2016-02-13 11","주","토","1","0","0","0","0","부산","부산진구","차대사람","횡단중","횡단중","보행자 보호의무 위반","단일로","횡단보도상","화물차","보행자","1140399.8","1685622.8","129.0414694","35.15606386","Y"
"2016","2016-02-13 16","주","토","1","0","0","0","0","강원","평창군","차량단독","전도전복","전도전복","안전운전 의무 불이행","단일로","기타단일로","승용차","없음","1096531","1964197","128.5946043","37.67222262","N"
"2016","2016-02-13 16","주","토","1","2","2","0","0","경북","청도군","차대차","측면충돌","측면충돌","중앙선 침범","단일로","기타단일로","승합차","승용차","1097789","1737112","128.5798997","35.62530134","N"
"2016","2016-02-13 17","주","토","1","0","0","0","0","부산","해운대구","차대사람","횡단중","횡단중","안전운전 의무 불이행","단일로","기타단일로","승용차","보행자","1150030.5","1686028","129.1472423","35.1583249","N"
"2016","2016-02-13 18","야","토","1","0","0","0","0","충남","천안시","차대사람","횡단중","횡단중","안전운전 의무 불이행","단일로","기타단일로","승용차","보행자","968380","1870480","127.1454028","36.83200464","N"
"2016","2016-02-14 03","야","일","1","0","0","0","0","서울","송파구","차대사람","기타","기타","안전운전 의무 불이행","단일로","고가도로위","승용차","보행자","966828","1940982","127.1248724","37.46745714","N"
"2016","2016-02-14 17","주","일","1","1","1","0","0","서울","송파구","차대차","기타","기타","안전운전 의무 불이행","교차로","교차로부근","승용차","건설기계","962500","1945071","127.0757218","37.5041476","N"
"2016","2016-02-14 19","야","일","1","0","0","0","0","경남","창원시(통합)","차량단독","전도전복","전도전복","안전운전 의무 불이행","단일로","기타단일로","이륜차","없음","1108272","1689160","128.6892757","35.19192688","N"
"2016","2016-02-14 21","야","일","2","8","0","8","0","강원","속초시","차대차","정면충돌","정면충돌","중앙선 침범","교차로","교차로부근","승용차","승합차","1089979","2023090","128.5276838","38.20360602","N"
"2016","2016-02-15 06","주","월","1","9","6","3","0","전남","강진군","차대차","측면충돌","측면충돌","안전운전 의무 불이행","단일로","기타단일로","승합차","승합차","929528","1622177","126.7315276","34.59132158","N"
"2016","2016-02-15 07","주","월","1","0","0","0","0","부산","해운대구","차대차","기타","기타","신호위반","교차로","교차로부근","건설기계","승용차","1148366","1686975","129.1291439","35.16710779","N"
"2016","2016-02-15 08","주","월","1","2","0","2","0","충남","공주시","차대차","정면충돌","정면충돌","신호위반","교차로","교차로내","건설기계","승용차","966404","1830550","127.1249932","36.47197696","N"
"2016","2016-02-15 12","주","월","1","0","0","0","0","경기","평택시","차대차","정면충돌","정면충돌","신호위반","교차로","교차로내","이륜차","승용차","960773","1896583","127.0587423","37.06701832","N"
"2016","2016-02-15 12","주","월","1","0","0","0","0","경북","포항시","차대차","측면충돌","측면충돌","안전운전 의무 불이행","교차로","교차로내","이륜차","화물차","1167849","1776823","129.3616286","35.97374059","N"
"2016","2016-02-15 15","주","월","1","1","0","1","0","부산","강서구","차대차","추돌","진행중 추돌","안전운전 의무 불이행","단일로","터널안","화물차","화물차","1116594","1669732","128.7779293","35.01585073","N"
"2016","2016-02-15 15","주","월","1","0","0","0","0","경기","김포시","차대사람","횡단중","횡단중","보행자 보호의무 위반","단일로","횡단보도상","건설기계","보행자","927238","1961525","126.6751588","37.65033467","N"
"2016","2016-02-15 18","야","월","1","0","0","0","0","전남","함평군","차대사람","차도통행중","차도통행중","과속","단일로","기타단일로","승합차","보행자","917097","1689092","126.5893519","35.19372968","N"
"2016","2016-02-16 00","야","화","1","3","0","3","0","인천","서구","차대차","정면충돌","정면충돌","중앙선 침범","단일로","고가도로위","승용차","승용차","926641","1942925","126.6702534","37.48265251","N"
"2016","2016-02-16 03","야","화","1","0","0","0","0","전북","김제시","차량단독","전도전복","전도전복","안전운전 의무 불이행","단일로","기타단일로","건설기계","없음","946131","1765729","126.9031592","35.88667839","N"
"2016","2016-02-16 03","야","화","1","0","0","0","0","대전","대덕구","차대사람","횡단중","횡단중","안전운전 의무 불이행","단일로","횡단보도상","화물차","보행자","992854","1817942","127.42035","36.35887449","N"
"2016","2016-02-16 04","야","화","1","0","0","0","0","전남","목포시","차대사람","횡단중","횡단중","안전운전 의무 불이행","단일로","기타단일로","승용차","보행자","897032","1646232","126.3742873","34.80545946","N"
"2016","2016-02-16 06","주","화","1","0","0","0","0","전북","김제시","차대사람","횡단중","횡단중","안전운전 의무 불이행","단일로","기타단일로","승용차","보행자","947003","1754411","126.9135715","35.78468612","N"
"2016","2016-02-16 06","주","화","1","0","0","0","0","경북","봉화군","차량단독","전도전복","전도전복","안전운전 의무 불이행","단일로","기타단일로","화물차","없음","1123357","1874694","128.8838798","36.862464","N"
"2016","2016-02-16 06","주","화","1","0","0","0","0","인천","서구","차대사람","기타","기타","안전운전 의무 불이행","단일로","기타단일로","화물차","보행자","926014","1956292","126.6618145","37.6030744","N"
"2016","2016-02-16 07","주","화","1","0","0","0","0","강원","강릉시","차대차","측면충돌","측면충돌","신호위반","교차로","교차로내","건설기계","승용차","1128541","1970730","128.9586374","37.7271613","N"
"2016","2016-02-16 07","주","화","1","0","0","0","0","경남","거제시","차대사람","횡단중","횡단중","보행자 보호의무 위반","교차로","교차로부근","화물차","보행자","1104602","1655476","128.6447271","34.88863558","N"
"2016","2016-02-16 08","주","화","1","4","2","2","0","전남","장성군","차대차","측면충돌","측면충돌","중앙선 침범","단일로","기타단일로","승용차","승용차","922317","1698278","126.6458173","35.27696903","N"
"2016","2016-02-16 09","주","화","1","0","0","0","0","경남","고성군","차량단독","전도전복","전도전복","안전운전 의무 불이행","단일로","기타단일로","승용차","없음","1067418","1666202","128.2387036","34.9885004","N"
"2016","2016-02-16 11","주","화","1","0","0","0","0","서울","마포구","차대사람","차도통행중","차도통행중","안전운전 의무 불이행","단일로","기타단일로","승합차","보행자","951279","1949658","126.9484669","37.544967","N"
"2016","2016-02-16 12","주","화","1","0","0","0","0","경북","안동시","차량단독","전도전복","전도전복","안전운전 의무 불이행","단일로","기타단일로","승용차","없음","1086542","1837509","128.4667298","36.53138462","N"
"2016","2016-02-16 13","주","화","1","0","0","0","0","경남","밀양시","차량단독","전도전복","전도전복","안전운전 의무 불이행","단일로","기타단일로","원동기장치자전거","없음","1112186","1722070","128.7367721","35.48817533","N"
"2016","2016-02-16 18","야","화","1","0","0","0","0","전남","광양시","차대사람","횡단중","횡단중","안전운전 의무 불이행","단일로","기타단일로","승용차","보행자","1016254","1660341","127.677988","34.93776578","N"
"2016","2016-02-16 23","야","화","1","1","0","1","0","경남","거제시","차대차","정면충돌","정면충돌","중앙선 침범","단일로","기타단일로","원동기장치자전거","승용차","1112432","1653911","128.7301887","34.87368925","N"
"2016","2016-02-17 01","야","수","1","0","0","0","0","서울","노원구","차대사람","기타","기타","안전운전 의무 불이행","교차로","교차로내","승용차","보행자","962172","1960623","127.0712079","37.64430906","N"
"2016","2016-02-17 06","주","수","1","0","0","0","0","대전","대덕구","차대사람","횡단중","횡단중","보행자 보호의무 위반","단일로","기타단일로","화물차","보행자","995111","1817732","127.445508","36.35699538","N"
"2016","2016-02-17 07","주","수","1","2","0","2","0","대구","달서구","차대차","추돌","진행중 추돌","신호위반","단일로","기타단일로","승용차","승용차","1096228","1761859","128.5656326","35.84854338","N"
"2016","2016-02-17 08","주","수","1","0","0","0","0","경북","의성군","차대차","측면충돌","측면충돌","신호위반","교차로","교차로내","이륜차","화물차","1076607","1828163","128.3548351","36.44798585","N"
"2016","2016-02-17 10","주","수","1","2","2","0","0","전북","전주시","차량단독","공작물충돌","공작물충돌","안전운전 의무 불이행","단일로","기타단일로","화물차","없음","966883.2","1756876.9","127.1334448","35.80779039","N"
"2016","2016-02-17 13","주","수","1","0","0","0","0","전남","광양시","차대사람","횡단중","횡단중","안전운전 의무 불이행","단일로","기타단일로","화물차","보행자","1013916","1663072","127.6524316","34.96242733","N"
"2016","2016-02-17 18","야","수","1","0","0","0","0","강원","춘천시","차대사람","횡단중","횡단중","안전운전 의무 불이행","단일로","기타단일로","승용차","보행자","1018388","1991572","127.7092206","37.9238528","N"
"2016","2016-02-17 18","야","수","1","0","0","0","0","전북","김제시","차대사람","횡단중","횡단중","안전운전 의무 불이행","단일로","기타단일로","승용차","보행자","953303.8","1749792.8","126.9835583","35.74336853","N"
"2016","2016-02-17 18","야","수","1","0","0","0","0","전북","부안군","차대사람","차도통행중","차도통행중","안전운전 의무 불이행","기타/불명","기타/불명","승용차","보행자","930612","1747328","126.7328259","35.71980807","Y"
"2016","2016-02-17 19","야","수","1","0","0","0","0","경기","안양시","차대사람","기타","기타","안전운전 의무 불이행","단일로","기타단일로","승용차","보행자","950601","1934191","126.9418299","37.40552258","Y"
"2016","2016-02-17 21","야","수","1","0","0","0","0","서울","노원구","차대차","정면충돌","정면충돌","중앙선 침범","단일로","기타단일로","승용차","승용차","964484","1959005","127.0974932","37.62981799","N"
"2016","2016-02-17 22","야","수","1","1","1","0","0","울산","북구","차대차","추돌","진행중 추돌","안전운전 의무 불이행","단일로","기타단일로","화물차","화물차","1170886","1729089","129.3851183","35.54306379","N"
"2016","2016-02-18 00","야","목","1","0","0","0","0","충북","청주시","차대사람","횡단중","횡단중","과속","단일로","횡단보도상","승용차","보행자","996359.9","1849473.9","127.4592785","36.64316006","N"