"발생년","발생년월일시","주야","요일","사망자수","부상자수","중상자수","경상자수","부상신고자수","발생지시도","발생지시군구","사고유형_대분류","사고유형_중분류","사고유형","가해자법규위반","도로형태_대분류","도로형태","가해자_당사자종별","피해자_당사자종별","발생위치(X_UTMK)","발생위치(Y_UTMK)","경도","위도"," 어린이사고 여부"
"2016","2016-02-18 05","야","목","1","0","0","0","0","대전","중구","차대사람","횡단중","횡단중","안전운전 의무 불이행","교차로","교차로내","승용차","보행자","990998","1814422","127.3997036","36.32712466","N"
"2016","2016-02-18 13","주","목","1","0","0","0","0","충남","천안시","차대차","측면충돌","측면충돌","교차로 통행방법 위반","교차로","교차로내","승용차","이륜차","965264","1856480","127.1110975","36.70569127","N"
"2016","2016-02-18 13","주","목","1","2","0","2","0","대구","북구","차대차","측면충돌","측면충돌","안전운전 의무 불이행","교차로","교차로내","원동기장치자전거","승용차","1098401","1765752","128.5901732","35.88342107","N"
"2016","2016-02-18 15","주","목","1","0","0","0","0","경북","청도군","차량단독","도로이탈","도로이탈 추락","안전운전 의무 불이행","단일로","기타단일로","농기계","없음","1110599","1733380","128.7208243","35.59030833","N"
"2016","2016-02-18 18","야","목","1","0","0","0","0","경북","의성군","차대차","정면충돌","정면충돌","중앙선 침범","단일로","기타단일로","화물차","농기계","1095970","1822260","128.5701401","36.39303512","N"
"2016","2016-02-18 19","야","목","1","2","2","0","0","충북","청주시","차량단독","전도전복","전도전복","안전운전 의무 불이행","교차로","교차로부근","승용차","없음","1002039","1859745","127.5228375","36.73575779","N"
"2016","2016-02-18 22","야","목","1","2","2","0","0","경남","거제시","차대차","정면충돌","정면충돌","중앙선 침범","단일로","기타단일로","승용차","승용차","1107901","1657849","128.6811298","34.90968446","N"
"2016","2016-02-18 22","야","목","1","1","0","1","0","대전","유성구","차대사람","횡단중","횡단중","과속","단일로","기타단일로","승용차","보행자","987027","1818016","127.3554006","36.35948068","N"
"2016","2016-02-19 01","야","금","1","0","0","0","0","경기","수원시","차대사람","횡단중","횡단중","과속","단일로","기타단일로","승용차","보행자","962126","1916558","127.07295","37.24712741","N"
"2016","2016-02-19 06","주","금","1","0","0","0","0","전남","순천시","차대차","측면충돌","측면충돌","신호위반","교차로","교차로내","이륜차","승용차","1002283","1661210","127.5250022","34.94572981","N"
"2016","2016-02-19 06","주","금","1","0","0","0","0","광주","동구","차대차","기타","기타","안전운전 의무 불이행","기타/불명","기타/불명","승용차","승용차","947993.5","1681918.2","126.9291672","35.13112184","N"
"2016","2016-02-19 07","주","금","1","0","0","0","0","충남","당진시","차대차","측면충돌","측면충돌","안전운전 의무 불이행","교차로","교차로내","승용차","자전거","926532","1875388","126.6756619","36.87391836","N"
"2016","2016-02-19 08","주","금","1","0","0","0","0","전북","완주군","차대사람","기타","기타","기타","단일로","기타단일로","승용차","보행자","969261.8","1770608.3","127.1592424","35.93166982","N"
"2016","2016-02-19 15","주","금","1","0","0","0","0","경남","김해시","차대차","추돌","진행중 추돌","안전운전 의무 불이행","단일로","기타단일로","화물차","화물차","1125390","1686956","128.8769221","35.17006659","N"
"2016","2016-02-19 17","주","금","1","0","0","0","0","전북","익산시","차대사람","횡단중","횡단중","안전운전 의무 불이행","단일로","기타단일로","승용차","보행자","950238","1773365","126.9481827","35.95573933","N"
"2016","2016-02-19 18","야","금","1","0","0","0","0","경기","용인시","차대사람","횡단중","횡단중","안전운전 의무 불이행","단일로","기타단일로","승용차","보행자","970279","1926387","127.1644847","37.33602019","N"
"2016","2016-02-19 18","야","금","1","0","0","0","0","경남","양산시","차대차","측면충돌","측면충돌","안전거리 미확보","교차로","교차로부근","승용차","이륜차","1139595","1706973","129.0362636","35.34862285","N"
"2016","2016-02-20 02","야","토","1","0","0","0","0","경기","부천시","차대사람","횡단중","횡단중","안전운전 의무 불이행","단일로","기타단일로","승용차","보행자","933974","1945432","126.7529634","37.50580123","N"
"2016","2016-02-20 02","야","토","1","0","0","0","0","대전","대덕구","차대차","기타","기타","안전운전 의무 불이행","단일로","기타단일로","승용차","화물차","991080","1818712","127.400568","36.36580152","N"
"2016","2016-02-20 03","야","토","1","0","0","0","0","경남","창원시(통합)","차대차","기타","기타","안전운전 의무 불이행","단일로","기타단일로","승용차","승용차","1107504","1691418","128.6811362","35.21236579","N"
"2016","2016-02-20 04","야","토","1","0","0","0","0","충북","음성군","차대사람","횡단중","횡단중","안전운전 의무 불이행","단일로","기타단일로","승용차","보행자","995704","1887594","127.4517257","36.9867989","N"
"2016","2016-02-20 10","주","토","1","3","3","0","0","대구","북구","차대사람","보도통행중","보도통행중","기타","단일로","기타단일로","승용차","보행자","1098467.3","1766110.4","128.5909519","35.88664519","Y"
"2016","2016-02-20 17","주","토","1","0","0","0","0","경남","창원시(통합)","차대사람","횡단중","횡단중","안전운전 의무 불이행","단일로","기타단일로","화물차","보행자","1100057","1695665","128.5998473","35.25142483","N"
"2016","2016-02-20 18","야","토","1","0","0","0","0","제주","제주시","차대사람","기타","기타","안전운전 의무 불이행","단일로","기타단일로","승용차","보행자","909691.5","1503066.7","126.5275854","33.51568806","N"
"2016","2016-02-20 19","야","토","1","0","0","0","0","충북","영동군","차대사람","횡단중","횡단중","안전운전 의무 불이행","단일로","기타단일로","승용차","보행자","1037282","1803252","127.9148423","36.2257442","N"
"2016","2016-02-20 23","야","토","1","2","2","0","0","강원","춘천시","차량단독","공작물충돌","공작물충돌","안전운전 의무 불이행","단일로","기타단일로","승용차","없음","1025166","1972892","127.7856905","37.75532695","N"
"2016","2016-02-20 23","야","토","1","0","0","0","0","인천","연수구","차대사람","횡단중","횡단중","안전운전 의무 불이행","단일로","기타단일로","승용차","보행자","929014","1936317","126.6977278","37.42328103","N"
"2016","2016-02-21 04","야","일","1","0","0","0","0","충남","천안시","차대차","기타","기타","안전운전 의무 불이행","단일로","기타단일로","승용차","승용차","973639","1863163","127.2046316","36.76620596","N"
"2016","2016-02-21 07","주","일","1","0","0","0","0","경남","창원시(통합)","차대차","측면충돌","측면충돌","신호위반","교차로","교차로내","원동기장치자전거","승용차","1094461","1696458","128.5384354","35.25911757","N"
"2016","2016-02-21 10","주","일","1","0","0","0","0","강원","원주시","차대사람","차도통행중","차도통행중","안전운전 의무 불이행","교차로","교차로부근","화물차","보행자","1039181","1926380","127.9423047","37.33560607","N"
"2016","2016-02-21 11","주","일","1","0","0","0","0","전남","장흥군","차량단독","전도전복","전도전복","안전운전 의무 불이행","단일로","기타단일로","농기계","없음","950803","1613812","126.9639971","34.51712885","N"
"2016","2016-02-21 19","야","일","1","0","0","0","0","전남","순천시","차대사람","횡단중","횡단중","안전운전 의무 불이행","단일로","기타단일로","승용차","보행자","1004449","1663280","127.5487342","34.96438885","N"
"2016","2016-02-21 20","야","일","1","0","0","0","0","경북","영양군","차량단독","전도전복","전도전복","안전운전 의무 불이행","단일로","기타단일로","승용차","없음","1141519","1839682","129.0810866","36.54440944","N"
"2016","2016-02-22 03","야","월","1","1","1","0","0","서울","양천구","차대차","정면충돌","정면충돌","안전운전 의무 불이행","단일로","기타단일로","이륜차","승용차","944245","1947548","126.8690048","37.52555069","N"
"2016","2016-02-22 04","야","월","1","3","3","0","0","강원","평창군","차대차","추돌","진행중 추돌","안전운전 의무 불이행","단일로","기타단일로","승용차","승용차","1091014","1961135.4","128.5316724","37.64519559","N"
"2016","2016-02-22 05","야","월","1","0","0","0","0","서울","구로구","차대사람","횡단중","횡단중","안전운전 의무 불이행","단일로","횡단보도상","승용차","보행자","941577","1943689","126.8391188","37.49060414","N"
"2016","2016-02-22 10","주","월","1","1","0","1","0","경남","거제시","차대차","추돌","진행중 추돌","안전거리 미확보","단일로","기타단일로","화물차","화물차","1099378","1651623","128.5871095","34.85442179","N"
"2016","2016-02-22 13","주","월","1","0","0","0","0","충남","보령시","차량단독","기타","기타","안전운전 의무 불이행","단일로","기타단일로","원동기장치자전거","없음","904153","1820073","126.4315009","36.37333423","N"
"2016","2016-02-22 15","주","월","1","0","0","0","0","서울","송파구","차대차","측면충돌","측면충돌","안전운전 의무 불이행","단일로","기타단일로","원동기장치자전거","건설기계","964699","1946035","127.1005546","37.51292329","N"
"2016","2016-02-22 16","주","월","1","0","0","0","0","경북","성주군","차대차","정면충돌","정면충돌","안전운전 의무 불이행","단일로","기타단일로","화물차","자전거","1080297","1767507","128.3898023","35.90089533","N"
"2016","2016-02-22 18","야","월","1","0","0","0","0","경남","거창군","차대차","기타","기타","중앙선 침범","단일로","기타단일로","화물차","화물차","1029984","1750499","127.8316413","35.75038717","N"
"2016","2016-02-22 18","야","월","1","0","0","0","0","울산","울주군","차대사람","횡단중","횡단중","안전운전 의무 불이행","단일로","기타단일로","승용차","보행자","1157017","1735124","129.2333601","35.59974836","N"
"2016","2016-02-22 19","야","월","1","0","0","0","0","전북","전주시","차대사람","횡단중","횡단중","안전운전 의무 불이행","단일로","기타단일로","승합차","보행자","970000","1760390","127.1678108","35.83956494","N"
"2016","2016-02-22 20","야","월","1","0","0","0","0","경기","수원시","차대사람","차도통행중","차도통행중","안전운전 의무 불이행","단일로","기타단일로","승합차","보행자","960971","1919165","127.0597904","37.27057862","N"
"2016","2016-02-22 22","야","월","1","0","0","0","0","경남","합천군","차량단독","공작물충돌","공작물충돌","안전운전 의무 불이행","단일로","기타단일로","승용차","없음","1060343","1745252","128.1670205","35.7016873","N"
"2016","2016-02-22 22","야","월","1","0","0","0","0","대전","대덕구","차대차","추돌","진행중 추돌","안전운전 의무 불이행","교차로","교차로부근","이륜차","승용차","993523","1819687","127.4277922","36.37461107","N"
"2016","2016-02-23 00","야","화","3","0","0","0","0","전북","전주시","차대차","측면충돌","측면충돌","기타","단일로","기타단일로","화물차","승용차","972189","1758572","127.1921125","35.82323828","N"
"2016","2016-02-23 11","주","화","1","0","0","0","0","서울","금천구","차대차","측면충돌","측면충돌","안전운전 의무 불이행","교차로","교차로내","승용차","이륜차","944941","1942946.7","126.8772258","37.48412041","N"
"2016","2016-02-23 11","주","화","1","0","0","0","0","충북","충주시","차량단독","전도전복","전도전복","안전운전 의무 불이행","기타/불명","기타/불명","승합차","없음","1041472","1900381","127.9667205","37.10115687","N"
"2016","2016-02-23 17","주","화","1","0","0","0","0","경북","영덕군","차량단독","공작물충돌","공작물충돌","안전운전 의무 불이행","단일로","기타단일로","화물차","없음","1171158","1850672","129.4145137","36.63858049","N"
"2016","2016-02-23 17","주","화","1","0","0","0","0","인천","계양구","차대사람","횡단중","횡단중","보행자 보호의무 위반","교차로","교차로내","화물차","보행자","932924","1947640","126.7408828","37.52562588","N"
"2016","2016-02-23 18","야","화","1","0","0","0","0","전북","무주군","차대사람","횡단중","횡단중","안전운전 의무 불이행","교차로","교차로부근","승용차","보행자","1015317","1771225","127.6698141","35.93759351","N"
"2016","2016-02-23 19","야","화","1","0","0","0","0","경기","포천시","차대사람","횡단중","횡단중","안전운전 의무 불이행","단일로","교량위","승용차","보행자","973269","1983355","127.1961573","37.84958637","N"
"2016","2016-02-23 20","야","화","1","1","0","1","0","경북","김천시","차대차","정면충돌","정면충돌","중앙선 침범","단일로","교량위","화물차","승용차","1060064","1797817","128.167912","36.1756002","N"
"2016","2016-02-23 20","야","화","1","2","1","1","0","경남","진주시","차대차","측면충돌","측면충돌","안전거리 미확보","단일로","기타단일로","승용차","승용차","1055142","1684326","128.1054077","35.15266534","N"
"2016","2016-02-23 23","야","화","1","0","0","0","0","서울","도봉구","차대사람","횡단중","횡단중","안전운전 의무 불이행","단일로","기타단일로","화물차","보행자","958943","1961090","127.0345809","37.64837949","N"
"2016","2016-02-23 23","야","화","1","1","1","0","0","부산","남구","차대차","정면충돌","정면충돌","중앙선 침범","단일로","기타단일로","승용차","승용차","1144378.3","1684079.4","129.0848655","35.14158847","N"
"2016","2016-02-23 23","야","화","1","0","0","0","0","경북","예천군","차량단독","공작물충돌","공작물충돌","안전운전 의무 불이행","교차로","교차로부근","승용차","없음","1086795","1849496","128.470908","36.63940967","N"
"2016","2016-02-24 00","야","수","1","0","0","0","0","경기","시흥시","차대차","추돌","진행중 추돌","과속","교차로","교차로부근","특수차","화물차","932126","1925470","126.7338912","37.32574994","N"
"2016","2016-02-24 06","주","수","1","0","0","0","0","충북","청주시","차대사람","횡단중","횡단중","안전운전 의무 불이행","단일로","기타단일로","승용차","보행자","1000978","1846119","127.5109365","36.61292211","N"
"2016","2016-02-24 06","주","수","1","0","0","0","0","경남","김해시","차대사람","횡단중","횡단중","안전운전 의무 불이행","교차로","교차로내","승용차","보행자","1125321","1695016","128.8773912","35.24273226","N"
"2016","2016-02-24 06","주","수","1","1","0","1","0","경남","함안군","차대차","추돌","진행중 추돌","안전운전 의무 불이행","단일로","기타단일로","화물차","화물차","1094596","1699611","128.5402827","35.28753084","N"
"2016","2016-02-24 07","주","수","1","1","0","1","0","서울","동작구","차대차","정면충돌","정면충돌","중앙선 침범","단일로","기타단일로","승용차","승용차","952235.8","1944321.3","126.9596446","37.49691618","N"
"2016","2016-02-24 09","주","수","1","0","0","0","0","경기","군포시","차대사람","횡단중","횡단중","보행자 보호의무 위반","단일로","횡단보도상","승용차","보행자","948371","1925540","126.9172372","37.327426","N"
"2016","2016-02-24 09","주","수","1","0","0","0","0","경남","함안군","차대차","측면충돌","측면충돌","안전운전 의무 불이행","교차로","교차로부근","이륜차","승합차","1075468","1706755","128.3306106","35.35356736","N"
"2016","2016-02-24 10","주","수","1","1","0","1","0","강원","삼척시","차대사람","기타","기타","과속","단일로","기타단일로","특수차","보행자","1159519","1922104","129.2994709","37.28420844","N"
"2016","2016-02-24 17","주","수","1","2","2","0","0","경기","파주시","차대차","정면충돌","정면충돌","중앙선 침범","단일로","기타단일로","승용차","건설기계","943271","1978849","126.8555476","37.80760225","N"
"2016","2016-02-25 03","야","목","1","0","0","0","0","부산","기장군","차량단독","공작물충돌","공작물충돌","안전운전 의무 불이행","단일로","기타단일로","승용차","없음","1154210","1696684","129.1951083","35.25373685","N"
"2016","2016-02-25 04","야","목","1","0","0","0","0","경남","김해시","차량단독","전도전복","전도전복","안전운전 의무 불이행","단일로","기타단일로","이륜차","없음","1120347","1686592","128.8215046","35.16740197","N"
"2016","2016-02-25 06","주","목","1","0","0","0","0","경기","안산시","차대사람","횡단중","횡단중","안전운전 의무 불이행","단일로","기타단일로","승용차","보행자","942151","1922854","126.8472422","37.3028495","N"
"2016","2016-02-25 07","주","목","1","0","0","0","0","경기","김포시","차대차","측면충돌","측면충돌","신호위반","교차로","교차로내","화물차","승합차","919688","1966510","126.5890312","37.69463135","N"
"2016","2016-02-25 07","주","목","1","0","0","0","0","경남","창원시(통합)","차대사람","횡단중","횡단중","안전운전 의무 불이행","단일로","기타단일로","건설기계","보행자","1104602","1695037","128.6497182","35.24529892","N"
"2016","2016-02-25 11","주","목","1","0","0","0","0","경기","수원시","차대사람","횡단중","횡단중","안전운전 의무 불이행","교차로","교차로부근","화물차","보행자","957197","1916032","127.0174048","37.24217271","Y"
"2016","2016-02-25 23","야","목","1","0","0","0","0","서울","도봉구","차대사람","기타","기타","안전운전 의무 불이행","단일로","기타단일로","승용차","보행자","959936","1965624","127.0455881","37.68928887","N"
"2016","2016-02-25 23","야","목","1","1","1","0","0","경기","이천시","차대차","추돌","진행중 추돌","안전거리 미확보","단일로","기타단일로","화물차","화물차","994139","1915068","127.4339249","37.23444809","N"
"2016","2016-02-25 23","야","목","1","0","0","0","0","대구","동구","차대사람","횡단중","횡단중","안전운전 의무 불이행","단일로","기타단일로","승용차","보행자","1106237","1765202","128.6768981","35.87764401","N"
"2016","2016-02-26 04","야","금","1","0","0","0","0","경남","창원시(통합)","차량단독","도로이탈","도로이탈 추락","안전운전 의무 불이행","단일로","기타단일로","화물차","없음","1106333","1708590","128.6704995","35.36729835","N"
"2016","2016-02-26 08","주","금","1","0","0","0","0","서울","강동구","차대사람","횡단중","횡단중","중앙선 침범","단일로","기타단일로","승용차","보행자","967986","1950914","127.1375348","37.55701975","N"
"2016","2016-02-26 09","주","금","1","0","0","0","0","경기","남양주시","차대사람","횡단중","횡단중","안전운전 의무 불이행","교차로","교차로내","화물차","보행자","973649","1971812","127.2008964","37.74555937","N"
"2016","2016-02-26 10","주","금","1","0","0","0","0","경북","예천군","차대사람","횡단중","횡단중","안전운전 의무 불이행","단일로","기타단일로","승용차","보행자","1083753","1858803","128.4379017","36.72357266","N"
"2016","2016-02-26 14","주","금","1","0","0","0","0","경기","부천시","차대사람","횡단중","횡단중","보행자 보호의무 위반","교차로","교차로내","승용차","보행자","938565","1942656","126.8051355","37.48109818","N"
"2016","2016-02-26 16","주","금","1","1","0","1","0","경남","함안군","차대차","기타","기타","안전운전 의무 불이행","교차로","교차로부근","화물차","화물차","1092499","1701803","128.5174724","35.30748909","N"
"2016","2016-02-26 18","야","금","1","16","9","7","0","경북","포항시","차대차","측면충돌","측면충돌","안전운전 의무 불이행","교차로","교차로내","화물차","승합차","1166135","1793345","129.3461015","36.12291681","Y"
"2016","2016-02-26 20","야","금","1","0","0","0","0","경북","의성군","차대차","기타","기타","안전운전 의무 불이행","단일로","기타단일로","불명","이륜차","1076886","1836306","128.3587579","36.52136613","N"
"2016","2016-02-26 21","야","금","1","1","1","0","0","충남","서산시","차량단독","도로이탈","도로이탈 추락","안전운전 의무 불이행","교차로","교차로내","승용차","없음","907920","1867076","126.4678633","36.79736869","N"
"2016","2016-02-26 22","야","금","1","0","0","0","0","서울","금천구","차대사람","기타","기타","안전운전 의무 불이행","단일로","기타단일로","승용차","보행자","946082","1942148","126.8901895","37.4769889","N"
"2016","2016-02-26 22","야","금","1","7","1","5","1","충남","서천군","차대차","측면충돌","측면충돌","안전운전 의무 불이행","단일로","기타단일로","승용차","화물차","919080","1797386","126.600236","36.17019658","N"
"2016","2016-02-27 00","야","토","1","0","0","0","0","충북","진천군","차대차","추돌","진행중 추돌","안전운전 의무 불이행","단일로","지하차도(도로)내","승용차","화물차","1004258.1","1879752.2","127.5478042","36.91610916","N"
"2016","2016-02-27 01","야","토","1","0","0","0","0","서울","마포구","차대사람","횡단중","횡단중","과속","단일로","횡단보도상","승용차","보행자","951976","1950495","126.956302","37.55254763","N"
"2016","2016-02-27 01","야","토","1","0","0","0","0","제주","제주시","차대사람","기타","기타","안전운전 의무 불이행","단일로","기타단일로","승용차","보행자","899134","1498410","126.4144466","33.4727493","N"
"2016","2016-02-27 03","야","토","1","0","0","0","0","전북","전주시","차량단독","공작물충돌","공작물충돌","안전운전 의무 불이행","교차로","교차로내","승용차","없음","964827","1755458","127.1107485","35.79492599","N"
"2016","2016-02-27 04","야","토","1","0","0","0","0","대구","서구","차대사람","횡단중","횡단중","안전운전 의무 불이행","단일로","횡단보도상","화물차","보행자","1095226.2","1764499.5","128.5548557","35.87244436","N"
"2016","2016-02-27 06","주","토","1","0","0","0","0","경기","부천시","차대사람","기타","기타","안전운전 의무 불이행","단일로","기타단일로","승용차","보행자","934593","1945984","126.7599173","37.51082044","N"
"2016","2016-02-27 06","주","토","1","3","2","1","0","충북","괴산군","차량단독","전도전복","전도전복","안전운전 의무 불이행","단일로","기타단일로","승용차","없음","1042129","1862431","127.9720001","36.75903758","N"
"2016","2016-02-27 06","주","토","1","5","1","4","0","경기","이천시","차대차","측면충돌","측면충돌","과속","단일로","기타단일로","승용차","승합차","990044","1920173","127.387691","37.28042991","N"
"2016","2016-02-27 07","주","토","2","7","7","0","0","경기","가평군","차대차","측면충돌","측면충돌","신호위반","교차로","교차로내","승용차","화물차","989790","1966455.7","127.3841834","37.69760391","Y"
"2016","2016-02-27 09","주","토","1","0","0","0","0","전북","군산시","차대사람","기타","기타","안전운전 의무 불이행","단일로","기타단일로","화물차","보행자","920845","1772799","126.6223243","35.94869579","N"
"2016","2016-02-27 12","주","토","1","0","0","0","0","경기","성남시","차대사람","횡단중","횡단중","보행자 보호의무 위반","교차로","교차로부근","건설기계","보행자","968060","1938283","127.1389213","37.44317296","N"
"2016","2016-02-27 13","주","토","1","3","2","0","1","부산","금정구","차량단독","공작물충돌","공작물충돌","안전운전 의무 불이행","단일로","기타단일로","승용차","없음","1146448.5","1695054.5","129.1095327","35.24021425","Y"
"2016","2016-02-27 13","주","토","1","0","0","0","0","경북","칠곡군","차대사람","보도통행중","보도통행중","기타","교차로","교차로부근","승용차","보행자","1080782","1778031","128.3962471","35.99572838","N"
"2016","2016-02-27 19","야","토","1","0","0","0","0","충북","청주시","차대사람","길가장자리구역통행중","길가장자리구역통행중","안전운전 의무 불이행","단일로","기타단일로","승합차","보행자","999791","1842733","127.4976638","36.58239766","N"
"2016","2016-02-27 19","야","토","1","0","0","0","0","인천","연수구","차대사람","보도통행중","보도통행중","보행자 보호의무 위반","단일로","기타단일로","승용차","보행자","925428","1936733","126.6571613","37.42674838","Y"
"2016","2016-02-27 20","야","토","1","0","0","0","0","제주","서귀포시","차대사람","횡단중","횡단중","안전운전 의무 불이행","단일로","기타단일로","승용차","보행자","907294","1473619","126.5048036","33.24991002","N"
"2016","2016-02-28 03","야","일","1","0","0","0","0","부산","기장군","차량단독","도로이탈","도로이탈 추락","안전운전 의무 불이행","교차로","교차로내","승용차","없음","1155876.8","1689459.4","129.2120544","35.18836301","N"
"2016","2016-02-28 03","야","일","1","0","0","0","0","경남","함양군","차량단독","전도전복","전도전복","안전거리 미확보","단일로","기타단일로","승용차","없음","1014596","1743072","127.6613065","35.68377167","N"
"2016","2016-02-28 08","주","일","1","2","0","2","0","강원","철원군","차대차","측면충돌","측면충돌","과속","단일로","기타단일로","승용차","승용차","974661","2024885","127.2105099","38.22392476","N"
"2016","2016-02-28 17","주","일","1","0","0","0","0","경북","경산시","차대차","측면충돌","측면충돌","신호위반","교차로","교차로내","이륜차","승용차","1121228","1755832","128.841508","35.79144385","N"
"2016","2016-02-28 18","야","일","1","0","0","0","0","경남","창원시(통합)","차대사람","횡단중","횡단중","안전운전 의무 불이행","단일로","기타단일로","화물차","보행자","1096095","1686402","128.5552218","35.16830135","N"
"2016","2016-02-28 19","야","일","1","1","1","0","0","경기","평택시","차대사람","기타","기타","안전운전 의무 불이행","단일로","기타단일로","승용차","보행자","959849","1890865","127.0486539","37.01543665","N"
"2016","2016-02-28 19","야","일","1","1","1","0","0","세종","세종시","차량단독","기타","기타","안전운전 의무 불이행","단일로","기타단일로","승용차","없음","980282","1830224","127.2799098","36.46942424","N"
"2016","2016-02-28 19","야","일","1","0","0","0","0","경북","영덕군","차대사람","횡단중","횡단중","안전운전 의무 불이행","교차로","교차로내","승용차","보행자","1155482","1829567","129.2349878","36.45109272","N"
"2016","2016-02-28 21","야","일","1","0","0","0","0","충북","제천시","차량단독","전도전복","전도전복","안전운전 의무 불이행","기타/불명","기타/불명","화물차","없음","1062609","1898150","128.2043937","37.07987273","N"
"2016","2016-02-28 23","야","일","1","1","0","0","1","충남","논산시","차대차","추돌","진행중 추돌","안전운전 의무 불이행","단일로","교량위","화물차","화물차","973436","1796986","127.204629","36.16960694","N"
"2016","2016-02-29 04","야","월","1","1","0","1","0","인천","서구","차대차","측면충돌","측면충돌","신호위반","교차로","교차로내","승용차","승합차","925435","1955042","126.655383","37.59176197","N"
"2016","2016-02-29 14","주","월","1","2","2","0","0","대구","중구","차대차","측면충돌","측면충돌","안전운전 의무 불이행","단일로","기타단일로","승용차","승용차","1098608","1763873","128.5922336","35.86646201","N"
"2016","2016-02-29 15","주","월","1","1","1","0","0","전남","완도군","차량단독","공작물충돌","공작물충돌","안전운전 의무 불이행","단일로","기타단일로","승용차","없음","915584","1578285","126.583812","34.19448733","N"
"2016","2016-02-29 16","주","월","1","0","0","0","0","경북","상주시","차량단독","공작물충돌","공작물충돌","안전운전 의무 불이행","단일로","기타단일로","화물차","없음","1045446","1819278","128.0066148","36.36987146","N"
"2016","2016-02-29 20","야","월","1","0","0","0","0","경기","평택시","차대사람","횡단중","횡단중","안전운전 의무 불이행","단일로","기타단일로","승합차","보행자","960685","1898369","127.0576589","37.08311372","N"
"2016","2016-03-01 01","야","화","1","0","0","0","0","경기","안양시","차대차","추돌","진행중 추돌","신호위반","교차로","교차로내","승합차","이륜차","951983","1930259","126.9577001","37.37015445","N"
"2016","2016-03-01 01","야","화","1","0","0","0","0","경기","시흥시","차대사람","횡단중","횡단중","신호위반","교차로","교차로부근","승합차","보행자","931905","1928168","126.731149","37.35005111","N"
"2016","2016-03-01 06","주","화","1","0","0","0","0","충남","예산군","차대차","정면충돌","정면충돌","중앙선 침범","단일로","기타단일로","자전거","승합차","939754","1860570","126.8251805","36.74128392","N"
"2016","2016-03-01 07","주","화","1","0","0","0","0","서울","동대문구","차대사람","횡단중","횡단중","안전운전 의무 불이행","단일로","횡단보도상","승용차","보행자","959889","1953575","127.0457167","37.58068706","N"
"2016","2016-03-01 09","주","화","1","0","0","0","0","경남","남해군","차량단독","전도전복","전도전복","안전운전 의무 불이행","단일로","기타단일로","이륜차","없음","1030184","1646862","127.8300394","34.8159","N"
"2016","2016-03-01 13","주","화","1","0","0","0","0","서울","동대문구","차대차","기타","기타","안전운전 의무 불이행","단일로","기타단일로","승용차","화물차","960856.6","1954447.1","127.0566284","37.58858919","N"
"2016","2016-03-01 14","주","화","1","2","2","0","0","경북","봉화군","차대차","정면충돌","정면충돌","중앙선 침범","단일로","기타단일로","승용차","화물차","1131948","1888962","128.982718","36.98987933","N"
"2016","2016-03-01 17","주","화","1","0","0","0","0","충남","서천군","차대차","추돌","진행중 추돌","안전운전 의무 불이행","교차로","교차로내","승용차","자전거","926849","1787739","126.6875095","36.08384839","N"
"2016","2016-03-01 18","야","화","1","1","1","0","0","경남","남해군","차대차","정면충돌","정면충돌","중앙선 침범","단일로","기타단일로","승용차","화물차","1046676","1652435","128.0106721","34.86553081","N"
"2016","2016-03-01 20","야","화","1","0","0","0","0","전북","전주시","차대사람","횡단중","횡단중","안전운전 의무 불이행","교차로","교차로부근","화물차","보행자","970601","1759570","127.1744958","35.83218999","N"
"2016","2016-03-01 23","야","화","1","2","0","2","0","전남","나주시","차대차","추돌","진행중 추돌","안전운전 의무 불이행","단일로","기타단일로","승용차","화물차","934512","1671633","126.7820142","35.03759699","N"
"2016","2016-03-02 00","야","수","1","0","0","0","0","경남","김해시","차대사람","기타","기타","안전운전 의무 불이행","단일로","기타단일로","화물차","보행자","1114370","1696460","128.7572579","35.25705964","N"
"2016","2016-03-02 05","야","수","1","0","0","0","0","전북","전주시","차대사람","횡단중","횡단중","안전운전 의무 불이행","단일로","기타단일로","승용차","보행자","966108","1760785","127.1246988","35.84299941","N"
"2016","2016-03-02 06","주","수","1","0","0","0","0","전남","영암군","차대사람","횡단중","횡단중","신호위반","교차로","교차로내","승용차","보행자","918627","1635850","126.6113529","34.71380287","N"
"2016","2016-03-02 06","주","수","1","0","0","0","0","경남","진주시","차량단독","기타","기타","안전운전 의무 불이행","단일로","기타단일로","원동기장치자전거","없음","1056279","1692334","128.1184371","35.22480753","N"
"2016","2016-03-02 08","주","수","1","0","0","0","0","경기","과천시","차대차","기타","기타","안전거리 미확보","단일로","기타단일로","이륜차","승합차","954938","1939660","126.9904987","37.45503814","N"
"2016","2016-03-02 09","주","수","1","2","1","1","0","경남","의령군","차대차","측면충돌","측면충돌","과속","교차로","교차로내","승용차","이륜차","1070760","1704905","128.2786381","35.33723257","N"
"2016","2016-03-02 11","주","수","1","5","1","3","1","서울","강남구","차대차","측면충돌","측면충돌","신호위반","교차로","교차로내","승용차","승용차","962227","1943661","127.0727055","37.49142754","N"
"2016","2016-03-02 15","주","수","1","0","0","0","0","강원","평창군","차량단독","전도전복","전도전복","안전운전 의무 불이행","단일로","교량위","승용차","없음","1087557","1939910","128.4899583","37.45424338","N"
"2016","2016-03-02 15","주","수","1","0","0","0","0","경북","안동시","차량단독","전도전복","전도전복","안전운전 의무 불이행","기타/불명","기타/불명","승용차","없음","1113044","1842886","128.7635056","36.57708034","N"