"발생년","발생년월일시","주야","요일","사망자수","부상자수","중상자수","경상자수","부상신고자수","발생지시도","발생지시군구","사고유형_대분류","사고유형_중분류","사고유형","가해자법규위반","도로형태_대분류","도로형태","가해자_당사자종별","피해자_당사자종별","발생위치(X_UTMK)","발생위치(Y_UTMK)","경도","위도"," 어린이사고 여부"
"2016","2016-03-02 15","주","수","1","1","0","1","0","대전","중구","차대차","측면충돌","측면충돌","신호위반","교차로","교차로내","원동기장치자전거","승합차","995294","1812152","127.4475814","36.30669014","N"
"2016","2016-03-02 16","주","수","1","0","0","0","0","서울","강서구","차대사람","기타","기타","안전운전 의무 불이행","교차로","교차로내","건설기계","보행자","939636","1950494","126.8166044","37.55181269","N"
"2016","2016-03-02 16","주","수","1","0","0","0","0","경기","김포시","차대사람","횡단중","횡단중","안전운전 의무 불이행","교차로","교차로내","특수차","보행자","923706","1969257","126.634314","37.71973145","N"
"2016","2016-03-02 19","야","수","1","0","0","0","0","전북","부안군","차대차","기타","기타","안전운전 의무 불이행","단일로","기타단일로","승용차","화물차","921786","1735310","126.6364201","35.61079915","N"
"2016","2016-03-02 22","야","수","1","0","0","0","0","강원","양구군","차대사람","차도통행중","차도통행중","안전운전 의무 불이행","단일로","기타단일로","화물차","보행자","1045882","2010336","128.0232425","38.09199169","N"
"2016","2016-03-02 23","야","수","1","0","0","0","0","충남","당진시","차량단독","전도전복","전도전복","안전운전 의무 불이행","단일로","기타단일로","승용차","없음","926820","1882164","126.6782383","36.93501719","N"
"2016","2016-03-03 00","야","목","1","0","0","0","0","서울","성동구","차대사람","기타","기타","안전운전 의무 불이행","교차로","교차로내","승용차","보행자","958875","1950660","127.0343964","37.55436864","N"
"2016","2016-03-03 03","야","목","1","0","0","0","0","충북","청주시","차량단독","전도전복","전도전복","안전운전 의무 불이행","교차로","교차로부근","승용차","없음","998204.7","1848242.4","127.479919","36.63206338","N"
"2016","2016-03-03 06","주","목","1","0","0","0","0","경기","광명시","차대차","추돌","진행중 추돌","안전운전 의무 불이행","단일로","기타단일로","승용차","건설기계","945254","1936674","126.8812319","37.42760188","N"
"2016","2016-03-03 14","주","목","1","0","0","0","0","경북","청도군","차량단독","전도전복","전도전복","안전운전 의무 불이행","단일로","기타단일로","이륜차","없음","1100176","1740361","128.6066592","35.65435127","N"
"2016","2016-03-03 15","주","목","1","0","0","0","0","전남","나주시","차량단독","공작물충돌","공작물충돌","안전운전 의무 불이행","단일로","기타단일로","화물차","없음","931710","1660132","126.7522399","34.93371035","N"
"2016","2016-03-03 19","야","목","1","0","0","0","0","충남","예산군","차대사람","횡단중","횡단중","안전운전 의무 불이행","단일로","기타단일로","승용차","보행자","940243","1859950","126.830706","36.73572604","N"
"2016","2016-03-03 21","야","목","1","1","1","0","0","제주","제주시","차대사람","횡단중","횡단중","보행자 보호의무 위반","단일로","횡단보도상","화물차","보행자","910936.4","1501933.2","126.5411013","33.50557024","N"
"2016","2016-03-04 05","야","금","1","2","1","1","0","부산","수영구","차대사람","기타","기타","안전운전 의무 불이행","단일로","기타단일로","원동기장치자전거","보행자","1147469","1686589","129.1192289","35.1637606","N"
"2016","2016-03-04 11","주","금","1","0","0","0","0","경북","고령군","차대사람","횡단중","횡단중","안전운전 의무 불이행","단일로","기타단일로","이륜차","보행자","1069632","1748419","128.2699662","35.7296268","N"
"2016","2016-03-04 14","주","금","1","0","0","0","0","서울","노원구","차대차","측면충돌","측면충돌","신호위반","교차로","교차로내","승용차","이륜차","963740","1958173","127.0891028","37.62228991","N"
"2016","2016-03-04 19","야","금","1","0","0","0","0","충북","청주시","차대사람","횡단중","횡단중","신호위반","단일로","횡단보도상","승용차","보행자","1000955","1854427","127.5106897","36.68781843","N"
"2016","2016-03-04 19","야","금","1","1","0","1","0","경북","울진군","차대차","측면충돌","측면충돌","안전운전 의무 불이행","단일로","기타단일로","승용차","승용차","1170007","1889795","129.4103879","36.99127354","N"
"2016","2016-03-04 23","야","금","1","0","0","0","0","서울","서초구","차대사람","횡단중","횡단중","안전운전 의무 불이행","단일로","기타단일로","승용차","보행자","960815","1940012","127.0569274","37.45847867","N"
"2016","2016-03-05 00","야","토","1","0","0","0","0","인천","계양구","차대사람","기타","기타","안전운전 의무 불이행","단일로","기타단일로","승용차","보행자","930710","1949696","126.7156344","37.54399242","N"
"2016","2016-03-05 01","야","토","1","0","0","0","0","경북","경산시","차대차","기타","기타","안전운전 의무 불이행","단일로","기타단일로","승용차","승용차","1120660","1770221","128.837401","35.92121195","N"
"2016","2016-03-05 01","야","토","1","0","0","0","0","경북","경산시","차대사람","기타","기타","안전운전 의무 불이행","단일로","기타단일로","승용차","보행자","1111850","1758840","128.7381746","35.81967131","N"
"2016","2016-03-05 02","야","토","1","0","0","0","0","인천","서구","차대사람","기타","기타","안전운전 의무 불이행","단일로","기타단일로","승용차","보행자","926814.2","1945567.9","126.6719493","37.506486","N"
"2016","2016-03-05 03","야","토","1","0","0","0","0","서울","강동구","차대차","기타","기타","안전운전 의무 불이행","기타/불명","기타/불명","승용차","이륜차","968277","1951532","127.1408028","37.56260009","N"
"2016","2016-03-05 04","야","토","1","0","0","0","0","경기","의정부시","차량단독","전도전복","전도전복","안전운전 의무 불이행","단일로","기타단일로","승용차","없음","963889","1970406","127.0901852","37.73255381","N"
"2016","2016-03-05 04","야","토","1","2","1","1","0","경기","안산시","차대차","정면충돌","정면충돌","중앙선 침범","단일로","기타단일로","승용차","승용차","941248","1925719","126.8368267","37.32861609","N"
"2016","2016-03-05 11","주","토","1","0","0","0","0","전북","부안군","차대차","정면충돌","정면충돌","안전운전 의무 불이행","단일로","기타단일로","이륜차","화물차","924660","1737397","126.6679547","35.62983786","N"
"2016","2016-03-05 11","주","토","1","0","0","0","0","경북","군위군","차대사람","횡단중","횡단중","안전운전 의무 불이행","단일로","기타단일로","화물차","보행자","1098560","1795579","128.5956502","36.15227369","N"
"2016","2016-03-05 16","주","토","1","0","0","0","0","전북","김제시","차량단독","전도전복","전도전복","안전운전 의무 불이행","단일로","기타단일로","승합차","없음","936833","1757399","126.8008081","35.81102323","N"
"2016","2016-03-05 16","주","토","1","6","3","3","0","전남","광양시","차대차","정면충돌","정면충돌","중앙선 침범","단일로","기타단일로","승용차","승용차","1015924","1662314","127.6744121","34.9555625","Y"
"2016","2016-03-05 19","야","토","1","0","0","0","0","경북","예천군","차대사람","차도통행중","차도통행중","안전운전 의무 불이행","단일로","기타단일로","승용차","보행자","1084084","1838469","128.4393804","36.54025738","N"
"2016","2016-03-05 20","야","토","1","0","0","0","0","경북","포항시","차대사람","횡단중","횡단중","안전운전 의무 불이행","단일로","기타단일로","승용차","보행자","1168459","1781230","129.369328","36.01334757","N"
"2016","2016-03-05 22","야","토","1","0","0","0","0","부산","북구","차대차","기타","기타","중앙선 침범","단일로","기타단일로","자전거","승용차","1137665.5","1697076.5","129.0133734","35.25968548","N"
"2016","2016-03-05 23","야","토","1","0","0","0","0","부산","사하구","차대사람","기타","기타","안전운전 의무 불이행","단일로","기타단일로","승용차","보행자","1134510","1680120","128.9759285","35.10726569","N"
"2016","2016-03-06 01","야","일","1","0","0","0","0","경남","함안군","차량단독","전도전복","전도전복","안전운전 의무 불이행","단일로","기타단일로","승용차","없음","1079010","1698070","128.3687526","35.27498981","N"
"2016","2016-03-06 04","야","일","1","0","0","0","0","서울","강동구","차대사람","횡단중","횡단중","안전운전 의무 불이행","단일로","횡단보도상","승용차","보행자","968946","1948631","127.1485005","37.53647496","N"
"2016","2016-03-06 06","주","일","1","0","0","0","0","충북","진천군","차대사람","기타","기타","안전운전 의무 불이행","단일로","기타단일로","승용차","보행자","996428","1873347","127.4599286","36.8583717","N"
"2016","2016-03-06 19","야","일","2","0","0","0","0","경북","청송군","차대차","정면충돌","정면충돌","중앙선 침범","단일로","기타단일로","승합차","화물차","1140449","1819317","129.0654431","36.36104042","N"
"2016","2016-03-06 19","야","일","2","0","0","0","0","대구","달성군","차대사람","횡단중","횡단중","과속","단일로","기타단일로","승용차","보행자","1103958","1751284","128.6498453","35.7524263","N"
"2016","2016-03-07 05","야","월","1","0","0","0","0","대구","동구","차대사람","횡단중","횡단중","안전운전 의무 불이행","단일로","횡단보도상","승용차","보행자","1101612.1","1765868.5","128.6257574","35.88414311","N"
"2016","2016-03-07 08","주","월","1","0","0","0","0","경북","안동시","차량단독","전도전복","전도전복","안전운전 의무 불이행","단일로","기타단일로","승용차","없음","1101401","1832051","128.6319707","36.48072862","N"
"2016","2016-03-07 09","주","월","1","0","0","0","0","세종","세종시","차대사람","기타","기타","과속","단일로","터널안","화물차","보행자","980015","1830088","127.2769331","36.46819265","N"
"2016","2016-03-07 09","주","월","1","0","0","0","0","경남","사천시","차대사람","차도통행중","차도통행중","안전운전 의무 불이행","단일로","기타단일로","승용차","보행자","1052042","1663093","128.0700419","34.96137461","N"
"2016","2016-03-07 11","주","월","1","0","0","0","0","강원","속초시","차량단독","도로이탈","도로이탈 추락","안전운전 의무 불이행","단일로","기타단일로","건설기계","없음","1090018","2020536","128.5278056","38.18058764","N"
"2016","2016-03-07 12","주","월","1","0","0","0","0","전남","화순군","차량단독","기타","기타","안전운전 의무 불이행","단일로","기타단일로","농기계","없음","948660","1667375","126.937383","35.00002139","N"
"2016","2016-03-07 13","주","월","1","0","0","0","0","서울","성동구","차대사람","횡단중","횡단중","보행자 보호의무 위반","교차로","교차로내","특수차","보행자","958860","1950648","127.0342272","37.55425981","N"
"2016","2016-03-07 14","주","월","4","1","0","1","0","경북","청도군","차대차","추돌","진행중 추돌","안전운전 의무 불이행","단일로","기타단일로","화물차","화물차","1115293","1731915","128.7724179","35.5765664","N"
"2016","2016-03-07 19","야","월","1","0","0","0","0","충남","청양군","차대사람","기타","기타","안전운전 의무 불이행","단일로","기타단일로","승용차","보행자","937106","1820401","126.798802","36.3790119","N"
"2016","2016-03-07 21","야","월","1","0","0","0","0","경기","남양주시","차대차","기타","기타","신호위반","교차로","교차로내","승합차","이륜차","973774","1966608","127.2025029","37.69865824","N"
"2016","2016-03-07 22","야","월","1","1","1","0","0","강원","원주시","차대차","추돌","진행중 추돌","안전운전 의무 불이행","단일로","기타단일로","승용차","승용차","1041512","1924380","127.9685061","37.31747751","N"
"2016","2016-03-08 03","야","화","1","0","0","0","0","경남","창녕군","차대사람","횡단중","횡단중","안전운전 의무 불이행","단일로","기타단일로","승용차","보행자","1088800","1711088","128.4777978","35.39153445","N"
"2016","2016-03-08 10","주","화","1","0","0","0","0","전북","부안군","차량단독","전도전복","전도전복","안전운전 의무 불이행","단일로","기타단일로","이륜차","없음","925883.5","1739088.3","126.6813101","35.64517846","N"
"2016","2016-03-08 11","주","화","1","0","0","0","0","전북","부안군","차대사람","횡단중","횡단중","보행자 보호의무 위반","단일로","횡단보도상","화물차","보행자","931018","1748377","126.7372243","35.72929392","N"
"2016","2016-03-08 11","주","화","1","0","0","0","0","울산","울주군","차량단독","전도전복","전도전복","안전운전 의무 불이행","교차로","교차로부근","승합차","없음","1157028","1735057","129.2334684","35.59914278","N"
"2016","2016-03-08 13","주","화","1","1","0","1","0","경남","사천시","차대차","추돌","진행중 추돌","안전운전 의무 불이행","단일로","기타단일로","승용차","승용차","1050476","1667154","128.0531357","34.99807214","N"
"2016","2016-03-08 14","주","화","1","0","0","0","0","서울","성동구","차대사람","횡단중","횡단중","안전운전 의무 불이행","교차로","교차로내","건설기계","보행자","960069","1949132","127.0479972","37.54064883","N"
"2016","2016-03-08 14","주","화","1","0","0","0","0","전남","해남군","차대차","정면충돌","정면충돌","교차로 통행방법 위반","교차로","교차로내","자전거","화물차","909546","1599134","126.5160993","34.38197937","N"
"2016","2016-03-08 20","야","화","1","0","0","0","0","대구","서구","차대사람","횡단중","횡단중","안전운전 의무 불이행","단일로","기타단일로","승용차","보행자","1096909.4","1765272","128.5735922","35.87924293","N"
"2016","2016-03-09 04","야","수","1","0","0","0","0","경기","수원시","차대사람","횡단중","횡단중","안전운전 의무 불이행","단일로","기타단일로","승용차","보행자","957335","1919172","127.0187806","37.27048212","N"
"2016","2016-03-09 05","야","수","1","0","0","0","0","인천","남동구","차대차","측면충돌","측면충돌","안전운전 의무 불이행","단일로","기타단일로","건설기계","이륜차","930628.6","1935939","126.7160097","37.41999657","N"
"2016","2016-03-09 09","주","수","1","0","0","0","0","서울","강북구","차대사람","횡단중","횡단중","중앙선 침범","단일로","기타단일로","승용차","보행자","957486","1958657","127.0182066","37.62638421","N"
"2016","2016-03-09 10","주","수","1","1","0","1","0","경기","고양시","차대차","추돌","진행중 추돌","안전운전 의무 불이행","단일로","기타단일로","화물차","건설기계","933167","1961128","126.7424016","37.64720744","N"
"2016","2016-03-09 10","주","수","1","0","0","0","0","충북","진천군","차대차","기타","기타","안전운전 의무 불이행","교차로","교차로부근","이륜차","화물차","997729","1875477","127.4745171","36.87757688","N"
"2016","2016-03-09 14","주","수","1","0","0","0","0","경북","안동시","차대차","정면충돌","정면충돌","안전운전 의무 불이행","단일로","기타단일로","건설기계","농기계","1103019","1840253","128.6511243","36.55448334","N"
"2016","2016-03-09 19","야","수","1","0","0","0","0","경기","여주시","차대사람","차도통행중","차도통행중","안전운전 의무 불이행","단일로","기타단일로","승용차","보행자","1005742","1920290","127.5647738","37.2815201","N"
"2016","2016-03-09 21","야","수","1","0","0","0","0","서울","동대문구","차대사람","횡단중","횡단중","안전운전 의무 불이행","교차로","교차로내","승합차","보행자","958962","1953287","127.0352342","37.57805037","N"
"2016","2016-03-10 02","야","목","1","0","0","0","0","충남","예산군","차량단독","공작물충돌","공작물충돌","안전운전 의무 불이행","단일로","기타단일로","승용차","없음","941164","1857366","126.8412198","36.71249078","N"
"2016","2016-03-10 02","야","목","1","0","0","0","0","울산","남구","차대차","정면충돌","정면충돌","중앙선 침범","단일로","교량위","승용차","화물차","1159840","1729674","129.2634338","35.55017912","N"
"2016","2016-03-10 05","야","목","1","0","0","0","0","경북","경주시","차대사람","기타","기타","과속","단일로","기타단일로","승용차","보행자","1156038.3","1766155.6","129.2285965","35.87956732","N"
"2016","2016-03-10 09","주","목","1","0","0","0","0","전북","김제시","차량단독","전도전복","전도전복","안전운전 의무 불이행","교차로","교차로부근","승용차","없음","945551","1758976","126.8971945","35.82576353","N"
"2016","2016-03-10 10","주","목","1","0","0","0","0","전남","진도군","차량단독","공작물충돌","공작물충돌","안전운전 의무 불이행","단일로","기타단일로","승용차","없음","879497","1608276","126.1880245","34.46133903","N"
"2016","2016-03-10 17","주","목","1","0","0","0","0","서울","관악구","차대사람","길가장자리구역통행중","길가장자리구역통행중","안전운전 의무 불이행","교차로","교차로부근","승합차","보행자","952012","1942492","126.9572322","37.48041658","Y"
"2016","2016-03-10 19","야","목","1","0","0","0","0","충남","보령시","차량단독","전도전복","전도전복","안전운전 의무 불이행","단일로","기타단일로","화물차","없음","919052","1821291","126.5974473","36.38568362","N"
"2016","2016-03-10 23","야","목","1","0","0","0","0","경북","안동시","차량단독","전도전복","전도전복","안전운전 의무 불이행","단일로","기타단일로","승용차","없음","1124854","1839966","128.8950002","36.54929208","N"
"2016","2016-03-11 05","야","금","1","0","0","0","0","서울","강남구","차대사람","횡단중","횡단중","안전운전 의무 불이행","단일로","기타단일로","승용차","보행자","958128.9","1944750.4","127.0262865","37.50106994","N"
"2016","2016-03-11 06","주","금","1","0","0","0","0","대구","달성군","차대차","측면충돌","측면충돌","기타","단일로","기타단일로","화물차","승용차","1086645.3","1755012.9","128.4587851","35.78772033","N"
"2016","2016-03-11 07","주","금","1","4","4","0","0","경북","예천군","차대차","정면충돌","정면충돌","중앙선 침범","단일로","기타단일로","승용차","화물차","1084041","1861248","128.4413955","36.74558549","Y"
"2016","2016-03-11 11","주","금","1","6","6","0","0","경기","안산시","차대차","측면충돌","측면충돌","기타","교차로","교차로내","승합차","특수차","920687","1915989","126.6058016","37.23939229","N"
"2016","2016-03-11 14","주","금","1","9","4","5","0","경북","문경시","차대차","추돌","진행중 추돌","안전거리 미확보","단일로","터널안","승용차","승용차","1056495","1851974","128.1321718","36.66402756","N"
"2016","2016-03-11 14","주","금","1","0","0","0","0","경남","양산시","차대사람","횡단중","횡단중","안전운전 의무 불이행","교차로","교차로부근","화물차","보행자","1149686","1711806","129.1481625","35.39072114","N"
"2016","2016-03-11 17","주","금","1","0","0","0","0","경북","성주군","차대차","측면충돌","측면충돌","안전운전 의무 불이행","교차로","교차로내","자전거","승용차","1078039","1764200","128.364459","35.87126522","N"
"2016","2016-03-11 20","야","금","1","0","0","0","0","경남","양산시","차대차","측면충돌","측면충돌","교차로 통행방법 위반","교차로","교차로내","승용차","이륜차","1138043","1705826","129.0189954","35.33849994","N"
"2016","2016-03-11 23","야","금","1","0","0","0","0","대구","남구","차대차","정면충돌","정면충돌","중앙선 침범","단일로","기타단일로","원동기장치자전거","승용차","1098603","1760109","128.591713","35.83253183","N"
"2016","2016-03-12 20","야","토","1","0","0","0","0","충북","제천시","차대사람","횡단중","횡단중","안전운전 의무 불이행","교차로","교차로부근","승용차","보행자","1063195","1904962","128.2115604","37.14123379","N"
"2016","2016-03-12 20","야","토","1","1","0","1","0","전남","영암군","차대차","정면충돌","정면충돌","중앙선 침범","단일로","기타단일로","이륜차","승용차","926974","1646353","126.7015882","34.80913829","N"
"2016","2016-03-13 00","야","일","1","0","0","0","0","대전","대덕구","차대사람","횡단중","횡단중","과속","단일로","기타단일로","승용차","보행자","992884","1816351","127.4206989","36.3445312","N"
"2016","2016-03-13 01","야","일","1","0","0","0","0","서울","영등포구","차대차","추돌","진행중 추돌","안전운전 의무 불이행","단일로","기타단일로","승용차","원동기장치자전거","946778","1949116","126.8975563","37.53983293","N"
"2016","2016-03-13 03","야","일","2","0","0","0","0","서울","중구","차대차","측면충돌","측면충돌","신호위반","교차로","교차로내","이륜차","승용차","955674","1952037","126.9980737","37.56663138","N"
"2016","2016-03-13 05","야","일","1","0","0","0","0","대구","북구","차대사람","횡단중","횡단중","과속","교차로","교차로부근","승용차","보행자","1097049","1766204","128.575252","35.88763064","N"
"2016","2016-03-13 07","주","일","1","2","0","2","0","전북","군산시","차대차","정면충돌","정면충돌","중앙선 침범","단일로","기타단일로","화물차","화물차","928551.9","1773603.8","126.7076987","35.95654562","N"
"2016","2016-03-13 21","야","일","1","0","0","0","0","제주","제주시","차대사람","횡단중","횡단중","안전운전 의무 불이행","단일로","기타단일로","승용차","보행자","909249.1","1501304.7","126.523001","33.49976029","N"
"2016","2016-03-14 10","주","월","1","0","0","0","0","경기","안양시","차대사람","횡단중","횡단중","신호위반","교차로","교차로부근","승합차","보행자","947944","1932952","126.9118965","37.39420951","N"
"2016","2016-03-14 11","주","월","1","0","0","0","0","경기","성남시","차대차","추돌","진행중 추돌","안전운전 의무 불이행","단일로","기타단일로","승합차","농기계","967081","1932500","127.1281118","37.39101297","N"
"2016","2016-03-14 11","주","월","1","2","2","0","0","경남","밀양시","차대차","정면충돌","정면충돌","중앙선 침범","단일로","기타단일로","승용차","화물차","1108396","1722474","128.6950522","35.49223826","N"
"2016","2016-03-14 12","주","월","1","3","2","1","0","강원","양양군","차대차","추돌","진행중 추돌","과속","단일로","기타단일로","승합차","승용차","1100263","2007848","128.6429763","38.06517516","Y"
"2016","2016-03-14 12","주","월","1","0","0","0","0","경남","진주시","차대차","측면충돌","측면충돌","안전거리 미확보","교차로","교차로내","승용차","원동기장치자전거","1057328","1687416","128.1296214","35.18040448","N"
"2016","2016-03-14 15","주","월","1","1","1","0","0","경기","포천시","차대차","추돌","진행중 추돌","신호위반","교차로","교차로내","건설기계","화물차","979113","1980293","127.262672","37.82214099","N"
"2016","2016-03-14 17","주","월","1","0","0","0","0","경기","파주시","차대차","측면충돌","측면충돌","기타","교차로","교차로내","화물차","화물차","935401","1971080","126.766841","37.73706107","N"
"2016","2016-03-14 19","야","월","1","2","0","2","0","경북","상주시","차대차","추돌","진행중 추돌","안전운전 의무 불이행","단일로","기타단일로","화물차","승용차","1065152","1819083","128.22626","36.36698017","N"
"2016","2016-03-14 23","야","월","1","0","0","0","0","경북","포항시","차대사람","횡단중","횡단중","안전운전 의무 불이행","단일로","기타단일로","승용차","보행자","1168579.8","1787195.7","129.3719402","36.06708396","N"
"2016","2016-03-15 12","주","화","1","0","0","0","0","경남","의령군","차대차","추돌","진행중 추돌","안전운전 의무 불이행","단일로","기타단일로","화물차","화물차","1064882","1704604","128.2139378","35.33491797","N"
"2016","2016-03-15 14","주","화","1","0","0","0","0","전남","완도군","차량단독","전도전복","전도전복","안전운전 의무 불이행","단일로","기타단일로","화물차","없음","942881","1575865","126.8802139","34.17451816","N"
"2016","2016-03-15 14","주","화","1","1","1","0","0","제주","서귀포시","차대차","기타","기타","기타","교차로","교차로내","화물차","승용차","937901.7","1491386.1","126.8321306","33.41235177","N"
"2016","2016-03-15 18","야","화","1","0","0","0","0","경기","과천시","차대차","측면충돌","측면충돌","안전운전 의무 불이행","단일로","기타단일로","승용차","이륜차","955559","1936803","126.9976921","37.42931689","N"
"2016","2016-03-15 18","야","화","1","0","0","0","0","전북","완주군","차대차","기타","기타","안전운전 의무 불이행","단일로","기타단일로","건설기계","농기계","971788","1772767","127.1871703","35.95120866","N"
"2016","2016-03-15 19","야","화","1","0","0","0","0","경기","광주시","차대차","추돌","진행중 추돌","안전운전 의무 불이행","단일로","기타단일로","화물차","화물차","985999","1927920","127.3419152","37.35020862","N"
"2016","2016-03-15 20","야","화","1","5","1","4","0","서울","동대문구","차대차","정면충돌","정면충돌","중앙선 침범","단일로","기타단일로","승용차","승합차","960634","1951904","127.0542438","37.56565804","N"
"2016","2016-03-15 20","야","화","1","0","0","0","0","경북","경주시","차대차","추돌","진행중 추돌","안전운전 의무 불이행","단일로","기타단일로","승용차","승용차","1156221","1775146","129.2323861","35.96055909","N"
"2016","2016-03-15 21","야","화","1","0","0","0","0","충남","논산시","차대사람","기타","기타","안전운전 의무 불이행","교차로","교차로내","승용차","보행자","975572","1804104","127.2281576","36.23383578","N"
"2016","2016-03-16 00","야","수","1","0","0","0","0","대구","달성군","차량단독","전도전복","전도전복","안전운전 의무 불이행","단일로","기타단일로","승용차","없음","1084232.7","1754125.6","128.4319979","35.77993115","N"
"2016","2016-03-16 04","야","수","1","0","0","0","0","대구","달성군","차대사람","횡단중","횡단중","안전운전 의무 불이행","단일로","기타단일로","화물차","보행자","1086195","1740812","128.4522779","35.65973729","N"
"2016","2016-03-16 05","야","수","1","0","0","0","0","경기","안산시","차대사람","횡단중","횡단중","과속","교차로","교차로부근","승용차","보행자","939940","1924301","126.8221781","37.31575155","N"
"2016","2016-03-16 06","주","수","1","0","0","0","0","경기","안성시","차대사람","횡단중","횡단중","안전운전 의무 불이행","단일로","기타단일로","승용차","보행자","978783","1890892","127.2614919","37.01629863","N"
"2016","2016-03-16 08","주","수","1","0","0","0","0","강원","삼척시","차량단독","전도전복","전도전복","안전운전 의무 불이행","기타/불명","기타/불명","농기계","없음","1153684","1927321","129.2347565","37.33219489","N"
"2016","2016-03-16 12","주","수","1","0","0","0","0","충남","홍성군","차대차","측면충돌","측면충돌","교차로 통행방법 위반","교차로","교차로부근","이륜차","화물차","933000","1834397","126.7518177","36.50490149","N"
"2016","2016-03-16 13","주","수","1","6","3","3","0","경북","경주시","차대차","측면충돌","측면충돌","중앙선 침범","단일로","기타단일로","승용차","화물차","1155689","1763829","129.2242741","35.85865551","N"
"2016","2016-03-16 15","주","수","1","0","0","0","0","경남","김해시","차대사람","횡단중","횡단중","보행자 보호의무 위반","교차로","교차로내","화물차","보행자","1111929","1701531","128.7311216","35.3030502","N"
"2016","2016-03-16 16","주","수","1","0","0","0","0","충북","청주시","차대차","측면충돌","측면충돌","안전운전 의무 불이행","단일로","기타단일로","승합차","자전거","998774","1848751","127.486286","36.63664931","N"
"2016","2016-03-16 17","주","수","1","0","0","0","0","전남","곡성군","차량단독","전도전복","전도전복","안전운전 의무 불이행","단일로","기타단일로","이륜차","없음","987887","1692001","127.3668946","35.22331138","N"
"2016","2016-03-16 18","야","수","1","0","0","0","0","경기","고양시","차대차","측면충돌","측면충돌","신호위반","교차로","교차로내","화물차","자전거","947177","1965891","126.9008606","37.69104891","N"
"2016","2016-03-16 18","야","수","1","0","0","0","0","강원","춘천시","차대사람","횡단중","횡단중","안전운전 의무 불이행","교차로","교차로부근","승용차","보행자","1021468","1984555","127.7440561","37.86054118","N"
"2016","2016-03-16 19","야","수","1","0","0","0","0","경북","경주시","차대사람","횡단중","횡단중","과속","단일로","기타단일로","승용차","보행자","1165176","1744192","129.325248","35.68013933","N"
"2016","2016-03-16 20","야","수","1","0","0","0","0","경기","파주시","차대사람","횡단중","횡단중","안전운전 의무 불이행","단일로","기타단일로","승용차","보행자","940950","1974967","126.8294985","37.77246814","N"
"2016","2016-03-16 23","야","수","1","0","0","0","0","전북","익산시","차대사람","횡단중","횡단중","신호위반","교차로","교차로내","승용차","보행자","952074","1771248","126.9686693","35.93674511","N"
"2016","2016-03-17 02","야","목","2","1","1","0","0","전남","무안군","차대차","기타","기타","안전운전 의무 불이행","교차로","교차로내","승용차","승용차","906862","1668040","126.4793091","35.00303031","N"
"2016","2016-03-17 06","주","목","1","0","0","0","0","부산","금정구","차대사람","기타","기타","안전운전 의무 불이행","단일로","횡단보도상","승용차","보행자","1144636.4","1693505.2","129.0893514","35.22651265","N"
"2016","2016-03-17 14","주","목","1","3","3","0","0","전남","곡성군","차대차","정면충돌","정면충돌","중앙선 침범","단일로","기타단일로","건설기계","승용차","990995","1688162","127.4010892","35.18872738","Y"
"2016","2016-03-17 17","주","목","1","0","0","0","0","전남","화순군","차대차","측면충돌","측면충돌","교차로 통행방법 위반","교차로","교차로내","이륜차","승용차","944155","1663404","126.8882831","34.96397624","N"
"2016","2016-03-17 22","야","목","1","0","0","0","0","서울","용산구","차대사람","기타","기타","안전운전 의무 불이행","단일로","기타단일로","승합차","보행자","953378","1949556","126.9722336","37.54415624","N"
"2016","2016-03-17 22","야","목","1","0","0","0","0","경기","수원시","차대사람","횡단중","횡단중","안전운전 의무 불이행","단일로","기타단일로","승용차","보행자","953977","1921990","126.9807326","37.29572251","N"
"2016","2016-03-17 22","야","목","1","0","0","0","0","대구","동구","차량단독","전도전복","전도전복","안전운전 의무 불이행","단일로","기타단일로","이륜차","없음","1105168","1773935.1","128.666213","35.95648134","N"
"2016","2016-03-17 22","야","목","1","1","1","0","0","광주","북구","차대사람","횡단중","횡단중","안전운전 의무 불이행","교차로","교차로부근","승용차","보행자","942898","1689356","126.8727262","35.1979096","N"
"2016","2016-03-17 23","야","목","1","0","0","0","0","경북","청도군","차대사람","기타","기타","안전운전 의무 불이행","단일로","기타단일로","승용차","보행자","1095114","1737464","128.5504053","35.62873577","N"
"2016","2016-03-18 00","야","금","1","1","0","0","1","부산","해운대구","차대사람","횡단중","횡단중","안전운전 의무 불이행","단일로","기타단일로","이륜차","보행자","1152220","1687937","129.1716248","35.17520219","N"
"2016","2016-03-18 00","야","금","1","0","0","0","0","광주","북구","차량단독","전도전복","전도전복","안전운전 의무 불이행","단일로","기타단일로","승용차","없음","944580","1686123.6","126.8914196","35.16885845","N"
"2016","2016-03-18 02","야","금","1","2","2","0","0","전남","여수시","차량단독","전도전복","전도전복","안전운전 의무 불이행","단일로","기타단일로","승용차","없음","1012790","1645304","127.6398262","34.80221765","N"
"2016","2016-03-18 03","야","금","1","0","0","0","0","충남","천안시","차대사람","횡단중","횡단중","안전운전 의무 불이행","단일로","기타단일로","승용차","보행자","967018","1866355","127.130308","36.79477319","N"