"발생년","발생년월일시","주야","요일","사망자수","부상자수","중상자수","경상자수","부상신고자수","발생지시도","발생지시군구","사고유형_대분류","사고유형_중분류","사고유형","가해자법규위반","도로형태_대분류","도로형태","가해자_당사자종별","피해자_당사자종별","발생위치(X_UTMK)","발생위치(Y_UTMK)","경도","위도"," 어린이사고 여부"
"2016","2016-03-31 19","야","목","1","1","0","1","0","경기","성남시","차대차","정면충돌","정면충돌","안전운전 의무 불이행","단일로","기타단일로","승용차","승용차","966996","1929796","127.1272722","37.36663701","N"
"2016","2016-03-31 19","야","목","1","0","0","0","0","인천","강화군","차량단독","전도전복","전도전복","안전운전 의무 불이행","단일로","기타단일로","이륜차","없음","912492","1975066","126.5063887","37.77107886","N"
"2016","2016-03-31 21","야","목","1","0","0","0","0","서울","동작구","차대차","측면충돌","측면충돌","중앙선 침범","단일로","기타단일로","이륜차","승합차","948645.1","1944415.1","126.9190184","37.49756883","N"
"2016","2016-04-01 00","야","금","1","0","0","0","0","경기","안산시","차대사람","횡단중","횡단중","과속","단일로","기타단일로","승용차","보행자","940076","1924465","126.8236997","37.31723852","N"
"2016","2016-04-01 01","야","금","1","0","0","0","0","서울","강북구","차대사람","횡단중","횡단중","안전운전 의무 불이행","단일로","횡단보도상","승용차","보행자","958743","1956851","127.0325532","37.61016371","N"
"2016","2016-04-01 03","야","금","1","0","0","0","0","경기","안산시","차대사람","횡단중","횡단중","안전운전 의무 불이행","교차로","교차로내","화물차","보행자","941224","1924384","126.8366616","37.31658177","N"
"2016","2016-04-01 03","야","금","1","0","0","0","0","경북","의성군","차대차","정면충돌","정면충돌","안전운전 의무 불이행","단일로","기타단일로","승용차","승용차","1113124","1826072","128.7619375","36.42552645","N"
"2016","2016-04-01 04","야","금","1","0","0","0","0","경기","동두천시","차대사람","기타","기타","안전운전 의무 불이행","단일로","기타단일로","화물차","보행자","961915","1997218","127.0663702","37.9741268","N"
"2016","2016-04-01 06","주","금","1","0","0","0","0","충남","아산시","차대차","측면충돌","측면충돌","신호위반","교차로","교차로내","화물차","원동기장치자전거","956545","1865855","127.0129491","36.78984319","N"
"2016","2016-04-01 09","주","금","1","0","0","0","0","경남","양산시","차대차","기타","기타","안전운전 의무 불이행","단일로","기타단일로","화물차","자전거","1138956.2","1704135.9","129.028754","35.32313916","N"
"2016","2016-04-01 10","주","금","1","0","0","0","0","강원","삼척시","차대사람","횡단중","횡단중","보행자 보호의무 위반","교차로","교차로부근","건설기계","보행자","1152766","1932772","129.2255228","37.38145871","N"
"2016","2016-04-01 17","주","금","1","0","0","0","0","전북","임실군","차량단독","전도전복","전도전복","안전운전 의무 불이행","단일로","기타단일로","농기계","없음","973239","1730710","127.2046644","35.57205595","N"
"2016","2016-04-01 18","야","금","1","2","2","0","0","강원","원주시","차대차","정면충돌","정면충돌","중앙선 침범","단일로","기타단일로","승용차","승용차","1051633","1914778","128.0820605","37.23042209","N"
"2016","2016-04-01 19","야","금","1","0","0","0","0","경기","양주시","차대사람","횡단중","횡단중","과속","단일로","횡단보도부근","승용차","보행자","952942","1978693","126.9654173","37.80674604","N"
"2016","2016-04-01 22","야","금","1","0","0","0","0","경기","평택시","차대차","추돌","진행중 추돌","안전운전 의무 불이행","교차로","교차로부근","원동기장치자전거","화물차","967482","1888722","127.1345488","36.99641444","N"
"2016","2016-04-02 03","야","토","1","2","2","0","0","전북","정읍시","차량단독","전도전복","전도전복","안전운전 의무 불이행","단일로","교량위","승용차","없음","948581","1740939","126.9318948","35.6633076","N"
"2016","2016-04-02 04","야","토","1","0","0","0","0","서울","성동구","차대사람","기타","기타","안전운전 의무 불이행","단일로","기타단일로","승용차","보행자","960849","1948397","127.0568655","37.53405749","N"
"2016","2016-04-02 04","야","토","1","1","0","1","0","인천","남동구","차대차","측면충돌","측면충돌","신호위반","단일로","횡단보도상","승용차","자전거","930963","1939929","126.7194151","37.45598313","N"
"2016","2016-04-02 11","주","토","1","0","0","0","0","경남","진주시","차량단독","전도전복","전도전복","안전운전 의무 불이행","단일로","기타단일로","농기계","없음","1059250","1684884","128.1505473","35.15746287","N"
"2016","2016-04-02 15","주","토","1","0","0","0","0","충남","아산시","차량단독","기타","기타","안전운전 의무 불이행","단일로","기타단일로","이륜차","없음","943530","1867648","126.8669489","36.8053189","N"
"2016","2016-04-02 15","주","토","1","0","0","0","0","경북","경주시","차대차","측면충돌","측면충돌","중앙선 침범","단일로","기타단일로","승용차","이륜차","1162689","1760872","129.3011635","35.83087047","N"
"2016","2016-04-02 15","주","토","1","4","4","0","0","경기","남양주시","차대차","추돌","진행중 추돌","안전운전 의무 불이행","단일로","기타단일로","화물차","화물차","981296","1947921","127.2883068","37.53040868","N"
"2016","2016-04-02 16","주","토","1","0","0","0","0","충북","충주시","차량단독","기타","기타","안전운전 의무 불이행","단일로","기타단일로","원동기장치자전거","없음","1038257","1881230","127.9295675","36.92866372","N"
"2016","2016-04-02 16","주","토","1","0","0","0","0","경북","영덕군","차대차","기타","기타","안전운전 의무 불이행","교차로","교차로내","승합차","자전거","1160790","1826057","129.2934647","36.41858914","N"
"2016","2016-04-02 17","주","토","1","0","0","0","0","전북","무주군","차량단독","기타","기타","안전운전 의무 불이행","단일로","기타단일로","이륜차","없음","1021823","1768883","127.741879","35.9163544","N"
"2016","2016-04-02 21","야","토","1","0","0","0","0","전북","군산시","차대사람","횡단중","횡단중","보행자 보호의무 위반","교차로","교차로내","승용차","보행자","928818.6","1776813.5","126.7103678","35.98550097","N"
"2016","2016-04-02 22","야","토","1","0","0","0","0","경기","안성시","차대사람","기타","기타","안전운전 의무 불이행","단일로","기타단일로","화물차","보행자","979895","1891580","127.2739738","37.02252495","N"
"2016","2016-04-02 22","야","토","1","0","0","0","0","경남","밀양시","차대사람","횡단중","횡단중","안전운전 의무 불이행","단일로","기타단일로","승용차","보행자","1115249","1720512","128.7703112","35.47377995","N"
"2016","2016-04-03 01","야","일","1","0","0","0","0","전북","정읍시","차량단독","전도전복","전도전복","안전운전 의무 불이행","단일로","교량위","승합차","없음","939642","1731963","126.833809","35.58187448","N"
"2016","2016-04-03 01","야","일","1","0","0","0","0","전남","목포시","차량단독","전도전복","전도전복","안전운전 의무 불이행","단일로","기타단일로","이륜차","없음","901906","1647698","126.4273933","34.81915833","N"
"2016","2016-04-03 02","야","일","1","0","0","0","0","충남","서천군","차량단독","기타","기타","안전운전 의무 불이행","교차로","교차로내","승용차","없음","924651","1784967","126.6633632","36.05869118","N"
"2016","2016-04-03 03","야","일","2","0","0","0","0","서울","동작구","차대차","추돌","진행중 추돌","과속","단일로","기타단일로","승용차","화물차","951206","1946495","126.9478507","37.51645439","N"
"2016","2016-04-03 03","야","일","1","0","0","0","0","대구","수성구","차대차","추돌","진행중 추돌","안전운전 의무 불이행","단일로","기타단일로","승용차","자전거","1103334","1763107","128.6444728","35.85906973","N"
"2016","2016-04-03 04","야","일","1","0","0","0","0","충북","진천군","차량단독","도로이탈","도로이탈 추락","안전운전 의무 불이행","단일로","기타단일로","화물차","없음","992432","1874862","127.4150855","36.87200529","N"
"2016","2016-04-03 11","주","일","1","1","1","0","0","경기","연천군","차량단독","공작물충돌","공작물충돌","안전운전 의무 불이행","단일로","기타단일로","승용차","없음","964026","2003996","127.0900651","38.03530077","N"
"2016","2016-04-03 14","주","일","1","0","0","0","0","충남","공주시","차량단독","전도전복","전도전복","안전운전 의무 불이행","단일로","기타단일로","이륜차","없음","963674","1831190","127.0944909","36.47764691","N"
"2016","2016-04-03 15","주","일","1","1","1","0","0","강원","춘천시","차대차","정면충돌","정면충돌","중앙선 침범","단일로","기타단일로","승용차","승용차","1010554.8","1972409","127.6198142","37.7512589","N"
"2016","2016-04-04 01","야","월","1","0","0","0","0","경기","안산시","차대차","추돌","진행중 추돌","과속","단일로","기타단일로","승용차","원동기장치자전거","919034","1922507","126.5864579","37.297996","N"
"2016","2016-04-04 09","주","월","1","0","0","0","0","경기","여주시","차대사람","횡단중","횡단중","안전운전 의무 불이행","교차로","교차로부근","화물차","보행자","1008956","1917995","127.6010023","37.26080757","N"
"2016","2016-04-04 09","주","월","1","0","0","0","0","충남","부여군","차대사람","횡단중","횡단중","보행자 보호의무 위반","단일로","횡단보도상","화물차","보행자","947058","1809516","126.9104896","36.28148373","N"
"2016","2016-04-04 09","주","월","1","0","0","0","0","충남","천안시","차량단독","공작물충돌","공작물충돌","안전운전 의무 불이행","단일로","기타단일로","특수차","없음","988909","1867978","127.3756574","36.80991362","N"
"2016","2016-04-04 10","주","월","1","0","0","0","0","인천","미추홀구","차대차","추돌","진행중 추돌","안전운전 의무 불이행","단일로","기타단일로","화물차","화물차","923445","1938798","126.6345367","37.44519775","N"
"2016","2016-04-04 12","주","월","1","0","0","0","0","충남","논산시","차대사람","횡단중","횡단중","안전운전 의무 불이행","교차로","교차로내","승용차","보행자","956560","1795739","127.0170549","36.15775483","N"
"2016","2016-04-04 19","야","월","1","0","0","0","0","경북","경주시","차량단독","전도전복","전도전복","안전운전 의무 불이행","교차로","교차로내","화물차","없음","1155569","1761804","129.2225508","35.84042511","N"
"2016","2016-04-04 20","야","월","1","0","0","0","0","강원","홍천군","차대사람","차도통행중","차도통행중","안전운전 의무 불이행","단일로","기타단일로","화물차","보행자","1035892","1966199","127.907122","37.69464427","N"
"2016","2016-04-05 02","야","화","1","0","0","0","0","경기","성남시","차대차","측면충돌","측면충돌","신호위반","교차로","교차로내","자전거","승용차","966377","1932546","127.1201568","37.39140232","N"
"2016","2016-04-05 03","야","화","1","1","0","1","0","경북","문경시","차대차","추돌","진행중 추돌","안전운전 의무 불이행","단일로","교량위","화물차","화물차","1057835","1848519","128.1469048","36.63280232","N"
"2016","2016-04-05 11","주","화","1","1","0","1","0","경남","창원시(통합)","차대차","측면충돌","측면충돌","신호위반","교차로","교차로내","승용차","승용차","1104245","1694785","128.645763","35.24306428","N"
"2016","2016-04-05 14","주","화","1","1","1","0","0","경북","영천시","차대차","정면충돌","정면충돌","중앙선 침범","단일로","기타단일로","원동기장치자전거","화물차","1134114","1777451","128.9877045","35.98462223","N"
"2016","2016-04-05 15","주","화","1","0","0","0","0","충북","청주시","차량단독","전도전복","전도전복","안전운전 의무 불이행","단일로","기타단일로","승합차","없음","1015023","1846614","127.6680048","36.61726661","N"
"2016","2016-04-05 15","주","화","1","0","0","0","0","대구","달서구","차대사람","횡단중","횡단중","보행자 보호의무 위반","교차로","교차로내","승용차","보행자","1093441.2","1759092.4","128.5344522","35.82387297","N"
"2016","2016-04-05 17","주","화","1","0","0","0","0","경북","예천군","차량단독","기타","기타","안전운전 의무 불이행","단일로","기타단일로","농기계","없음","1092401","1860369","128.5349215","36.73688516","N"
"2016","2016-04-05 18","야","화","1","0","0","0","0","경기","광명시","차대차","측면충돌","측면충돌","안전운전 의무 불이행","교차로","교차로내","특수차","이륜차","941045","1940712","126.8333395","37.46373835","N"
"2016","2016-04-05 18","야","화","1","1","0","1","0","충북","청주시","차대차","추돌","진행중 추돌","안전운전 의무 불이행","단일로","기타단일로","이륜차","승용차","988744","1847307","127.374112","36.62356595","N"
"2016","2016-04-05 20","야","화","1","1","0","1","0","경기","남양주시","차대차","추돌","진행중 추돌","안전운전 의무 불이행","단일로","기타단일로","승용차","건설기계","975135","1972854","127.2177277","37.75499269","N"
"2016","2016-04-06 04","야","수","1","0","0","0","0","충북","괴산군","차대차","측면충돌","측면충돌","기타","교차로","교차로내","이륜차","화물차","1023746","1870553","127.7662989","36.83289326","N"
"2016","2016-04-06 05","야","수","1","2","1","1","0","서울","용산구","차대차","추돌","진행중 추돌","과속","단일로","교량위","승용차","이륜차","955487","1946275","126.9963057","37.51468799","N"
"2016","2016-04-06 08","주","수","1","0","0","0","0","충남","천안시","차대차","측면충돌","측면충돌","안전거리 미확보","단일로","기타단일로","승합차","이륜차","982531","1861518","127.3043012","36.75158233","N"
"2016","2016-04-06 10","주","수","1","0","0","0","0","서울","성동구","차량단독","기타","기타","안전운전 의무 불이행","단일로","기타단일로","자전거","없음","962110","1951074","127.0709996","37.5582389","N"
"2016","2016-04-06 12","주","수","1","0","0","0","0","광주","남구","차대사람","횡단중","횡단중","안전운전 의무 불이행","단일로","기타단일로","승용차","보행자","945303.7","1682303.9","126.8996193","35.13445695","N"
"2016","2016-04-06 13","주","수","1","0","0","0","0","경기","양평군","차대차","기타","기타","안전운전 의무 불이행","단일로","기타단일로","승용차","이륜차","994496","1946049","127.4377192","37.51370847","N"
"2016","2016-04-06 15","주","수","1","0","0","0","0","울산","남구","차량단독","전도전복","전도전복","안전운전 의무 불이행","단일로","기타단일로","이륜차","없음","1161496","1729287","129.2816186","35.54642284","N"
"2016","2016-04-06 18","야","수","1","0","0","0","0","경기","화성시","차대차","측면충돌","측면충돌","안전운전 의무 불이행","단일로","기타단일로","화물차","원동기장치자전거","944683","1908073","126.8769088","37.16977458","N"
"2016","2016-04-06 19","야","수","1","1","0","1","0","인천","계양구","차대차","기타","기타","신호위반","교차로","교차로내","승용차","이륜차","931315","1947908","126.7226498","37.52792287","N"
"2016","2016-04-06 20","야","수","1","0","0","0","0","경남","양산시","차대차","측면충돌","측면충돌","신호위반","교차로","교차로내","승용차","이륜차","1151219","1714100","129.165461","35.41116559","N"
"2016","2016-04-06 21","야","수","1","0","0","0","0","부산","영도구","차대사람","횡단중","횡단중","보행자 보호의무 위반","단일로","기타단일로","승용차","보행자","1140017.6","1678147","129.0360087","35.08873026","N"
"2016","2016-04-06 21","야","수","1","0","0","0","0","전남","담양군","차대사람","횡단중","횡단중","안전운전 의무 불이행","단일로","기타단일로","승용차","보행자","950746","1698481","126.9583872","35.28060269","N"
"2016","2016-04-06 22","야","수","1","0","0","0","0","경남","창원시(통합)","차대차","정면충돌","정면충돌","신호위반","교차로","교차로내","이륜차","승용차","1106573","1690318","128.6707669","35.20254837","N"
"2016","2016-04-06 23","야","수","1","0","0","0","0","서울","영등포구","차대사람","차도통행중","차도통행중","안전운전 의무 불이행","단일로","기타단일로","승합차","보행자","947421.7","1944624.8","126.9051637","37.49939002","N"
"2016","2016-04-06 23","야","수","1","0","0","0","0","충남","청양군","차대사람","횡단중","횡단중","안전운전 의무 불이행","단일로","기타단일로","승용차","보행자","933553","1831714","126.7582232","36.48075431","N"
"2016","2016-04-07 00","야","목","1","0","0","0","0","전북","익산시","차대사람","횡단중","횡단중","안전운전 의무 불이행","교차로","교차로내","승용차","보행자","949530","1772647","126.9403776","35.94922978","N"
"2016","2016-04-07 03","야","목","1","0","0","0","0","경북","안동시","차대사람","횡단중","횡단중","안전운전 의무 불이행","단일로","기타단일로","승용차","보행자","1109084","1842327","128.7191742","36.57250294","N"
"2016","2016-04-07 05","야","목","1","0","0","0","0","서울","서초구","차대사람","보도통행중","보도통행중","신호위반","교차로","교차로부근","승용차","보행자","956580","1942819","127.0088774","37.48358999","N"
"2016","2016-04-07 08","주","목","1","1","0","1","0","경기","이천시","차대차","정면충돌","정면충돌","안전운전 의무 불이행","교차로","교차로내","승용차","화물차","989959","1912217","127.3868394","37.2087133","N"
"2016","2016-04-07 08","주","목","1","0","0","0","0","충남","보령시","차량단독","도로이탈","도로이탈 추락","안전운전 의무 불이행","단일로","교량위","승용차","없음","914315","1833176","126.5433231","36.49240456","N"
"2016","2016-04-07 10","주","목","1","0","0","0","0","전북","전주시","차대사람","횡단중","횡단중","신호위반","교차로","교차로내","승용차","보행자","958491","1764593","127.0401563","35.87703881","N"
"2016","2016-04-07 12","주","목","1","4","4","0","0","경북","군위군","차대차","측면충돌","측면충돌","중앙선 침범","단일로","기타단일로","승용차","승용차","1104178","1787252","128.6569903","36.07662709","N"
"2016","2016-04-07 14","주","목","1","0","0","0","0","경기","포천시","차대차","기타","기타","기타","단일로","기타단일로","화물차","화물차","974808","1976466","127.2138902","37.7875392","N"
"2016","2016-04-07 16","주","목","1","0","0","0","0","전북","완주군","차량단독","전도전복","전도전복","안전운전 의무 불이행","단일로","기타단일로","승용차","없음","977834.6","1762321.8","127.2545086","35.85719071","N"
"2016","2016-04-07 19","야","목","1","0","0","0","0","경기","성남시","차대차","측면충돌","측면충돌","신호위반","교차로","교차로부근","이륜차","승용차","970437","1937112","127.1658396","37.43269706","N"
"2016","2016-04-07 19","야","목","1","0","0","0","0","경기","수원시","차대사람","차도통행중","차도통행중","안전운전 의무 불이행","단일로","기타단일로","승용차","보행자","960157","1922395","127.0504363","37.29965843","N"
"2016","2016-04-07 21","야","목","1","0","0","0","0","경기","평택시","차대사람","기타","기타","안전운전 의무 불이행","단일로","기타단일로","승용차","보행자","961410","1902787","127.0655884","37.12296777","N"
"2016","2016-04-07 21","야","목","1","1","1","0","0","충남","공주시","차량단독","공작물충돌","공작물충돌","안전운전 의무 불이행","단일로","기타단일로","화물차","없음","973099","1827223","127.199839","36.44219505","N"
"2016","2016-04-08 01","야","금","1","0","0","0","0","경기","성남시","차량단독","공작물충돌","공작물충돌","안전운전 의무 불이행","단일로","기타단일로","승합차","없음","966630","1937412","127.122795","37.43527166","N"
"2016","2016-04-08 10","주","금","1","0","0","0","0","충남","태안군","차대사람","횡단중","횡단중","보행자 보호의무 위반","단일로","횡단보도상","화물차","보행자","892035","1862811","126.2904439","36.75725102","N"
"2016","2016-04-08 10","주","금","1","1","1","0","0","경북","김천시","차대차","측면충돌","측면충돌","안전운전 의무 불이행","단일로","기타단일로","이륜차","화물차","1062019","1789617","128.1890036","36.10155329","N"
"2016","2016-04-08 12","주","금","1","0","0","0","0","충남","당진시","차량단독","전도전복","전도전복","안전운전 의무 불이행","단일로","기타단일로","이륜차","없음","910832","1895377","126.4971641","37.052729","N"
"2016","2016-04-08 12","주","금","1","2","1","1","0","전남","담양군","차대차","측면충돌","측면충돌","신호위반","교차로","교차로내","이륜차","승용차","944897","1698393","126.8940786","35.27950419","N"
"2016","2016-04-08 12","주","금","1","0","0","0","0","경북","예천군","차량단독","도로이탈","도로이탈 추락","안전운전 의무 불이행","단일로","기타단일로","화물차","없음","1090314","1850762","128.5104159","36.65049354","N"
"2016","2016-04-08 15","주","금","1","0","0","0","0","광주","남구","차량단독","기타","기타","안전운전 의무 불이행","단일로","터널안","이륜차","없음","946497","1677555","126.9130243","35.09170126","N"
"2016","2016-04-08 20","야","금","1","0","0","0","0","경북","경주시","차대사람","횡단중","횡단중","안전운전 의무 불이행","단일로","기타단일로","승용차","보행자","1156953","1767972","129.2390834","35.8957904","N"
"2016","2016-04-08 20","야","금","1","0","0","0","0","대구","북구","차대사람","횡단중","횡단중","보행자 보호의무 위반","단일로","횡단보도부근","승용차","보행자","1098352.9","1766937.5","128.5897868","35.89411256","N"
"2016","2016-04-09 05","야","토","1","0","0","0","0","제주","제주시","차대사람","횡단중","횡단중","보행자 보호의무 위반","단일로","횡단보도상","승용차","보행자","913470.5","1501485.1","126.5684246","33.50173722","N"
"2016","2016-04-09 05","야","토","1","0","0","0","0","대구","서구","차대사람","횡단중","횡단중","안전운전 의무 불이행","단일로","기타단일로","승용차","보행자","1095645","1765247","128.5595839","35.87914193","N"
"2016","2016-04-09 05","야","토","1","0","0","0","0","광주","서구","차대사람","횡단중","횡단중","신호위반","단일로","횡단보도상","승용차","보행자","943290","1685795","126.8772771","35.16582359","N"
"2016","2016-04-09 10","주","토","1","0","0","0","0","경기","안성시","차량단독","전도전복","전도전복","안전운전 의무 불이행","기타/불명","기타/불명","승용차","없음","970721","1889763","127.170909","37.00590479","N"
"2016","2016-04-09 10","주","토","1","0","0","0","0","경북","봉화군","차대차","측면충돌","측면충돌","안전운전 의무 불이행","단일로","기타단일로","화물차","이륜차","1123028","1879454","128.8809624","36.90540395","N"
"2016","2016-04-09 10","주","토","1","1","0","1","0","인천","중구","차대차","측면충돌","측면충돌","신호위반","교차로","교차로내","승용차","승용차","914936","1945052","126.5376308","37.50081802","N"
"2016","2016-04-09 11","주","토","1","0","0","0","0","충남","금산군","차량단독","전도전복","전도전복","안전운전 의무 불이행","단일로","기타단일로","농기계","없음","1002609","1805062","127.5290371","36.242778","N"
"2016","2016-04-09 12","주","토","1","0","0","0","0","충북","제천시","차대차","기타","기타","안전운전 의무 불이행","단일로","기타단일로","승합차","승용차","1056782","1881358","128.1375746","36.92888318","N"
"2016","2016-04-09 12","주","토","1","0","0","0","0","경남","합천군","차대차","측면충돌","측면충돌","교차로 통행방법 위반","교차로","교차로내","원동기장치자전거","승용차","1056476","1730056","128.1232133","35.56491006","N"
"2016","2016-04-09 13","주","토","1","0","0","0","0","대구","동구","차대차","측면충돌","측면충돌","안전운전 의무 불이행","단일로","기타단일로","화물차","이륜차","1107214.3","1764773.1","128.6876649","35.87367128","N"
"2016","2016-04-09 14","주","토","1","1","1","0","0","충남","부여군","차량단독","전도전복","전도전복","안전운전 의무 불이행","단일로","기타단일로","승용차","없음","954381","1803914","126.9923551","36.23135473","N"
"2016","2016-04-09 17","주","토","1","0","0","0","0","울산","중구","차대사람","횡단중","횡단중","안전운전 의무 불이행","교차로","교차로내","승용차","보행자","1162375","1729696","129.2913935","35.54996519","N"
"2016","2016-04-09 20","야","토","1","0","0","0","0","충북","청주시","차대사람","횡단중","횡단중","안전운전 의무 불이행","단일로","기타단일로","승용차","보행자","1000676","1843474","127.5075571","36.58907761","N"
"2016","2016-04-09 21","야","토","1","0","0","0","0","경북","안동시","차량단독","전도전복","전도전복","안전운전 의무 불이행","단일로","기타단일로","이륜차","없음","1113220","1849945","128.7665123","36.64068095","N"
"2016","2016-04-09 22","야","토","1","0","0","0","0","서울","동작구","차대사람","횡단중","횡단중","안전운전 의무 불이행","단일로","횡단보도부근","승합차","보행자","950606","1944838","126.9411728","37.50148754","N"
"2016","2016-04-09 23","야","토","1","0","0","0","0","충북","충주시","차대사람","기타","기타","안전운전 의무 불이행","단일로","기타단일로","승용차","보행자","1038904.1","1891240.2","127.9373492","37.01887123","N"
"2016","2016-04-10 00","야","일","1","0","0","0","0","경북","경산시","차대사람","기타","기타","안전운전 의무 불이행","단일로","기타단일로","승용차","보행자","1119074.3","1764303.5","128.8189441","35.86806783","N"
"2016","2016-04-10 01","야","일","1","0","0","0","0","경기","광주시","차대차","추돌","진행중 추돌","안전운전 의무 불이행","단일로","기타단일로","승용차","승용차","973444","1934720","127.1999143","37.41122758","N"
"2016","2016-04-10 11","주","일","2","2","1","1","0","전남","영암군","차대차","측면충돌","측면충돌","신호위반","교차로","교차로내","승용차","승용차","902762","1641733","126.4374419","34.76545888","N"
"2016","2016-04-10 16","주","일","1","0","0","0","0","서울","용산구","차대차","정면충돌","정면충돌","안전운전 의무 불이행","단일로","기타단일로","원동기장치자전거","승합차","954311","1948517","126.9828595","37.53483822","N"
"2016","2016-04-10 17","주","일","1","0","0","0","0","부산","사하구","차대차","추돌","진행중 추돌","안전운전 의무 불이행","단일로","기타단일로","화물차","화물차","1135987","1677588","128.9917143","35.08424328","N"
"2016","2016-04-10 19","야","일","1","0","0","0","0","제주","서귀포시","차대사람","횡단중","횡단중","과속","교차로","교차로부근","승용차","보행자","910097.6","1473604.3","126.5348978","33.25001462","N"
"2016","2016-04-10 19","야","일","1","0","0","0","0","울산","울주군","차대사람","횡단중","횡단중","안전운전 의무 불이행","단일로","기타단일로","승용차","보행자","1157998","1726283","129.2424592","35.51991332","N"
"2016","2016-04-11 02","야","월","1","0","0","0","0","경기","용인시","차량단독","공작물충돌","공작물충돌","안전운전 의무 불이행","교차로","교차로부근","승용차","없음","964937","1916200","127.1046617","37.24401052","N"
"2016","2016-04-11 04","야","월","1","0","0","0","0","경기","용인시","차대차","정면충돌","정면충돌","안전운전 의무 불이행","교차로","교차로부근","승용차","건설기계","974865","1914981","127.2166404","37.23334331","N"
"2016","2016-04-11 04","야","월","1","0","0","0","0","경기","의정부시","차대사람","횡단중","횡단중","보행자 보호의무 위반","단일로","기타단일로","승용차","보행자","960496","1971228","127.0516352","37.73982237","N"
"2016","2016-04-11 05","야","월","1","0","0","0","0","경기","용인시","차대사람","횡단중","횡단중","안전운전 의무 불이행","교차로","교차로내","승용차","보행자","974511","1917835","127.2125519","37.25905948","N"
"2016","2016-04-11 05","야","월","1","0","0","0","0","경북","포항시","차대차","측면충돌","측면충돌","안전운전 의무 불이행","교차로","교차로내","화물차","자전거","1185256","1778975","129.5550878","35.98998056","N"
"2016","2016-04-11 09","주","월","1","11","2","7","2","경북","칠곡군","차량단독","공작물충돌","공작물충돌","안전운전 의무 불이행","단일로","기타단일로","승합차","없음","1080088","1779901","128.3887374","36.01264343","N"
"2016","2016-04-11 09","주","월","1","0","0","0","0","대구","북구","차대차","측면충돌","측면충돌","안전운전 의무 불이행","단일로","기타단일로","승용차","자전거","1094806.8","1771143","128.5510021","35.93237336","N"
"2016","2016-04-11 12","주","월","1","0","0","0","0","경북","군위군","차량단독","기타","기타","안전운전 의무 불이행","단일로","기타단일로","이륜차","없음","1095885","1803222","128.566852","36.22143679","N"
"2016","2016-04-11 14","주","월","1","0","0","0","0","경북","영천시","차량단독","공작물충돌","공작물충돌","안전운전 의무 불이행","단일로","기타단일로","승용차","없음","1125094","1781154","128.8882594","36.01919733","N"
"2016","2016-04-11 17","주","월","1","0","0","0","0","경남","거창군","차량단독","전도전복","전도전복","안전운전 의무 불이행","단일로","기타단일로","화물차","없음","1037272","1739678","127.9117474","35.65257409","N"
"2016","2016-04-11 18","야","월","1","0","0","0","0","경기","남양주시","차대차","정면충돌","정면충돌","신호위반","교차로","교차로내","화물차","이륜차","972271","1962934","127.1855935","37.66549931","N"
"2016","2016-04-11 19","야","월","1","0","0","0","0","경기","안양시","차대차","추돌","진행중 추돌","중앙선 침범","단일로","교량위","승용차","자전거","947753","1932396","126.9097781","37.38918734","Y"
"2016","2016-04-11 20","야","월","1","0","0","0","0","경기","수원시","차대차","기타","기타","안전운전 의무 불이행","단일로","기타단일로","승용차","자전거","957064","1924620","127.0154092","37.31957606","N"
"2016","2016-04-11 20","야","월","1","1","1","0","0","제주","서귀포시","차대사람","횡단중","횡단중","과속","단일로","횡단보도상","화물차","보행자","888023","1473883","126.2979335","33.25046347","N"
"2016","2016-04-11 21","야","월","1","0","0","0","0","전북","고창군","차대차","측면충돌","측면충돌","안전운전 의무 불이행","교차로","교차로내","승용차","자전거","926925","1716133","126.6948846","35.43829714","N"
"2016","2016-04-12 05","야","화","1","4","2","1","1","경기","시흥시","차대사람","기타","기타","과속","단일로","기타단일로","화물차","보행자","944348","1930125","126.8714855","37.36851988","N"
"2016","2016-04-12 07","주","화","1","0","0","0","0","경북","안동시","차량단독","전도전복","전도전복","안전운전 의무 불이행","단일로","기타단일로","이륜차","없음","1113639","1857988","128.7723917","36.71312013","N"
"2016","2016-04-12 09","주","화","1","0","0","0","0","경남","진주시","차대사람","횡단중","횡단중","안전운전 의무 불이행","단일로","기타단일로","화물차","보행자","1054244","1687243","128.0957408","35.17901593","N"
"2016","2016-04-12 11","주","화","1","2","0","2","0","충북","청주시","차대차","추돌","진행중 추돌","과속","단일로","기타단일로","화물차","화물차","994869","1844908","127.4426304","36.60199161","N"
"2016","2016-04-12 13","주","화","1","0","0","0","0","전남","보성군","차대차","추돌","진행중 추돌","안전운전 의무 불이행","단일로","터널안","승용차","이륜차","959893","1650047","127.0613102","34.84427786","N"
"2016","2016-04-12 13","주","화","1","1","0","1","0","경남","합천군","차대차","측면충돌","측면충돌","중앙선 침범","단일로","기타단일로","이륜차","승용차","1046797","1717924","128.0157098","35.45602896","N"
"2016","2016-04-12 15","주","화","1","0","0","0","0","울산","중구","차대사람","횡단중","횡단중","보행자 보호의무 위반","교차로","교차로부근","승합차","보행자","1167038","1731805","129.3432496","35.56819622","N"