"발생년","발생년월일시","주야","요일","사망자수","부상자수","중상자수","경상자수","부상신고자수","발생지시도","발생지시군구","사고유형_대분류","사고유형_중분류","사고유형","가해자법규위반","도로형태_대분류","도로형태","가해자_당사자종별","피해자_당사자종별","발생위치(X_UTMK)","발생위치(Y_UTMK)","경도","위도"," 어린이사고 여부"
"2016","2016-04-24 19","야","일","1","0","0","0","0","경기","시흥시","차량단독","공작물충돌","공작물충돌","안전운전 의무 불이행","단일로","기타단일로","이륜차","없음","931045","1931002","126.7211758","37.37553056","N"
"2016","2016-04-24 19","야","일","1","0","0","0","0","경북","경주시","차대차","추돌","진행중 추돌","안전운전 의무 불이행","교차로","교차로부근","승용차","자전거","1154798","1763418","129.2143304","35.85509273","N"
"2016","2016-04-24 22","야","일","1","4","2","2","0","충남","서산시","차대차","정면충돌","정면충돌","중앙선 침범","단일로","기타단일로","승용차","승용차","905034","1864009","126.4359011","36.7694401","Y"
"2016","2016-04-25 01","야","월","1","3","2","1","0","충남","천안시","차대사람","횡단중","횡단중","안전운전 의무 불이행","단일로","기타단일로","승용차","보행자","966776","1867386","127.1275505","36.80405872","N"
"2016","2016-04-25 02","야","월","1","1","1","0","0","경남","창녕군","차대차","추돌","진행중 추돌","안전운전 의무 불이행","단일로","기타단일로","승용차","승용차","1091627","1717727","128.5096689","35.45113182","N"
"2016","2016-04-25 10","주","월","1","1","1","0","0","경남","진주시","차량단독","전도전복","전도전복","안전운전 의무 불이행","단일로","기타단일로","승용차","없음","1068991","1690613","128.2579722","35.20849624","N"
"2016","2016-04-25 15","주","월","1","0","0","0","0","전북","익산시","차대차","측면충돌","측면충돌","안전운전 의무 불이행","단일로","기타단일로","화물차","자전거","958960.7","1776429.7","127.0447482","35.9837755","N"
"2016","2016-04-25 17","주","월","1","0","0","0","0","충남","논산시","차량단독","전도전복","전도전복","안전운전 의무 불이행","단일로","기타단일로","이륜차","없음","961338","1797259","127.0700981","36.17166074","N"
"2016","2016-04-25 19","야","월","1","1","0","1","0","전남","장성군","차대차","추돌","진행중 추돌","기타","단일로","기타단일로","승용차","농기계","937664","1704914","126.814052","35.33787521","N"
"2016","2016-04-25 20","야","월","1","0","0","0","0","전남","구례군","차량단독","전도전복","전도전복","안전운전 의무 불이행","단일로","기타단일로","화물차","없음","1010820","1686894","127.61883","35.17727572","N"
"2016","2016-04-25 20","야","월","1","0","0","0","0","경북","문경시","차량단독","전도전복","전도전복","안전운전 의무 불이행","단일로","기타단일로","원동기장치자전거","없음","1045956","1853526","128.0143396","36.67858572","N"
"2016","2016-04-25 21","야","월","1","0","0","0","0","대전","유성구","차량단독","전도전복","전도전복","안전운전 의무 불이행","단일로","기타단일로","이륜차","없음","984872","1818826","127.3313649","36.36675164","N"
"2016","2016-04-25 23","야","월","1","0","0","0","0","경기","안양시","차대사람","횡단중","횡단중","안전운전 의무 불이행","단일로","기타단일로","승용차","보행자","951923","1930753","126.9569904","37.37460399","N"
"2016","2016-04-26 00","야","화","1","0","0","0","0","충북","영동군","차대차","추돌","진행중 추돌","안전운전 의무 불이행","단일로","기타단일로","화물차","화물차","1042866","1801789","127.9768944","36.21232327","N"
"2016","2016-04-26 04","야","화","1","0","0","0","0","경북","문경시","차대사람","보도통행중","보도통행중","보행자 보호의무 위반","교차로","교차로부근","화물차","보행자","1064638","1846231","128.222801","36.61174018","N"
"2016","2016-04-26 09","주","화","1","0","0","0","0","강원","영월군","차량단독","도로이탈","도로이탈 기타","안전운전 의무 불이행","단일로","기타단일로","농기계","없음","1068757.8","1921296.6","128.2756971","37.28806952","N"
"2016","2016-04-26 11","주","화","1","0","0","0","0","전남","여수시","차대차","측면충돌","측면충돌","기타","교차로","교차로내","이륜차","승용차","1012815","1641943","127.6400482","34.77190875","N"
"2016","2016-04-26 13","주","화","1","0","0","0","0","충남","당진시","차대사람","보도통행중","보도통행중","보행자 보호의무 위반","단일로","횡단보도상","승용차","보행자","922977","1877982","126.635514","36.89701622","N"
"2016","2016-04-26 16","주","화","1","1","1","0","0","경기","시흥시","차대차","측면충돌","측면충돌","기타","교차로","교차로내","화물차","건설기계","928835","1926159","126.6966821","37.33171359","N"
"2016","2016-04-26 16","주","화","1","0","0","0","0","충남","부여군","차대차","추돌","진행중 추돌","안전운전 의무 불이행","단일로","기타단일로","화물차","화물차","939600","1814281","126.8270805","36.32400136","N"
"2016","2016-04-26 19","야","화","1","0","0","0","0","전북","완주군","차대사람","횡단중","횡단중","안전운전 의무 불이행","단일로","횡단보도부근","화물차","보행자","959524","1760107","127.0518275","35.83663682","N"
"2016","2016-04-26 23","야","화","2","0","0","0","0","충북","음성군","차대차","추돌","진행중 추돌","안전운전 의무 불이행","단일로","기타단일로","승용차","화물차","998124.9","1889546.1","127.4789246","37.00440392","N"
"2016","2016-04-26 23","야","화","1","0","0","0","0","경북","청도군","차량단독","공작물충돌","공작물충돌","안전운전 의무 불이행","교차로","교차로부근","승용차","없음","1125377","1747284","128.886072","35.71387406","N"
"2016","2016-04-26 23","야","화","1","0","0","0","0","울산","동구","차량단독","공작물충돌","공작물충돌","안전운전 의무 불이행","단일로","기타단일로","이륜차","없음","1173092","1727671","129.4091387","35.52990249","N"
"2016","2016-04-27 00","야","수","1","0","0","0","0","경기","포천시","차대사람","기타","기타","안전운전 의무 불이행","단일로","기타단일로","승용차","보행자","971799","1978688","127.1796305","37.8074783","N"
"2016","2016-04-27 04","야","수","1","0","0","0","0","충남","공주시","차량단독","공작물충돌","공작물충돌","안전운전 의무 불이행","단일로","기타단일로","승용차","없음","978499","1819281","127.2603116","36.37073221","N"
"2016","2016-04-27 06","주","수","1","1","1","0","0","충북","진천군","차대차","측면충돌","측면충돌","신호위반","교차로","교차로내","이륜차","화물차","994383","1873490","127.4369863","36.85965084","N"
"2016","2016-04-27 08","주","수","1","0","0","0","0","부산","연제구","차대사람","기타","기타","안전운전 의무 불이행","교차로","교차로내","승용차","보행자","1146318","1689247.8","129.1070669","35.18789426","N"
"2016","2016-04-27 09","주","수","1","0","0","0","0","서울","노원구","차대사람","횡단중","횡단중","안전운전 의무 불이행","교차로","교차로내","화물차","보행자","962908","1958414","127.0796626","37.62442889","N"
"2016","2016-04-27 10","주","수","1","1","0","1","0","강원","삼척시","차대차","추돌","진행중 추돌","안전운전 의무 불이행","단일로","기타단일로","화물차","화물차","1162391","1919383","129.3312598","37.25919699","N"
"2016","2016-04-27 11","주","수","1","3","0","3","0","경기","동두천시","차대사람","기타","기타","안전운전 의무 불이행","교차로","교차로내","화물차","보행자","961213","1988168","127.0588652","37.89253182","N"
"2016","2016-04-27 16","주","수","1","0","0","0","0","서울","금천구","차대사람","횡단중","횡단중","안전운전 의무 불이행","단일로","기타단일로","승용차","보행자","945670","1940594","126.8856447","37.46295826","N"
"2016","2016-04-27 19","야","수","1","0","0","0","0","충남","태안군","차량단독","전도전복","전도전복","안전운전 의무 불이행","단일로","기타단일로","화물차","없음","895197","1857956","126.3265279","36.71384804","N"
"2016","2016-04-27 19","야","수","1","0","0","0","0","경기","고양시","차대사람","횡단중","횡단중","안전운전 의무 불이행","단일로","기타단일로","화물차","보행자","933363","1966179","126.7441616","37.69274443","N"
"2016","2016-04-27 20","야","수","1","0","0","0","0","경기","수원시","차대사람","횡단중","횡단중","안전운전 의무 불이행","단일로","기타단일로","승용차","보행자","957065","1921866","127.0155798","37.29475254","N"
"2016","2016-04-27 20","야","수","2","1","0","1","0","경기","고양시","차대사람","횡단중","횡단중","과속","교차로","교차로부근","승용차","보행자","936551","1961231","126.7807498","37.64837585","N"
"2016","2016-04-27 21","야","수","1","0","0","0","0","경남","거제시","차대사람","횡단중","횡단중","안전운전 의무 불이행","단일로","기타단일로","승합차","보행자","1112663","1654381","128.732779","34.87790095","N"
"2016","2016-04-27 21","야","수","1","0","0","0","0","대구","동구","차대사람","횡단중","횡단중","안전운전 의무 불이행","단일로","기타단일로","승용차","보행자","1104969.3","1765138.2","128.6628487","35.87720567","N"
"2016","2016-04-27 22","야","수","1","0","0","0","0","서울","관악구","차대사람","기타","기타","안전운전 의무 불이행","단일로","기타단일로","승용차","보행자","951438","1942717","126.9507254","37.48241457","N"
"2016","2016-04-27 23","야","수","1","0","0","0","0","전북","전주시","차대사람","횡단중","횡단중","과속","단일로","횡단보도상","승용차","보행자","963821","1760123","127.0994044","35.83694908","N"
"2016","2016-04-28 03","야","목","1","2","2","0","0","경기","시흥시","차대차","정면충돌","정면충돌","신호위반","교차로","교차로내","승용차","승용차","931893","1928183","126.7310122","37.35018542","N"
"2016","2016-04-28 03","야","목","1","0","0","0","0","충남","공주시","차대사람","횡단중","횡단중","보행자 보호의무 위반","단일로","횡단보도상","화물차","보행자","949788","1832830","126.93938","36.49180376","N"
"2016","2016-04-28 04","야","목","1","2","2","0","0","강원","강릉시","차대차","측면충돌","측면충돌","과속","단일로","기타단일로","화물차","화물차","1118682","1970838","128.8468082","37.72946556","N"
"2016","2016-04-28 04","야","목","1","0","0","0","0","광주","광산구","차대차","추돌","진행중 추돌","안전운전 의무 불이행","단일로","기타단일로","승용차","화물차","939953","1689088","126.8403963","35.19532127","N"
"2016","2016-04-28 04","야","목","1","0","0","0","0","경기","의정부시","차대차","추돌","진행중 추돌","안전운전 의무 불이행","단일로","교량위","이륜차","건설기계","963347","1972071","127.0839503","37.74753901","N"
"2016","2016-04-28 05","야","목","1","0","0","0","0","전남","여수시","차대사람","횡단중","횡단중","안전운전 의무 불이행","교차로","교차로부근","승용차","보행자","1020818","1638455","127.727422","34.74032288","N"
"2016","2016-04-28 06","주","목","1","1","0","1","0","전북","고창군","차대차","정면충돌","정면충돌","중앙선 침범","단일로","기타단일로","화물차","화물차","917710","1726645","126.5923026","35.53234933","N"
"2016","2016-04-28 07","주","목","1","1","0","1","0","경기","평택시","차대차","기타","기타","안전운전 의무 불이행","교차로","교차로내","승용차","승용차","953715","1891810","126.9796446","37.02367265","N"
"2016","2016-04-28 08","주","목","1","0","0","0","0","서울","은평구","차대차","기타","기타","신호위반","교차로","교차로부근","화물차","자전거","948376","1960565","126.9148365","37.6431143","N"
"2016","2016-04-28 09","주","목","1","0","0","0","0","경북","청도군","차대차","측면충돌","측면충돌","중앙선 침범","교차로","교차로부근","이륜차","화물차","1111428","1740861","128.7310065","35.65765221","N"
"2016","2016-04-28 14","주","목","1","0","0","0","0","충북","청주시","차대차","기타","기타","안전운전 의무 불이행","교차로","교차로내","화물차","자전거","996944","1852150","127.4658021","36.66728703","N"
"2016","2016-04-28 15","주","목","1","0","0","0","0","충남","서산시","차대차","정면충돌","정면충돌","과속","단일로","기타단일로","승용차","이륜차","905963","1864299","126.4462732","36.77214659","N"
"2016","2016-04-28 17","주","목","1","0","0","0","0","경북","포항시","차대사람","횡단중","횡단중","보행자 보호의무 위반","교차로","교차로부근","건설기계","보행자","1167550","1781554","129.3593146","36.01642395","N"
"2016","2016-04-28 18","야","목","1","0","0","0","0","충북","제천시","차량단독","전도전복","전도전복","안전운전 의무 불이행","교차로","교차로내","이륜차","없음","1059291.4","1879197.4","128.1655803","36.90925307","N"
"2016","2016-04-29 00","야","금","1","1","0","1","0","서울","영등포구","차대사람","횡단중","횡단중","과속","단일로","기타단일로","이륜차","보행자","947513","1946649","126.906052","37.51763967","N"
"2016","2016-04-29 01","야","금","1","0","0","0","0","서울","양천구","차대사람","횡단중","횡단중","과속","단일로","기타단일로","승용차","보행자","943777","1948440","126.8636403","37.53356192","N"
"2016","2016-04-29 13","주","금","1","1","0","1","0","부산","금정구","차대차","정면충돌","정면충돌","중앙선 침범","단일로","기타단일로","승용차","건설기계","1148352.5","1694741.5","129.1303945","35.237113","N"
"2016","2016-04-29 13","주","금","1","1","1","0","0","충북","영동군","차대사람","기타","기타","안전운전 의무 불이행","기타/불명","기타/불명","승용차","보행자","1035067.2","1802247.1","127.8901534","36.21676752","N"
"2016","2016-04-29 14","주","금","1","0","0","0","0","충북","괴산군","차대사람","차도통행중","차도통행중","안전운전 의무 불이행","교차로","교차로내","승용차","보행자","1026083","1868010","127.7924196","36.80990759","N"
"2016","2016-04-29 17","주","금","1","0","0","0","0","제주","서귀포시","차대사람","기타","기타","안전운전 의무 불이행","교차로","교차로내","승합차","보행자","912707","1473965","126.5628717","33.25348192","Y"
"2016","2016-04-29 19","야","금","1","0","0","0","0","경기","안산시","차대사람","횡단중","횡단중","신호위반","교차로","교차로내","승용차","보행자","939496","1926333","126.8170018","37.33403775","N"
"2016","2016-04-29 19","야","금","1","0","0","0","0","전남","영암군","차량단독","전도전복","전도전복","안전운전 의무 불이행","단일로","기타단일로","이륜차","없음","898226","1639353","126.388171","34.74355794","N"
"2016","2016-04-29 22","야","금","1","0","0","0","0","충남","천안시","차량단독","공작물충돌","공작물충돌","안전운전 의무 불이행","단일로","기타단일로","승용차","없음","972909","1867007","127.1963155","36.80083762","N"
"2016","2016-04-29 23","야","금","1","1","0","1","0","서울","성북구","차대사람","횡단중","횡단중","중앙선 침범","교차로","교차로내","이륜차","보행자","958774","1954759","127.0330223","37.59130946","N"
"2016","2016-04-30 04","야","토","1","4","2","2","0","경기","양평군","차량단독","전도전복","전도전복","안전운전 의무 불이행","단일로","기타단일로","화물차","없음","1005756","1942291","127.5651029","37.47983358","N"
"2016","2016-04-30 04","야","토","1","0","0","0","0","경남","창원시(통합)","차대사람","횡단중","횡단중","안전운전 의무 불이행","교차로","교차로내","화물차","보행자","1106994","1691690","128.6755693","35.21487246","N"
"2016","2016-04-30 05","야","토","1","0","0","0","0","경기","수원시","차대차","기타","기타","신호위반","교차로","교차로내","승용차","승용차","953022","1921466","126.9699911","37.29095162","N"
"2016","2016-04-30 10","주","토","1","0","0","0","0","경기","김포시","차량단독","전도전복","전도전복","안전운전 의무 불이행","단일로","기타단일로","승용차","없음","925260","1960660","126.6528267","37.64237999","N"
"2016","2016-04-30 14","주","토","1","0","0","0","0","경북","경주시","차대차","기타","기타","신호위반","교차로","교차로내","이륜차","승용차","1152228","1761931","129.185596","35.84209417","N"
"2016","2016-04-30 15","주","토","1","0","0","0","0","충북","괴산군","차량단독","전도전복","전도전복","안전운전 의무 불이행","단일로","기타단일로","이륜차","없음","1019134","1852105","127.7141155","36.6666938","N"
"2016","2016-04-30 17","주","토","1","0","0","0","0","서울","금천구","차대사람","횡단중","횡단중","안전운전 의무 불이행","교차로","교차로내","화물차","보행자","947151","1941236","126.9023447","37.46883063","N"
"2016","2016-04-30 20","야","토","1","0","0","0","0","전북","순창군","차대사람","차도통행중","차도통행중","안전운전 의무 불이행","단일로","기타단일로","승용차","보행자","965920","1720775","127.1243107","35.48225248","N"
"2016","2016-04-30 22","야","토","1","0","0","0","0","경기","화성시","차대차","측면충돌","측면충돌","안전운전 의무 불이행","단일로","기타단일로","원동기장치자전거","화물차","939284","1901307","126.8166469","37.10845337","N"
"2016","2016-04-30 22","야","토","1","2","1","1","0","전남","순천시","차대차","기타","기타","교차로 통행방법 위반","교차로","교차로내","승용차","이륜차","1002292","1660917","127.5251","34.94308766","N"
"2016","2016-04-30 23","야","토","1","0","0","0","0","경기","군포시","차대차","기타","기타","기타","단일로","기타단일로","승합차","이륜차","951009","1930626","126.946676","37.37341143","N"
"2016","2016-05-01 01","야","일","1","0","0","0","0","부산","북구","차대사람","횡단중","횡단중","안전운전 의무 불이행","단일로","횡단보도상","승용차","보행자","1137722.1","1694045.1","129.0134875","35.23235291","N"
"2016","2016-05-01 02","야","일","1","0","0","0","0","경기","고양시","차대사람","기타","기타","안전운전 의무 불이행","단일로","기타단일로","승용차","보행자","935092","1965503","126.7638317","37.68677596","N"
"2016","2016-05-01 15","주","일","1","0","0","0","0","충남","서산시","차대차","정면충돌","정면충돌","안전운전 의무 불이행","단일로","기타단일로","승용차","농기계","911531","1861395","126.5089932","36.74650778","N"
"2016","2016-05-01 16","주","일","1","0","0","0","0","경기","시흥시","차량단독","공작물충돌","공작물충돌","안전운전 의무 불이행","단일로","기타단일로","이륜차","없음","925583","1925599","126.6600329","37.32641141","N"
"2016","2016-05-01 16","주","일","1","0","0","0","0","경남","진주시","차량단독","전도전복","전도전복","안전운전 의무 불이행","단일로","기타단일로","이륜차","없음","1058481","1684881","128.1421041","35.15748086","N"
"2016","2016-05-01 19","야","일","1","0","0","0","0","대구","중구","차대사람","횡단중","횡단중","안전운전 의무 불이행","교차로","교차로내","승용차","보행자","1097718.7","1763552.3","128.5823455","35.86366019","N"
"2016","2016-05-02 07","주","월","1","0","0","0","0","서울","성동구","차대사람","기타","기타","안전운전 의무 불이행","교차로","교차로내","화물차","보행자","959073","1951952","127.0365659","37.56602261","N"
"2016","2016-05-02 12","주","월","1","0","0","0","0","경기","의정부시","차대사람","기타","기타","안전운전 의무 불이행","교차로","교차로내","승용차","보행자","960078","1969668","127.0469768","37.7257439","N"
"2016","2016-05-02 15","주","월","1","1","0","1","0","충남","금산군","차대차","측면충돌","측면충돌","교차로 통행방법 위반","교차로","교차로부근","이륜차","승용차","998973.2","1789578.8","127.4885924","36.10318935","N"
"2016","2016-05-02 15","주","월","1","0","0","0","0","전남","담양군","차량단독","전도전복","전도전복","안전운전 의무 불이행","단일로","기타단일로","승용차","없음","957407","1689908","127.0320756","35.2036076","N"
"2016","2016-05-02 17","주","월","1","0","0","0","0","충북","충주시","차량단독","전도전복","전도전복","안전운전 의무 불이행","단일로","기타단일로","원동기장치자전거","없음","1032217","1885645","127.8619371","36.96868788","N"
"2016","2016-05-02 17","주","월","1","0","0","0","0","경북","영주시","차대사람","횡단중","횡단중","안전운전 의무 불이행","단일로","기타단일로","승용차","보행자","1099838","1868387","128.6192546","36.80839838","Y"
"2016","2016-05-02 18","야","월","1","0","0","0","0","충북","진천군","차대차","기타","기타","신호위반","교차로","교차로내","이륜차","승용차","1001389","1879652","127.5155936","36.91521449","N"
"2016","2016-05-02 18","야","월","1","0","0","0","0","전북","전주시","차대차","측면충돌","측면충돌","안전운전 의무 불이행","단일로","기타단일로","자전거","승합차","967276","1759613","127.1376804","35.83247234","N"
"2016","2016-05-02 20","야","월","1","0","0","0","0","서울","강동구","차대사람","기타","기타","안전운전 의무 불이행","단일로","기타단일로","화물차","보행자","969313.4","1948895.4","127.1526479","37.53887042","N"
"2016","2016-05-02 20","야","월","1","0","0","0","0","전북","완주군","차대사람","횡단중","횡단중","보행자 보호의무 위반","단일로","기타단일로","승용차","보행자","965914.6","1774220.5","127.1219816","35.96412573","N"
"2016","2016-05-02 22","야","월","1","0","0","0","0","충남","천안시","차대사람","보도통행중","보도통행중","과속","교차로","교차로내","승합차","보행자","968250","1869487","127.1439864","36.82304886","N"
"2016","2016-05-03 01","야","화","1","0","0","0","0","부산","사상구","차대사람","횡단중","횡단중","안전운전 의무 불이행","교차로","교차로부근","화물차","보행자","1135553","1687084","128.988512","35.16990062","N"
"2016","2016-05-03 07","주","화","1","0","0","0","0","부산","부산진구","차대사람","횡단중","횡단중","보행자 보호의무 위반","단일로","횡단보도상","화물차","보행자","1142090","1685067","129.0599246","35.15081646","N"
"2016","2016-05-03 08","주","화","1","1","1","0","0","경남","거창군","차대차","측면충돌","측면충돌","신호위반","교차로","교차로내","승용차","승용차","1036703","1743154","127.9056202","35.68393578","N"
"2016","2016-05-03 13","주","화","1","0","0","0","0","강원","양구군","차대사람","횡단중","횡단중","안전운전 의무 불이행","교차로","교차로내","화물차","보행자","1046418","2011790","128.0294494","38.10506829","N"
"2016","2016-05-03 16","주","화","1","0","0","0","0","서울","동대문구","차대사람","횡단중","횡단중","안전운전 의무 불이행","교차로","교차로부근","승용차","보행자","960902","1953327","127.0572025","37.57849536","N"
"2016","2016-05-03 16","주","화","1","0","0","0","0","전남","담양군","차대사람","횡단중","횡단중","안전운전 의무 불이행","단일로","기타단일로","화물차","보행자","944429","1698139","126.8889499","35.27718811","N"
"2016","2016-05-03 20","야","화","2","1","1","0","0","인천","강화군","차대차","추돌","진행중 추돌","안전운전 의무 불이행","단일로","기타단일로","화물차","농기계","908677","1975869","126.4629766","37.77794212","N"
"2016","2016-05-03 21","야","화","1","0","0","0","0","서울","영등포구","차대사람","기타","기타","안전운전 의무 불이행","단일로","기타단일로","화물차","보행자","947793","1948254","126.9091063","37.53212166","N"
"2016","2016-05-04 01","야","수","1","0","0","0","0","경기","고양시","차대사람","횡단중","횡단중","보행자 보호의무 위반","단일로","횡단보도상","승용차","보행자","935101","1963511","126.7641112","37.6688234","N"
"2016","2016-05-04 09","주","수","1","0","0","0","0","충남","당진시","차대차","추돌","진행중 추돌","안전운전 의무 불이행","단일로","기타단일로","화물차","화물차","921971","1873328","126.6247029","36.85498442","N"
"2016","2016-05-04 10","주","수","1","0","0","0","0","전남","장흥군","차량단독","전도전복","전도전복","안전운전 의무 불이행","기타/불명","기타/불명","원동기장치자전거","없음","951143","1627465","126.9669158","34.64026338","N"
"2016","2016-05-04 11","주","수","1","1","1","0","0","경기","김포시","차대사람","횡단중","횡단중","안전운전 의무 불이행","교차로","교차로내","이륜차","보행자","923319","1961973","126.6306899","37.65405324","N"
"2016","2016-05-04 13","주","수","1","0","0","0","0","전남","함평군","차대차","추돌","진행중 추돌","기타","단일로","기타단일로","화물차","원동기장치자전거","910263","1674139","126.5159164","35.05832693","N"
"2016","2016-05-04 17","주","수","1","0","0","0","0","서울","동작구","차대차","측면충돌","측면충돌","안전운전 의무 불이행","교차로","교차로내","승용차","이륜차","948955","1944670","126.9225065","37.49988349","N"
"2016","2016-05-04 17","주","수","1","0","0","0","0","경기","성남시","차량단독","전도전복","전도전복","안전운전 의무 불이행","단일로","기타단일로","원동기장치자전거","없음","965666","1940500","127.1117546","37.46307018","N"
"2016","2016-05-04 17","주","수","1","0","0","0","0","충남","서천군","차량단독","기타","기타","안전운전 의무 불이행","단일로","기타단일로","화물차","없음","909997","1796121","126.4993987","36.15799196","N"
"2016","2016-05-04 17","주","수","1","0","0","0","0","대구","달성군","차대사람","횡단중","횡단중","안전운전 의무 불이행","단일로","기타단일로","화물차","보행자","1085043.4","1744664.6","128.4399639","35.69456923","N"
"2016","2016-05-04 19","야","수","1","2","0","2","0","전북","고창군","차대차","측면충돌","측면충돌","안전운전 의무 불이행","교차로","교차로내","화물차","승용차","919209","1720748","126.6094227","35.47930768","N"
"2016","2016-05-05 00","야","목","1","0","0","0","0","대구","달서구","차대차","기타","기타","안전운전 의무 불이행","단일로","기타단일로","승용차","화물차","1091509","1763077","128.5135215","35.8599754","N"
"2016","2016-05-05 01","야","목","1","2","1","1","0","서울","강남구","차대사람","횡단중","횡단중","안전운전 의무 불이행","단일로","기타단일로","이륜차","보행자","957882","1945422","127.0234548","37.50711207","N"
"2016","2016-05-05 04","야","목","1","0","0","0","0","경북","경주시","차대차","기타","기타","안전운전 의무 불이행","단일로","기타단일로","승용차","자전거","1157662","1767605","129.2468634","35.89236903","N"
"2016","2016-05-05 09","주","목","1","0","0","0","0","대전","유성구","차대차","기타","기타","안전운전 의무 불이행","교차로","교차로부근","승용차","자전거","985730","1817275","127.3409577","36.35278192","N"
"2016","2016-05-05 12","주","목","1","0","0","0","0","경북","경산시","차대사람","횡단중","횡단중","안전운전 의무 불이행","교차로","교차로내","화물차","보행자","1111719","1749872","128.7354732","35.73884714","N"
"2016","2016-05-05 13","주","목","1","0","0","0","0","제주","제주시","차대차","정면충돌","정면충돌","교차로 통행방법 위반","교차로","교차로내","자전거","화물차","910111","1501134.3","126.5322959","33.49829637","N"
"2016","2016-05-05 14","주","목","1","3","3","0","0","대구","수성구","차대차","측면충돌","측면충돌","신호위반","교차로","교차로내","승용차","승용차","1101547.3","1760945.7","128.6244126","35.8397737","N"
"2016","2016-05-05 16","주","목","1","2","0","2","0","경북","영덕군","차대차","정면충돌","정면충돌","중앙선 침범","단일로","기타단일로","화물차","화물차","1151870","1832676","129.1953085","36.47968778","N"
"2016","2016-05-05 17","주","목","1","0","0","0","0","경기","부천시","차대차","측면충돌","측면충돌","안전운전 의무 불이행","교차로","교차로내","승용차","자전거","939941","1941160","126.8208198","37.46770513","N"
"2016","2016-05-05 17","주","목","1","0","0","0","0","경남","산청군","차대차","측면충돌","측면충돌","교차로 통행방법 위반","교차로","교차로내","승용차","이륜차","1038945","1697237","127.9281959","35.26984023","N"
"2016","2016-05-06 01","야","금","1","0","0","0","0","대구","서구","차량단독","전도전복","전도전복","안전운전 의무 불이행","단일로","기타단일로","이륜차","없음","1097027","1764484.9","128.5747989","35.87213594","N"
"2016","2016-05-06 02","야","금","1","0","0","0","0","강원","강릉시","차대차","정면충돌","정면충돌","신호위반","교차로","교차로내","승용차","이륜차","1116524","1987947","128.8250775","37.8839083","N"
"2016","2016-05-06 03","야","금","1","0","0","0","0","부산","북구","차량단독","공작물충돌","공작물충돌","안전운전 의무 불이행","단일로","기타단일로","원동기장치자전거","없음","1136966","1691220","129.0047108","35.20699107","N"
"2016","2016-05-06 04","야","금","1","1","1","0","0","충남","천안시","차량단독","공작물충돌","공작물충돌","안전운전 의무 불이행","단일로","기타단일로","원동기장치자전거","없음","974849","1861062","127.2182584","36.74729898","N"
"2016","2016-05-06 05","야","금","1","0","0","0","0","강원","강릉시","차대사람","횡단중","횡단중","안전운전 의무 불이행","단일로","기타단일로","승용차","보행자","1123361.7","1973732.8","128.9003907","37.75493083","N"
"2016","2016-05-06 06","주","금","1","0","0","0","0","강원","횡성군","차대사람","기타","기타","안전운전 의무 불이행","기타/불명","기타/불명","화물차","보행자","1047222","1951716","128.0346973","37.56359419","Y"
"2016","2016-05-06 06","주","금","1","1","1","0","0","대구","수성구","차대차","측면충돌","측면충돌","과속","교차로","교차로부근","승용차","승용차","1107126.7","1761197.8","128.6862144","35.84145232","N"
"2016","2016-05-06 09","주","금","1","0","0","0","0","전북","김제시","차대사람","횡단중","횡단중","안전운전 의무 불이행","단일로","기타단일로","승용차","보행자","946807","1754536","126.9113945","35.7858025","N"
"2016","2016-05-06 10","주","금","1","0","0","0","0","서울","강동구","차량단독","공작물충돌","공작물충돌","안전운전 의무 불이행","단일로","기타단일로","이륜차","없음","969409","1952130","127.1535951","37.56802841","N"
"2016","2016-05-06 11","주","금","1","0","0","0","0","경남","하동군","차대사람","횡단중","횡단중","안전운전 의무 불이행","단일로","기타단일로","승용차","보행자","1027229","1678223","127.7987536","35.09877748","N"
"2016","2016-05-06 14","주","금","1","0","0","0","0","전남","화순군","차량단독","공작물충돌","공작물충돌","안전운전 의무 불이행","단일로","지하차도(도로)내","이륜차","없음","961393","1670350","127.0767774","35.02741398","N"
"2016","2016-05-06 15","주","금","1","1","1","0","0","경남","합천군","차대차","정면충돌","정면충돌","중앙선 침범","단일로","기타단일로","이륜차","승합차","1056465","1741857","128.1239177","35.6713083","N"
"2016","2016-05-07 00","야","토","1","2","0","2","0","경기","남양주시","차대차","정면충돌","정면충돌","신호위반","교차로","교차로내","이륜차","승합차","970198.5","1966586.6","127.1619453","37.69835606","N"
"2016","2016-05-07 02","야","토","1","0","0","0","0","경기","오산시","차대차","측면충돌","측면충돌","신호위반","교차로","교차로내","승용차","원동기장치자전거","962065","1904215","127.0728893","37.13586652","N"
"2016","2016-05-07 03","야","토","1","0","0","0","0","충남","천안시","차대사람","기타","기타","보행자 보호의무 위반","교차로","교차로내","승용차","보행자","966754","1867323","127.1273066","36.80349003","N"
"2016","2016-05-07 05","야","토","1","0","0","0","0","충남","천안시","차대사람","횡단중","횡단중","안전운전 의무 불이행","단일로","기타단일로","승용차","보행자","969504","1869669","127.15804","36.82473078","N"
"2016","2016-05-07 07","주","토","1","0","0","0","0","강원","춘천시","차대차","측면충돌","측면충돌","안전운전 의무 불이행","교차로","교차로내","승용차","원동기장치자전거","1020404","1991392","127.7321536","37.92218746","N"
"2016","2016-05-07 11","주","토","1","3","2","1","0","경남","김해시","차대차","기타","기타","과속","단일로","기타단일로","화물차","승용차","1134815","1697744","128.9821566","35.26609016","Y"