"발생년","발생년월일시","주야","요일","사망자수","부상자수","중상자수","경상자수","부상신고자수","발생지시도","발생지시군구","사고유형_대분류","사고유형_중분류","사고유형","가해자법규위반","도로형태_대분류","도로형태","가해자_당사자종별","피해자_당사자종별","발생위치(X_UTMK)","발생위치(Y_UTMK)","경도","위도"," 어린이사고 여부"
"2016","2016-05-18 20","야","수","1","0","0","0","0","경북","성주군","차량단독","공작물충돌","공작물충돌","안전운전 의무 불이행","단일로","기타단일로","화물차","없음","1075820","1766326","128.3400833","35.89060579","N"
"2016","2016-05-18 23","야","수","1","0","0","0","0","충북","단양군","차량단독","공작물충돌","공작물충돌","안전운전 의무 불이행","단일로","기타단일로","화물차","없음","1072076","1883878","128.3095291","36.95055165","N"
"2016","2016-05-19 03","야","목","1","0","0","0","0","강원","강릉시","차량단독","공작물충돌","공작물충돌","과속","단일로","기타단일로","승용차","없음","1115670","1982372","128.8144758","37.83378234","N"
"2016","2016-05-19 10","주","목","1","0","0","0","0","충남","홍성군","차대차","측면충돌","측면충돌","기타","단일로","기타단일로","이륜차","승용차","923435","1839828","126.6444774","36.55313963","N"
"2016","2016-05-19 13","주","목","1","0","0","0","0","인천","연수구","차대차","기타","기타","신호위반","교차로","교차로내","건설기계","승용차","924472","1934710","126.6465643","37.40843797","N"
"2016","2016-05-19 13","주","목","2","4","2","2","0","인천","부평구","차대차","추돌","진행중 추돌","안전운전 의무 불이행","단일로","기타단일로","승합차","화물차","931437","1947456","126.7240726","37.52385816","N"
"2016","2016-05-19 15","주","목","1","1","1","0","0","경기","화성시","차대차","추돌","진행중 추돌","안전운전 의무 불이행","단일로","기타단일로","화물차","화물차","958140","1913583","127.0281741","37.22014083","N"
"2016","2016-05-19 15","주","목","1","0","0","0","0","충남","보령시","차량단독","전도전복","전도전복","안전운전 의무 불이행","단일로","기타단일로","승용차","없음","925407","1811276","126.6692566","36.29591798","N"
"2016","2016-05-19 16","주","목","1","0","0","0","0","경남","하동군","차량단독","공작물충돌","공작물충돌","안전운전 의무 불이행","단일로","기타단일로","화물차","없음","1028874","1671371","127.8165635","35.0369458","N"
"2016","2016-05-19 20","야","목","1","0","0","0","0","전북","완주군","차대차","추돌","진행중 추돌","과속","교차로","교차로내","승용차","원동기장치자전거","965490","1776516","127.1171728","35.98480653","N"
"2016","2016-05-19 21","야","목","1","6","0","6","0","경기","안산시","차대차","추돌","진행중 추돌","신호위반","교차로","교차로내","승용차","이륜차","943214","1926057","126.8589911","37.3317849","N"
"2016","2016-05-19 22","야","목","1","0","0","0","0","경북","포항시","차대사람","횡단중","횡단중","안전운전 의무 불이행","단일로","기타단일로","승용차","보행자","1167911","1776428","129.3622323","35.9701705","N"
"2016","2016-05-19 23","야","목","1","0","0","0","0","세종","세종시","차대차","추돌","진행중 추돌","안전운전 의무 불이행","단일로","기타단일로","승용차","자전거","975996","1828919","127.2321108","36.45756167","N"
"2016","2016-05-20 02","야","금","1","0","0","0","0","경남","김해시","차량단독","전도전복","전도전복","안전운전 의무 불이행","단일로","기타단일로","자전거","없음","1128277","1693526","128.9096393","35.2289268","N"
"2016","2016-05-20 05","야","금","1","0","0","0","0","경기","안산시","차량단독","기타","기타","안전운전 의무 불이행","단일로","기타단일로","승합차","없음","937596.8","1925441.7","126.7956392","37.32587855","N"
"2016","2016-05-20 06","주","금","1","0","0","0","0","충남","태안군","차량단독","전도전복","전도전복","안전운전 의무 불이행","교차로","교차로부근","화물차","없음","893685","1861844","126.3090603","36.74872206","N"
"2016","2016-05-20 06","주","금","1","2","1","1","0","전북","고창군","차대차","측면충돌","측면충돌","기타","교차로","교차로내","화물차","화물차","928495","1725522","126.7113545","35.52306123","N"
"2016","2016-05-20 07","주","금","1","0","0","0","0","경기","고양시","차량단독","공작물충돌","공작물충돌","안전운전 의무 불이행","단일로","기타단일로","승용차","없음","936360","1959207","126.7787611","37.63012085","N"
"2016","2016-05-20 08","주","금","1","0","0","0","0","충남","논산시","차량단독","전도전복","전도전복","안전운전 의무 불이행","단일로","기타단일로","이륜차","없음","962905","1791482","127.0877946","36.11963955","N"
"2016","2016-05-20 09","주","금","1","4","0","4","0","전남","해남군","차대차","추돌","진행중 추돌","안전운전 의무 불이행","단일로","기타단일로","이륜차","승용차","921953","1620266","126.6491082","34.57354188","Y"
"2016","2016-05-20 10","주","금","1","0","0","0","0","경기","연천군","차대사람","횡단중","횡단중","안전운전 의무 불이행","단일로","기타단일로","화물차","보행자","962791","2011631","127.0755949","38.10406164","N"
"2016","2016-05-20 11","주","금","1","0","0","0","0","대구","북구","차대차","추돌","진행중 추돌","안전운전 의무 불이행","단일로","기타단일로","승용차","이륜차","1094588","1769371","128.5483661","35.9164208","N"
"2016","2016-05-20 12","주","금","1","1","1","0","0","대구","동구","차대차","측면충돌","측면충돌","신호위반","교차로","교차로내","이륜차","화물차","1102910","1768369.9","128.6404577","35.90655589","N"
"2016","2016-05-20 15","주","금","1","3","0","3","0","경기","광주시","차대차","추돌","진행중 추돌","안전운전 의무 불이행","단일로","기타단일로","승용차","승용차","987847","1922432","127.3628707","37.30076634","N"
"2016","2016-05-20 15","주","금","1","3","1","2","0","경기","광주시","차대차","추돌","진행중 추돌","안전운전 의무 불이행","단일로","기타단일로","화물차","승용차","983945","1928857","127.3187033","37.35862132","N"
"2016","2016-05-20 15","주","금","1","0","0","0","0","경북","봉화군","차량단독","전도전복","전도전복","안전운전 의무 불이행","단일로","기타단일로","이륜차","없음","1130462","1868566","128.9625124","36.80628544","N"
"2016","2016-05-20 15","주","금","1","3","0","3","0","광주","광산구","차대차","측면충돌","측면충돌","안전운전 의무 불이행","단일로","고가도로위","화물차","승용차","936315","1685171","126.8007387","35.15977937","N"
"2016","2016-05-20 17","주","금","1","0","0","0","0","광주","광산구","차대사람","횡단중","횡단중","과속","단일로","기타단일로","승용차","보행자","940726","1691088","126.8487431","35.21340033","N"
"2016","2016-05-20 18","야","금","1","13","2","11","0","충남","서산시","차대차","정면충돌","정면충돌","중앙선 침범","기타/불명","기타/불명","승합차","승합차","911263","1865803","126.5054786","36.78621391","N"
"2016","2016-05-20 21","야","금","1","0","0","0","0","경북","구미시","차대사람","횡단중","횡단중","안전운전 의무 불이행","교차로","교차로내","화물차","보행자","1074587","1792203","128.3288614","36.12398146","N"
"2016","2016-05-21 02","야","토","1","0","0","0","0","경기","남양주시","차량단독","전도전복","전도전복","안전운전 의무 불이행","단일로","기타단일로","이륜차","없음","972813","1961242","127.1918019","37.65026503","N"
"2016","2016-05-21 04","야","토","1","0","0","0","0","대전","서구","차대사람","횡단중","횡단중","안전운전 의무 불이행","단일로","기타단일로","승용차","보행자","990772","1816843","127.3971569","36.34894885","N"
"2016","2016-05-21 05","야","토","1","0","0","0","0","서울","강북구","차량단독","전도전복","전도전복","안전운전 의무 불이행","단일로","기타단일로","이륜차","없음","959336","1959305","127.0391352","37.63230849","N"
"2016","2016-05-21 07","주","토","1","0","0","0","0","전남","완도군","차량단독","전도전복","전도전복","안전운전 의무 불이행","단일로","기타단일로","화물차","없음","946327","1596856","126.9162974","34.36399931","N"
"2016","2016-05-21 07","주","토","1","0","0","0","0","경기","고양시","차량단독","공작물충돌","공작물충돌","안전운전 의무 불이행","단일로","기타단일로","원동기장치자전거","없음","941591","1959161","126.8380445","37.63005373","N"
"2016","2016-05-21 14","주","토","1","0","0","0","0","경기","평택시","차량단독","전도전복","전도전복","안전운전 의무 불이행","단일로","기타단일로","승용차","없음","950651","1889644","126.9453411","37.00399232","N"
"2016","2016-05-21 14","주","토","1","0","0","0","0","세종","세종시","차대사람","기타","기타","안전운전 의무 불이행","단일로","기타단일로","승용차","보행자","991130","1836906","127.400917","36.52982552","N"
"2016","2016-05-21 15","주","토","1","1","1","0","0","전남","고흥군","차량단독","전도전복","전도전복","안전운전 의무 불이행","단일로","기타단일로","화물차","없음","983171","1628858","127.3163461","34.65385219","N"
"2016","2016-05-21 20","야","토","1","0","0","0","0","인천","강화군","차대차","정면충돌","정면충돌","중앙선 침범","단일로","기타단일로","화물차","이륜차","908692","1974255","126.46335","37.76339862","N"
"2016","2016-05-22 02","야","일","1","0","0","0","0","경북","구미시","차량단독","전도전복","전도전복","안전운전 의무 불이행","교차로","교차로내","승용차","없음","1080865","1793616","128.3987646","36.13621613","N"
"2016","2016-05-22 02","야","일","1","0","0","0","0","인천","서구","차량단독","전도전복","전도전복","중앙선 침범","단일로","기타단일로","이륜차","없음","926908","1946674","126.6729004","37.5164624","N"
"2016","2016-05-22 09","주","일","1","0","0","0","0","충남","부여군","차대차","측면충돌","측면충돌","안전운전 의무 불이행","교차로","교차로내","화물차","자전거","952407","1802826","126.9704555","36.22145096","N"
"2016","2016-05-22 11","주","일","1","1","0","0","1","충남","공주시","차량단독","전도전복","전도전복","안전운전 의무 불이행","교차로","교차로내","농기계","없음","962367","1820680","127.0804114","36.38284825","N"
"2016","2016-05-22 11","주","일","1","0","0","0","0","전남","해남군","차량단독","전도전복","전도전복","안전운전 의무 불이행","단일로","기타단일로","원동기장치자전거","없음","926502","1606012","126.6999277","34.44534512","N"
"2016","2016-05-22 11","주","일","1","1","1","0","0","인천","남동구","차대차","추돌","진행중 추돌","안전거리 미확보","단일로","기타단일로","이륜차","이륜차","932473","1936278","126.7368212","37.42318836","N"
"2016","2016-05-22 13","주","일","1","0","0","0","0","충북","음성군","차량단독","전도전복","전도전복","안전운전 의무 불이행","단일로","기타단일로","화물차","없음","1018011","1882949","127.7022789","36.94476418","N"
"2016","2016-05-22 14","주","일","1","0","0","0","0","충북","음성군","차대차","추돌","진행중 추돌","중앙선 침범","단일로","기타단일로","승용차","이륜차","1009575","1892632","127.6076586","37.0321745","N"
"2016","2016-05-22 17","주","일","1","4","3","1","0","경기","안양시","차대사람","차도통행중","차도통행중","안전운전 의무 불이행","단일로","기타단일로","승합차","보행자","946707","1936226","126.897686","37.42364875","N"
"2016","2016-05-22 19","야","일","2","0","0","0","0","경기","평택시","차대사람","기타","기타","안전운전 의무 불이행","단일로","기타단일로","승용차","보행자","963740","1895710","127.0921589","37.05926846","N"
"2016","2016-05-22 20","야","일","1","0","0","0","0","충남","공주시","차대사람","횡단중","횡단중","보행자 보호의무 위반","교차로","교차로내","화물차","보행자","967240","1828179","127.134425","36.4506312","N"
"2016","2016-05-22 23","야","일","1","0","0","0","0","서울","은평구","차량단독","공작물충돌","공작물충돌","안전운전 의무 불이행","단일로","기타단일로","원동기장치자전거","없음","946131","1954100","126.8898667","37.58471643","N"
"2016","2016-05-22 23","야","일","1","0","0","0","0","대구","달서구","차대사람","횡단중","횡단중","안전운전 의무 불이행","단일로","기타단일로","승용차","보행자","1093660","1762637","128.5372901","35.85580562","N"
"2016","2016-05-23 02","야","월","1","0","0","0","0","서울","동작구","차대사람","횡단중","횡단중","안전운전 의무 불이행","단일로","횡단보도상","승용차","보행자","949382","1944133","126.9273741","37.49506691","N"
"2016","2016-05-23 03","야","월","1","0","0","0","0","서울","마포구","차대사람","횡단중","횡단중","안전운전 의무 불이행","단일로","기타단일로","승합차","보행자","951670","1951006","126.9528041","37.55713735","N"
"2016","2016-05-23 05","야","월","1","2","0","1","1","경기","용인시","차대차","추돌","진행중 추돌","안전운전 의무 불이행","단일로","기타단일로","승용차","화물차","982160","1915879","127.2988586","37.24160611","N"
"2016","2016-05-23 07","주","월","1","0","0","0","0","경기","양평군","차량단독","전도전복","전도전복","안전운전 의무 불이행","기타/불명","기타/불명","승용차","없음","1002563","1945076","127.5289984","37.50495105","N"
"2016","2016-05-23 08","주","월","1","0","0","0","0","강원","속초시","차대차","측면충돌","측면충돌","안전운전 의무 불이행","교차로","교차로부근","자전거","화물차","1092632","2021566","128.5577813","38.18960403","N"
"2016","2016-05-23 08","주","월","1","0","0","0","0","인천","미추홀구","차대사람","횡단중","횡단중","신호위반","교차로","교차로부근","화물차","보행자","924808","1938541","126.6499703","37.4429933","N"
"2016","2016-05-23 10","주","월","1","0","0","0","0","울산","남구","차대사람","횡단중","횡단중","신호위반","교차로","교차로내","승용차","보행자","1167495","1728656","129.3476387","35.53974051","N"
"2016","2016-05-23 11","주","월","1","0","0","0","0","경남","진주시","차대사람","횡단중","횡단중","보행자 보호의무 위반","교차로","교차로부근","승용차","보행자","1051175","1688706","128.0621274","35.19236849","N"
"2016","2016-05-23 12","주","월","1","0","0","0","0","전북","남원시","차대차","측면충돌","측면충돌","안전운전 의무 불이행","단일로","기타단일로","이륜차","승용차","995254","1714209","127.4477191","35.42362187","N"
"2016","2016-05-23 14","주","월","1","1","1","0","0","경기","포천시","차대차","정면충돌","정면충돌","중앙선 침범","단일로","기타단일로","화물차","승용차","978581","2002677","127.2559615","38.02387423","N"
"2016","2016-05-23 19","야","월","1","0","0","0","0","경북","경산시","차대사람","횡단중","횡단중","과속","단일로","기타단일로","승용차","보행자","1114348","1763751","128.766525","35.86365094","N"
"2016","2016-05-23 20","야","월","1","0","0","0","0","대전","유성구","차대사람","횡단중","횡단중","신호위반","단일로","횡단보도상","승용차","보행자","987804","1820812","127.3640173","36.38469779","N"
"2016","2016-05-23 21","야","월","1","0","0","0","0","전북","남원시","차량단독","전도전복","전도전복","안전운전 의무 불이행","단일로","기타단일로","승용차","없음","979652","1702117","127.2761529","35.31439375","N"
"2016","2016-05-23 23","야","월","1","1","1","0","0","충남","예산군","차대차","정면충돌","정면충돌","기타","교차로","교차로내","화물차","승용차","941009","1856724","126.8395339","36.706694","N"
"2016","2016-05-24 01","야","화","1","0","0","0","0","충북","청주시","차대차","기타","기타","안전운전 의무 불이행","단일로","기타단일로","승용차","자전거","997826","1851088","127.4756751","36.65771559","N"
"2016","2016-05-24 02","야","화","1","0","0","0","0","경기","수원시","차대사람","횡단중","횡단중","안전운전 의무 불이행","단일로","기타단일로","승용차","보행자","956869","1916562","127.013676","37.24693485","N"
"2016","2016-05-24 07","주","화","1","7","3","4","0","경기","파주시","차대차","정면충돌","정면충돌","중앙선 침범","단일로","기타단일로","화물차","승용차","939602","1987797","126.8131221","37.88801059","N"
"2016","2016-05-24 10","주","화","1","2","0","2","0","경기","남양주시","차대차","정면충돌","정면충돌","중앙선 침범","단일로","기타단일로","화물차","승합차","973956","1966670","127.2045652","37.69922225","N"
"2016","2016-05-24 16","주","화","1","0","0","0","0","전남","강진군","차대차","측면충돌","측면충돌","교차로 통행방법 위반","교차로","교차로내","원동기장치자전거","화물차","937573","1619767","126.8194268","34.57011047","N"
"2016","2016-05-24 17","주","화","2","2","0","2","0","경기","시흥시","차대차","정면충돌","정면충돌","중앙선 침범","단일로","기타단일로","승합차","승용차","938470","1935243","126.8046797","37.41427789","N"
"2016","2016-05-24 20","야","화","1","0","0","0","0","충북","청주시","차대사람","기타","기타","과속","단일로","기타단일로","승용차","보행자","1002751","1858143","127.5308064","36.72131422","N"
"2016","2016-05-24 20","야","화","1","0","0","0","0","충남","천안시","차대사람","횡단중","횡단중","안전운전 의무 불이행","단일로","횡단보도상","승용차","보행자","966634","1872628","127.1257286","36.85130773","N"
"2016","2016-05-24 20","야","화","1","0","0","0","0","전북","김제시","차대차","측면충돌","측면충돌","중앙선 침범","단일로","기타단일로","자전거","화물차","949659","1768174","126.9420913","35.90890957","N"
"2016","2016-05-24 21","야","화","1","0","0","0","0","전북","고창군","차대사람","기타","기타","안전운전 의무 불이행","단일로","기타단일로","승합차","보행자","926120","1724990","126.6852108","35.51809075","N"
"2016","2016-05-24 22","야","화","1","0","0","0","0","부산","남구","차대사람","횡단중","횡단중","신호위반","단일로","횡단보도상","승용차","보행자","1146544","1682546","129.1083585","35.12745368","N"
"2016","2016-05-25 03","야","수","2","8","1","5","2","경기","화성시","차대차","측면충돌","측면충돌","안전운전 의무 불이행","단일로","기타단일로","화물차","특수차","945481","1917780","126.8851874","37.25731637","N"
"2016","2016-05-25 07","주","수","1","0","0","0","0","강원","삼척시","차량단독","전도전복","전도전복","안전운전 의무 불이행","단일로","기타단일로","승용차","없음","1156288","1926279","129.2639178","37.32237228","N"
"2016","2016-05-25 09","주","수","1","0","0","0","0","인천","남동구","차대차","측면충돌","측면충돌","신호위반","교차로","교차로내","자전거","승용차","931316","1934159","126.7239431","37.40400474","N"
"2016","2016-05-25 10","주","수","1","0","0","0","0","충북","충주시","차대사람","횡단중","횡단중","안전운전 의무 불이행","기타/불명","기타/불명","화물차","보행자","1036486","1887620","127.909991","36.98633511","N"
"2016","2016-05-25 11","주","수","1","0","0","0","0","경남","거제시","차대차","정면충돌","정면충돌","안전운전 의무 불이행","교차로","교차로내","이륜차","승용차","1102033","1647497","128.6156461","34.81695883","N"
"2016","2016-05-25 15","주","수","1","0","0","0","0","부산","사하구","차대사람","기타","기타","안전운전 의무 불이행","단일로","기타단일로","승합차","보행자","1135240.9","1679201.5","128.9837959","35.0988882","N"
"2016","2016-05-25 21","야","수","1","0","0","0","0","전북","전주시","차량단독","전도전복","전도전복","안전운전 의무 불이행","단일로","기타단일로","승용차","없음","966149","1759672","127.1252","35.83296602","N"
"2016","2016-05-26 05","야","목","1","0","0","0","0","전남","고흥군","차량단독","전도전복","전도전복","안전운전 의무 불이행","단일로","기타단일로","이륜차","없음","985861","1611166","127.3459963","34.49434568","N"
"2016","2016-05-26 09","주","목","1","0","0","0","0","경북","안동시","차대차","측면충돌","측면충돌","안전운전 의무 불이행","단일로","기타단일로","이륜차","화물차","1096332","1845360","128.577056","36.60121306","N"
"2016","2016-05-26 13","주","목","1","0","0","0","0","대구","달서구","차대사람","횡단중","횡단중","안전운전 의무 불이행","교차로","교차로내","승용차","보행자","1092120","1762766","128.5202518","35.85711454","N"
"2016","2016-05-26 16","주","목","1","0","0","0","0","서울","노원구","차대사람","기타","기타","안전운전 의무 불이행","단일로","기타단일로","승합차","보행자","960939","1963224","127.0570926","37.66770066","N"
"2016","2016-05-26 17","주","목","1","0","0","0","0","서울","강북구","차대사람","횡단중","횡단중","안전운전 의무 불이행","단일로","기타단일로","원동기장치자전거","보행자","960006","1958739","127.0467594","37.62723644","N"
"2016","2016-05-26 19","야","목","1","1","0","1","0","전남","장흥군","차대차","측면충돌","측면충돌","중앙선 침범","단일로","기타단일로","농기계","승용차","937734","1645311","126.8192992","34.80045745","N"
"2016","2016-05-26 20","야","목","1","0","0","0","0","울산","남구","차대차","측면충돌","측면충돌","신호위반","교차로","교차로내","이륜차","승용차","1165985","1727499","129.3307525","35.52956761","N"
"2016","2016-05-26 21","야","목","1","1","0","1","0","경남","창녕군","차대차","추돌","진행중 추돌","안전운전 의무 불이행","단일로","기타단일로","화물차","화물차","1088080","1729429","128.4718587","35.55695046","N"
"2016","2016-05-26 22","야","목","1","2","2","0","0","인천","옹진군","차대차","정면충돌","정면충돌","중앙선 침범","단일로","기타단일로","승용차","승용차","908979","1917572","126.4736267","37.25258902","N"
"2016","2016-05-27 04","야","금","1","0","0","0","0","서울","성북구","차대사람","횡단중","횡단중","안전운전 의무 불이행","교차로","교차로부근","화물차","보행자","958835","1955813","127.0336539","37.60081212","N"
"2016","2016-05-27 07","주","금","1","0","0","0","0","인천","연수구","차대차","측면충돌","측면충돌","안전운전 의무 불이행","교차로","교차로부근","승용차","자전거","923600","1932689","126.636921","37.39015158","N"
"2016","2016-05-27 10","주","금","1","0","0","0","0","서울","은평구","차대사람","기타","기타","안전운전 의무 불이행","교차로","교차로내","승용차","보행자","949158","1956780","126.9239635","37.60904366","N"
"2016","2016-05-27 10","주","금","1","0","0","0","0","경남","창원시(통합)","차대사람","횡단중","횡단중","안전운전 의무 불이행","단일로","기타단일로","승용차","보행자","1108717","1690927","128.6943959","35.20780861","N"
"2016","2016-05-27 12","주","금","1","2","1","1","0","충남","금산군","차대사람","길가장자리구역통행중","길가장자리구역통행중","중앙선 침범","단일로","기타단일로","화물차","보행자","998346","1799649","127.4816031","36.19397858","N"
"2016","2016-05-27 13","주","금","1","0","0","0","0","대구","달서구","차량단독","기타","기타","안전운전 의무 불이행","단일로","기타단일로","원동기장치자전거","없음","1094425","1758288","128.5452468","35.81652732","N"
"2016","2016-05-27 22","야","금","1","0","0","0","0","서울","광진구","차대사람","횡단중","횡단중","안전운전 의무 불이행","단일로","기타단일로","승용차","보행자","963162.9","1951489.8","127.0828996","37.56202936","N"
"2016","2016-05-27 22","야","금","1","0","0","0","0","충북","청주시","차대사람","횡단중","횡단중","안전운전 의무 불이행","교차로","교차로부근","승용차","보행자","993057","1849277","127.422331","36.64136666","N"
"2016","2016-05-28 00","야","토","1","0","0","0","0","경기","부천시","차대사람","길가장자리구역통행중","길가장자리구역통행중","안전운전 의무 불이행","단일로","기타단일로","승합차","보행자","935910","1945800","126.7748341","37.50925448","N"
"2016","2016-05-28 00","야","토","1","0","0","0","0","경기","화성시","차대차","기타","기타","안전운전 의무 불이행","단일로","기타단일로","승용차","화물차","939649","1902246","126.8206791","37.11694077","N"
"2016","2016-05-28 08","주","토","1","1","0","1","0","전남","영암군","차대차","측면충돌","측면충돌","안전운전 의무 불이행","교차로","교차로내","원동기장치자전거","승용차","919392","1644240","126.6189032","34.78951398","N"
"2016","2016-05-28 10","주","토","1","0","0","0","0","경기","광주시","차대차","추돌","진행중 추돌","안전운전 의무 불이행","단일로","기타단일로","화물차","건설기계","983909","1929064","127.3182923","37.36048657","N"
"2016","2016-05-28 13","주","토","1","1","0","1","0","경기","광주시","차대사람","기타","기타","안전운전 의무 불이행","단일로","기타단일로","승용차","보행자","972077","1942228","127.1841829","37.47886158","N"
"2016","2016-05-28 14","주","토","1","0","0","0","0","경기","안성시","차대사람","기타","기타","안전운전 의무 불이행","단일로","기타단일로","승용차","보행자","972044","1893916","127.1856249","37.04338129","N"
"2016","2016-05-28 14","주","토","1","0","0","0","0","충남","보령시","차량단독","전도전복","전도전복","안전운전 의무 불이행","단일로","기타단일로","이륜차","없음","912474","1815498","126.524765","36.33288834","N"
"2016","2016-05-28 15","주","토","1","0","0","0","0","전남","여수시","차량단독","기타","기타","안전운전 의무 불이행","교차로","교차로부근","농기계","없음","1007320","1632692","127.5799161","34.68853903","N"
"2016","2016-05-28 16","주","토","1","1","1","0","0","충남","천안시","차대차","측면충돌","측면충돌","안전운전 의무 불이행","교차로","교차로내","승용차","이륜차","970640","1861824","127.1710805","36.75404718","Y"
"2016","2016-05-28 20","야","토","1","1","1","0","0","경남","고성군","차대차","추돌","진행중 추돌","안전운전 의무 불이행","단일로","기타단일로","승용차","농기계","1067176","1679580","128.2371352","35.10914087","N"
"2016","2016-05-28 22","야","토","1","0","0","0","0","인천","부평구","차대차","정면충돌","정면충돌","신호위반","교차로","교차로내","승용차","원동기장치자전거","932088","1946092","126.7315654","37.51161284","N"
"2016","2016-05-29 00","야","일","1","0","0","0","0","경기","의정부시","차대사람","기타","기타","안전운전 의무 불이행","교차로","교차로내","승용차","보행자","959507","1969354","127.0405149","37.72288873","N"
"2016","2016-05-29 04","야","일","1","0","0","0","0","경북","포항시","차대사람","기타","기타","안전운전 의무 불이행","단일로","기타단일로","승용차","보행자","1169312","1782970","129.3791613","36.02887892","N"
"2016","2016-05-29 11","주","일","1","0","0","0","0","전북","완주군","차대차","추돌","진행중 추돌","안전운전 의무 불이행","단일로","터널안","승용차","원동기장치자전거","971268","1772208","127.1814246","35.94615361","N"
"2016","2016-05-29 13","주","일","1","0","0","0","0","경북","상주시","차대차","추돌","진행중 추돌","안전운전 의무 불이행","교차로","교차로부근","원동기장치자전거","승용차","1059253","1823360","128.1608332","36.40591791","N"
"2016","2016-05-29 16","주","일","1","0","0","0","0","전북","군산시","차량단독","전도전복","전도전복","안전운전 의무 불이행","단일로","기타단일로","승용차","없음","915428.7","1773075.3","126.5622456","35.95073243","N"
"2016","2016-05-29 17","주","일","1","0","0","0","0","서울","관악구","차대사람","차도통행중","차도통행중","기타","교차로","교차로부근","승합차","보행자","948757","1941794","126.9204668","37.47395048","Y"
"2016","2016-05-29 17","주","일","1","0","0","0","0","충남","아산시","차대차","추돌","진행중 추돌","중앙선 침범","단일로","기타단일로","자전거","승용차","955446","1865128","127.0006742","36.78323864","N"
"2016","2016-05-29 18","야","일","1","0","0","0","0","강원","인제군","차량단독","도로이탈","도로이탈 추락","안전운전 의무 불이행","단일로","기타단일로","건설기계","없음","1054875","1995596","128.1246654","37.95864866","N"
"2016","2016-05-29 18","야","일","1","0","0","0","0","세종","세종시","차량단독","전도전복","전도전복","안전운전 의무 불이행","단일로","기타단일로","승용차","없음","987427","1838086","127.3595332","36.54042181","N"
"2016","2016-05-29 21","야","일","1","3","2","1","0","경남","진주시","차대차","측면충돌","측면충돌","과속","단일로","기타단일로","승용차","화물차","1053483","1701883","128.0883361","35.31105977","N"
"2016","2016-05-29 23","야","일","1","0","0","0","0","경기","광주시","차대차","추돌","진행중 추돌","안전운전 의무 불이행","단일로","기타단일로","승용차","화물차","973431","1933753","127.1998022","37.40251098","N"
"2016","2016-05-30 02","야","월","1","0","0","0","0","경기","광주시","차대사람","횡단중","횡단중","신호위반","교차로","교차로부근","승용차","보행자","986821","1927266","127.3512079","37.34432559","N"
"2016","2016-05-30 04","야","월","1","0","0","0","0","인천","남동구","차대사람","횡단중","횡단중","안전운전 의무 불이행","교차로","교차로부근","승용차","보행자","929609","1939272","126.7041698","37.44995957","N"
"2016","2016-05-30 08","주","월","1","0","0","0","0","울산","울주군","차대사람","횡단중","횡단중","안전운전 의무 불이행","단일로","기타단일로","승용차","보행자","1166721","1720583","129.3374462","35.46711684","N"
"2016","2016-05-30 09","주","월","1","0","0","0","0","부산","금정구","차대사람","기타","기타","안전운전 의무 불이행","단일로","기타단일로","건설기계","보행자","1144388.5","1694994.5","129.0868897","35.23997237","N"
"2016","2016-05-30 12","주","월","1","1","0","1","0","경북","칠곡군","차대차","측면충돌","측면충돌","중앙선 침범","단일로","기타단일로","승합차","특수차","1080084","1774494","128.3881465","35.96390033","N"
"2016","2016-05-30 14","주","월","1","5","5","0","0","전북","고창군","차대차","측면충돌","측면충돌","신호위반","교차로","교차로내","승용차","승용차","912992","1718128","126.54118","35.45516197","N"
"2016","2016-05-30 14","주","월","1","5","1","4","0","경남","함양군","차대차","추돌","진행중 추돌","안전운전 의무 불이행","교차로","교차로내","화물차","승합차","1026200","1731712","127.7891769","35.58110546","N"
"2016","2016-05-30 16","주","월","1","0","0","0","0","제주","제주시","차대차","추돌","진행중 추돌","안전운전 의무 불이행","단일로","기타단일로","승용차","이륜차","922344.2","1505318.2","126.6636167","33.53698808","N"
"2016","2016-05-30 17","주","월","1","0","0","0","0","대전","동구","차대사람","기타","기타","보행자 보호의무 위반","단일로","기타단일로","원동기장치자전거","보행자","994538","1814974","127.4391408","36.33212777","N"
"2016","2016-05-30 21","야","월","1","1","1","0","0","경기","시흥시","차대사람","기타","기타","안전운전 의무 불이행","단일로","기타단일로","화물차","보행자","941314","1932873","126.8370046","37.39310123","N"
"2016","2016-05-30 22","야","월","1","0","0","0","0","경기","성남시","차대사람","차도통행중","차도통행중","안전운전 의무 불이행","단일로","기타단일로","승용차","보행자","966326","1933713","127.1195275","37.40191936","N"
"2016","2016-05-31 08","주","화","1","0","0","0","0","서울","은평구","차대사람","횡단중","횡단중","보행자 보호의무 위반","교차로","교차로내","건설기계","보행자","948286","1954983","126.9142112","37.5927986","N"
"2016","2016-05-31 14","주","화","1","4","0","4","0","경북","울진군","차대차","추돌","진행중 추돌","안전운전 의무 불이행","단일로","기타단일로","승합차","특수차","1173620","1858718","129.443862","36.71062708","N"
"2016","2016-05-31 16","주","화","1","1","1","0","0","경남","거창군","차량단독","전도전복","전도전복","안전운전 의무 불이행","단일로","기타단일로","농기계","없음","1047199","1755894","128.0223618","35.79835242","N"