"발생년","발생년월일시","주야","요일","사망자수","부상자수","중상자수","경상자수","부상신고자수","발생지시도","발생지시군구","사고유형_대분류","사고유형_중분류","사고유형","가해자법규위반","도로형태_대분류","도로형태","가해자_당사자종별","피해자_당사자종별","발생위치(X_UTMK)","발생위치(Y_UTMK)","경도","위도"," 어린이사고 여부"
"2016","2016-05-31 21","야","화","1","0","0","0","0","경기","용인시","차대사람","횡단중","횡단중","안전운전 의무 불이행","단일로","기타단일로","승용차","보행자","962443","1923461","127.0761755","37.30936222","N"
"2016","2016-06-01 02","야","수","1","0","0","0","0","경북","포항시","차량단독","전도전복","전도전복","안전운전 의무 불이행","단일로","기타단일로","이륜차","없음","1174899","1778639","129.440182","35.98886581","N"
"2016","2016-06-01 03","야","수","1","1","0","0","1","서울","마포구","차대차","측면충돌","측면충돌","신호위반","교차로","교차로내","이륜차","승용차","948615","1950523","126.9182506","37.55261865","N"
"2016","2016-06-01 03","야","수","1","2","1","1","0","대전","유성구","차대차","측면충돌","측면충돌","신호위반","교차로","교차로부근","승용차","승용차","985475","1818566","127.3380915","36.36441694","N"
"2016","2016-06-01 04","야","수","1","0","0","0","0","전남","여수시","차대사람","횡단중","횡단중","안전운전 의무 불이행","단일로","횡단보도상","화물차","보행자","1020049","1637671","127.7190026","34.73326834","N"
"2016","2016-06-01 06","주","수","1","0","0","0","0","부산","강서구","차대차","추돌","진행중 추돌","안전운전 의무 불이행","기타/불명","기타/불명","이륜차","승용차","1123877","1682912","128.8597052","35.13379897","N"
"2016","2016-06-01 07","주","수","1","0","0","0","0","강원","화천군","차량단독","기타","기타","안전운전 의무 불이행","단일로","기타단일로","이륜차","없음","1024562","2005847","127.7799569","38.05236482","N"
"2016","2016-06-01 09","주","수","1","0","0","0","0","경기","군포시","차대사람","기타","기타","안전운전 의무 불이행","단일로","기타단일로","화물차","보행자","950575","1925875","126.9420914","37.33056543","N"
"2016","2016-06-01 09","주","수","1","0","0","0","0","경남","고성군","차대차","측면충돌","측면충돌","과속","교차로","교차로내","승합차","자전거","1077753","1666403","128.3519533","34.98957095","N"
"2016","2016-06-01 10","주","수","1","0","0","0","0","충남","당진시","차량단독","전도전복","전도전복","안전운전 의무 불이행","단일로","기타단일로","이륜차","없음","935710","1867413","126.7793094","36.80270169","N"
"2016","2016-06-01 11","주","수","1","0","0","0","0","경북","고령군","차량단독","공작물충돌","공작물충돌","안전운전 의무 불이행","기타/불명","기타/불명","원동기장치자전거","없음","1078803","1746480","128.3711757","35.71145449","N"
"2016","2016-06-01 13","주","수","1","0","0","0","0","충남","보령시","차량단독","전도전복","전도전복","안전운전 의무 불이행","단일로","기타단일로","농기계","없음","923727","1824274","126.6492741","36.41295588","N"
"2016","2016-06-01 16","주","수","1","4","3","1","0","경기","양평군","차대차","정면충돌","정면충돌","기타","교차로","교차로내","승용차","승용차","996290","1953340","127.4579824","37.57943554","N"
"2016","2016-06-01 18","야","수","1","0","0","0","0","경북","경주시","차량단독","공작물충돌","공작물충돌","안전운전 의무 불이행","단일로","기타단일로","승용차","없음","1139130","1752344","129.0389454","35.75763339","N"
"2016","2016-06-01 21","야","수","1","0","0","0","0","경북","군위군","차대사람","길가장자리구역통행중","길가장자리구역통행중","안전운전 의무 불이행","교차로","교차로부근","승용차","보행자","1096387","1808384","128.5730725","36.26791709","N"
"2016","2016-06-01 23","야","수","1","0","0","0","0","충남","서산시","차대사람","횡단중","횡단중","과속","교차로","교차로내","승용차","보행자","906211","1864951","126.4489715","36.7780478","N"
"2016","2016-06-01 23","야","수","1","0","0","0","0","경기","파주시","차대사람","횡단중","횡단중","보행자 보호의무 위반","단일로","횡단보도상","승용차","보행자","936828","1984135","126.7818973","37.85481893","N"
"2016","2016-06-02 01","야","목","1","0","0","0","0","울산","남구","차대사람","횡단중","횡단중","안전운전 의무 불이행","교차로","교차로내","승용차","보행자","1164634","1727559","129.3158704","35.53033357","N"
"2016","2016-06-02 03","야","목","1","0","0","0","0","인천","남동구","차량단독","공작물충돌","공작물충돌","안전운전 의무 불이행","단일로","지하차도(도로)내","이륜차","없음","929884.1","1941054.5","126.7071102","37.46604591","N"
"2016","2016-06-02 05","야","목","1","0","0","0","0","전남","강진군","차대사람","횡단중","횡단중","안전운전 의무 불이행","단일로","기타단일로","승합차","보행자","929110","1616426","126.7274495","34.5394345","N"
"2016","2016-06-02 06","주","목","1","4","0","4","0","인천","미추홀구","차대차","추돌","진행중 추돌","안전운전 의무 불이행","기타/불명","기타/불명","화물차","화물차","925079","1937860","126.6531027","37.43687759","N"
"2016","2016-06-02 10","주","목","1","0","0","0","0","경기","고양시","차량단독","기타","기타","기타","단일로","기타단일로","승합차","없음","936875","1963007","126.7842687","37.66440478","N"
"2016","2016-06-02 19","야","목","1","0","0","0","0","경북","의성군","차량단독","공작물충돌","공작물충돌","안전운전 의무 불이행","단일로","기타단일로","화물차","없음","1116770","1813101","128.800653","36.30818131","N"
"2016","2016-06-02 21","야","목","1","0","0","0","0","전남","함평군","차대차","추돌","진행중 추돌","기타","단일로","기타단일로","승용차","화물차","916073","1674875","126.5795486","35.06546297","N"
"2016","2016-06-03 01","야","금","1","0","0","0","0","강원","원주시","차대사람","기타","기타","안전운전 의무 불이행","단일로","기타단일로","승용차","보행자","1031521.6","1925718.2","127.8558132","37.32993241","N"
"2016","2016-06-03 01","야","금","1","0","0","0","0","강원","양양군","차량단독","전도전복","전도전복","안전운전 의무 불이행","단일로","기타단일로","승용차","없음","1080186","2010661","128.4144488","38.09252761","N"
"2016","2016-06-03 01","야","금","1","0","0","0","0","충남","천안시","차량단독","공작물충돌","공작물충돌","안전운전 의무 불이행","교차로","교차로내","승용차","없음","971870","1873051","127.184445","36.85529128","N"
"2016","2016-06-03 01","야","금","1","0","0","0","0","경기","의정부시","차대사람","기타","기타","안전운전 의무 불이행","단일로","기타단일로","승용차","보행자","960128","1967187","127.0476801","37.70338469","N"
"2016","2016-06-03 02","야","금","1","1","0","1","0","충북","청주시","차대차","정면충돌","정면충돌","교차로 통행방법 위반","교차로","교차로내","이륜차","화물차","996764","1849682","127.4637983","36.64503754","N"
"2016","2016-06-03 03","야","금","1","0","0","0","0","전남","영암군","차대사람","기타","기타","안전운전 의무 불이행","단일로","기타단일로","화물차","보행자","919258","1653802","126.6165182","34.87572025","N"
"2016","2016-06-03 05","야","금","1","0","0","0","0","전남","해남군","차대차","측면충돌","측면충돌","신호위반","교차로","교차로내","화물차","이륜차","914587","1627338","126.5680987","34.63672273","N"
"2016","2016-06-03 07","주","금","1","0","0","0","0","경기","안성시","차대차","추돌","진행중 추돌","안전운전 의무 불이행","교차로","교차로부근","승용차","자전거","979319","1891051","127.2675129","37.01774386","N"
"2016","2016-06-03 08","주","금","1","1","1","0","0","전북","군산시","차대차","측면충돌","측면충돌","안전운전 의무 불이행","단일로","기타단일로","승용차","원동기장치자전거","930009","1775761","126.723665","35.97609871","N"
"2016","2016-06-03 08","주","금","1","0","0","0","0","경남","거창군","차대차","정면충돌","정면충돌","과속","교차로","교차로내","승용차","이륜차","1038316","1744518","127.9235107","35.69617245","N"
"2016","2016-06-03 08","주","금","1","0","0","0","0","경남","함안군","차대차","측면충돌","측면충돌","기타","단일로","기타단일로","농기계","특수차","1091175","1702458","128.5029835","35.31351595","N"
"2016","2016-06-03 10","주","금","1","0","0","0","0","전북","무주군","차대차","정면충돌","정면충돌","중앙선 침범","단일로","기타단일로","화물차","이륜차","1026179","1776995","127.7904266","35.98938441","N"
"2016","2016-06-03 13","주","금","1","0","0","0","0","충북","충주시","차량단독","전도전복","전도전복","안전운전 의무 불이행","단일로","기타단일로","원동기장치자전거","없음","1027100","1887156","127.804506","36.98246986","N"
"2016","2016-06-03 13","주","금","1","3","1","2","0","대구","북구","차대차","추돌","진행중 추돌","안전운전 의무 불이행","단일로","기타단일로","화물차","화물차","1097224","1768494","128.5774704","35.90825647","N"
"2016","2016-06-03 19","야","금","1","0","0","0","0","전북","완주군","차대차","기타","기타","중앙선 침범","단일로","기타단일로","원동기장치자전거","승용차","970464","1770572","127.1725709","35.93137963","N"
"2016","2016-06-03 19","야","금","1","0","0","0","0","경북","영천시","차대차","측면충돌","측면충돌","신호위반","교차로","교차로내","원동기장치자전거","승용차","1130351","1774454","128.9454816","35.95812024","N"
"2016","2016-06-03 20","야","금","1","0","0","0","0","서울","성동구","차대사람","길가장자리구역통행중","길가장자리구역통행중","안전운전 의무 불이행","교차로","교차로내","승용차","보행자","959771","1950158","127.0445678","37.54988353","N"
"2016","2016-06-03 21","야","금","1","0","0","0","0","서울","강남구","차대차","측면충돌","측면충돌","신호위반","교차로","교차로부근","승용차","이륜차","960852","1946825","127.0569832","37.51988862","N"
"2016","2016-06-03 22","야","금","2","1","1","0","0","대구","북구","차대사람","기타","기타","보행자 보호의무 위반","단일로","기타단일로","승용차","보행자","1095831.3","1766462","128.5617937","35.89007641","N"
"2016","2016-06-04 05","야","토","1","0","0","0","0","전북","익산시","차량단독","전도전복","전도전복","안전운전 의무 불이행","단일로","기타단일로","이륜차","없음","949139","1788157","126.9350451","36.08903953","N"
"2016","2016-06-04 08","주","토","1","0","0","0","0","경기","남양주시","차량단독","공작물충돌","공작물충돌","안전운전 의무 불이행","교차로","교차로부근","승용차","없음","965622","1960769","127.1103069","37.64576064","N"
"2016","2016-06-04 13","주","토","1","2","2","0","0","강원","양양군","차대차","정면충돌","정면충돌","중앙선 침범","교차로","교차로부근","승용차","승용차","1104355","2004523","128.6891303","38.03475117","N"
"2016","2016-06-04 14","주","토","1","2","1","1","0","경남","하동군","차대차","측면충돌","측면충돌","안전운전 의무 불이행","교차로","교차로내","승용차","승용차","1036708","1670171","127.9023977","35.02587072","N"
"2016","2016-06-04 15","주","토","1","0","0","0","0","대구","서구","차대차","측면충돌","측면충돌","신호위반","교차로","교차로내","이륜차","승용차","1093668","1764057","128.5375455","35.86860569","N"
"2016","2016-06-04 16","주","토","1","2","0","2","0","울산","남구","차대차","측면충돌","측면충돌","중앙선 침범","단일로","기타단일로","승용차","특수차","1167080","1724812","129.3422708","35.50516848","N"
"2016","2016-06-04 20","야","토","1","0","0","0","0","전북","정읍시","차량단독","공작물충돌","공작물충돌","안전운전 의무 불이행","단일로","기타단일로","화물차","없음","941566","1742060","126.854312","35.67302382","N"
"2016","2016-06-04 21","야","토","1","1","1","0","0","경기","화성시","차대차","추돌","진행중 추돌","안전운전 의무 불이행","단일로","기타단일로","승용차","원동기장치자전거","939142","1899891","126.8151637","37.09568085","N"
"2016","2016-06-05 04","야","일","1","0","0","0","0","경기","평택시","차대사람","기타","기타","안전운전 의무 불이행","교차로","교차로부근","승용차","보행자","962582","1889968","127.0794199","37.0074638","N"
"2016","2016-06-05 05","야","일","1","0","0","0","0","충남","서산시","차량단독","전도전복","전도전복","안전운전 의무 불이행","단일로","기타단일로","승용차","없음","905582","1870071","126.4412887","36.82413286","N"
"2016","2016-06-05 13","주","일","1","0","0","0","0","경북","김천시","차대차","측면충돌","측면충돌","안전운전 의무 불이행","단일로","기타단일로","이륜차","화물차","1065954","1799248","128.2335245","36.18811728","N"
"2016","2016-06-05 14","주","일","1","3","3","0","0","경북","상주시","차량단독","공작물충돌","공작물충돌","안전운전 의무 불이행","교차로","교차로내","승용차","없음","1052109","1809620","128.0802423","36.28246665","N"
"2016","2016-06-05 14","주","일","1","0","0","0","0","경북","영주시","차량단독","전도전복","전도전복","안전운전 의무 불이행","단일로","기타단일로","승용차","없음","1099187","1869079","128.6120479","36.81470384","N"
"2016","2016-06-05 18","야","일","1","0","0","0","0","충남","부여군","차대차","추돌","진행중 추돌","안전운전 의무 불이행","교차로","교차로부근","승용차","이륜차","937389","1799022","126.8036711","36.18630193","N"
"2016","2016-06-05 20","야","일","1","0","0","0","0","충남","아산시","차대사람","횡단중","횡단중","보행자 보호의무 위반","교차로","교차로내","승합차","보행자","954013","1851266","126.9854491","36.6582113","N"
"2016","2016-06-06 00","야","월","1","1","0","1","0","경북","김천시","차대차","추돌","진행중 추돌","안전운전 의무 불이행","단일로","기타단일로","화물차","승용차","1068915","1796483","128.2662107","36.16298484","N"
"2016","2016-06-06 02","야","월","1","0","0","0","0","전북","전주시","차대사람","횡단중","횡단중","안전운전 의무 불이행","교차로","교차로내","승용차","보행자","967953","1759032","127.1451993","35.82725639","N"
"2016","2016-06-06 05","야","월","1","0","0","0","0","경기","남양주시","차대사람","기타","기타","안전운전 의무 불이행","교차로","교차로부근","승합차","보행자","978439","1961786","127.2555629","37.65531768","N"
"2016","2016-06-06 06","주","월","1","0","0","0","0","전남","여수시","차대사람","길가장자리구역통행중","길가장자리구역통행중","안전운전 의무 불이행","단일로","기타단일로","승합차","보행자","1019441","1636715","127.7123392","34.7246591","N"
"2016","2016-06-06 11","주","월","1","6","1","5","0","대구","북구","차대차","추돌","진행중 추돌","안전운전 의무 불이행","단일로","기타단일로","승용차","승합차","1093423","1771569","128.5357141","35.93634688","Y"
"2016","2016-06-06 13","주","월","1","0","0","0","0","전북","전주시","차대차","측면충돌","측면충돌","신호위반","교차로","교차로부근","이륜차","승용차","969216","1759358","127.1591695","35.83023608","N"
"2016","2016-06-06 14","주","월","1","0","0","0","0","전남","순천시","차대차","측면충돌","측면충돌","안전운전 의무 불이행","교차로","교차로부근","승용차","자전거","972844","1677526","127.2020702","35.09249448","N"
"2016","2016-06-06 15","주","월","1","0","0","0","0","경기","김포시","차대차","기타","기타","안전운전 의무 불이행","단일로","기타단일로","이륜차","특수차","926282","1964407","126.6640312","37.6762323","N"
"2016","2016-06-06 15","주","월","1","0","0","0","0","전남","영광군","차량단독","전도전복","전도전복","안전운전 의무 불이행","교차로","교차로내","이륜차","없음","902844","1691381","126.4325422","35.21308792","N"
"2016","2016-06-06 17","주","월","1","2","1","0","1","울산","북구","차대차","측면충돌","측면충돌","안전운전 의무 불이행","교차로","교차로내","승용차","승용차","1168264","1740784","129.3586432","35.64890541","N"
"2016","2016-06-06 21","야","월","1","0","0","0","0","광주","서구","차대사람","횡단중","횡단중","안전운전 의무 불이행","단일로","기타단일로","승용차","보행자","943863","1685462","126.8835914","35.16285321","N"
"2016","2016-06-06 21","야","월","1","0","0","0","0","경기","포천시","차대사람","횡단중","횡단중","안전운전 의무 불이행","교차로","교차로내","승용차","보행자","971118","1984684","127.1716548","37.86149899","N"
"2016","2016-06-07 03","야","화","1","1","0","1","0","충남","서천군","차대차","추돌","진행중 추돌","안전운전 의무 불이행","단일로","기타단일로","화물차","화물차","921619","1792736","126.6289283","36.12848717","N"
"2016","2016-06-07 10","주","화","1","0","0","0","0","전남","해남군","차량단독","공작물충돌","공작물충돌","안전운전 의무 불이행","기타/불명","기타/불명","승용차","없음","911298","1613163","126.5336984","34.50863031","N"
"2016","2016-06-07 11","주","화","1","5","2","3","0","강원","횡성군","차대차","정면충돌","정면충돌","중앙선 침범","단일로","기타단일로","승용차","승합차","1048812","1954325","128.052874","37.58702654","N"
"2016","2016-06-07 13","주","화","1","1","0","1","0","전북","순창군","차량단독","전도전복","전도전복","안전운전 의무 불이행","교차로","교차로부근","농기계","없음","973565","1721486","127.208563","35.48889622","N"
"2016","2016-06-07 14","주","화","1","1","1","0","0","세종","세종시","차대차","측면충돌","측면충돌","교차로 통행방법 위반","교차로","교차로부근","이륜차","건설기계","972380","1851766","127.1909368","36.66342921","N"
"2016","2016-06-07 16","주","화","1","0","0","0","0","충남","공주시","차량단독","도로이탈","도로이탈 기타","안전운전 의무 불이행","단일로","기타단일로","화물차","없음","965959","1845409","127.1193701","36.6059141","N"
"2016","2016-06-07 19","야","화","1","0","0","0","0","전북","순창군","차대차","측면충돌","측면충돌","기타","교차로","교차로부근","원동기장치자전거","승용차","975859","1717677","127.2339665","35.45461027","N"
"2016","2016-06-07 22","야","화","1","0","0","0","0","경북","경주시","차대사람","횡단중","횡단중","안전운전 의무 불이행","단일로","기타단일로","승용차","보행자","1155102","1761790","129.2173792","35.84037294","N"
"2016","2016-06-07 23","야","화","1","1","1","0","0","경기","화성시","차대차","정면충돌","정면충돌","중앙선 침범","단일로","고가도로위","승용차","승용차","945720","1916168","126.888","37.24280052","N"
"2016","2016-06-08 04","야","수","1","0","0","0","0","대전","서구","차대사람","횡단중","횡단중","안전운전 의무 불이행","교차로","교차로내","승용차","보행자","989377","1814580","127.381641","36.32853257","N"
"2016","2016-06-08 05","야","수","1","0","0","0","0","경기","광명시","차대차","기타","기타","과속","단일로","지하차도(도로)내","승용차","이륜차","946475","1937895","126.894943","37.43867851","N"
"2016","2016-06-08 08","주","수","1","1","1","0","0","경기","화성시","차대사람","기타","기타","안전운전 의무 불이행","단일로","기타단일로","승합차","보행자","945456","1915810","126.8850498","37.23955825","N"
"2016","2016-06-08 08","주","수","1","2","2","0","0","경북","의성군","차대차","정면충돌","정면충돌","중앙선 침범","단일로","기타단일로","승용차","건설기계","1085748","1819869","128.4559082","36.37244921","N"
"2016","2016-06-08 08","주","수","1","1","0","1","0","경남","창원시(통합)","차대차","측면충돌","측면충돌","안전운전 의무 불이행","교차로","교차로부근","승용차","승용차","1109635","1691745","128.7045883","35.21508308","N"
"2016","2016-06-08 10","주","수","1","0","0","0","0","경기","여주시","차대사람","기타","기타","안전운전 의무 불이행","교차로","교차로내","승용차","보행자","1015594","1919527","127.6758949","37.27452946","N"
"2016","2016-06-08 12","주","수","1","0","0","0","0","강원","강릉시","차대차","측면충돌","측면충돌","신호위반","교차로","교차로내","화물차","원동기장치자전거","1122571","1974863","128.891608","37.76522091","N"
"2016","2016-06-08 16","주","수","1","0","0","0","0","서울","구로구","차대사람","기타","기타","안전운전 의무 불이행","단일로","기타단일로","화물차","보행자","942046","1944262","126.8443786","37.49579819","N"
"2016","2016-06-08 22","야","수","1","0","0","0","0","인천","남동구","차대차","정면충돌","정면충돌","교차로 통행방법 위반","교차로","교차로내","승용차","이륜차","929882","1938957","126.707286","37.44714126","N"
"2016","2016-06-09 00","야","목","1","0","0","0","0","경남","의령군","차대사람","기타","기타","안전운전 의무 불이행","단일로","기타단일로","승용차","보행자","1074983","1719780","128.3264713","35.47103585","N"
"2016","2016-06-09 09","주","목","1","0","0","0","0","강원","춘천시","차대사람","횡단중","횡단중","안전운전 의무 불이행","교차로","교차로부근","승용차","보행자","1020467","1986319","127.7327264","37.87646319","N"
"2016","2016-06-09 10","주","목","1","0","0","0","0","충남","부여군","차대차","측면충돌","측면충돌","안전운전 의무 불이행","교차로","교차로내","화물차","이륜차","951001","1813088","126.9541688","36.31389398","N"
"2016","2016-06-09 10","주","목","1","0","0","0","0","전남","완도군","차량단독","전도전복","전도전복","안전운전 의무 불이행","교차로","교차로부근","이륜차","없음","944236","1598516","126.8934507","34.37885842","N"
"2016","2016-06-09 11","주","목","1","0","0","0","0","경북","구미시","차대사람","횡단중","횡단중","보행자 보호의무 위반","교차로","교차로내","화물차","보행자","1076552","1786395","128.3501314","36.07147042","N"
"2016","2016-06-09 12","주","목","1","0","0","0","0","전북","전주시","차대차","측면충돌","측면충돌","중앙선 침범","교차로","교차로내","자전거","화물차","967831","1758091","127.1438865","35.81876831","N"
"2016","2016-06-09 13","주","목","1","1","0","1","0","충남","예산군","차대차","추돌","진행중 추돌","안전운전 의무 불이행","단일로","기타단일로","화물차","이륜차","939747","1860666","126.8250945","36.74214884","N"
"2016","2016-06-09 17","주","목","1","0","0","0","0","경기","이천시","차대사람","길가장자리구역통행중","길가장자리구역통행중","안전운전 의무 불이행","단일로","기타단일로","승용차","보행자","995368","1919966","127.4477498","37.27860575","N"
"2016","2016-06-09 17","주","목","1","0","0","0","0","전북","완주군","차량단독","전도전복","전도전복","안전운전 의무 불이행","단일로","기타단일로","화물차","없음","982816","1761734","127.3096921","35.85199109","N"
"2016","2016-06-09 17","주","목","1","8","4","4","0","경남","창원시(통합)","차대차","기타","기타","신호위반","교차로","교차로부근","승용차","승용차","1096791","1691115","128.5634169","35.21072507","Y"
"2016","2016-06-09 18","야","목","1","0","0","0","0","강원","춘천시","차대사람","차도통행중","차도통행중","과속","교차로","교차로부근","승용차","보행자","1017414","1975083","127.6977411","37.77525535","N"
"2016","2016-06-09 19","야","목","1","0","0","0","0","경북","안동시","차량단독","전도전복","전도전복","안전운전 의무 불이행","단일로","기타단일로","화물차","없음","1099038","1845994","128.6073875","36.60665027","N"
"2016","2016-06-09 20","야","목","1","0","0","0","0","인천","남동구","차대사람","횡단중","횡단중","안전운전 의무 불이행","단일로","기타단일로","승용차","보행자","930644.8","1940735.3","126.7157417","37.4632264","N"
"2016","2016-06-10 00","야","금","1","2","1","1","0","인천","동구","차대차","추돌","진행중 추돌","신호위반","교차로","교차로내","승용차","승용차","924939","1942991","126.6509976","37.4831106","N"
"2016","2016-06-10 01","야","금","1","0","0","0","0","광주","남구","차량단독","전도전복","전도전복","안전운전 의무 불이행","단일로","고가도로위","이륜차","없음","945328.2","1682282.1","126.8998897","35.13426172","N"
"2016","2016-06-10 04","야","금","1","0","0","0","0","서울","강남구","차대사람","횡단중","횡단중","보행자 보호의무 위반","단일로","횡단보도상","승용차","보행자","959573","1946133.8","127.0425479","37.51360342","N"
"2016","2016-06-10 05","야","금","1","0","0","0","0","경기","오산시","차량단독","전도전복","전도전복","안전운전 의무 불이행","교차로","교차로내","특수차","없음","960586","1910167","127.0559239","37.18945615","N"
"2016","2016-06-10 09","주","금","1","1","0","0","1","경기","안성시","차량단독","전도전복","전도전복","안전운전 의무 불이행","단일로","기타단일로","승용차","없음","994847","1896956","127.4420315","37.07118722","N"
"2016","2016-06-10 10","주","금","1","0","0","0","0","강원","철원군","차대차","측면충돌","측면충돌","교차로 통행방법 위반","교차로","교차로내","화물차","이륜차","979153","2023144","127.2618803","38.20834936","N"
"2016","2016-06-10 10","주","금","1","0","0","0","0","전남","순천시","차대사람","차도통행중","차도통행중","안전운전 의무 불이행","교차로","교차로내","화물차","보행자","1001638","1662583","127.5179412","34.95811211","N"
"2016","2016-06-10 11","주","금","1","1","0","1","0","경기","양주시","차대차","정면충돌","정면충돌","중앙선 침범","단일로","기타단일로","승용차","화물차","949826","1966694","126.9308499","37.69843511","N"
"2016","2016-06-10 12","주","금","1","0","0","0","0","경기","안양시","차대사람","횡단중","횡단중","안전운전 의무 불이행","기타/불명","기타/불명","승용차","보행자","952038","1933233","126.9581283","37.39696327","N"
"2016","2016-06-10 13","주","금","1","3","0","0","3","강원","원주시","차대차","정면충돌","정면충돌","안전거리 미확보","단일로","기타단일로","화물차","승용차","1040202","1933955","127.9542417","37.4038403","N"
"2016","2016-06-10 14","주","금","1","0","0","0","0","광주","서구","차대사람","차도통행중","차도통행중","안전운전 의무 불이행","교차로","교차로내","승용차","보행자","937889","1679433","126.8184514","35.10814063","N"
"2016","2016-06-10 16","주","금","1","0","0","0","0","경기","시흥시","차대차","정면충돌","정면충돌","기타","교차로","교차로내","화물차","이륜차","938493","1935275","126.8049369","37.41456784","N"
"2016","2016-06-10 16","주","금","1","1","1","0","0","충북","충주시","차대차","측면충돌","측면충돌","안전운전 의무 불이행","교차로","교차로부근","승용차","원동기장치자전거","1040851","1897818","127.9595925","37.07808128","N"
"2016","2016-06-10 16","주","금","1","0","0","0","0","충북","괴산군","차량단독","전도전복","전도전복","안전운전 의무 불이행","단일로","기타단일로","이륜차","없음","1033572","1874729","127.8766751","36.87023978","N"
"2016","2016-06-10 17","주","금","1","0","0","0","0","경남","거창군","차대차","측면충돌","측면충돌","안전운전 의무 불이행","교차로","교차로내","원동기장치자전거","특수차","1038673","1744034","127.9274333","35.69179469","N"
"2016","2016-06-10 18","야","금","1","3","2","1","0","강원","속초시","차대차","추돌","진행중 추돌","안전운전 의무 불이행","단일로","기타단일로","화물차","승용차","1094454","2021903","128.5786284","38.19245148","N"
"2016","2016-06-10 22","야","금","3","2","1","1","0","인천","서구","차대차","기타","기타","과속","교차로","교차로부근","승용차","승용차","923316","1949227","126.6319914","37.53917992","Y"
"2016","2016-06-11 00","야","토","1","0","0","0","0","경기","안양시","차대사람","횡단중","횡단중","안전운전 의무 불이행","교차로","교차로내","승용차","보행자","952126","1931894","126.9592092","37.38489884","N"
"2016","2016-06-11 00","야","토","1","0","0","0","0","경기","용인시","차대사람","차도통행중","차도통행중","안전운전 의무 불이행","단일로","기타단일로","승용차","보행자","963085","1924495","127.0833688","37.31870812","N"
"2016","2016-06-11 00","야","토","1","0","0","0","0","전북","순창군","차대사람","기타","기타","안전운전 의무 불이행","단일로","기타단일로","화물차","보행자","967393","1710074","127.1409769","35.38581513","N"
"2016","2016-06-11 07","주","토","1","0","0","0","0","경북","칠곡군","차대차","추돌","진행중 추돌","안전운전 의무 불이행","단일로","기타단일로","승용차","이륜차","1093494","1788141","128.5384588","36.08572747","N"
"2016","2016-06-11 07","주","토","1","0","0","0","0","제주","서귀포시","차대차","측면충돌","측면충돌","기타","교차로","교차로내","이륜차","화물차","924500.6","1476842.3","126.6892295","33.28032214","N"
"2016","2016-06-11 08","주","토","1","0","0","0","0","경남","김해시","차량단독","전도전복","전도전복","안전운전 의무 불이행","교차로","교차로내","화물차","없음","1124633","1702884","128.8710265","35.31374369","N"
"2016","2016-06-11 09","주","토","1","1","0","1","0","대전","동구","차대차","측면충돌","측면충돌","신호위반","교차로","교차로내","이륜차","건설기계","998111","1815149","127.4789518","36.33371911","N"
"2016","2016-06-11 10","주","토","2","2","2","0","0","경기","화성시","차대차","측면충돌","측면충돌","안전운전 의무 불이행","단일로","기타단일로","승용차","승용차","954439","1914232","126.98642","37.22581722","N"
"2016","2016-06-11 10","주","토","1","0","0","0","0","강원","인제군","차량단독","전도전복","전도전복","안전운전 의무 불이행","단일로","기타단일로","승용차","없음","1058944","2017270","128.1727675","38.15372387","N"
"2016","2016-06-11 11","주","토","1","0","0","0","0","울산","중구","차대사람","횡단중","횡단중","보행자 보호의무 위반","단일로","기타단일로","화물차","보행자","1161782","1729979","129.2849106","35.55261266","N"
"2016","2016-06-11 11","주","토","1","3","3","0","0","경기","고양시","차대사람","기타","기타","안전운전 의무 불이행","단일로","기타단일로","승용차","보행자","944196","1963979","126.8671972","37.67363974","N"
"2016","2016-06-11 13","주","토","1","2","0","2","0","서울","강서구","차대차","기타","기타","안전운전 의무 불이행","단일로","지하차도(도로)내","승용차","승용차","938834","1951533","126.8074387","37.56112421","N"
"2016","2016-06-11 13","주","토","1","0","0","0","0","충남","부여군","차대차","측면충돌","측면충돌","안전운전 의무 불이행","단일로","기타단일로","이륜차","건설기계","949855","1804039","126.9419842","36.23225734","N"
"2016","2016-06-11 15","주","토","1","0","0","0","0","충남","아산시","차량단독","공작물충돌","공작물충돌","안전운전 의무 불이행","단일로","기타단일로","이륜차","없음","956553","1863484","127.0131739","36.76847032","N"
"2016","2016-06-11 16","주","토","1","0","0","0","0","경기","평택시","차대차","측면충돌","측면충돌","교차로 통행방법 위반","교차로","교차로내","특수차","원동기장치자전거","961107","1889328","127.0628743","37.00163483","N"
"2016","2016-06-11 18","야","토","1","0","0","0","0","부산","사하구","차대차","기타","기타","신호위반","교차로","교차로내","승용차","원동기장치자전거","1135908","1675639","128.9905284","35.06668513","N"
"2016","2016-06-11 19","야","토","1","0","0","0","0","전북","부안군","차량단독","전도전복","전도전복","안전운전 의무 불이행","단일로","기타단일로","농기계","없음","928021","1743221","126.7045494","35.6825953","N"
"2016","2016-06-11 20","야","토","1","0","0","0","0","경남","거제시","차대사람","횡단중","횡단중","안전운전 의무 불이행","단일로","기타단일로","승용차","보행자","1104028","1655940","128.6385043","34.8928779","N"
"2016","2016-06-12 00","야","일","1","0","0","0","0","서울","종로구","차대사람","기타","기타","안전운전 의무 불이행","교차로","교차로부근","승용차","보행자","953822","1953045","126.9770398","37.57562565","N"
"2016","2016-06-12 10","주","일","1","0","0","0","0","충남","태안군","차대사람","횡단중","횡단중","안전운전 의무 불이행","기타/불명","기타/불명","화물차","보행자","891592","1871762","126.2842073","36.83787319","N"