"발생년","발생년월일시","주야","요일","사망자수","부상자수","중상자수","경상자수","부상신고자수","발생지시도","발생지시군구","사고유형_대분류","사고유형_중분류","사고유형","가해자법규위반","도로형태_대분류","도로형태","가해자_당사자종별","피해자_당사자종별","발생위치(X_UTMK)","발생위치(Y_UTMK)","경도","위도"," 어린이사고 여부"
"2016","2016-06-27 09","주","월","1","2","1","0","1","충북","청주시","차대차","기타","기타","신호위반","교차로","교차로내","승용차","승용차","996332","1846337","127.4589814","36.61488083","N"
"2016","2016-06-27 10","주","월","1","0","0","0","0","경북","칠곡군","차대차","기타","기타","교차로 통행방법 위반","교차로","교차로내","이륜차","승용차","1072775","1784843","128.3080476","36.05776937","N"
"2016","2016-06-27 15","주","월","1","0","0","0","0","전남","무안군","차량단독","전도전복","전도전복","안전운전 의무 불이행","단일로","기타단일로","이륜차","없음","901399","1667129","126.4195577","34.99429876","N"
"2016","2016-06-27 19","야","월","1","0","0","0","0","서울","성동구","차대차","측면충돌","측면충돌","중앙선 침범","교차로","교차로부근","승용차","이륜차","959186","1952521","127.0378137","37.57115618","N"
"2016","2016-06-28 01","야","화","1","0","0","0","0","경기","의정부시","차대사람","횡단중","횡단중","안전운전 의무 불이행","교차로","교차로내","승용차","보행자","961074","1972135","127.0581467","37.74802195","N"
"2016","2016-06-28 02","야","화","1","0","0","0","0","전북","익산시","차대사람","기타","기타","안전운전 의무 불이행","단일로","기타단일로","승용차","보행자","956780","1770779","127.0208661","35.93273631","N"
"2016","2016-06-28 06","주","화","1","0","0","0","0","대전","대덕구","차대차","추돌","진행중 추돌","안전운전 의무 불이행","기타/불명","기타/불명","화물차","화물차","992677","1825428","127.4183066","36.42636201","N"
"2016","2016-06-28 10","주","화","1","0","0","0","0","경북","상주시","차대차","추돌","진행중 추돌","안전운전 의무 불이행","단일로","기타단일로","화물차","승용차","1063286","1827921","128.2061815","36.44677622","N"
"2016","2016-06-28 15","주","화","1","0","0","0","0","충북","청주시","차대차","측면충돌","측면충돌","안전운전 의무 불이행","교차로","교차로부근","화물차","자전거","988432","1847509","127.3706195","36.62538323","N"
"2016","2016-06-28 20","야","화","1","0","0","0","0","경남","진주시","차대사람","차도통행중","차도통행중","안전운전 의무 불이행","단일로","기타단일로","승용차","보행자","1049476","1690457","128.0435709","35.20824198","N"
"2016","2016-06-28 21","야","화","1","0","0","0","0","경북","경주시","차대사람","횡단중","횡단중","안전운전 의무 불이행","교차로","교차로내","승용차","보행자","1151331","1762194","129.1757174","35.8446033","N"
"2016","2016-06-28 22","야","화","1","0","0","0","0","경북","구미시","차대차","측면충돌","측면충돌","안전운전 의무 불이행","단일로","기타단일로","승용차","이륜차","1079864","1789819","128.3872551","36.10207036","N"
"2016","2016-06-28 23","야","화","3","3","2","1","0","경기","광주시","차대차","기타","기타","안전운전 의무 불이행","단일로","기타단일로","승용차","건설기계","984076","1928377","127.3201929","37.35429694","N"
"2016","2016-06-29 03","야","수","1","1","1","0","0","부산","강서구","차량단독","전도전복","전도전복","안전운전 의무 불이행","단일로","기타단일로","화물차","없음","1129018","1678057","128.915362","35.08938733","N"
"2016","2016-06-29 04","야","수","1","0","0","0","0","충남","서산시","차대사람","횡단중","횡단중","안전운전 의무 불이행","단일로","기타단일로","승용차","보행자","909225","1865972","126.4826207","36.78754402","N"
"2016","2016-06-29 07","주","수","1","2","0","2","0","경기","평택시","차대차","측면충돌","측면충돌","중앙선 침범","교차로","교차로부근","승용차","승용차","967276","1888368","127.1322491","36.99321625","N"
"2016","2016-06-29 08","주","수","1","1","0","1","0","제주","제주시","차대차","정면충돌","정면충돌","안전운전 의무 불이행","단일로","기타단일로","승용차","농기계","949222","1502093.7","126.9532696","33.50952246","N"
"2016","2016-06-29 12","주","수","1","0","0","0","0","강원","화천군","차량단독","전도전복","전도전복","안전운전 의무 불이행","단일로","기타단일로","농기계","없음","1029175","2006223","127.8325503","38.05561661","N"
"2016","2016-06-29 13","주","수","1","0","0","0","0","서울","송파구","차량단독","전도전복","전도전복","안전운전 의무 불이행","단일로","기타단일로","화물차","없음","965601","1948382","127.1106509","37.53411186","N"
"2016","2016-06-29 17","주","수","1","0","0","0","0","경북","문경시","차량단독","공작물충돌","공작물충돌","안전운전 의무 불이행","단일로","기타단일로","원동기장치자전거","없음","1044449","1845968","127.9970359","36.6105248","N"
"2016","2016-06-29 22","야","수","1","0","0","0","0","서울","강북구","차대차","추돌","진행중 추돌","안전운전 의무 불이행","단일로","기타단일로","원동기장치자전거","승합차","959255","1957255","127.0383315","37.61382787","N"
"2016","2016-06-30 02","야","목","2","2","1","1","0","경기","평택시","차대차","기타","기타","안전운전 의무 불이행","단일로","기타단일로","화물차","화물차","941919","1884220","126.8476206","36.95460187","N"
"2016","2016-06-30 02","야","목","1","5","5","0","0","광주","광산구","차대차","정면충돌","정면충돌","과속","교차로","교차로내","승용차","승용차","935816","1687437","126.7950838","35.18017902","N"
"2016","2016-06-30 03","야","목","1","0","0","0","0","경북","성주군","차대차","추돌","진행중 추돌","안전운전 의무 불이행","단일로","기타단일로","화물차","화물차","1068384","1779141","128.2588034","36.00668397","N"
"2016","2016-06-30 04","야","목","1","1","1","0","0","대전","유성구","차대차","정면충돌","정면충돌","중앙선 침범","단일로","기타단일로","승용차","승용차","982590","1819840","127.3059044","36.37585457","N"
"2016","2016-06-30 05","야","목","1","2","1","1","0","충북","청주시","차대차","정면충돌","정면충돌","안전운전 의무 불이행","단일로","기타단일로","승용차","승용차","999583","1847173","127.4953363","36.62242435","N"
"2016","2016-06-30 06","주","목","1","0","0","0","0","경기","고양시","차대차","측면충돌","측면충돌","신호위반","교차로","교차로내","건설기계","이륜차","933240","1963961","126.7429698","37.67274554","N"
"2016","2016-06-30 07","주","목","1","1","0","1","0","전남","순천시","차대차","측면충돌","측면충돌","신호위반","교차로","교차로내","승용차","건설기계","1008683","1655785","127.5950352","34.89677498","N"
"2016","2016-06-30 08","주","목","1","0","0","0","0","충남","홍성군","차량단독","전도전복","전도전복","안전운전 의무 불이행","단일로","기타단일로","화물차","없음","929045","1838444","126.7072842","36.54109717","N"
"2016","2016-06-30 11","주","목","1","0","0","0","0","강원","영월군","차량단독","기타","기타","안전운전 의무 불이행","단일로","기타단일로","농기계","없음","1084405","1910265","128.4509523","37.1873553","N"
"2016","2016-06-30 15","주","목","1","0","0","0","0","전북","정읍시","차대차","추돌","진행중 추돌","안전거리 미확보","교차로","교차로부근","자전거","화물차","947433","1742667","126.9190988","35.6788267","N"
"2016","2016-06-30 17","주","목","1","0","0","0","0","경남","거제시","차대차","측면충돌","측면충돌","기타","단일로","기타단일로","이륜차","승합차","1106711","1658126","128.6681414","34.9123077","N"
"2016","2016-06-30 18","야","목","1","0","0","0","0","충남","논산시","차대차","정면충돌","정면충돌","신호위반","교차로","교차로내","승용차","원동기장치자전거","963903","1798664","127.0985544","36.18442647","N"
"2016","2016-06-30 22","야","목","1","0","0","0","0","전북","익산시","차대사람","기타","기타","안전운전 의무 불이행","교차로","교차로내","승용차","보행자","951312","1773719","126.9600702","35.95898502","N"
"2016","2016-06-30 23","야","목","1","0","0","0","0","경남","고성군","차량단독","공작물충돌","공작물충돌","안전운전 의무 불이행","단일로","기타단일로","승용차","없음","1078761","1673226","128.3636437","35.05101175","N"
"2016","2016-07-01 02","야","금","1","0","0","0","0","경북","경주시","차대사람","횡단중","횡단중","안전운전 의무 불이행","단일로","기타단일로","화물차","보행자","1159754","1778079","129.2721389","35.98641843","N"
"2016","2016-07-01 06","주","금","1","0","0","0","0","경기","시흥시","차대차","측면충돌","측면충돌","신호위반","교차로","교차로내","승용차","원동기장치자전거","932862","1927413","126.7420219","37.34331594","N"
"2016","2016-07-01 12","주","금","1","0","0","0","0","전남","담양군","차대사람","횡단중","횡단중","안전운전 의무 불이행","교차로","교차로부근","승합차","보행자","947983","1702262","126.9277657","35.31455442","N"
"2016","2016-07-01 13","주","금","1","0","0","0","0","경기","이천시","차대차","정면충돌","정면충돌","중앙선 침범","단일로","기타단일로","원동기장치자전거","화물차","1004069","1899505","127.5457879","37.09417001","N"
"2016","2016-07-01 13","주","금","1","0","0","0","0","경북","영천시","차대사람","길가장자리구역통행중","길가장자리구역통행중","안전운전 의무 불이행","단일로","기타단일로","승용차","보행자","1133652","1783824","128.9836574","36.04212485","N"
"2016","2016-07-01 16","주","금","1","0","0","0","0","충북","음성군","차대차","기타","기타","안전운전 의무 불이행","단일로","기타단일로","화물차","화물차","1016608.2","1902403.4","127.6869537","37.1201584","N"
"2016","2016-07-01 16","주","금","1","0","0","0","0","전북","남원시","차량단독","공작물충돌","공작물충돌","안전운전 의무 불이행","단일로","기타단일로","승용차","없음","988749","1702439","127.3762237","35.31744105","N"
"2016","2016-07-01 16","주","금","1","1","1","0","0","경남","하동군","차량단독","전도전복","전도전복","안전운전 의무 불이행","단일로","기타단일로","승용차","없음","1036803","1670202","127.9034405","35.0261468","N"
"2016","2016-07-01 17","주","금","1","0","0","0","0","경기","안산시","차대사람","횡단중","횡단중","과속","단일로","기타단일로","승용차","보행자","940975","1924215","126.833865","37.31504273","N"
"2016","2016-07-01 17","주","금","1","0","0","0","0","전남","보성군","차량단독","기타","기타","기타","교차로","교차로내","화물차","없음","986349","1650189","127.3506815","34.84625781","Y"
"2016","2016-07-01 17","주","금","1","0","0","0","0","경북","영천시","차대차","정면충돌","정면충돌","신호위반","교차로","교차로내","승합차","원동기장치자전거","1118761","1778999","128.8176713","36.00056606","N"
"2016","2016-07-01 18","야","금","1","4","3","0","1","경기","용인시","차대사람","기타","기타","과속","교차로","교차로부근","승용차","보행자","974134","1915473","127.2083825","37.23775817","Y"
"2016","2016-07-01 18","야","금","1","0","0","0","0","경기","군포시","차대사람","횡단중","횡단중","안전운전 의무 불이행","단일로","기타단일로","화물차","보행자","949481","1930676","126.9294155","37.37378011","N"
"2016","2016-07-01 20","야","금","1","0","0","0","0","충북","청주시","차대사람","기타","기타","안전운전 의무 불이행","교차로","교차로부근","승용차","보행자","998844","1851566","127.4870648","36.66202651","N"
"2016","2016-07-02 00","야","토","1","0","0","0","0","대구","중구","차대차","기타","기타","안전운전 의무 불이행","단일로","횡단보도부근","승용차","화물차","1100058","1764616","128.6083852","35.87301266","N"
"2016","2016-07-02 01","야","토","1","0","0","0","0","경기","시흥시","차대사람","횡단중","횡단중","안전운전 의무 불이행","단일로","기타단일로","승용차","보행자","933122","1932149","126.7445292","37.3860207","N"
"2016","2016-07-02 02","야","토","1","0","0","0","0","서울","성북구","차량단독","공작물충돌","공작물충돌","안전운전 의무 불이행","교차로","교차로부근","이륜차","없음","959866","1956241","127.04531","37.60471536","N"
"2016","2016-07-02 06","주","토","1","2","2","0","0","강원","원주시","차대차","정면충돌","정면충돌","중앙선 침범","단일로","기타단일로","화물차","화물차","1034675.2","1935331.1","127.8918605","37.41646732","N"
"2016","2016-07-02 09","주","토","1","0","0","0","0","충북","영동군","차대차","기타","기타","신호위반","교차로","교차로내","화물차","이륜차","1024427.9","1797843.1","127.7716461","36.17739043","N"
"2016","2016-07-02 10","주","토","1","0","0","0","0","부산","동래구","차대사람","길가장자리구역통행중","길가장자리구역통행중","안전운전 의무 불이행","단일로","기타단일로","화물차","보행자","1142180.5","1690802","129.0619066","35.20249793","N"
"2016","2016-07-02 15","주","토","1","8","3","5","0","강원","삼척시","차대차","추돌","진행중 추돌","과속","단일로","기타단일로","승용차","승용차","1143292","1940746","129.1200998","37.45481872","N"
"2016","2016-07-02 15","주","토","1","1","1","0","0","전북","군산시","차대차","정면충돌","정면충돌","중앙선 침범","단일로","기타단일로","승용차","승용차","933535","1774295","126.7628951","35.96312903","N"
"2016","2016-07-02 16","주","토","1","2","0","2","0","충북","괴산군","차대차","측면충돌","측면충돌","안전운전 의무 불이행","교차로","교차로부근","승용차","승용차","1020147","1860894","127.7256828","36.74590401","N"
"2016","2016-07-02 16","주","토","1","0","0","0","0","전남","신안군","차대사람","횡단중","횡단중","안전운전 의무 불이행","단일로","기타단일로","화물차","보행자","882027","1674719","126.206251","35.06064887","N"
"2016","2016-07-02 17","주","토","1","0","0","0","0","경북","예천군","차량단독","전도전복","전도전복","안전운전 의무 불이행","단일로","기타단일로","화물차","없음","1072224","1834393","128.3065128","36.50448533","N"
"2016","2016-07-03 01","야","일","1","0","0","0","0","경남","거창군","차대사람","횡단중","횡단중","안전운전 의무 불이행","단일로","기타단일로","승용차","보행자","1034535","1743939","127.8816949","35.69109185","N"
"2016","2016-07-03 02","야","일","1","0","0","0","0","서울","종로구","차대차","추돌","진행중 추돌","안전거리 미확보","교차로","교차로내","이륜차","승용차","955980","1954148","127.0014117","37.58567295","N"
"2016","2016-07-03 02","야","일","1","2","1","1","0","대전","중구","차대차","측면충돌","측면충돌","신호위반","교차로","교차로내","화물차","승용차","991491","1814578","127.4051947","36.32853555","N"
"2016","2016-07-03 03","야","일","1","0","0","0","0","경북","영덕군","차대사람","기타","기타","안전운전 의무 불이행","단일로","기타단일로","건설기계","보행자","1171059","1833415","129.4095752","36.48311157","N"
"2016","2016-07-03 03","야","일","1","2","1","0","1","대구","달서구","차대차","측면충돌","측면충돌","신호위반","교차로","교차로내","이륜차","승용차","1089572","1762099","128.491961","35.85133797","N"
"2016","2016-07-03 05","야","일","1","0","0","0","0","서울","성북구","차대사람","횡단중","횡단중","안전운전 의무 불이행","단일로","기타단일로","승용차","보행자","958667","1954096","127.0318477","37.58532888","N"
"2016","2016-07-03 09","주","일","1","0","0","0","0","경기","동두천시","차대차","측면충돌","측면충돌","신호위반","교차로","교차로내","승합차","이륜차","960637","1988546","127.0522938","37.89591392","N"
"2016","2016-07-03 12","주","일","1","0","0","0","0","경남","김해시","차대차","측면충돌","측면충돌","안전운전 의무 불이행","교차로","교차로부근","자전거","승용차","1127886","1693599","128.9053551","35.2296348","N"
"2016","2016-07-03 13","주","일","1","7","4","3","0","대구","수성구","차대차","측면충돌","측면충돌","신호위반","교차로","교차로내","승용차","승용차","1100927","1757581","128.6171202","35.80950672","N"
"2016","2016-07-03 14","주","일","2","2","2","0","0","경기","포천시","차대차","정면충돌","정면충돌","중앙선 침범","단일로","기타단일로","승용차","승용차","989870","2003626","127.3845695","38.03262402","N"
"2016","2016-07-03 18","야","일","1","1","1","0","0","경북","경주시","차량단독","전도전복","전도전복","안전운전 의무 불이행","교차로","교차로부근","승합차","없음","1157660","1772132","129.2477385","35.9331661","N"
"2016","2016-07-03 22","야","일","1","0","0","0","0","경북","청도군","차대사람","기타","기타","안전운전 의무 불이행","단일로","기타단일로","승용차","보행자","1134647","1757030","128.9901614","35.80049348","N"
"2016","2016-07-03 22","야","일","1","0","0","0","0","울산","남구","차대사람","횡단중","횡단중","안전운전 의무 불이행","교차로","교차로부근","승용차","보행자","1167024","1728667","129.3424477","35.53991912","N"
"2016","2016-07-03 23","야","일","1","0","0","0","0","대전","중구","차대사람","횡단중","횡단중","과속","단일로","기타단일로","승용차","보행자","990390","1813327","127.392943","36.31724687","N"
"2016","2016-07-04 05","야","월","1","0","0","0","0","경기","파주시","차량단독","전도전복","전도전복","안전운전 의무 불이행","단일로","기타단일로","원동기장치자전거","없음","934748","1968801","126.7596349","37.71647511","N"
"2016","2016-07-04 06","주","월","1","0","0","0","0","경북","예천군","차량단독","전도전복","전도전복","안전운전 의무 불이행","단일로","기타단일로","승용차","없음","1096037","1859254","128.5754993","36.72647431","N"
"2016","2016-07-04 09","주","월","1","0","0","0","0","충북","음성군","차대차","측면충돌","측면충돌","중앙선 침범","단일로","기타단일로","화물차","자전거","1021853","1880252","127.7453495","36.92037088","N"
"2016","2016-07-04 11","주","월","1","1","0","0","1","경북","청송군","차대차","기타","기타","기타","교차로","교차로내","승용차","원동기장치자전거","1125602","1809023","128.8983475","36.27031641","N"
"2016","2016-07-04 13","주","월","1","0","0","0","0","경기","김포시","차대차","정면충돌","정면충돌","교차로 통행방법 위반","교차로","교차로내","승용차","이륜차","916715","1968831","126.5550474","37.71528317","N"
"2016","2016-07-04 21","야","월","4","0","0","0","0","강원","정선군","차량단독","전도전복","전도전복","안전운전 의무 불이행","단일로","기타단일로","승용차","없음","1105464","1923243","128.6900103","37.30217282","N"
"2016","2016-07-04 23","야","월","1","0","0","0","0","서울","서초구","차대사람","기타","기타","안전운전 의무 불이행","단일로","기타단일로","승용차","보행자","958634","1942891","127.0321054","37.48433324","N"
"2016","2016-07-05 01","야","화","1","0","0","0","0","제주","제주시","차대사람","횡단중","횡단중","안전운전 의무 불이행","단일로","기타단일로","승용차","보행자","907356.6","1501269.2","126.5026332","33.49927782","N"
"2016","2016-07-05 02","야","화","1","0","0","0","0","대구","북구","차대사람","횡단중","횡단중","안전운전 의무 불이행","단일로","기타단일로","승용차","보행자","1096115.4","1767618.4","128.5650806","35.90047296","N"
"2016","2016-07-05 07","주","화","1","0","0","0","0","전남","순천시","차량단독","기타","기타","안전운전 의무 불이행","교차로","교차로부근","승용차","없음","999693","1659606","127.4966385","34.93126822","N"
"2016","2016-07-05 11","주","화","1","0","0","0","0","충남","아산시","차대사람","횡단중","횡단중","안전운전 의무 불이행","교차로","교차로부근","화물차","보행자","956329","1865334","127.0105581","36.78513674","N"
"2016","2016-07-05 11","주","화","1","0","0","0","0","경남","함안군","차대차","측면충돌","측면충돌","안전거리 미확보","교차로","교차로부근","이륜차","승용차","1080979","1703070","128.3908943","35.31991194","N"
"2016","2016-07-05 12","주","화","1","0","0","0","0","경기","남양주시","차대사람","횡단중","횡단중","신호위반","교차로","교차로부근","화물차","보행자","973083","1966589","127.1946653","37.69846695","N"
"2016","2016-07-05 20","야","화","1","0","0","0","0","경남","함안군","차대사람","횡단중","횡단중","안전운전 의무 불이행","단일로","기타단일로","화물차","보행자","1083890","1695023","128.4220932","35.24712123","N"
"2016","2016-07-05 23","야","화","1","0","0","0","0","전북","김제시","차대사람","횡단중","횡단중","과속","교차로","교차로내","승용차","보행자","945387","1756569","126.8955435","35.80405358","N"
"2016","2016-07-06 01","야","수","1","0","0","0","0","경북","포항시","차대사람","횡단중","횡단중","안전운전 의무 불이행","교차로","교차로부근","승용차","보행자","1164999","1783756","129.3314784","36.03670226","N"
"2016","2016-07-06 08","주","수","1","1","1","0","0","경기","이천시","차대차","측면충돌","측면충돌","중앙선 침범","단일로","기타단일로","화물차","승용차","997849","1922881","127.4757277","37.30489056","N"
"2016","2016-07-06 15","주","수","1","0","0","0","0","부산","남구","차대사람","차도통행중","차도통행중","안전운전 의무 불이행","단일로","기타단일로","승용차","보행자","1142736.5","1684410.9","129.0669064","35.14481091","N"
"2016","2016-07-06 15","주","수","1","0","0","0","0","전북","정읍시","차량단독","전도전복","전도전복","안전운전 의무 불이행","교차로","교차로부근","이륜차","없음","944974","1734420","126.8924896","35.6043378","N"
"2016","2016-07-06 16","주","수","1","0","0","0","0","서울","양천구","차대사람","차도통행중","차도통행중","안전운전 의무 불이행","단일로","기타단일로","승용차","보행자","942471","1947772","126.8489115","37.52746064","N"
"2016","2016-07-06 18","야","수","1","0","0","0","0","부산","해운대구","차대사람","길가장자리구역통행중","길가장자리구역통행중","안전운전 의무 불이행","단일로","기타단일로","승용차","보행자","1155124.3","1688613.2","129.2036335","35.18085261","Y"
"2016","2016-07-06 18","야","수","1","0","0","0","0","강원","춘천시","차량단독","전도전복","전도전복","안전운전 의무 불이행","단일로","기타단일로","원동기장치자전거","없음","1012971","1980339","127.6473838","37.82270248","N"
"2016","2016-07-06 23","야","수","1","0","0","0","0","울산","남구","차대사람","기타","기타","안전운전 의무 불이행","단일로","기타단일로","승용차","보행자","1164134","1729085","129.3106671","35.54416897","N"
"2016","2016-07-07 09","주","목","1","1","1","0","0","경북","청송군","차대차","추돌","진행중 추돌","안전운전 의무 불이행","단일로","기타단일로","승용차","화물차","1126508","1800474","128.90705","36.19314708","N"
"2016","2016-07-07 12","주","목","1","0","0","0","0","경북","안동시","차량단독","전도전복","전도전복","안전운전 의무 불이행","단일로","기타단일로","농기계","없음","1120925","1838641","128.8509047","36.53785581","N"
"2016","2016-07-07 13","주","목","1","0","0","0","0","경북","포항시","차대사람","횡단중","횡단중","안전운전 의무 불이행","단일로","기타단일로","건설기계","보행자","1170911","1773264","129.3948066","35.94113861","N"
"2016","2016-07-07 14","주","목","1","0","0","0","0","충남","아산시","차대차","추돌","진행중 추돌","안전운전 의무 불이행","단일로","기타단일로","원동기장치자전거","승합차","960457","1863587","127.0569119","36.76956977","N"
"2016","2016-07-07 18","야","목","1","0","0","0","0","전남","나주시","차량단독","전도전복","전도전복","안전운전 의무 불이행","단일로","기타단일로","농기계","없음","932852","1672262","126.763765","35.0431594","N"
"2016","2016-07-07 19","야","목","1","0","0","0","0","충북","단양군","차대차","정면충돌","정면충돌","중앙선 침범","단일로","기타단일로","이륜차","승용차","1079223","1889764","128.3904109","37.00303008","N"
"2016","2016-07-07 20","야","목","1","0","0","0","0","경기","남양주시","차대차","정면충돌","정면충돌","기타","단일로","기타단일로","자전거","승용차","984411","1952352","127.3234682","37.57040564","N"
"2016","2016-07-07 22","야","목","1","0","0","0","0","경기","평택시","차량단독","전도전복","전도전복","안전운전 의무 불이행","교차로","교차로내","화물차","없음","961523","1885223","127.067759","36.96464868","N"
"2016","2016-07-07 22","야","목","1","0","0","0","0","충남","서천군","차대사람","차도통행중","차도통행중","안전운전 의무 불이행","단일로","기타단일로","승용차","보행자","928700","1783202","126.7084766","36.04308502","N"
"2016","2016-07-07 23","야","목","1","0","0","0","0","대전","동구","차대사람","횡단중","횡단중","안전운전 의무 불이행","단일로","기타단일로","승용차","보행자","993901","1815030","127.4320428","36.33262881","N"
"2016","2016-07-07 23","야","목","1","0","0","0","0","경기","파주시","차대사람","차도통행중","차도통행중","안전운전 의무 불이행","단일로","기타단일로","승용차","보행자","931099","1967194","126.718388","37.70172476","N"
"2016","2016-07-08 00","야","금","1","0","0","0","0","서울","중랑구","차량단독","공작물충돌","공작물충돌","안전운전 의무 불이행","단일로","기타단일로","화물차","없음","963389.7","1957941","127.0851449","37.62018494","N"
"2016","2016-07-08 00","야","금","1","0","0","0","0","강원","철원군","차량단독","공작물충돌","공작물충돌","안전운전 의무 불이행","단일로","기타단일로","승용차","없음","978440","2027093","127.2536163","38.2439228","N"
"2016","2016-07-08 01","야","금","1","0","0","0","0","전북","전주시","차대사람","길가장자리구역통행중","길가장자리구역통행중","안전운전 의무 불이행","단일로","기타단일로","승용차","보행자","970262","1760252","127.170717","35.83832871","N"
"2016","2016-07-08 03","야","금","1","0","0","0","0","인천","남동구","차대사람","차도통행중","차도통행중","과속","단일로","기타단일로","승용차","보행자","932672.1","1937552.4","126.7389549","37.434689","N"
"2016","2016-07-08 06","주","금","1","0","0","0","0","인천","남동구","차대사람","횡단중","횡단중","안전운전 의무 불이행","교차로","교차로내","화물차","보행자","929004","1932590","126.697973","37.3896891","N"
"2016","2016-07-08 11","주","금","1","0","0","0","0","충북","충주시","차대차","기타","기타","안전운전 의무 불이행","교차로","교차로부근","원동기장치자전거","화물차","1033294","1897367","127.8745546","37.07431488","N"
"2016","2016-07-08 14","주","금","1","0","0","0","0","경기","성남시","차대차","측면충돌","측면충돌","과속","단일로","기타단일로","화물차","자전거","969190","1935941","127.1517934","37.42210144","N"
"2016","2016-07-08 17","주","금","1","0","0","0","0","충남","태안군","차량단독","전도전복","전도전복","안전운전 의무 불이행","단일로","기타단일로","농기계","없음","888792","1864963","126.2538056","36.77627139","N"
"2016","2016-07-08 18","야","금","1","0","0","0","0","울산","북구","차대차","측면충돌","측면충돌","중앙선 침범","단일로","기타단일로","승용차","이륜차","1172142","1726777","129.3984759","35.52201142","N"
"2016","2016-07-08 19","야","금","1","0","0","0","0","인천","서구","차대사람","보도통행중","보도통행중","안전운전 의무 불이행","단일로","기타단일로","자전거","보행자","926137.2","1953441.2","126.6634977","37.57739128","N"
"2016","2016-07-08 20","야","금","1","1","1","0","0","전북","임실군","차대차","측면충돌","측면충돌","기타","교차로","교차로내","이륜차","승용차","988154","1730726","127.3692661","35.5724911","N"
"2016","2016-07-08 20","야","금","1","0","0","0","0","경북","상주시","차대차","추돌","진행중 추돌","안전운전 의무 불이행","단일로","기타단일로","승합차","농기계","1057430","1834194","128.1413065","36.50369385","N"
"2016","2016-07-08 20","야","금","1","0","0","0","0","경남","고성군","차대사람","횡단중","횡단중","보행자 보호의무 위반","단일로","횡단보도상","승용차","보행자","1073949","1666963","128.3103258","34.99490554","N"
"2016","2016-07-08 22","야","금","1","0","0","0","0","서울","영등포구","차대차","측면충돌","측면충돌","안전운전 의무 불이행","교차로","교차로내","승용차","이륜차","946882","1944829","126.8990434","37.50119961","N"
"2016","2016-07-09 01","야","토","1","0","0","0","0","경기","이천시","차대차","추돌","진행중 추돌","안전운전 의무 불이행","교차로","교차로부근","원동기장치자전거","승용차","995901","1921197","127.4537554","37.28970448","N"
"2016","2016-07-09 02","야","토","1","1","1","0","0","전북","전주시","차량단독","전도전복","전도전복","안전운전 의무 불이행","단일로","기타단일로","이륜차","없음","965192","1759765","127.1146002","35.833771","N"
"2016","2016-07-09 03","야","토","1","0","0","0","0","경기","부천시","차대차","측면충돌","측면충돌","신호위반","교차로","교차로내","화물차","이륜차","937196","1948293","126.7891708","37.53181217","N"
"2016","2016-07-09 08","주","토","1","1","1","0","0","강원","강릉시","차대차","측면충돌","측면충돌","안전운전 의무 불이행","교차로","교차로내","승용차","원동기장치자전거","1117916","1982993","128.8400943","37.83909037","N"
"2016","2016-07-09 09","주","토","1","0","0","0","0","강원","평창군","차대차","추돌","진행중 추돌","안전운전 의무 불이행","단일로","기타단일로","이륜차","화물차","1081455","1936122","128.4205566","37.42066144","N"
"2016","2016-07-09 11","주","토","1","0","0","0","0","인천","부평구","차대차","측면충돌","측면충돌","안전운전 의무 불이행","단일로","기타단일로","승용차","자전거","930533","1943812","126.7141873","37.49094785","N"
"2016","2016-07-09 18","야","토","1","1","1","0","0","충북","옥천군","차대차","측면충돌","측면충돌","중앙선 침범","단일로","기타단일로","승용차","승용차","1004236","1813377","127.54719","36.31773627","N"
"2016","2016-07-10 04","야","일","1","3","1","2","0","전북","부안군","차대차","추돌","진행중 추돌","안전운전 의무 불이행","단일로","기타단일로","승용차","승용차","931408","1743409","126.7419606","35.68453172","N"
"2016","2016-07-10 05","야","일","1","1","1","0","0","강원","횡성군","차대차","정면충돌","정면충돌","중앙선 침범","단일로","기타단일로","승용차","승용차","1041657","1942852","127.9711838","37.48396864","N"
"2016","2016-07-10 05","야","일","1","3","0","3","0","인천","연수구","차대차","추돌","진행중 추돌","중앙선 침범","단일로","고가도로위","이륜차","승용차","927193","1935573","126.6772224","37.41643401","N"
"2016","2016-07-10 11","주","일","1","0","0","0","0","경북","상주시","차대차","측면충돌","측면충돌","교차로 통행방법 위반","교차로","교차로내","화물차","이륜차","1047635","1822362","128.0312051","36.39756768","N"
"2016","2016-07-10 12","주","일","1","0","0","0","0","전남","영암군","차량단독","공작물충돌","공작물충돌","안전운전 의무 불이행","단일로","기타단일로","이륜차","없음","898660","1639277","126.3929206","34.7429159","N"
"2016","2016-07-10 18","야","일","1","0","0","0","0","광주","광산구","차량단독","기타","기타","안전운전 의무 불이행","단일로","기타단일로","자전거","없음","923725","1686591","126.6623813","35.17170573","N"
"2016","2016-07-10 19","야","일","1","0","0","0","0","경북","의성군","차대사람","기타","기타","안전운전 의무 불이행","단일로","기타단일로","승용차","보행자","1093644","1817810","128.5436714","36.35315291","N"
"2016","2016-07-11 00","야","월","1","1","1","0","0","광주","서구","차대차","측면충돌","측면충돌","중앙선 침범","단일로","기타단일로","이륜차","이륜차","941451","1683450","126.8572508","35.14457408","N"