"발생년","발생년월일시","주야","요일","사망자수","부상자수","중상자수","경상자수","부상신고자수","발생지시도","발생지시군구","사고유형_대분류","사고유형_중분류","사고유형","가해자법규위반","도로형태_대분류","도로형태","가해자_당사자종별","피해자_당사자종별","발생위치(X_UTMK)","발생위치(Y_UTMK)","경도","위도"," 어린이사고 여부"
"2016","2016-07-11 02","야","월","1","0","0","0","0","전남","여수시","차대사람","횡단중","횡단중","안전운전 의무 불이행","단일로","기타단일로","승용차","보행자","1021955","1638549","127.7398453","34.74114672","N"
"2016","2016-07-11 04","야","월","1","0","0","0","0","부산","사하구","차량단독","도로이탈","도로이탈 기타","안전운전 의무 불이행","단일로","기타단일로","자전거","없음","1132752","1677236","128.9561818","35.08150151","N"
"2016","2016-07-11 08","주","월","1","0","0","0","0","경북","군위군","차대차","추돌","진행중 추돌","안전운전 의무 불이행","교차로","교차로부근","화물차","자전거","1109525","1797968","128.717853","36.17263017","N"
"2016","2016-07-11 09","주","월","1","1","1","0","0","전남","영암군","차대차","추돌","진행중 추돌","안전운전 의무 불이행","단일로","기타단일로","승용차","이륜차","923130","1643874","126.6597914","34.78650273","N"
"2016","2016-07-11 12","주","월","1","0","0","0","0","전남","함평군","차대사람","횡단중","횡단중","신호위반","교차로","교차로부근","화물차","보행자","911150","1675023","126.5255476","35.06637563","N"
"2016","2016-07-11 13","주","월","1","0","0","0","0","경북","구미시","차대차","측면충돌","측면충돌","교차로 통행방법 위반","교차로","교차로내","이륜차","승용차","1076342","1792090","128.3483513","36.12282627","N"
"2016","2016-07-11 14","주","월","1","0","0","0","0","경북","영주시","차량단독","전도전복","전도전복","안전운전 의무 불이행","단일로","기타단일로","원동기장치자전거","없음","1099806","1866287","128.6186206","36.78947443","N"
"2016","2016-07-11 17","주","월","2","6","5","1","0","강원","정선군","차대차","정면충돌","정면충돌","중앙선 침범","단일로","기타단일로","화물차","승용차","1101302","1937506","128.6450087","37.43117481","Y"
"2016","2016-07-11 17","주","월","1","0","0","0","0","대전","대덕구","차대차","측면충돌","측면충돌","신호위반","교차로","교차로내","자전거","승용차","993848","1818225","127.431427","36.36143272","N"
"2016","2016-07-11 19","야","월","1","0","0","0","0","대전","동구","차대사람","횡단중","횡단중","안전운전 의무 불이행","교차로","교차로부근","승합차","보행자","996182","1813629","127.4574653","36.32000991","N"
"2016","2016-07-11 19","야","월","1","0","0","0","0","경기","포천시","차량단독","전도전복","전도전복","안전운전 의무 불이행","교차로","교차로부근","이륜차","없음","974486","1978985","127.2101445","37.81023424","N"
"2016","2016-07-11 22","야","월","1","0","0","0","0","부산","동래구","차대차","측면충돌","측면충돌","안전운전 의무 불이행","교차로","교차로내","승용차","이륜차","1145594","1690876","129.0994054","35.2026755","N"
"2016","2016-07-12 02","야","화","1","0","0","0","0","제주","서귀포시","차량단독","전도전복","전도전복","안전운전 의무 불이행","교차로","교차로부근","화물차","없음","913229.9","1475350.2","126.568352","33.26601694","N"
"2016","2016-07-12 10","주","화","1","0","0","0","0","경북","울진군","차대사람","횡단중","횡단중","안전운전 의무 불이행","단일로","기타단일로","승합차","보행자","1169802","1889249","129.4079626","36.98639143","N"
"2016","2016-07-12 10","주","화","1","0","0","0","0","경남","창원시(통합)","차대사람","횡단중","횡단중","안전운전 의무 불이행","교차로","교차로내","승용차","보행자","1101284","1698978","128.6137412","35.28116932","N"
"2016","2016-07-12 11","주","화","1","0","0","0","0","충남","부여군","차대차","측면충돌","측면충돌","중앙선 침범","단일로","기타단일로","원동기장치자전거","승합차","949493","1810622","126.9375306","36.29158498","N"
"2016","2016-07-12 13","주","화","1","0","0","0","0","인천","연수구","차량단독","기타","기타","기타","단일로","기타단일로","승합차","없음","927008","1936281","126.675062","37.42280054","N"
"2016","2016-07-12 14","주","화","1","0","0","0","0","전남","목포시","차대사람","횡단중","횡단중","안전운전 의무 불이행","교차로","교차로부근","화물차","보행자","899191","1647509","126.3977337","34.81718899","N"
"2016","2016-07-12 15","주","화","2","5","5","0","0","경북","칠곡군","차량단독","전도전복","전도전복","안전운전 의무 불이행","단일로","기타단일로","승합차","없음","1090608","1784185","128.5059537","36.05033979","N"
"2016","2016-07-12 21","야","화","1","0","0","0","0","충남","당진시","차대사람","기타","기타","안전운전 의무 불이행","단일로","기타단일로","승용차","보행자","938260","1879392","126.8069186","36.91085002","N"
"2016","2016-07-13 01","야","수","1","0","0","0","0","서울","금천구","차대사람","횡단중","횡단중","안전운전 의무 불이행","단일로","기타단일로","승용차","보행자","944894","1942279","126.8767442","37.47809952","N"
"2016","2016-07-13 01","야","수","1","0","0","0","0","경기","성남시","차대사람","차도통행중","차도통행중","안전운전 의무 불이행","기타/불명","기타/불명","승용차","보행자","964977","1930738","127.1044267","37.37505381","N"
"2016","2016-07-13 01","야","수","1","1","1","0","0","경북","구미시","차대차","추돌","진행중 추돌","안전운전 의무 불이행","기타/불명","기타/불명","화물차","화물차","1077547.1","1788963.3","128.3614337","36.09454424","N"
"2016","2016-07-13 03","야","수","1","0","0","0","0","충북","옥천군","차대사람","기타","기타","안전운전 의무 불이행","단일로","기타단일로","승용차","보행자","1011184","1809160","127.6245318","36.27966241","N"
"2016","2016-07-13 03","야","수","1","0","0","0","0","경남","김해시","차대사람","기타","기타","안전운전 의무 불이행","교차로","교차로내","승용차","보행자","1126263","1699135","128.8883752","35.2797443","N"
"2016","2016-07-13 07","주","수","1","0","0","0","0","전북","김제시","차대사람","기타","기타","안전운전 의무 불이행","단일로","기타단일로","승용차","보행자","948537","1754593","126.9305332","35.78640857","N"
"2016","2016-07-13 08","주","수","1","0","0","0","0","전남","순천시","차대사람","횡단중","횡단중","보행자 보호의무 위반","교차로","교차로내","화물차","보행자","999934","1660493","127.4992773","34.93926682","N"
"2016","2016-07-13 08","주","수","1","0","0","0","0","전남","고흥군","차대사람","횡단중","횡단중","안전운전 의무 불이행","단일로","기타단일로","화물차","보행자","984364","1621112","127.3295081","34.58401792","N"
"2016","2016-07-13 10","주","수","1","0","0","0","0","경북","봉화군","차량단독","공작물충돌","공작물충돌","안전운전 의무 불이행","교차로","교차로부근","화물차","없음","1111690","1870281","128.7523747","36.82414357","N"
"2016","2016-07-13 12","주","수","1","0","0","0","0","서울","서대문구","차대차","측면충돌","측면충돌","안전운전 의무 불이행","교차로","교차로부근","자전거","승용차","948139","1952486","126.912723","37.57028469","N"
"2016","2016-07-13 12","주","수","1","2","1","1","0","충남","태안군","차대차","정면충돌","정면충돌","중앙선 침범","단일로","기타단일로","승용차","승용차","881901","1863518","126.1768272","36.76241462","N"
"2016","2016-07-13 16","주","수","1","0","0","0","0","경북","상주시","차대차","측면충돌","측면충돌","안전운전 의무 불이행","교차로","교차로내","원동기장치자전거","화물차","1062219","1833797","128.1947487","36.49981564","N"
"2016","2016-07-13 18","야","수","1","0","0","0","0","경기","안성시","차대차","기타","기타","안전운전 의무 불이행","단일로","기타단일로","승용차","승용차","985705","1892219","127.3392791","37.02839155","N"
"2016","2016-07-13 18","야","수","1","0","0","0","0","경기","양평군","차대차","정면충돌","정면충돌","안전운전 의무 불이행","단일로","기타단일로","승용차","원동기장치자전거","1005981","1935267","127.5675908","37.41651964","N"
"2016","2016-07-13 19","야","수","1","0","0","0","0","경남","사천시","차대사람","횡단중","횡단중","안전운전 의무 불이행","교차로","교차로내","승합차","보행자","1053799","1676491","128.0901538","35.08209159","N"
"2016","2016-07-13 20","야","수","1","0","0","0","0","경기","광주시","차대사람","기타","기타","보행자 보호의무 위반","교차로","교차로부근","승용차","보행자","973335","1927104","127.1989571","37.34257588","N"
"2016","2016-07-13 22","야","수","1","0","0","0","0","대전","동구","차대사람","횡단중","횡단중","안전운전 의무 불이행","단일로","기타단일로","화물차","보행자","993869","1816243","127.4316767","36.34356432","N"
"2016","2016-07-14 02","야","목","1","0","0","0","0","경기","의정부시","차량단독","전도전복","전도전복","안전운전 의무 불이행","단일로","기타단일로","승용차","없음","959807","1967027","127.0440476","37.70192857","N"
"2016","2016-07-14 04","야","목","1","0","0","0","0","부산","해운대구","차대사람","기타","기타","안전운전 의무 불이행","단일로","기타단일로","승용차","보행자","1155075","1689477.5","129.2032548","35.1886503","N"
"2016","2016-07-14 08","주","목","1","0","0","0","0","경남","창원시(통합)","차대차","측면충돌","측면충돌","안전운전 의무 불이행","교차로","교차로내","화물차","승용차","1093537","1697295","128.5283744","35.26675037","N"
"2016","2016-07-14 10","주","목","1","1","1","0","0","충남","부여군","차대차","정면충돌","정면충돌","중앙선 침범","단일로","교량위","승용차","승용차","945260","1807769","126.8905922","36.26563412","N"
"2016","2016-07-14 10","주","목","1","3","2","1","0","전북","익산시","차대차","추돌","진행중 추돌","안전거리 미확보","단일로","기타단일로","승용차","승용차","953796","1792445","126.9865207","36.12793034","N"
"2016","2016-07-14 12","주","목","1","1","1","0","0","경북","상주시","차대차","측면충돌","측면충돌","교차로 통행방법 위반","교차로","교차로내","이륜차","이륜차","1053283","1823421","128.094259","36.40681768","N"
"2016","2016-07-14 17","주","목","1","0","0","0","0","경기","양주시","차대사람","횡단중","횡단중","안전운전 의무 불이행","교차로","교차로내","화물차","보행자","952435","1977517","126.9597352","37.79612071","N"
"2016","2016-07-14 19","야","목","1","2","2","0","0","강원","인제군","차량단독","전도전복","전도전복","안전운전 의무 불이행","단일로","기타단일로","화물차","없음","1053449","1992881","128.1082317","37.93426486","N"
"2016","2016-07-15 00","야","금","1","0","0","0","0","서울","서초구","차대사람","횡단중","횡단중","안전운전 의무 불이행","단일로","기타단일로","승용차","보행자","955010.3","1941815.5","126.9911845","37.47446997","N"
"2016","2016-07-15 02","야","금","1","0","0","0","0","서울","용산구","차대차","기타","기타","신호위반","교차로","교차로내","승용차","이륜차","954995","1946905","126.9907","37.52034248","N"
"2016","2016-07-15 08","주","금","1","2","2","0","0","충남","서천군","차량단독","공작물충돌","공작물충돌","안전운전 의무 불이행","교차로","교차로내","승합차","없음","928914","1785622","126.7106343","36.06491699","N"
"2016","2016-07-15 08","주","금","1","0","0","0","0","전남","신안군","차대차","측면충돌","측면충돌","교차로 통행방법 위반","단일로","기타단일로","승합차","이륜차","856909","1636715","125.9373788","34.71482183","N"
"2016","2016-07-15 10","주","금","1","0","0","0","0","경기","시흥시","차대차","측면충돌","측면충돌","안전운전 의무 불이행","교차로","교차로내","화물차","자전거","932340","1927809","126.736093","37.34684722","N"
"2016","2016-07-15 10","주","금","1","0","0","0","0","충남","부여군","차대차","기타","기타","안전운전 의무 불이행","교차로","교차로부근","승용차","이륜차","948821","1797869","126.9308811","36.17657941","N"
"2016","2016-07-15 13","주","금","1","1","0","1","0","경기","평택시","차대차","추돌","진행중 추돌","안전운전 의무 불이행","단일로","기타단일로","화물차","화물차","961763","1893237","127.0700485","37.03689805","N"
"2016","2016-07-15 14","주","금","1","0","0","0","0","광주","광산구","차대사람","기타","기타","안전운전 의무 불이행","기타/불명","기타/불명","화물차","보행자","938205","1687692","126.8213008","35.1826281","N"
"2016","2016-07-15 16","주","금","1","1","1","0","0","경남","양산시","차대차","측면충돌","측면충돌","안전운전 의무 불이행","단일로","기타단일로","건설기계","이륜차","1140607","1710378","129.0479831","35.37917211","N"
"2016","2016-07-15 16","주","금","1","0","0","0","0","대구","남구","차대사람","횡단중","횡단중","안전운전 의무 불이행","단일로","기타단일로","화물차","보행자","1099547","1761812","128.6023755","35.84778815","N"
"2016","2016-07-15 18","야","금","1","0","0","0","0","경북","성주군","차량단독","전도전복","전도전복","안전운전 의무 불이행","단일로","기타단일로","화물차","없음","1060987","1760374","128.1752903","35.83798251","N"
"2016","2016-07-15 20","야","금","1","6","6","0","0","경기","안산시","차대차","정면충돌","정면충돌","중앙선 침범","단일로","기타단일로","화물차","승용차","942918","1920804","126.8560539","37.28441942","Y"
"2016","2016-07-15 20","야","금","1","0","0","0","0","경남","고성군","차대사람","횡단중","횡단중","안전운전 의무 불이행","단일로","기타단일로","승용차","보행자","1076223","1664131","128.3349824","34.96920192","N"
"2016","2016-07-15 23","야","금","1","1","0","1","0","경기","용인시","차대차","측면충돌","측면충돌","안전운전 의무 불이행","단일로","기타단일로","승용차","이륜차","963765","1917148","127.0914015","37.25251076","N"
"2016","2016-07-16 10","주","토","1","1","1","0","0","전북","김제시","차대차","측면충돌","측면충돌","중앙선 침범","교차로","교차로내","화물차","원동기장치자전거","955161","1747299","127.0042369","35.72097082","N"
"2016","2016-07-16 10","주","토","1","0","0","0","0","경기","파주시","차대차","측면충돌","측면충돌","중앙선 침범","단일로","기타단일로","화물차","화물차","942286","1995027","126.8430647","37.95334459","N"
"2016","2016-07-16 11","주","토","1","0","0","0","0","경기","양평군","차량단독","전도전복","전도전복","안전운전 의무 불이행","단일로","기타단일로","화물차","없음","996094","1946628","127.4557984","37.51893552","N"
"2016","2016-07-16 13","주","토","1","0","0","0","0","경기","부천시","차대차","측면충돌","측면충돌","안전운전 의무 불이행","교차로","교차로내","승용차","이륜차","936585","1947721","126.7823053","37.52661496","N"
"2016","2016-07-16 19","야","토","1","0","0","0","0","전남","완도군","차대차","기타","기타","안전운전 의무 불이행","단일로","기타단일로","승용차","승용차","937634","1592955","126.8220483","34.32833366","N"
"2016","2016-07-16 21","야","토","1","0","0","0","0","경기","수원시","차대사람","횡단중","횡단중","안전운전 의무 불이행","기타/불명","기타/불명","승용차","보행자","957138","1920445","127.0164853","37.28194749","N"
"2016","2016-07-16 21","야","토","1","0","0","0","0","경기","평택시","차대사람","횡단중","횡단중","안전운전 의무 불이행","단일로","기타단일로","승용차","보행자","961194","1901712","127.0632126","37.1132688","N"
"2016","2016-07-16 22","야","토","1","1","0","1","0","충남","금산군","차대차","정면충돌","정면충돌","신호위반","교차로","교차로내","원동기장치자전거","승용차","999423","1790824","127.4935887","36.11441617","N"
"2016","2016-07-16 22","야","토","1","0","0","0","0","경남","창원시(통합)","차량단독","전도전복","전도전복","안전운전 의무 불이행","단일로","기타단일로","이륜차","없음","1102820","1690414","128.6295573","35.20380543","N"
"2016","2016-07-17 07","주","일","1","0","0","0","0","전북","완주군","차량단독","전도전복","전도전복","안전운전 의무 불이행","단일로","기타단일로","이륜차","없음","965247","1746611","127.1157801","35.71517543","N"
"2016","2016-07-17 09","주","일","2","3","0","3","0","강원","삼척시","차대차","측면충돌","측면충돌","교차로 통행방법 위반","교차로","교차로내","승용차","건설기계","1146408","1941616","129.1554897","37.46216923","N"
"2016","2016-07-17 10","주","일","2","3","1","2","0","경기","고양시","차대차","추돌","진행중 추돌","안전운전 의무 불이행","단일로","기타단일로","승용차","승용차","943294","1953518","126.8577811","37.57930042","Y"
"2016","2016-07-17 12","주","일","1","0","0","0","0","경북","칠곡군","차량단독","전도전복","전도전복","안전운전 의무 불이행","단일로","기타단일로","이륜차","없음","1079657","1780766","128.3840422","36.02047661","N"
"2016","2016-07-17 17","주","일","4","39","13","26","0","강원","평창군","차대차","추돌","진행중 추돌","안전운전 의무 불이행","단일로","터널안","승합차","승용차","1078903","1953071","128.3935369","37.57363661","Y"
"2016","2016-07-17 20","야","일","1","1","1","0","0","경남","남해군","차대사람","차도통행중","차도통행중","안전운전 의무 불이행","단일로","기타단일로","승용차","보행자","1032853","1643095","127.8590751","34.78184819","N"
"2016","2016-07-17 21","야","일","1","0","0","0","0","강원","원주시","차대차","추돌","진행중 추돌","안전운전 의무 불이행","단일로","기타단일로","승용차","건설기계","1042811","1926308","127.9832775","37.3347968","N"
"2016","2016-07-18 00","야","월","1","1","0","0","1","서울","강서구","차대차","측면충돌","측면충돌","신호위반","교차로","교차로내","원동기장치자전거","승용차","940539.6","1951370.1","126.8267626","37.55976771","N"
"2016","2016-07-18 00","야","월","1","0","0","0","0","부산","북구","차대사람","횡단중","횡단중","안전운전 의무 불이행","단일로","기타단일로","승용차","보행자","1137558.9","1691744.2","129.0113099","35.21163509","N"
"2016","2016-07-18 02","야","월","1","1","1","0","0","충남","서천군","차대차","측면충돌","측면충돌","안전운전 의무 불이행","단일로","기타단일로","승용차","건설기계","920534","1795472","126.6165952","36.15306299","N"
"2016","2016-07-18 05","야","월","1","0","0","0","0","경기","오산시","차대사람","횡단중","횡단중","안전운전 의무 불이행","단일로","기타단일로","승용차","보행자","961302","1905722","127.064221","37.14941928","N"
"2016","2016-07-18 07","주","월","1","0","0","0","0","충남","예산군","차대차","측면충돌","측면충돌","신호위반","교차로","교차로내","승용차","승용차","936589","1854849","126.7902061","36.68950757","N"
"2016","2016-07-18 08","주","월","1","0","0","0","0","강원","정선군","차량단독","전도전복","전도전복","안전운전 의무 불이행","단일로","기타단일로","이륜차","없음","1114160","1927324","128.7887383","37.3379222","N"
"2016","2016-07-18 11","주","월","1","2","0","2","0","강원","양양군","차대차","정면충돌","정면충돌","중앙선 침범","교차로","교차로부근","승합차","화물차","1098679","2008864","128.6250625","38.07450458","N"
"2016","2016-07-18 14","주","월","1","0","0","0","0","전북","무주군","차량단독","전도전복","전도전복","안전운전 의무 불이행","단일로","기타단일로","농기계","없음","1028599","1779588","127.8173671","36.01269439","N"
"2016","2016-07-18 15","주","월","1","0","0","0","0","강원","인제군","차량단독","전도전복","전도전복","안전운전 의무 불이행","단일로","기타단일로","이륜차","없음","1077369","2025069","128.383893","38.2226121","N"
"2016","2016-07-18 23","야","월","1","0","0","0","0","전남","강진군","차대사람","횡단중","횡단중","안전운전 의무 불이행","단일로","기타단일로","승용차","보행자","937711","1634540","126.8198446","34.70333208","N"
"2016","2016-07-19 00","야","화","1","1","1","0","0","충북","진천군","차대차","기타","기타","중앙선 침범","단일로","기타단일로","승용차","승용차","994620","1864449","127.439709","36.77815032","N"
"2016","2016-07-19 04","야","화","1","0","0","0","0","경북","경산시","차대사람","횡단중","횡단중","안전운전 의무 불이행","단일로","기타단일로","승용차","보행자","1118445","1765229","128.8121127","35.87648639","N"
"2016","2016-07-19 06","주","화","1","0","0","0","0","경남","거제시","차량단독","공작물충돌","공작물충돌","안전운전 의무 불이행","단일로","기타단일로","화물차","없음","1108435","1666009","128.688035","34.98319464","N"
"2016","2016-07-19 07","주","화","1","0","0","0","0","강원","횡성군","차량단독","전도전복","전도전복","안전운전 의무 불이행","단일로","기타단일로","농기계","없음","1045976","1941775","128.0199672","37.47405637","N"
"2016","2016-07-19 09","주","화","1","0","0","0","0","경북","경주시","차대사람","횡단중","횡단중","안전운전 의무 불이행","단일로","기타단일로","화물차","보행자","1164671","1749591","129.3207764","35.72887863","N"
"2016","2016-07-19 14","주","화","1","0","0","0","0","경기","여주시","차량단독","전도전복","전도전복","안전운전 의무 불이행","단일로","기타단일로","농기계","없음","1004344","1926476","127.5490396","37.337288","N"
"2016","2016-07-19 14","주","화","1","1","0","0","1","경남","거창군","차대차","정면충돌","정면충돌","중앙선 침범","단일로","기타단일로","화물차","화물차","1040245","1736635","127.9444376","35.62502099","N"
"2016","2016-07-19 15","주","화","1","0","0","0","0","전북","완주군","차대사람","횡단중","횡단중","안전운전 의무 불이행","단일로","기타단일로","화물차","보행자","974679","1750401","127.2199369","35.74963471","N"
"2016","2016-07-19 16","주","화","1","0","0","0","0","서울","강동구","차대사람","횡단중","횡단중","보행자 보호의무 위반","교차로","교차로내","건설기계","보행자","970588","1949637","127.1670456","37.54559635","N"
"2016","2016-07-19 20","야","화","1","0","0","0","0","충남","서산시","차대차","추돌","진행중 추돌","안전거리 미확보","단일로","기타단일로","화물차","화물차","917023","1867540","126.5698366","36.80239264","N"
"2016","2016-07-20 02","야","수","1","0","0","0","0","경북","칠곡군","차대차","기타","기타","안전운전 의무 불이행","단일로","기타단일로","승용차","승용차","1079980","1779362","128.3874846","36.0077933","N"
"2016","2016-07-20 07","주","수","1","0","0","0","0","광주","서구","차대사람","기타","기타","안전운전 의무 불이행","교차로","교차로내","승합차","보행자","941664.8","1681904.7","126.8597068","35.13065304","N"
"2016","2016-07-20 08","주","수","1","0","0","0","0","경기","안산시","차량단독","전도전복","전도전복","안전운전 의무 불이행","단일로","기타단일로","자전거","없음","937410","1925222","126.7935495","37.32388577","N"
"2016","2016-07-20 10","주","수","1","0","0","0","0","경남","고성군","차대차","측면충돌","측면충돌","안전거리 미확보","교차로","교차로내","화물차","특수차","1079095","1673946","128.3673744","35.05747737","N"
"2016","2016-07-20 13","주","수","1","0","0","0","0","충남","당진시","차대차","측면충돌","측면충돌","교차로 통행방법 위반","교차로","교차로내","화물차","이륜차","927505","1886623","126.6855018","36.97526174","N"
"2016","2016-07-20 13","주","수","1","0","0","0","0","경북","군위군","차대차","기타","기타","기타","교차로","교차로내","화물차","농기계","1111095","1798071","128.7353214","36.17337974","N"
"2016","2016-07-20 17","주","수","1","0","0","0","0","서울","은평구","차대사람","횡단중","횡단중","안전운전 의무 불이행","교차로","교차로부근","건설기계","보행자","948612","1955103","126.9178954","37.59389843","N"
"2016","2016-07-20 22","야","수","1","0","0","0","0","경기","포천시","차대차","기타","기타","안전운전 의무 불이행","단일로","기타단일로","화물차","자전거","974761","1986816","127.2129953","37.88082288","N"
"2016","2016-07-21 03","야","목","2","0","0","0","0","대전","대덕구","차대사람","기타","기타","안전운전 의무 불이행","단일로","기타단일로","화물차","보행자","992824","1823283","127.4199663","36.40702529","N"
"2016","2016-07-21 04","야","목","1","0","0","0","0","서울","영등포구","차대사람","횡단중","횡단중","신호위반","단일로","기타단일로","승용차","보행자","948537","1947079","126.917609","37.52157304","N"
"2016","2016-07-21 04","야","목","1","0","0","0","0","부산","해운대구","차대사람","기타","기타","안전운전 의무 불이행","단일로","기타단일로","승용차","보행자","1148102.9","1688678.8","129.1265619","35.18250387","N"
"2016","2016-07-21 06","주","목","1","0","0","0","0","충남","천안시","차대차","기타","기타","중앙선 침범","교차로","교차로부근","이륜차","건설기계","967266","1869843","127.1329377","36.82622449","N"
"2016","2016-07-21 08","주","목","1","1","0","1","0","경북","의성군","차대차","정면충돌","정면충돌","중앙선 침범","단일로","기타단일로","승용차","이륜차","1084196","1821527","128.4387885","36.38753186","N"
"2016","2016-07-21 09","주","목","1","2","2","0","0","경기","성남시","차대차","기타","기타","기타","단일로","기타단일로","승용차","화물차","968370","1938369","127.1424221","37.44395878","N"
"2016","2016-07-21 14","주","목","1","0","0","0","0","전남","여수시","차대사람","횡단중","횡단중","안전운전 의무 불이행","단일로","기타단일로","승용차","보행자","1005663","1641517","127.5618851","34.76813199","N"
"2016","2016-07-21 15","주","목","1","0","0","0","0","충남","아산시","차량단독","전도전복","전도전복","신호위반","교차로","교차로내","승용차","없음","956360","1864445","127.0109564","36.77712434","N"
"2016","2016-07-21 16","주","목","1","1","1","0","0","대구","북구","차대사람","길가장자리구역통행중","길가장자리구역통행중","안전운전 의무 불이행","단일로","기타단일로","화물차","보행자","1098634.7","1767112.6","128.5929305","35.89566262","N"
"2016","2016-07-21 19","야","목","1","2","2","0","0","대구","중구","차대차","측면충돌","측면충돌","중앙선 침범","교차로","교차로내","이륜차","화물차","1098190","1764697","128.5877059","35.87393197","N"
"2016","2016-07-21 21","야","목","1","0","0","0","0","경기","성남시","차량단독","도로이탈","도로이탈 추락","안전운전 의무 불이행","기타/불명","기타/불명","자전거","없음","966270","1937098","127.1187401","37.43242834","N"
"2016","2016-07-21 22","야","목","1","0","0","0","0","서울","강북구","차대사람","기타","기타","안전운전 의무 불이행","기타/불명","기타/불명","화물차","보행자","958128","1960335","127.0253857","37.64153776","N"
"2016","2016-07-22 01","야","금","1","0","0","0","0","경기","남양주시","차대사람","횡단중","횡단중","안전운전 의무 불이행","단일로","교량위","승용차","보행자","969057","1956148","127.1494394","37.60423235","N"
"2016","2016-07-22 04","야","금","1","0","0","0","0","충북","영동군","차대차","추돌","진행중 추돌","안전운전 의무 불이행","단일로","기타단일로","화물차","화물차","1031779","1805639","127.8537077","36.24746061","N"
"2016","2016-07-22 07","주","금","1","0","0","0","0","경북","문경시","차량단독","전도전복","전도전복","안전운전 의무 불이행","교차로","교차로부근","이륜차","없음","1072400","1862776","128.3111552","36.76031882","N"
"2016","2016-07-22 08","주","금","1","0","0","0","0","서울","성북구","차대사람","횡단중","횡단중","보행자 보호의무 위반","교차로","교차로내","승용차","보행자","957920","1953577","127.023417","37.58061716","N"
"2016","2016-07-22 11","주","금","1","0","0","0","0","경기","오산시","차량단독","공작물충돌","공작물충돌","안전운전 의무 불이행","단일로","기타단일로","승용차","없음","959212","1908721","127.0405225","37.17636307","N"
"2016","2016-07-22 14","주","금","1","0","0","0","0","경남","거제시","차대차","정면충돌","정면충돌","중앙선 침범","단일로","기타단일로","승용차","화물차","1098571","1653773","128.5785361","34.87388486","N"
"2016","2016-07-22 15","주","금","1","0","0","0","0","강원","춘천시","차량단독","공작물충돌","공작물충돌","안전운전 의무 불이행","단일로","기타단일로","승합차","없음","1018926","1983692","127.7151353","37.85281926","N"
"2016","2016-07-22 16","주","금","1","1","0","1","0","경기","수원시","차대차","기타","기타","기타","단일로","기타단일로","화물차","승용차","959060","1919550","127.0382155","37.27396679","N"
"2016","2016-07-22 16","주","금","1","0","0","0","0","경기","하남시","차대차","정면충돌","정면충돌","안전운전 의무 불이행","교차로","교차로내","승합차","이륜차","974680","1948470","127.2134082","37.53519914","N"
"2016","2016-07-22 17","주","금","1","0","0","0","0","부산","북구","차량단독","기타","기타","안전운전 의무 불이행","단일로","기타단일로","자전거","없음","1138074.3","1691898.2","129.0169965","35.21295243","N"
"2016","2016-07-22 17","주","금","1","0","0","0","0","충북","진천군","차대차","측면충돌","측면충돌","신호위반","교차로","교차로내","이륜차","승합차","994765","1874583","127.4412642","36.86950603","N"
"2016","2016-07-22 20","야","금","1","0","0","0","0","부산","기장군","차량단독","전도전복","전도전복","안전운전 의무 불이행","단일로","기타단일로","승용차","없음","1149478.5","1708911.2","129.1453487","35.36466103","N"
"2016","2016-07-22 20","야","금","1","0","0","0","0","대구","달서구","차대사람","횡단중","횡단중","보행자 보호의무 위반","단일로","횡단보도상","승용차","보행자","1095264","1761219","128.5548825","35.8428682","N"
"2016","2016-07-22 20","야","금","1","0","0","0","0","광주","북구","차대차","측면충돌","측면충돌","과속","단일로","기타단일로","화물차","자전거","945957","1694368","126.9059989","35.24327033","N"
"2016","2016-07-22 21","야","금","1","1","0","1","0","충북","음성군","차대사람","횡단중","횡단중","신호위반","교차로","교차로내","승용차","보행자","1016862","1881047","127.6893323","36.92763992","N"
"2016","2016-07-23 01","야","토","1","0","0","0","0","서울","강동구","차량단독","전도전복","전도전복","중앙선 침범","단일로","기타단일로","이륜차","없음","970437","1950608","127.1652971","37.55434357","N"
"2016","2016-07-23 01","야","토","1","0","0","0","0","경북","경주시","차대사람","기타","기타","안전운전 의무 불이행","교차로","교차로부근","승용차","보행자","1177675","1743432","129.4631281","35.67111816","N"
"2016","2016-07-23 03","야","토","1","1","0","1","0","경기","수원시","차대사람","횡단중","횡단중","과속","단일로","횡단보도상","이륜차","보행자","956749","1922367","127.0119854","37.29925374","N"
"2016","2016-07-23 04","야","토","1","0","0","0","0","경북","칠곡군","차량단독","공작물충돌","공작물충돌","안전운전 의무 불이행","교차로","교차로부근","승용차","없음","1081619","1777247","128.4054515","35.98859102","N"
"2016","2016-07-23 09","주","토","1","0","0","0","0","경북","의성군","차대차","추돌","진행중 추돌","안전운전 의무 불이행","단일로","기타단일로","승용차","농기계","1104535","1826370","128.6661831","36.42918661","N"
"2016","2016-07-23 10","주","토","1","0","0","0","0","경기","안산시","차대차","측면충돌","측면충돌","안전운전 의무 불이행","단일로","기타단일로","화물차","자전거","939127","1926269","126.8128419","37.33343679","N"
"2016","2016-07-23 10","주","토","1","0","0","0","0","충북","제천시","차대차","측면충돌","측면충돌","중앙선 침범","단일로","기타단일로","자전거","승용차","1061774","1905729","128.1956247","37.14824215","N"
"2016","2016-07-23 11","주","토","1","0","0","0","0","충북","괴산군","차대차","정면충돌","정면충돌","중앙선 침범","단일로","기타단일로","이륜차","승용차","1043319","1863121","127.9853713","36.76520393","N"