"발생년","발생년월일시","주야","요일","사망자수","부상자수","중상자수","경상자수","부상신고자수","발생지시도","발생지시군구","사고유형_대분류","사고유형_중분류","사고유형","가해자법규위반","도로형태_대분류","도로형태","가해자_당사자종별","피해자_당사자종별","발생위치(X_UTMK)","발생위치(Y_UTMK)","경도","위도"," 어린이사고 여부"
"2016","2016-07-23 11","주","토","1","0","0","0","0","충북","보은군","차대차","측면충돌","측면충돌","교차로 통행방법 위반","교차로","교차로내","승용차","원동기장치자전거","1027411.8","1826357.8","127.8058298","36.43438067","N"
"2016","2016-07-23 13","주","토","1","0","0","0","0","경북","울진군","차대차","측면충돌","측면충돌","안전운전 의무 불이행","단일로","기타단일로","승용차","원동기장치자전거","1172069","1851647","129.4249173","36.64720095","N"
"2016","2016-07-23 14","주","토","1","0","0","0","0","경남","통영시","차대사람","횡단중","횡단중","안전운전 의무 불이행","단일로","기타단일로","승용차","보행자","1083852","1654956","128.4176234","34.88587322","N"
"2016","2016-07-23 15","주","토","1","1","1","0","0","강원","강릉시","차량단독","기타","기타","안전운전 의무 불이행","교차로","교차로부근","승용차","없음","1116888","1976413","128.8273522","37.77993188","Y"
"2016","2016-07-23 19","야","토","1","0","0","0","0","충북","청주시","차대차","정면충돌","정면충돌","안전운전 의무 불이행","교차로","교차로내","이륜차","승용차","1013892","1848411","127.6553892","36.63348367","N"
"2016","2016-07-23 20","야","토","1","0","0","0","0","전북","전주시","차대차","측면충돌","측면충돌","기타","단일로","기타단일로","자전거","승용차","966525","1760435","127.129331","35.83985814","N"
"2016","2016-07-23 20","야","토","1","0","0","0","0","전남","화순군","차대사람","횡단중","횡단중","신호위반","교차로","교차로내","승용차","보행자","953926","1674047","126.9947191","35.06043685","N"
"2016","2016-07-23 21","야","토","1","3","1","2","0","강원","춘천시","차대차","정면충돌","정면충돌","중앙선 침범","단일로","기타단일로","승용차","승용차","1018891","1982988","127.714719","37.84647479","N"
"2016","2016-07-24 01","야","일","1","0","0","0","0","전북","정읍시","차대사람","횡단중","횡단중","안전운전 의무 불이행","단일로","기타단일로","승용차","보행자","941198","1730510","126.8510877","35.56886792","N"
"2016","2016-07-24 03","야","일","1","0","0","0","0","경기","이천시","차량단독","공작물충돌","공작물충돌","안전운전 의무 불이행","교차로","교차로부근","승용차","없음","991660","1922722","127.4058917","37.30342241","N"
"2016","2016-07-24 04","야","일","1","0","0","0","0","경남","양산시","차대차","측면충돌","측면충돌","안전운전 의무 불이행","단일로","기타단일로","승용차","승용차","1137042","1700883","129.007157","35.29408242","N"
"2016","2016-07-24 04","야","일","1","1","1","0","0","경남","창원시(통합)","차량단독","전도전복","전도전복","안전운전 의무 불이행","단일로","기타단일로","승용차","없음","1103786","1693273","128.6405282","35.2294808","N"
"2016","2016-07-24 05","야","일","1","0","0","0","0","서울","송파구","차대사람","횡단중","횡단중","신호위반","단일로","기타단일로","승용차","보행자","965670.3","1944655.8","127.1116094","37.50052859","N"
"2016","2016-07-24 05","야","일","1","1","1","0","0","충남","천안시","차량단독","전도전복","전도전복","안전운전 의무 불이행","교차로","교차로부근","이륜차","없음","977094","1860245","127.2434312","36.73999083","N"
"2016","2016-07-24 05","야","일","1","0","0","0","0","경북","경주시","차대사람","길가장자리구역통행중","길가장자리구역통행중","안전운전 의무 불이행","단일로","기타단일로","승용차","보행자","1176451","1742611","129.4494312","35.66393966","N"
"2016","2016-07-24 11","주","일","1","0","0","0","0","강원","원주시","차대차","정면충돌","정면충돌","안전운전 의무 불이행","단일로","기타단일로","화물차","건설기계","1040940","1925729","127.9621251","37.32966229","N"
"2016","2016-07-24 11","주","일","1","0","0","0","0","경북","영천시","차량단독","전도전복","전도전복","안전운전 의무 불이행","단일로","기타단일로","화물차","없음","1119982","1782412","128.8317328","36.0311795","N"
"2016","2016-07-24 12","주","일","1","0","0","0","0","충북","음성군","차대차","측면충돌","측면충돌","교차로 통행방법 위반","교차로","교차로내","화물차","이륜차","1017278","1881879","127.6940223","36.93513244","N"
"2016","2016-07-24 19","야","일","1","0","0","0","0","경북","구미시","차대사람","횡단중","횡단중","안전운전 의무 불이행","단일로","기타단일로","승용차","보행자","1084424","1788886","128.4378088","36.09327393","Y"
"2016","2016-07-24 21","야","일","1","0","0","0","0","부산","동구","차대사람","기타","기타","중앙선 침범","단일로","기타단일로","승용차","보행자","1139836","1682195","129.0347012","35.12524431","N"
"2016","2016-07-24 21","야","일","1","0","0","0","0","경기","수원시","차대사람","횡단중","횡단중","안전운전 의무 불이행","단일로","기타단일로","승용차","보행자","956388","1922141","127.0079255","37.29719979","N"
"2016","2016-07-24 23","야","일","1","0","0","0","0","서울","강동구","차대사람","횡단중","횡단중","안전운전 의무 불이행","단일로","기타단일로","승용차","보행자","969571","1950717","127.1554882","37.55529783","N"
"2016","2016-07-25 07","주","월","1","0","0","0","0","강원","인제군","차량단독","전도전복","전도전복","안전운전 의무 불이행","단일로","기타단일로","농기계","없음","1060433","2008805","128.1890442","38.07733814","N"
"2016","2016-07-25 13","주","월","1","0","0","0","0","경남","합천군","차량단독","전도전복","전도전복","안전운전 의무 불이행","단일로","기타단일로","건설기계","없음","1073020","1728517","128.3056233","35.54995299","N"
"2016","2016-07-25 17","주","월","2","3","2","1","0","충남","서천군","차대차","측면충돌","측면충돌","안전운전 의무 불이행","교차로","교차로내","승용차","승용차","926414","1787730","126.6826792","36.08373441","N"
"2016","2016-07-25 18","야","월","2","0","0","0","0","전남","완도군","차량단독","전도전복","전도전복","안전운전 의무 불이행","단일로","기타단일로","농기계","없음","925705","1589820","126.6926548","34.29927713","N"
"2016","2016-07-25 21","야","월","1","0","0","0","0","울산","남구","차대차","측면충돌","측면충돌","중앙선 침범","단일로","기타단일로","승용차","화물차","1164110","1725987","129.3097752","35.51625334","N"
"2016","2016-07-26 05","야","화","1","0","0","0","0","경기","파주시","차량단독","공작물충돌","공작물충돌","안전운전 의무 불이행","교차로","교차로내","승용차","없음","937913","1977810","126.7947728","37.79788955","N"
"2016","2016-07-26 06","주","화","1","0","0","0","0","전남","장성군","차대차","측면충돌","측면충돌","교차로 통행방법 위반","교차로","교차로내","승용차","이륜차","919611","1693633","126.6165204","35.23487605","N"
"2016","2016-07-26 06","주","화","1","2","2","0","0","인천","강화군","차대차","측면충돌","측면충돌","신호위반","교차로","교차로내","화물차","승합차","913815","1959314","126.5232732","37.62924683","N"
"2016","2016-07-26 11","주","화","1","2","1","1","0","충남","태안군","차대차","측면충돌","측면충돌","기타","교차로","교차로내","승용차","건설기계","897735","1833283","126.358223","36.49174127","N"
"2016","2016-07-26 14","주","화","1","0","0","0","0","경기","파주시","차대차","정면충돌","정면충돌","안전운전 의무 불이행","단일로","기타단일로","원동기장치자전거","화물차","936542","1974443","126.7794958","37.76745016","N"
"2016","2016-07-26 15","주","화","1","1","0","1","0","경기","김포시","차대차","정면충돌","정면충돌","중앙선 침범","단일로","기타단일로","승용차","화물차","917119","1964999","126.5600668","37.68078527","N"
"2016","2016-07-26 18","야","화","1","0","0","0","0","충북","제천시","차대차","정면충돌","정면충돌","중앙선 침범","단일로","기타단일로","이륜차","승용차","1052918.4","1910169.1","128.0962232","37.18880711","N"
"2016","2016-07-26 21","야","화","1","1","1","0","0","경기","양주시","차대차","정면충돌","정면충돌","중앙선 침범","단일로","기타단일로","승용차","승용차","958553","1976167","127.0293011","37.78425144","N"
"2016","2016-07-26 22","야","화","1","1","0","1","0","전북","완주군","차대차","정면충돌","정면충돌","중앙선 침범","교차로","교차로부근","원동기장치자전거","승용차","963045","1769295","127.0903867","35.91961394","N"
"2016","2016-07-27 04","야","수","1","0","0","0","0","경기","고양시","차대차","추돌","진행중 추돌","안전운전 의무 불이행","단일로","기타단일로","승용차","화물차","932618","1961483","126.736146","37.6503668","N"
"2016","2016-07-27 05","야","수","1","0","0","0","0","전남","순천시","차량단독","전도전복","전도전복","안전운전 의무 불이행","단일로","기타단일로","승용차","없음","1005456","1655588","127.5597145","34.895021","N"
"2016","2016-07-27 06","주","수","1","0","0","0","0","인천","연수구","차량단독","공작물충돌","공작물충돌","안전운전 의무 불이행","단일로","기타단일로","이륜차","없음","923450","1930851","126.6354168","37.37357364","N"
"2016","2016-07-27 07","주","수","1","0","0","0","0","경기","평택시","차대차","기타","기타","안전운전 의무 불이행","교차로","교차로부근","승용차","자전거","948624","1887502","126.9227056","36.98457573","N"
"2016","2016-07-27 07","주","수","1","0","0","0","0","충북","영동군","차대차","정면충돌","정면충돌","중앙선 침범","단일로","기타단일로","자전거","화물차","1038869","1798434","127.9322617","36.18224558","N"
"2016","2016-07-27 07","주","수","1","0","0","0","0","대구","북구","차대사람","기타","기타","보행자 보호의무 위반","단일로","횡단보도상","승용차","보행자","1100566.7","1768333.7","128.6144889","35.90647338","N"
"2016","2016-07-27 08","주","수","1","0","0","0","0","충남","부여군","차대차","기타","기타","안전운전 의무 불이행","교차로","교차로부근","건설기계","화물차","955708","1806823","127.0069567","36.2576418","N"
"2016","2016-07-27 08","주","수","1","0","0","0","0","전북","순창군","차대차","측면충돌","측면충돌","중앙선 침범","교차로","교차로부근","승합차","승용차","967813.4","1708817","127.1456553","35.3744948","N"
"2016","2016-07-27 10","주","수","1","0","0","0","0","전남","담양군","차대사람","기타","기타","안전운전 의무 불이행","단일로","기타단일로","승용차","보행자","949877","1695382","126.949021","35.25261701","N"
"2016","2016-07-27 10","주","수","1","0","0","0","0","경북","의성군","차대차","기타","기타","중앙선 침범","단일로","기타단일로","원동기장치자전거","화물차","1105416","1825175","128.6758471","36.4183192","N"
"2016","2016-07-27 11","주","수","1","1","1","0","0","전북","익산시","차대차","추돌","진행중 추돌","안전운전 의무 불이행","교차로","교차로부근","화물차","화물차","951744","1785067","126.9641688","36.06131476","N"
"2016","2016-07-27 15","주","수","1","1","1","0","0","경기","수원시","차대차","기타","기타","안전운전 의무 불이행","교차로","교차로내","승용차","화물차","954199","1915133","126.9836594","37.23392682","N"
"2016","2016-07-27 15","주","수","1","0","0","0","0","경남","창원시(통합)","차대차","측면충돌","측면충돌","안전운전 의무 불이행","교차로","교차로내","승용차","자전거","1102442","1696633","128.62618","35.25991056","N"
"2016","2016-07-27 16","주","수","1","0","0","0","0","충남","천안시","차대차","측면충돌","측면충돌","중앙선 침범","단일로","기타단일로","화물차","원동기장치자전거","982798","1863366","127.3072506","36.76824646","N"
"2016","2016-07-28 01","야","목","1","0","0","0","0","경기","용인시","차량단독","공작물충돌","공작물충돌","안전운전 의무 불이행","단일로","기타단일로","승용차","없음","960884","1925502","127.0584753","37.32769482","N"
"2016","2016-07-28 04","야","목","1","0","0","0","0","충북","청주시","차량단독","전도전복","전도전복","안전운전 의무 불이행","단일로","기타단일로","농기계","없음","1002108","1855488","127.5235986","36.69738138","N"
"2016","2016-07-28 04","야","목","1","0","0","0","0","경기","동두천시","차대사람","기타","기타","안전운전 의무 불이행","단일로","기타단일로","승용차","보행자","959864","1992554","127.0432788","37.93200324","N"
"2016","2016-07-28 05","야","목","2","0","0","0","0","경북","포항시","차량단독","전도전복","전도전복","안전운전 의무 불이행","단일로","기타단일로","원동기장치자전거","없음","1147668","1791128","129.1405599","36.10592352","N"
"2016","2016-07-28 05","야","목","1","2","1","1","0","대구","북구","차대차","추돌","진행중 추돌","안전운전 의무 불이행","단일로","기타단일로","화물차","화물차","1100424","1769303","128.6130301","35.91522567","N"
"2016","2016-07-28 07","주","목","1","1","1","0","0","충남","서산시","차대차","측면충돌","측면충돌","신호위반","교차로","교차로내","이륜차","승합차","913891","1854462","126.5362068","36.68423382","N"
"2016","2016-07-28 08","주","목","1","0","0","0","0","경북","포항시","차대차","기타","기타","안전운전 의무 불이행","교차로","교차로내","화물차","자전거","1166548","1780828","129.3480477","36.01005364","N"
"2016","2016-07-28 10","주","목","1","0","0","0","0","충남","부여군","차대차","측면충돌","측면충돌","중앙선 침범","단일로","기타단일로","이륜차","화물차","935165","1801306","126.7787497","36.20674561","N"
"2016","2016-07-28 11","주","목","1","0","0","0","0","충북","충주시","차량단독","전도전복","전도전복","안전운전 의무 불이행","단일로","교량위","이륜차","없음","1021820","1901249","127.7455874","37.10964541","N"
"2016","2016-07-28 14","주","목","1","0","0","0","0","서울","노원구","차량단독","전도전복","전도전복","안전운전 의무 불이행","단일로","터널안","승용차","없음","963562","1964087","127.0867905","37.67558695","N"
"2016","2016-07-28 17","주","목","1","0","0","0","0","충북","음성군","차대차","측면충돌","측면충돌","교차로 통행방법 위반","교차로","교차로내","화물차","이륜차","1013084","1900373","127.6472475","37.10191182","N"
"2016","2016-07-28 18","야","목","1","0","0","0","0","경북","예천군","차량단독","공작물충돌","공작물충돌","안전운전 의무 불이행","단일로","기타단일로","승용차","없음","1089339","1846865","128.4990557","36.61545952","N"
"2016","2016-07-28 19","야","목","1","0","0","0","0","서울","중랑구","차대사람","차도통행중","차도통행중","안전운전 의무 불이행","단일로","기타단일로","화물차","보행자","964725","1955877","127.1003753","37.60163377","N"
"2016","2016-07-28 22","야","목","1","0","0","0","0","경기","이천시","차대사람","기타","기타","안전운전 의무 불이행","단일로","기타단일로","승용차","보행자","1001900","1914970","127.5214198","37.23358121","N"
"2016","2016-07-28 23","야","목","1","0","0","0","0","경북","구미시","차대차","추돌","진행중 추돌","안전운전 의무 불이행","단일로","기타단일로","화물차","화물차","1066351","1809985","128.2388497","36.28488244","N"
"2016","2016-07-29 02","야","금","1","2","1","1","0","서울","강남구","차대차","측면충돌","측면충돌","신호위반","교차로","교차로내","이륜차","화물차","965174","1941892","127.1061254","37.47559857","N"
"2016","2016-07-29 03","야","금","1","0","0","0","0","경기","안산시","차대사람","횡단중","횡단중","안전운전 의무 불이행","교차로","교차로부근","승용차","보행자","940577","1924698","126.8293349","37.3193708","N"
"2016","2016-07-29 04","야","금","1","0","0","0","0","충남","논산시","차대차","추돌","진행중 추돌","안전운전 의무 불이행","단일로","기타단일로","화물차","화물차","975185","1796060","127.2241056","36.1613049","N"
"2016","2016-07-29 07","주","금","1","0","0","0","0","강원","강릉시","차대차","기타","기타","안전운전 의무 불이행","단일로","기타단일로","화물차","원동기장치자전거","1125774","1972130","128.9274897","37.74016029","N"
"2016","2016-07-29 10","주","금","1","0","0","0","0","강원","정선군","차대사람","기타","기타","안전운전 의무 불이행","단일로","기타단일로","화물차","보행자","1097751","1929080","128.6037648","37.35562038","N"
"2016","2016-07-29 10","주","금","1","0","0","0","0","제주","서귀포시","차량단독","전도전복","전도전복","안전운전 의무 불이행","교차로","교차로내","농기계","없음","888297","1477885","126.3003809","33.28658193","N"
"2016","2016-07-29 14","주","금","1","0","0","0","0","강원","동해시","차대사람","횡단중","횡단중","안전운전 의무 불이행","교차로","교차로내","승용차","보행자","1142252","1950100","129.1101545","37.53925984","N"
"2016","2016-07-29 19","야","금","1","0","0","0","0","서울","은평구","차대차","측면충돌","측면충돌","교차로 통행방법 위반","교차로","교차로내","원동기장치자전거","승용차","949248","1955876","126.9250458","37.60090084","N"
"2016","2016-07-29 20","야","금","1","0","0","0","0","서울","강동구","차대사람","차도통행중","차도통행중","안전운전 의무 불이행","교차로","교차로내","승용차","보행자","967788","1950420","127.1353148","37.55256022","N"
"2016","2016-07-29 22","야","금","1","0","0","0","0","세종","세종시","차대사람","횡단중","횡단중","안전운전 의무 불이행","단일로","기타단일로","승용차","보행자","981254","1847386","127.2903417","36.62416018","N"
"2016","2016-07-29 23","야","금","1","1","0","1","0","서울","마포구","차대사람","기타","기타","안전운전 의무 불이행","교차로","교차로내","승용차","보행자","950597","1949306","126.9407705","37.54175806","N"
"2016","2016-07-30 01","야","토","1","0","0","0","0","인천","미추홀구","차대사람","기타","기타","안전운전 의무 불이행","단일로","기타단일로","승용차","보행자","924716.8","1940339","126.6487557","37.45919079","N"
"2016","2016-07-30 03","야","토","1","1","1","0","0","강원","원주시","차대차","추돌","진행중 추돌","안전운전 의무 불이행","단일로","기타단일로","승용차","화물차","1024556","1921788","127.777057","37.29471651","N"
"2016","2016-07-30 05","야","토","1","0","0","0","0","경남","김해시","차량단독","공작물충돌","공작물충돌","안전운전 의무 불이행","단일로","기타단일로","이륜차","없음","1127137","1694449","128.8972578","35.23739232","N"
"2016","2016-07-30 10","주","토","1","2","0","2","0","충남","천안시","차대차","측면충돌","측면충돌","안전운전 의무 불이행","단일로","기타단일로","승용차","화물차","967977","1876814","127.1406162","36.88908869","N"
"2016","2016-07-30 15","주","토","1","0","0","0","0","부산","동래구","차대차","측면충돌","측면충돌","기타","단일로","횡단보도상","자전거","승용차","1145295","1690337","129.0960268","35.19786048","N"
"2016","2016-07-30 17","주","토","1","0","0","0","0","충북","충주시","차량단독","전도전복","전도전복","안전운전 의무 불이행","단일로","기타단일로","승용차","없음","1025163.4","1883298.2","127.7826173","36.94774803","N"
"2016","2016-07-30 17","주","토","1","0","0","0","0","충북","충주시","차대차","측면충돌","측면충돌","교차로 통행방법 위반","교차로","교차로내","승용차","화물차","1041573","1878126","127.9666295","36.90054297","N"
"2016","2016-07-30 20","야","토","1","0","0","0","0","서울","영등포구","차대사람","횡단중","횡단중","안전운전 의무 불이행","단일로","기타단일로","승용차","보행자","947497","1944645","126.9060141","37.49957637","N"
"2016","2016-07-30 20","야","토","1","0","0","0","0","서울","동작구","차대사람","횡단중","횡단중","안전운전 의무 불이행","단일로","기타단일로","승용차","보행자","948961","1945263","126.9225332","37.50522865","N"
"2016","2016-07-30 20","야","토","1","0","0","0","0","전남","순천시","차대사람","횡단중","횡단중","안전운전 의무 불이행","단일로","횡단보도부근","화물차","보행자","996819","1668678","127.4651348","35.01306986","N"
"2016","2016-07-30 23","야","토","1","0","0","0","0","충북","제천시","차량단독","공작물충돌","공작물충돌","안전운전 의무 불이행","단일로","기타단일로","이륜차","없음","1043927","1902860","127.9944931","37.12339042","N"
"2016","2016-07-31 00","야","일","1","1","1","0","0","서울","서초구","차량단독","공작물충돌","공작물충돌","과속","기타/불명","기타/불명","승용차","없음","954776","1940414","126.9886208","37.46182631","N"
"2016","2016-07-31 00","야","일","1","0","0","0","0","대전","동구","차대차","측면충돌","측면충돌","신호위반","단일로","기타단일로","원동기장치자전거","자전거","995393","1815383","127.4486651","36.33581955","N"
"2016","2016-07-31 02","야","일","1","0","0","0","0","인천","미추홀구","차대사람","횡단중","횡단중","안전운전 의무 불이행","단일로","횡단보도상","승용차","보행자","928767","1940113","126.6945699","37.45747489","N"
"2016","2016-07-31 06","주","일","1","0","0","0","0","부산","부산진구","차대사람","기타","기타","안전운전 의무 불이행","단일로","기타단일로","화물차","보행자","1141048","1685749","129.0486054","35.15711067","N"
"2016","2016-07-31 07","주","일","1","0","0","0","0","경남","창녕군","차대차","정면충돌","정면충돌","안전운전 의무 불이행","단일로","기타단일로","화물차","이륜차","1082270","1734364","128.4082619","35.60194132","N"
"2016","2016-07-31 08","주","일","1","0","0","0","0","전남","고흥군","차대사람","횡단중","횡단중","안전운전 의무 불이행","단일로","기타단일로","화물차","보행자","977012","1618075","127.249426","34.55649197","N"
"2016","2016-07-31 09","주","일","1","0","0","0","0","강원","강릉시","차대사람","횡단중","횡단중","안전운전 의무 불이행","교차로","교차로부근","승용차","보행자","1116368","1988215","128.8233471","37.88634312","N"
"2016","2016-07-31 10","주","일","1","0","0","0","0","경기","수원시","차대차","측면충돌","측면충돌","교차로 통행방법 위반","교차로","교차로부근","자전거","승용차","956518","1921941","127.009404","37.29540315","N"
"2016","2016-07-31 10","주","일","1","0","0","0","0","전북","익산시","차대차","측면충돌","측면충돌","안전거리 미확보","단일로","기타단일로","원동기장치자전거","승용차","950785","1776989","126.9540232","35.98843951","N"
"2016","2016-07-31 14","주","일","1","0","0","0","0","전남","함평군","차대차","측면충돌","측면충돌","신호위반","교차로","교차로내","이륜차","화물차","911612","1675187","126.5305964","35.06789486","N"
"2016","2016-07-31 14","주","일","1","1","0","0","1","대구","달서구","차대차","측면충돌","측면충돌","안전운전 의무 불이행","단일로","기타단일로","승용차","화물차","1091565","1759004","128.5136743","35.82325302","N"
"2016","2016-07-31 17","주","일","3","22","13","8","1","부산","해운대구","차대차","추돌","진행중 추돌","신호위반","교차로","교차로내","승용차","승용차","1152447","1687587","129.174052","35.1720131","Y"
"2016","2016-07-31 20","야","일","1","0","0","0","0","전남","광양시","차대차","측면충돌","측면충돌","신호위반","교차로","교차로부근","이륜차","승용차","1007460","1664216","127.5817249","34.9728115","N"
"2016","2016-07-31 22","야","일","1","0","0","0","0","부산","북구","차대차","정면충돌","정면충돌","중앙선 침범","단일로","횡단보도상","원동기장치자전거","승합차","1136848","1691516","129.003464","35.20967532","N"
"2016","2016-08-01 03","야","월","1","0","0","0","0","강원","속초시","차대사람","기타","기타","안전운전 의무 불이행","단일로","기타단일로","승용차","보행자","1091587","2018884","128.5455046","38.1655431","N"
"2016","2016-08-01 09","주","월","1","0","0","0","0","충남","논산시","차량단독","전도전복","전도전복","안전운전 의무 불이행","단일로","기타단일로","농기계","없음","955196","1799786","127.0016601","36.19417778","N"
"2016","2016-08-01 10","주","월","1","0","0","0","0","경북","성주군","차량단독","공작물충돌","공작물충돌","안전운전 의무 불이행","단일로","기타단일로","승용차","없음","1068136","1769051","128.2551852","35.91573781","N"
"2016","2016-08-01 14","주","월","1","1","0","1","0","경기","화성시","차대차","추돌","진행중 추돌","안전운전 의무 불이행","교차로","교차로부근","화물차","승용차","949977","1908376","126.9365174","37.17280428","N"
"2016","2016-08-01 15","주","월","1","0","0","0","0","경남","합천군","차량단독","공작물충돌","공작물충돌","안전운전 의무 불이행","단일로","기타단일로","화물차","없음","1056251","1740891","128.1214857","35.66261116","N"
"2016","2016-08-01 19","야","월","1","0","0","0","0","전북","익산시","차량단독","전도전복","전도전복","안전운전 의무 불이행","단일로","기타단일로","이륜차","없음","958314","1783170","127.0372194","36.04451611","N"
"2016","2016-08-01 20","야","월","1","3","1","2","0","충남","홍성군","차대차","측면충돌","측면충돌","중앙선 침범","단일로","기타단일로","승용차","승합차","921348","1833380","126.6218173","36.49484719","N"
"2016","2016-08-01 21","야","월","1","0","0","0","0","부산","서구","차대사람","횡단중","횡단중","보행자 보호의무 위반","단일로","기타단일로","승용차","보행자","1138339","1681231","129.0181155","35.11676163","N"
"2016","2016-08-01 23","야","월","1","0","0","0","0","경남","남해군","차대사람","횡단중","횡단중","보행자 보호의무 위반","단일로","횡단보도상","승합차","보행자","1036111","1651633","127.895051","34.85872931","N"
"2016","2016-08-02 02","야","화","1","0","0","0","0","제주","제주시","차대사람","기타","기타","안전운전 의무 불이행","단일로","기타단일로","승용차","보행자","885255.9","1492112.3","126.2659188","33.41456104","N"
"2016","2016-08-02 09","주","화","1","0","0","0","0","경북","의성군","차대차","기타","기타","안전운전 의무 불이행","교차로","교차로부근","승용차","이륜차","1076293","1828537","128.3513685","36.45138222","N"
"2016","2016-08-02 10","주","화","1","0","0","0","0","충남","서산시","차대차","측면충돌","측면충돌","기타","단일로","기타단일로","자전거","승용차","908694","1863696","126.476943","36.76697864","N"
"2016","2016-08-02 10","주","화","1","0","0","0","0","전북","장수군","차량단독","전도전복","전도전복","안전운전 의무 불이행","기타/불명","기타/불명","농기계","없음","1001896","1730331","127.5209236","35.56899862","N"
"2016","2016-08-02 11","주","화","1","0","0","0","0","경남","진주시","차대사람","기타","기타","안전운전 의무 불이행","단일로","기타단일로","화물차","보행자","1055684","1684236","128.111352","35.15182395","N"
"2016","2016-08-02 12","주","화","4","1","1","0","0","부산","남구","차대차","추돌","진행중 추돌","안전운전 의무 불이행","교차로","교차로부근","승용차","특수차","1144335","1680622","129.0837867","35.11043039","Y"
"2016","2016-08-02 13","주","화","1","0","0","0","0","전북","전주시","차대사람","기타","기타","안전운전 의무 불이행","교차로","교차로내","승합차","보행자","964737","1759689","127.1095658","35.83306952","N"
"2016","2016-08-02 14","주","화","1","0","0","0","0","전남","강진군","차대차","측면충돌","측면충돌","안전운전 의무 불이행","교차로","교차로내","원동기장치자전거","승합차","935521","1620892","126.7969722","34.58012827","N"
"2016","2016-08-02 19","야","화","1","0","0","0","0","울산","울주군","차대사람","보도통행중","보도통행중","안전운전 의무 불이행","단일로","기타단일로","화물차","보행자","1161014","1714892","129.2734507","35.41676801","N"
"2016","2016-08-03 05","야","수","1","3","3","0","0","경기","용인시","차대차","추돌","진행중 추돌","안전운전 의무 불이행","기타/불명","기타/불명","화물차","화물차","976262","1914817","127.2323945","37.23190165","N"
"2016","2016-08-03 08","주","수","1","0","0","0","0","서울","양천구","차대사람","횡단중","횡단중","안전운전 의무 불이행","단일로","기타단일로","승용차","보행자","941394","1947232","126.8367663","37.52252578","N"
"2016","2016-08-03 15","주","수","1","0","0","0","0","전남","함평군","차대사람","길가장자리구역통행중","길가장자리구역통행중","기타","단일로","기타단일로","승용차","보행자","905682","1677887","126.4652603","35.09170045","N"
"2016","2016-08-03 17","주","수","1","0","0","0","0","경북","고령군","차대차","측면충돌","측면충돌","교차로 통행방법 위반","교차로","교차로내","화물차","원동기장치자전거","1069079","1748548","128.263863","35.73082878","N"
"2016","2016-08-03 23","야","수","1","0","0","0","0","전남","영광군","차대차","측면충돌","측면충돌","안전운전 의무 불이행","단일로","교량위","승용차","이륜차","902075","1708652","126.422032","35.36871829","N"
"2016","2016-08-03 23","야","수","1","0","0","0","0","경기","고양시","차량단독","전도전복","전도전복","안전운전 의무 불이행","단일로","기타단일로","원동기장치자전거","없음","942171","1966327","126.8440492","37.69467634","N"
"2016","2016-08-04 00","야","목","1","0","0","0","0","전남","장흥군","차량단독","전도전복","전도전복","안전운전 의무 불이행","단일로","기타단일로","승용차","없음","943274","1643408","126.8799885","34.78362134","N"
"2016","2016-08-04 03","야","목","1","0","0","0","0","경기","수원시","차량단독","공작물충돌","공작물충돌","안전운전 의무 불이행","단일로","기타단일로","이륜차","없음","957223","1916958","127.0176447","37.25052062","N"
"2016","2016-08-04 05","야","목","1","1","1","0","0","서울","성동구","차량단독","전도전복","전도전복","안전운전 의무 불이행","단일로","기타단일로","이륜차","없음","959685","1948851","127.043666","37.53809937","N"
"2016","2016-08-04 06","주","목","1","0","0","0","0","전북","전주시","차대차","측면충돌","측면충돌","신호위반","교차로","교차로내","자전거","승용차","967428","1758372","127.1394139","35.82128851","N"
"2016","2016-08-04 11","주","목","1","0","0","0","0","경기","안성시","차대차","추돌","진행중 추돌","안전운전 의무 불이행","단일로","기타단일로","화물차","화물차","998911","1900583","127.4877441","37.10389561","N"
"2016","2016-08-04 11","주","목","1","5","4","1","0","경기","용인시","차대사람","기타","기타","기타","단일로","기타단일로","승합차","보행자","967540","1925929","127.1335852","37.33180018","N"
"2016","2016-08-04 12","주","목","1","0","0","0","0","전북","군산시","차량단독","전도전복","전도전복","안전운전 의무 불이행","단일로","기타단일로","자전거","없음","939906","1778669","126.833214","36.00297537","N"
"2016","2016-08-04 12","주","목","1","0","0","0","0","경북","경주시","차대차","측면충돌","측면충돌","안전운전 의무 불이행","단일로","기타단일로","원동기장치자전거","승용차","1158551","1777583","129.2587006","35.98214497","N"
"2016","2016-08-04 17","주","목","1","0","0","0","0","경기","광주시","차대차","측면충돌","측면충돌","안전거리 미확보","교차로","교차로부근","자전거","승용차","979021","1934991","127.2629267","37.41381346","N"
"2016","2016-08-04 20","야","목","1","0","0","0","0","경남","밀양시","차량단독","전도전복","전도전복","안전운전 의무 불이행","단일로","기타단일로","자전거","없음","1131688","1719476","128.9512906","35.46239871","N"
"2016","2016-08-04 22","야","목","1","2","1","1","0","충북","청주시","차대차","정면충돌","정면충돌","안전운전 의무 불이행","단일로","기타단일로","화물차","승용차","980414","1849059","127.2809043","36.63922524","N"
"2016","2016-08-05 02","야","금","1","1","0","1","0","전북","전주시","차대차","기타","기타","안전거리 미확보","단일로","기타단일로","화물차","승용차","961304.3","1763563.7","127.0713717","35.86787402","Y"