"발생년","발생년월일시","주야","요일","사망자수","부상자수","중상자수","경상자수","부상신고자수","발생지시도","발생지시군구","사고유형_대분류","사고유형_중분류","사고유형","가해자법규위반","도로형태_대분류","도로형태","가해자_당사자종별","피해자_당사자종별","발생위치(X_UTMK)","발생위치(Y_UTMK)","경도","위도"," 어린이사고 여부"
"2016","2016-08-05 02","야","금","1","0","0","0","0","경북","경산시","차량단독","전도전복","전도전복","안전운전 의무 불이행","단일로","기타단일로","이륜차","없음","1112849","1759357","128.7493041","35.82421717","N"
"2016","2016-08-05 04","야","금","1","1","1","0","0","광주","서구","차대차","추돌","진행중 추돌","안전운전 의무 불이행","단일로","기타단일로","화물차","화물차","941612","1680861","126.8592011","35.12123926","N"
"2016","2016-08-05 05","야","금","1","1","1","0","0","전남","완도군","차량단독","기타","기타","안전운전 의무 불이행","단일로","기타단일로","농기계","없음","921087","1576121","126.6437286","34.17540462","N"
"2016","2016-08-05 06","주","금","1","0","0","0","0","경남","창녕군","차대차","측면충돌","측면충돌","안전운전 의무 불이행","교차로","교차로내","자전거","화물차","1088217","1726608","128.4730628","35.53150603","N"
"2016","2016-08-05 12","주","금","1","0","0","0","0","강원","화천군","차대사람","횡단중","횡단중","안전운전 의무 불이행","단일로","기타단일로","승용차","보행자","1009575","2019346","127.6093172","38.17431009","N"
"2016","2016-08-05 17","주","금","1","0","0","0","0","충남","태안군","차대사람","횡단중","횡단중","보행자 보호의무 위반","교차로","교차로내","화물차","보행자","896598","1836498","126.3451004","36.52059702","N"
"2016","2016-08-05 20","야","금","1","3","2","1","0","전남","목포시","차대차","정면충돌","정면충돌","기타","교차로","교차로내","승용차","승용차","895574","1640646","126.359044","34.75494775","N"
"2016","2016-08-05 21","야","금","1","1","1","0","0","전남","해남군","차대차","정면충돌","정면충돌","안전운전 의무 불이행","단일로","기타단일로","승용차","화물차","917922","1618991","126.6052888","34.56173098","N"
"2016","2016-08-06 04","야","토","1","0","0","0","0","경기","김포시","차량단독","전도전복","전도전복","안전운전 의무 불이행","단일로","기타단일로","이륜차","없음","923988","1964085","126.6380533","37.67314306","N"
"2016","2016-08-06 10","주","토","1","0","0","0","0","경남","창원시(통합)","차대사람","기타","기타","안전운전 의무 불이행","단일로","기타단일로","승용차","보행자","1111644","1680444","128.7251282","35.11298151","N"
"2016","2016-08-06 12","주","토","1","1","1","0","0","전남","신안군","차량단독","도로이탈","도로이탈 추락","안전운전 의무 불이행","단일로","기타단일로","이륜차","없음","861898","1634636","125.9921842","34.69676669","N"
"2016","2016-08-06 13","주","토","1","8","1","7","0","경기","남양주시","차대차","기타","기타","안전운전 의무 불이행","단일로","기타단일로","승용차","화물차","984369","1959157","127.3228472","37.63174159","N"
"2016","2016-08-06 14","주","토","1","0","0","0","0","충북","괴산군","차대차","추돌","진행중 추돌","안전운전 의무 불이행","단일로","기타단일로","승용차","이륜차","1011833","1864154","127.6326018","36.77543234","N"
"2016","2016-08-06 14","주","토","1","2","1","0","1","충남","부여군","차대차","측면충돌","측면충돌","중앙선 침범","단일로","기타단일로","화물차","화물차","944350","1801988","126.8808731","36.21346604","N"
"2016","2016-08-07 01","야","일","1","0","0","0","0","대전","대덕구","차대사람","기타","기타","안전운전 의무 불이행","단일로","기타단일로","승용차","보행자","992842","1816372","127.4202307","36.34472021","N"
"2016","2016-08-07 03","야","일","1","0","0","0","0","강원","횡성군","차량단독","기타","기타","기타","단일로","기타단일로","화물차","없음","1063647","1950384","128.2205511","37.55060031","N"
"2016","2016-08-07 05","야","일","1","1","1","0","0","경기","안성시","차량단독","기타","기타","안전운전 의무 불이행","단일로","기타단일로","이륜차","없음","976245","1890585","127.2329712","37.01347047","N"
"2016","2016-08-07 06","주","일","1","0","0","0","0","인천","동구","차량단독","전도전복","전도전복","안전운전 의무 불이행","단일로","기타단일로","이륜차","없음","924133","1941911","126.6419933","37.47331104","N"
"2016","2016-08-07 10","주","일","1","0","0","0","0","충남","천안시","차대사람","횡단중","횡단중","보행자 보호의무 위반","단일로","횡단보도상","승용차","보행자","973425","1875155","127.2018147","36.87430284","N"
"2016","2016-08-07 14","주","일","1","0","0","0","0","경기","파주시","차량단독","공작물충돌","공작물충돌","안전운전 의무 불이행","단일로","기타단일로","화물차","없음","942629","1978028","126.8483198","37.80016277","N"
"2016","2016-08-07 17","주","일","1","3","0","3","0","울산","울주군","차대사람","기타","기타","안전운전 의무 불이행","단일로","기타단일로","화물차","보행자","1147440.3","1731003.6","129.1269278","35.56408563","N"
"2016","2016-08-08 00","야","월","1","0","0","0","0","전남","해남군","차량단독","전도전복","전도전복","안전운전 의무 불이행","단일로","기타단일로","승용차","없음","917749","1618759","126.6034256","34.55962521","N"
"2016","2016-08-08 00","야","월","2","1","1","0","0","전남","보성군","차량단독","공작물충돌","공작물충돌","과속","단일로","기타단일로","승용차","없음","984155","1648526","127.3267144","34.83122964","N"
"2016","2016-08-08 04","야","월","1","0","0","0","0","강원","원주시","차대차","추돌","진행중 추돌","안전운전 의무 불이행","교차로","교차로내","승용차","승용차","1039340","1926282","127.9440944","37.334716","N"
"2016","2016-08-08 08","주","월","1","0","0","0","0","서울","중랑구","차대사람","횡단중","횡단중","신호위반","교차로","교차로내","승합차","보행자","962775","1954178","127.078371","37.58624334","N"
"2016","2016-08-08 08","주","월","1","0","0","0","0","경남","창원시(통합)","차대차","측면충돌","측면충돌","신호위반","교차로","교차로내","자전거","승용차","1096830","1688576","128.5635469","35.18783073","N"
"2016","2016-08-08 12","주","월","1","1","1","0","0","경북","영덕군","차대차","정면충돌","정면충돌","중앙선 침범","단일로","기타단일로","이륜차","승용차","1168959","1825729","129.3844675","36.41423064","N"
"2016","2016-08-08 13","주","월","1","1","1","0","0","제주","서귀포시","차량단독","전도전복","전도전복","안전운전 의무 불이행","단일로","기타단일로","화물차","없음","901947","1475892","126.447166","33.26993647","N"
"2016","2016-08-08 14","주","월","1","0","0","0","0","서울","노원구","차대사람","횡단중","횡단중","안전운전 의무 불이행","교차로","교차로내","건설기계","보행자","963155","1963608","127.0821995","37.67125339","N"
"2016","2016-08-08 15","주","월","1","0","0","0","0","전북","순창군","차대사람","차도통행중","차도통행중","안전운전 의무 불이행","단일로","기타단일로","승용차","보행자","955819","1723306","127.0128253","35.50467493","N"
"2016","2016-08-08 15","주","월","1","0","0","0","0","전남","함평군","차대차","측면충돌","측면충돌","안전운전 의무 불이행","교차로","교차로내","화물차","자전거","913570","1677387","126.5518388","35.08789998","N"
"2016","2016-08-08 16","주","월","1","1","1","0","0","강원","영월군","차대사람","기타","기타","안전운전 의무 불이행","기타/불명","기타/불명","승용차","보행자","1086103.5","1909553.5","128.4700041","37.18078752","N"
"2016","2016-08-08 16","주","월","1","0","0","0","0","인천","서구","차대차","기타","기타","안전거리 미확보","단일로","기타단일로","건설기계","원동기장치자전거","926148","1945521","126.6644171","37.50601023","N"
"2016","2016-08-08 19","야","월","1","0","0","0","0","경북","고령군","차대사람","길가장자리구역통행중","길가장자리구역통행중","안전운전 의무 불이행","단일로","기타단일로","화물차","보행자","1065952","1743105","128.2288409","35.68197111","N"
"2016","2016-08-08 21","야","월","1","0","0","0","0","전남","목포시","차대사람","횡단중","횡단중","안전운전 의무 불이행","단일로","기타단일로","승용차","보행자","901960","1647019","126.4280629","34.81304158","N"
"2016","2016-08-09 02","야","화","1","0","0","0","0","부산","기장군","차량단독","전도전복","전도전복","안전운전 의무 불이행","단일로","기타단일로","이륜차","없음","1155525","1691577","129.2085918","35.20750376","N"
"2016","2016-08-09 04","야","화","1","1","1","0","0","경기","평택시","차대차","기타","기타","안전운전 의무 불이행","단일로","기타단일로","승용차","화물차","948819","1894612","126.9244135","37.04867553","N"
"2016","2016-08-09 04","야","화","1","0","0","0","0","경북","포항시","차대사람","횡단중","횡단중","안전운전 의무 불이행","단일로","횡단보도상","승용차","보행자","1166079","1782551","129.3432077","36.02566007","N"
"2016","2016-08-09 08","주","화","1","0","0","0","0","전남","나주시","차대차","측면충돌","측면충돌","교차로 통행방법 위반","교차로","교차로내","화물차","원동기장치자전거","928680","1661166","126.7189764","34.9428249","N"
"2016","2016-08-09 10","주","화","1","12","7","5","0","충북","충주시","차대차","추돌","진행중 추돌","과속","단일로","기타단일로","화물차","승용차","1022084","1893741.6","127.7483379","37.04196579","Y"
"2016","2016-08-09 12","주","화","1","1","0","1","0","충남","보령시","차대사람","기타","기타","중앙선 침범","단일로","기타단일로","승용차","보행자","915144","1828377","126.5531041","36.44922024","N"
"2016","2016-08-09 15","주","화","1","0","0","0","0","전북","김제시","차대차","측면충돌","측면충돌","기타","교차로","교차로부근","원동기장치자전거","건설기계","953624","1764700","126.9862345","35.877785","N"
"2016","2016-08-09 16","주","화","2","0","0","0","0","충남","천안시","차량단독","공작물충돌","공작물충돌","안전운전 의무 불이행","단일로","기타단일로","승용차","없음","967562","1852201","127.1370066","36.66719853","N"
"2016","2016-08-09 16","주","화","1","8","6","2","0","전남","순천시","차대차","기타","기타","신호위반","교차로","교차로내","승용차","화물차","992885","1677145","127.4219438","35.08939978","Y"
"2016","2016-08-09 16","주","화","1","0","0","0","0","경북","의성군","차대차","측면충돌","측면충돌","교차로 통행방법 위반","교차로","교차로내","승용차","이륜차","1085304","1817674","128.4507185","36.35270264","N"
"2016","2016-08-09 17","주","화","4","2","2","0","0","충북","음성군","차대차","측면충돌","측면충돌","중앙선 침범","교차로","교차로부근","승용차","승용차","1017621","1881174","127.6978575","36.92877087","N"
"2016","2016-08-09 18","야","화","1","0","0","0","0","경북","군위군","차대차","정면충돌","정면충돌","안전운전 의무 불이행","교차로","교차로내","승용차","이륜차","1104772","1800502","128.6653508","36.19599703","N"
"2016","2016-08-09 19","야","화","1","0","0","0","0","경기","여주시","차량단독","도로이탈","도로이탈 기타","안전운전 의무 불이행","단일로","기타단일로","승용차","없음","1007423","1926017","127.5837939","37.3331311","N"
"2016","2016-08-09 20","야","화","1","0","0","0","0","충남","예산군","차량단독","전도전복","전도전복","안전운전 의무 불이행","단일로","기타단일로","이륜차","없음","933685","1862727","126.7570187","36.76032236","N"
"2016","2016-08-10 04","야","수","1","3","1","2","0","충남","예산군","차대차","추돌","진행중 추돌","안전운전 의무 불이행","단일로","기타단일로","화물차","농기계","941269","1853105","126.8427224","36.67408735","N"
"2016","2016-08-10 06","주","수","1","0","0","0","0","부산","중구","차대차","측면충돌","측면충돌","신호위반","교차로","교차로내","자전거","승용차","1139011.3","1679733.1","129.0252393","35.10316683","N"
"2016","2016-08-10 08","주","수","1","0","0","0","0","경북","상주시","차대차","측면충돌","측면충돌","교차로 통행방법 위반","단일로","기타단일로","원동기장치자전거","화물차","1058574","1830548","128.1538043","36.4707572","N"
"2016","2016-08-10 11","주","수","1","0","0","0","0","전북","남원시","차대사람","횡단중","횡단중","안전운전 의무 불이행","교차로","교차로내","승용차","보행자","991584","1714912","127.407284","35.4299364","N"
"2016","2016-08-10 12","주","수","1","1","0","1","0","전북","군산시","차대차","추돌","진행중 추돌","안전운전 의무 불이행","단일로","기타단일로","이륜차","화물차","926565","1773080","126.685716","35.95167604","N"
"2016","2016-08-10 15","주","수","1","2","2","0","0","경북","상주시","차대차","정면충돌","정면충돌","중앙선 침범","단일로","기타단일로","승용차","화물차","1059217","1838650","128.1616023","36.54375376","N"
"2016","2016-08-10 17","주","수","1","0","0","0","0","강원","철원군","차량단독","공작물충돌","공작물충돌","안전운전 의무 불이행","단일로","기타단일로","화물차","없음","977482","2018236","127.2429494","38.16407563","N"
"2016","2016-08-10 19","야","수","1","0","0","0","0","울산","울주군","차대사람","차도통행중","차도통행중","안전운전 의무 불이행","단일로","기타단일로","승용차","보행자","1159903","1713663","129.2609779","35.40587062","N"
"2016","2016-08-11 00","야","목","1","0","0","0","0","경기","남양주시","차대사람","횡단중","횡단중","과속","교차로","교차로내","승용차","보행자","973872","1959315","127.2038758","37.6329271","N"
"2016","2016-08-11 04","야","목","1","1","1","0","0","강원","원주시","차대사람","횡단중","횡단중","보행자 보호의무 위반","단일로","기타단일로","화물차","보행자","1040942","1935530","127.96269","37.41800416","N"
"2016","2016-08-11 06","주","목","1","0","0","0","0","서울","강북구","차대사람","횡단중","횡단중","보행자 보호의무 위반","교차로","교차로내","승용차","보행자","958890","1957165","127.034201","37.61300043","N"
"2016","2016-08-11 06","주","목","1","0","0","0","0","전남","목포시","차대차","기타","기타","과속","교차로","교차로부근","승합차","화물차","895569","1641786","126.3588479","34.76522548","N"
"2016","2016-08-11 07","주","목","2","0","0","0","0","경남","양산시","차대사람","횡단중","횡단중","보행자 보호의무 위반","교차로","교차로부근","승용차","보행자","1139157","1709234","129.0318298","35.36906393","N"
"2016","2016-08-11 09","주","목","1","0","0","0","0","강원","속초시","차대차","추돌","진행중 추돌","안전운전 의무 불이행","단일로","기타단일로","원동기장치자전거","승합차","1096774","2019767","128.6048267","38.17295776","N"
"2016","2016-08-11 11","주","목","1","0","0","0","0","경기","안양시","차대사람","횡단중","횡단중","안전운전 의무 불이행","교차로","교차로내","승용차","보행자","950062","1933370","126.9357953","37.39809369","N"
"2016","2016-08-11 12","주","목","1","1","0","1","0","부산","부산진구","차대차","기타","기타","신호위반","교차로","교차로내","이륜차","승용차","1141993","1685841","129.0589932","35.1578069","N"
"2016","2016-08-11 17","주","목","1","0","0","0","0","경북","칠곡군","차량단독","전도전복","전도전복","안전운전 의무 불이행","단일로","기타단일로","승용차","없음","1078273","1782981","128.3689033","36.04055675","N"
"2016","2016-08-11 20","야","목","1","0","0","0","0","강원","춘천시","차대사람","길가장자리구역통행중","길가장자리구역통행중","안전운전 의무 불이행","단일로","기타단일로","승용차","보행자","1005305","1980884","127.5602825","37.82769144","N"
"2016","2016-08-11 22","야","목","1","0","0","0","0","경북","경주시","차대차","측면충돌","측면충돌","안전운전 의무 불이행","단일로","기타단일로","승용차","승용차","1159950","1778107","129.2743178","35.98663862","N"
"2016","2016-08-12 00","야","금","1","0","0","0","0","인천","계양구","차대사람","횡단중","횡단중","안전운전 의무 불이행","단일로","기타단일로","승합차","보행자","932366","1948849","126.7344569","37.53648161","N"
"2016","2016-08-12 07","주","금","1","0","0","0","0","전북","익산시","차대사람","차도통행중","차도통행중","안전운전 의무 불이행","교차로","교차로내","승용차","보행자","951509","1783970","126.9616268","36.0514131","N"
"2016","2016-08-12 10","주","금","1","0","0","0","0","경기","화성시","차대차","추돌","진행중 추돌","안전거리 미확보","단일로","기타단일로","이륜차","화물차","950214","1910565","126.939041","37.19254798","N"
"2016","2016-08-12 10","주","금","1","0","0","0","0","강원","영월군","차대사람","횡단중","횡단중","안전운전 의무 불이행","단일로","기타단일로","승합차","보행자","1085892","1909858","128.4676567","37.18355142","N"
"2016","2016-08-12 12","주","금","1","2","0","2","0","충남","보령시","차대차","정면충돌","정면충돌","안전운전 의무 불이행","단일로","기타단일로","화물차","건설기계","910695","1829194","126.5033707","36.45618048","N"
"2016","2016-08-12 17","주","금","1","0","0","0","0","경남","함안군","차량단독","도로이탈","도로이탈 추락","안전운전 의무 불이행","교차로","교차로부근","이륜차","없음","1088930","1709624","128.4790696","35.3783241","N"
"2016","2016-08-12 19","야","금","1","1","1","0","0","경남","밀양시","차대차","추돌","진행중 추돌","안전운전 의무 불이행","단일로","기타단일로","승용차","농기계","1107791","1726463","128.6889135","35.5282639","N"
"2016","2016-08-12 20","야","금","1","0","0","0","0","충북","청주시","차대사람","기타","기타","안전운전 의무 불이행","단일로","기타단일로","승용차","보행자","994216","1840338","127.4353636","36.56078905","N"
"2016","2016-08-12 20","야","금","1","1","1","0","0","충남","예산군","차대차","기타","기타","기타","단일로","기타단일로","승용차","승용차","932088","1855034","126.7398114","36.6908642","N"
"2016","2016-08-12 21","야","금","1","0","0","0","0","경기","이천시","차대사람","횡단중","횡단중","보행자 보호의무 위반","단일로","기타단일로","승용차","보행자","995539","1919737","127.4496801","37.27654238","N"
"2016","2016-08-12 22","야","금","1","0","0","0","0","충남","공주시","차대사람","차도통행중","차도통행중","안전운전 의무 불이행","단일로","기타단일로","승용차","보행자","974167","1826260","127.2117877","36.43354281","N"
"2016","2016-08-13 01","야","토","1","1","1","0","0","경기","수원시","차량단독","전도전복","전도전복","안전운전 의무 불이행","단일로","기타단일로","원동기장치자전거","없음","960150","1918559","127.050563","37.26508149","N"
"2016","2016-08-13 04","야","토","1","0","0","0","0","제주","서귀포시","차대사람","횡단중","횡단중","안전운전 의무 불이행","교차로","교차로부근","화물차","보행자","919961","1475256.4","126.6406246","33.26569147","N"
"2016","2016-08-13 05","야","토","1","0","0","0","0","부산","강서구","차대사람","차도통행중","차도통행중","안전운전 의무 불이행","교차로","교차로부근","승용차","보행자","1135486","1692049.4","128.9885928","35.21466829","N"
"2016","2016-08-13 05","야","토","1","0","0","0","0","강원","영월군","차대차","추돌","진행중 추돌","안전운전 의무 불이행","단일로","기타단일로","승용차","농기계","1087441","1910026","128.485125","37.18492177","N"
"2016","2016-08-13 05","야","토","1","0","0","0","0","인천","서구","차대사람","횡단중","횡단중","안전운전 의무 불이행","단일로","기타단일로","승용차","보행자","925566.5","1956144.5","126.6567603","37.60170894","N"
"2016","2016-08-13 06","주","토","1","0","0","0","0","서울","용산구","차량단독","전도전복","전도전복","안전운전 의무 불이행","교차로","교차로부근","승용차","없음","953327","1949374.8","126.9716678","37.54252047","N"
"2016","2016-08-13 10","주","토","1","0","0","0","0","경남","김해시","차대차","측면충돌","측면충돌","안전운전 의무 불이행","교차로","교차로내","건설기계","이륜차","1118570","1704315","128.8045534","35.32738136","N"
"2016","2016-08-13 11","주","토","1","0","0","0","0","충남","홍성군","차대차","측면충돌","측면충돌","교차로 통행방법 위반","교차로","교차로내","승용차","이륜차","925051","1842057","126.6623156","36.57336031","N"
"2016","2016-08-13 14","주","토","1","5","3","2","0","충북","단양군","차대차","측면충돌","측면충돌","기타","교차로","교차로내","화물차","승용차","1074496","1888393","128.3371525","36.99105926","N"
"2016","2016-08-13 17","주","토","1","0","0","0","0","경남","사천시","차대사람","횡단중","횡단중","안전운전 의무 불이행","교차로","교차로부근","승용차","보행자","1053264","1660566","128.0832651","34.93852497","N"
"2016","2016-08-13 19","야","토","1","3","0","3","0","경북","구미시","차대차","정면충돌","정면충돌","안전운전 의무 불이행","단일로","기타단일로","화물차","농기계","1073929","1808845","128.323119","36.27405468","N"
"2016","2016-08-13 22","야","토","1","0","0","0","0","경기","수원시","차대사람","횡단중","횡단중","과속","교차로","교차로부근","승용차","보행자","954073","1917050","126.9821208","37.25119986","N"
"2016","2016-08-13 23","야","토","1","3","2","1","0","경기","여주시","차대차","추돌","진행중 추돌","안전운전 의무 불이행","단일로","터널안","승용차","승용차","1021039","1916160","127.737217","37.24407228","Y"
"2016","2016-08-14 03","야","일","1","1","0","1","0","광주","광산구","차대차","정면충돌","정면충돌","기타","단일로","기타단일로","승용차","승용차","934291","1679419","126.7789741","35.10778601","N"
"2016","2016-08-14 10","주","일","1","1","1","0","0","전북","전주시","차대차","기타","기타","안전운전 의무 불이행","단일로","기타단일로","승용차","승용차","960382","1764226","127.0611228","35.87380835","N"
"2016","2016-08-14 14","주","일","1","26","8","18","0","전남","여수시","차대차","정면충돌","정면충돌","안전운전 의무 불이행","단일로","터널안","화물차","승용차","1022770","1640975","127.7488142","34.76300586","N"
"2016","2016-08-14 16","주","일","1","0","0","0","0","전남","장흥군","차량단독","공작물충돌","공작물충돌","안전운전 의무 불이행","교차로","교차로부근","화물차","없음","943805","1634790","126.8863669","34.70593966","N"
"2016","2016-08-14 19","야","일","2","2","2","0","0","경남","밀양시","차대차","정면충돌","정면충돌","중앙선 침범","단일로","기타단일로","승용차","승용차","1115542","1727553","128.7745427","35.53721667","N"
"2016","2016-08-14 20","야","일","1","0","0","0","0","경북","의성군","차대사람","길가장자리구역통행중","길가장자리구역통행중","안전운전 의무 불이행","단일로","기타단일로","화물차","보행자","1110753","1815154","128.7339382","36.32739609","N"
"2016","2016-08-14 22","야","일","1","0","0","0","0","전북","임실군","차대사람","차도통행중","차도통행중","안전운전 의무 불이행","단일로","기타단일로","승용차","보행자","974483","1741418","127.2180544","35.66863647","N"
"2016","2016-08-15 02","야","월","1","0","0","0","0","제주","제주시","차대차","기타","기타","안전거리 미확보","교차로","교차로부근","이륜차","이륜차","904447","1500697","126.4713748","33.49386153","N"
"2016","2016-08-15 05","야","월","1","0","0","0","0","충남","당진시","차량단독","전도전복","전도전복","안전운전 의무 불이행","단일로","기타단일로","승용차","없음","925683","1878579","126.6658239","36.90261444","N"
"2016","2016-08-15 08","주","월","1","0","0","0","0","전북","정읍시","차량단독","도로이탈","도로이탈 기타","안전운전 의무 불이행","단일로","기타단일로","농기계","없음","930582.3","1731766.8","126.7338384","35.57951148","N"
"2016","2016-08-15 10","주","월","1","0","0","0","0","경북","문경시","차량단독","도로이탈","도로이탈 추락","안전운전 의무 불이행","단일로","기타단일로","농기계","없음","1063716","1858831","128.2135395","36.72538161","N"
"2016","2016-08-15 19","야","월","2","0","0","0","0","충북","제천시","차량단독","공작물충돌","공작물충돌","안전운전 의무 불이행","단일로","기타단일로","이륜차","없음","1062104","1881822","128.1973667","36.93272984","N"
"2016","2016-08-15 19","야","월","1","0","0","0","0","경북","경산시","차대사람","기타","기타","안전운전 의무 불이행","단일로","기타단일로","승용차","보행자","1114873","1763621","128.7723199","35.8624177","N"
"2016","2016-08-15 19","야","월","1","1","0","1","0","제주","제주시","차대차","측면충돌","측면충돌","기타","교차로","교차로내","승용차","승용차","903058","1500612","126.4564336","33.49296997","N"
"2016","2016-08-15 19","야","월","1","0","0","0","0","경기","가평군","차량단독","공작물충돌","공작물충돌","안전운전 의무 불이행","단일로","기타단일로","승용차","없음","987627","1978431","127.3594436","37.80551368","N"
"2016","2016-08-15 22","야","월","1","0","0","0","0","경기","파주시","차대사람","차도통행중","차도통행중","안전운전 의무 불이행","교차로","교차로내","승합차","보행자","944634","1983518","126.8706734","37.84976586","N"
"2016","2016-08-16 01","야","화","1","0","0","0","0","경기","용인시","차대차","기타","기타","안전운전 의무 불이행","단일로","기타단일로","승용차","승용차","965100","1914627","127.1065732","37.22983784","N"
"2016","2016-08-16 04","야","화","1","0","0","0","0","경남","창원시(통합)","차대차","정면충돌","정면충돌","안전운전 의무 불이행","단일로","기타단일로","승용차","승합차","1101525","1697440","128.6162006","35.26727933","N"
"2016","2016-08-16 05","야","화","1","0","0","0","0","전남","목포시","차대차","측면충돌","측면충돌","안전운전 의무 불이행","교차로","교차로내","이륜차","승용차","896443","1645388","126.3679531","34.79779025","N"
"2016","2016-08-16 05","야","화","1","1","0","1","0","경남","창녕군","차대차","기타","기타","안전운전 의무 불이행","단일로","기타단일로","화물차","화물차","1086571","1735095","128.4558176","35.60816428","N"
"2016","2016-08-16 07","주","화","1","0","0","0","0","인천","서구","차대사람","횡단중","횡단중","신호위반","단일로","기타단일로","승용차","보행자","927346","1951494","126.6773792","37.5599381","N"
"2016","2016-08-16 08","주","화","1","0","0","0","0","강원","홍천군","차량단독","공작물충돌","공작물충돌","안전운전 의무 불이행","단일로","기타단일로","화물차","없음","1058892","1980318","128.1691424","37.82070474","N"
"2016","2016-08-16 08","주","화","1","0","0","0","0","제주","서귀포시","차량단독","전도전복","전도전복","안전운전 의무 불이행","단일로","기타단일로","승용차","없음","941248","1486510","126.8684364","33.36856147","N"
"2016","2016-08-16 09","주","화","1","0","0","0","0","인천","강화군","차대차","측면충돌","측면충돌","과속","교차로","교차로내","화물차","이륜차","912748","1961972","126.5108651","37.65310029","N"
"2016","2016-08-16 10","주","화","1","0","0","0","0","경기","안양시","차대사람","횡단중","횡단중","신호위반","교차로","교차로내","특수차","보행자","950374","1932977","126.9393466","37.39456819","N"
"2016","2016-08-16 10","주","화","1","0","0","0","0","강원","삼척시","차대사람","길가장자리구역통행중","길가장자리구역통행중","안전운전 의무 불이행","단일로","기타단일로","화물차","보행자","1122275","1922490","128.8795277","37.29332819","N"
"2016","2016-08-16 10","주","화","1","0","0","0","0","경남","함안군","차량단독","전도전복","전도전복","안전운전 의무 불이행","교차로","교차로부근","이륜차","없음","1073582","1701889","128.3094174","35.30983615","N"
"2016","2016-08-16 12","주","화","2","0","0","0","0","경북","성주군","차대차","추돌","진행중 추돌","안전운전 의무 불이행","교차로","교차로부근","승합차","농기계","1069457","1775207","128.2703638","35.97114248","N"
"2016","2016-08-16 12","주","화","1","1","1","0","0","경남","통영시","차대차","정면충돌","정면충돌","중앙선 침범","단일로","기타단일로","승용차","승용차","1081665","1663502","128.3945288","34.96310611","N"
"2016","2016-08-16 15","주","화","1","0","0","0","0","부산","서구","차대사람","횡단중","횡단중","안전운전 의무 불이행","단일로","횡단보도상","화물차","보행자","1138707","1677139","129.021467","35.07982527","N"
"2016","2016-08-16 15","주","화","1","1","1","0","0","경남","의령군","차량단독","공작물충돌","공작물충돌","안전운전 의무 불이행","단일로","기타단일로","화물차","없음","1062849","1709897","128.1919759","35.382771","N"
"2016","2016-08-16 20","야","화","1","9","2","7","0","경기","광주시","차대차","추돌","진행중 추돌","안전운전 의무 불이행","단일로","기타단일로","승용차","승용차","983650","1931769","127.3153078","37.3848644","Y"
"2016","2016-08-16 20","야","화","1","0","0","0","0","경북","군위군","차대사람","길가장자리구역통행중","길가장자리구역통행중","안전운전 의무 불이행","단일로","기타단일로","승용차","보행자","1104057","1785239","128.6553813","36.05849486","N"
"2016","2016-08-16 22","야","화","1","2","1","0","1","경기","남양주시","차대차","측면충돌","측면충돌","신호위반","교차로","교차로내","승용차","이륜차","976816","1950701","127.2375144","37.55536446","N"
"2016","2016-08-17 08","주","수","1","1","1","0","0","서울","금천구","차대차","측면충돌","측면충돌","안전운전 의무 불이행","교차로","교차로내","화물차","이륜차","947183","1940767","126.9027402","37.46460526","N"
"2016","2016-08-17 13","주","수","1","0","0","0","0","경남","양산시","차대사람","횡단중","횡단중","신호위반","교차로","교차로내","화물차","보행자","1139955","1708212","129.0404363","35.35974035","N"
"2016","2016-08-17 16","주","수","1","2","1","1","0","대구","달서구","차대차","기타","기타","과속","교차로","교차로내","승용차","승용차","1092019.2","1756860.3","128.518455","35.80388549","N"
"2016","2016-08-17 21","야","수","1","0","0","0","0","경남","고성군","차대사람","횡단중","횡단중","안전운전 의무 불이행","교차로","교차로부근","화물차","보행자","1064939","1666901","128.2115975","34.99496534","N"
"2016","2016-08-17 23","야","수","1","0","0","0","0","서울","강서구","차대사람","횡단중","횡단중","안전운전 의무 불이행","교차로","교차로부근","승용차","보행자","942520","1951190","126.8491983","37.55827019","N"
"2016","2016-08-18 01","야","목","1","0","0","0","0","서울","관악구","차대사람","횡단중","횡단중","신호위반","교차로","교차로내","승용차","보행자","951694.3","1942652.3","126.9536285","37.48184485","N"
"2016","2016-08-18 05","야","목","1","0","0","0","0","경기","안산시","차대사람","횡단중","횡단중","안전운전 의무 불이행","단일로","기타단일로","화물차","보행자","943480","1923935","126.8621552","37.31267474","N"
"2016","2016-08-18 05","야","목","1","4","0","3","1","대구","수성구","차대차","측면충돌","측면충돌","안전운전 의무 불이행","단일로","기타단일로","승용차","승용차","1102259.1","1759349","128.6320883","35.82530636","N"
"2016","2016-08-18 06","주","목","1","0","0","0","0","충남","홍성군","차량단독","전도전복","전도전복","안전운전 의무 불이행","단일로","기타단일로","농기계","없음","925164","1833110","126.6644465","36.49271934","N"
"2016","2016-08-18 14","주","목","1","0","0","0","0","전북","완주군","차량단독","전도전복","전도전복","안전운전 의무 불이행","단일로","기타단일로","승용차","없음","980548","1759530","127.2846285","35.83207716","N"
"2016","2016-08-18 19","야","목","1","0","0","0","0","경북","경주시","차대사람","길가장자리구역통행중","길가장자리구역통행중","안전운전 의무 불이행","단일로","기타단일로","승용차","보행자","1157616","1771234","129.2470729","35.92508056","N"