"발생년","발생년월일시","주야","요일","사망자수","부상자수","중상자수","경상자수","부상신고자수","발생지시도","발생지시군구","사고유형_대분류","사고유형_중분류","사고유형","가해자법규위반","도로형태_대분류","도로형태","가해자_당사자종별","피해자_당사자종별","발생위치(X_UTMK)","발생위치(Y_UTMK)","경도","위도"," 어린이사고 여부"
"2016","2016-08-18 20","야","목","1","1","1","0","0","전남","해남군","차대차","추돌","진행중 추돌","안전운전 의무 불이행","단일로","기타단일로","승용차","농기계","922542","1613691","126.6561277","34.5142988","N"
"2016","2016-08-18 23","야","목","1","1","0","1","0","충북","충주시","차대차","추돌","진행중 추돌","안전운전 의무 불이행","단일로","기타단일로","화물차","화물차","1030800","1887047","127.8460755","36.98137339","N"
"2016","2016-08-19 00","야","금","1","0","0","0","0","대전","서구","차대사람","기타","기타","안전운전 의무 불이행","단일로","기타단일로","승용차","보행자","990791","1817235","127.397364","36.35248307","N"
"2016","2016-08-19 02","야","금","1","3","3","0","0","인천","옹진군","차량단독","전도전복","전도전복","안전운전 의무 불이행","단일로","기타단일로","승용차","없음","754452","1985513","124.7097058","37.83635719","N"
"2016","2016-08-19 04","야","금","1","0","0","0","0","경남","양산시","차대사람","횡단중","횡단중","안전운전 의무 불이행","단일로","기타단일로","화물차","보행자","1139999","1709241","129.0410967","35.36900919","N"
"2016","2016-08-19 05","야","금","1","0","0","0","0","대전","중구","차대사람","횡단중","횡단중","보행자 보호의무 위반","교차로","교차로부근","승용차","보행자","992022","1815433","127.4111022","36.33624829","N"
"2016","2016-08-19 07","주","금","1","0","0","0","0","충남","서산시","차대차","정면충돌","정면충돌","중앙선 침범","단일로","교량위","승용차","건설기계","904509","1863073","126.4301366","36.76095098","N"
"2016","2016-08-19 07","주","금","1","0","0","0","0","경북","영천시","차대사람","횡단중","횡단중","안전운전 의무 불이행","단일로","기타단일로","승용차","보행자","1135530","1778352","129.0035612","35.99254703","N"
"2016","2016-08-19 08","주","금","1","0","0","0","0","경기","수원시","차대차","측면충돌","측면충돌","안전거리 미확보","단일로","기타단일로","승합차","이륜차","955844","1918524","127.0020026","37.2645717","N"
"2016","2016-08-19 15","주","금","1","0","0","0","0","충남","홍성군","차량단독","전도전복","전도전복","안전운전 의무 불이행","단일로","기타단일로","승용차","없음","921814","1837194","126.6266337","36.52926523","N"
"2016","2016-08-19 16","주","금","1","0","0","0","0","전남","구례군","차량단독","전도전복","전도전복","안전운전 의무 불이행","단일로","기타단일로","원동기장치자전거","없음","996374","1691974","127.4601553","35.22313453","N"
"2016","2016-08-19 17","주","금","1","0","0","0","0","대전","동구","차대차","추돌","진행중 추돌","기타","단일로","기타단일로","승용차","원동기장치자전거","995937","1813293","127.4547377","36.31697971","N"
"2016","2016-08-19 21","야","금","1","0","0","0","0","경기","안양시","차대사람","차도통행중","차도통행중","안전운전 의무 불이행","단일로","기타단일로","승용차","보행자","947532","1936259","126.9070073","37.42399333","N"
"2016","2016-08-20 02","야","토","1","0","0","0","0","서울","영등포구","차량단독","전도전복","전도전복","안전운전 의무 불이행","단일로","기타단일로","이륜차","없음","946497","1947402","126.8945006","37.52436819","N"
"2016","2016-08-20 06","주","토","1","0","0","0","0","경북","영주시","차대사람","횡단중","횡단중","보행자 보호의무 위반","교차로","교차로내","화물차","보행자","1100102","1870084","128.622437","36.82366551","N"
"2016","2016-08-20 11","주","토","1","0","0","0","0","경기","용인시","차대사람","횡단중","횡단중","안전운전 의무 불이행","교차로","교차로내","승용차","보행자","963460","1924699","127.087591","37.32056174","N"
"2016","2016-08-20 15","주","토","3","1","0","1","0","경남","고성군","차대차","추돌","진행중 추돌","기타","교차로","교차로부근","승용차","화물차","1072422","1665234","128.293444","34.97942638","N"
"2016","2016-08-20 18","야","토","1","0","0","0","0","충남","청양군","차량단독","전도전복","전도전복","안전운전 의무 불이행","단일로","기타단일로","이륜차","없음","943314","1839577","126.8666056","36.55226379","N"
"2016","2016-08-20 20","야","토","1","0","0","0","0","경남","남해군","차량단독","전도전복","전도전복","안전운전 의무 불이행","단일로","기타단일로","승용차","없음","1036254","1648696","127.8964883","34.83223996","N"
"2016","2016-08-20 21","야","토","1","0","0","0","0","전북","정읍시","차량단독","전도전복","전도전복","안전운전 의무 불이행","단일로","기타단일로","화물차","없음","947613","1738093","126.9213854","35.63759712","N"
"2016","2016-08-21 00","야","일","2","1","1","0","0","대구","달성군","차대차","추돌","진행중 추돌","과속","단일로","기타단일로","이륜차","원동기장치자전거","1083864.6","1748754.9","128.4273636","35.7315451","N"
"2016","2016-08-21 01","야","일","1","0","0","0","0","경기","안성시","차량단독","공작물충돌","공작물충돌","안전운전 의무 불이행","교차로","교차로부근","승용차","없음","978988","1890068","127.2638193","37.00887543","N"
"2016","2016-08-21 01","야","일","1","1","1","0","0","충남","예산군","차량단독","전도전복","전도전복","안전운전 의무 불이행","단일로","기타단일로","승용차","없음","925276","1854674","126.6636019","36.68710796","N"
"2016","2016-08-21 06","주","일","1","0","0","0","0","경기","이천시","차량단독","공작물충돌","공작물충돌","안전운전 의무 불이행","교차로","교차로내","승용차","없음","996437","1920395","127.4598063","37.28247747","N"
"2016","2016-08-21 14","주","일","1","0","0","0","0","충남","예산군","차량단독","전도전복","전도전복","기타","단일로","기타단일로","승용차","없음","921101","1847938","126.6175686","36.62605307","N"
"2016","2016-08-21 17","주","일","1","0","0","0","0","서울","강서구","차대사람","횡단중","횡단중","보행자 보호의무 위반","교차로","교차로부근","건설기계","보행자","938529","1952826","126.803877","37.57275758","N"
"2016","2016-08-21 18","야","일","1","0","0","0","0","전남","구례군","차량단독","공작물충돌","공작물충돌","안전운전 의무 불이행","단일로","기타단일로","농기계","없음","994222","1693674","127.4364958","35.2384535","N"
"2016","2016-08-21 18","야","일","1","0","0","0","0","경기","연천군","차량단독","전도전복","전도전복","안전운전 의무 불이행","단일로","기타단일로","화물차","없음","959439","2014671","127.0371903","38.1313151","N"
"2016","2016-08-21 19","야","일","1","0","0","0","0","대전","동구","차대사람","횡단중","횡단중","보행자 보호의무 위반","단일로","횡단보도상","승용차","보행자","994893","1802908","127.4431752","36.22334844","N"
"2016","2016-08-21 20","야","일","1","0","0","0","0","경기","광주시","차대사람","차도통행중","차도통행중","안전운전 의무 불이행","교차로","교차로내","승용차","보행자","978409","1933894","127.256043","37.40391134","N"
"2016","2016-08-21 20","야","일","1","0","0","0","0","제주","서귀포시","차대사람","횡단중","횡단중","안전운전 의무 불이행","단일로","기타단일로","승용차","보행자","942044.5","1488020.3","126.8769009","33.38222657","N"
"2016","2016-08-21 21","야","일","1","0","0","0","0","경기","이천시","차량단독","전도전복","전도전복","안전운전 의무 불이행","단일로","기타단일로","이륜차","없음","1000850","1922153","127.5095907","37.29833049","N"
"2016","2016-08-21 23","야","일","1","0","0","0","0","부산","금정구","차대사람","기타","기타","안전운전 의무 불이행","기타/불명","기타/불명","승용차","보행자","1146525","1692196","129.1098641","35.21443789","N"
"2016","2016-08-22 04","야","월","1","0","0","0","0","부산","금정구","차대사람","횡단중","횡단중","안전운전 의무 불이행","단일로","횡단보도상","화물차","보행자","1144775","1696643","129.0914264","35.2547755","N"
"2016","2016-08-22 05","야","월","1","0","0","0","0","경북","예천군","차대차","측면충돌","측면충돌","안전운전 의무 불이행","교차로","교차로내","화물차","농기계","1094247","1856435","128.555109","36.70124516","N"
"2016","2016-08-22 09","주","월","1","0","0","0","0","충남","홍성군","차대차","정면충돌","정면충돌","중앙선 침범","단일로","기타단일로","승용차","화물차","912739","1843322","126.5245811","36.58371643","N"
"2016","2016-08-22 10","주","월","1","0","0","0","0","세종","세종시","차대차","기타","기타","중앙선 침범","교차로","교차로부근","원동기장치자전거","건설기계","975044","1851162","127.2207658","36.65805787","N"
"2016","2016-08-22 11","주","월","1","0","0","0","0","충남","논산시","차대사람","횡단중","횡단중","안전운전 의무 불이행","단일로","터널안","승용차","보행자","961202","1798044","127.0685471","36.17873241","N"
"2016","2016-08-22 11","주","월","1","0","0","0","0","전남","보성군","차대차","측면충돌","측면충돌","안전운전 의무 불이행","교차로","교차로내","화물차","이륜차","986353","1650186","127.3507253","34.84623081","N"
"2016","2016-08-22 12","주","월","1","0","0","0","0","경기","파주시","차대사람","횡단중","횡단중","보행자 보호의무 위반","교차로","교차로내","화물차","보행자","936281","1973518","126.7766138","37.7590954","N"
"2016","2016-08-22 13","주","월","1","0","0","0","0","대전","서구","차대차","측면충돌","측면충돌","안전거리 미확보","단일로","기타단일로","승용차","승용차","987734","1818252","127.3632772","36.36161759","N"
"2016","2016-08-22 14","주","월","1","0","0","0","0","경북","군위군","차대사람","횡단중","횡단중","안전운전 의무 불이행","교차로","교차로내","화물차","보행자","1108988","1797910","128.711875","36.17216796","N"
"2016","2016-08-22 16","주","월","1","0","0","0","0","경기","성남시","차량단독","공작물충돌","공작물충돌","안전운전 의무 불이행","단일로","기타단일로","승용차","없음","964745","1934345","127.1016344","37.40755713","N"
"2016","2016-08-22 16","주","월","1","0","0","0","0","강원","영월군","차대사람","횡단중","횡단중","안전운전 의무 불이행","단일로","기타단일로","승합차","보행자","1090081","1916250","128.5156152","37.24076572","N"
"2016","2016-08-22 16","주","월","1","0","0","0","0","전북","군산시","차대차","정면충돌","정면충돌","중앙선 침범","단일로","기타단일로","이륜차","특수차","942551","1775545","126.8627871","35.9749708","N"
"2016","2016-08-22 16","주","월","2","1","1","0","0","경남","산청군","차대차","정면충돌","정면충돌","중앙선 침범","단일로","기타단일로","승용차","특수차","1046565","1704853","128.012407","35.33818535","N"
"2016","2016-08-22 17","주","월","1","1","0","1","0","서울","중구","차대차","추돌","진행중 추돌","안전운전 의무 불이행","단일로","기타단일로","이륜차","이륜차","957152","1952363","127.0147902","37.56963966","N"
"2016","2016-08-22 17","주","월","1","0","0","0","0","강원","평창군","차대사람","기타","기타","안전운전 의무 불이행","단일로","기타단일로","화물차","보행자","1080065","1930632","128.4042547","37.37130299","N"
"2016","2016-08-22 17","주","월","1","0","0","0","0","충남","천안시","차대사람","횡단중","횡단중","안전운전 의무 불이행","단일로","횡단보도부근","승용차","보행자","970143","1865074","127.1653855","36.7833292","N"
"2016","2016-08-22 18","야","월","1","1","0","1","0","경기","양주시","차대차","측면충돌","측면충돌","안전운전 의무 불이행","교차로","교차로내","원동기장치자전거","화물차","952739","1989429","126.9624091","37.90349617","N"
"2016","2016-08-22 20","야","월","1","0","0","0","0","충남","당진시","차대사람","기타","기타","안전운전 의무 불이행","단일로","기타단일로","승용차","보행자","933435","1874969","126.7531466","36.87065353","N"
"2016","2016-08-22 20","야","월","1","0","0","0","0","제주","제주시","차대사람","횡단중","횡단중","안전운전 의무 불이행","교차로","교차로부근","승합차","보행자","909577","1502466.9","126.5264133","33.51026918","N"
"2016","2016-08-22 22","야","월","1","0","0","0","0","전남","해남군","차량단독","공작물충돌","공작물충돌","안전운전 의무 불이행","단일로","기타단일로","화물차","없음","897319","1630878","126.3792952","34.66705524","N"
"2016","2016-08-23 01","야","화","1","2","1","1","0","대전","유성구","차대차","정면충돌","정면충돌","신호위반","교차로","교차로내","승용차","승용차","990446","1819658","127.3934892","36.37432397","N"
"2016","2016-08-23 03","야","화","1","1","1","0","0","부산","동래구","차대차","측면충돌","측면충돌","신호위반","교차로","교차로내","승용차","원동기장치자전거","1142864.9","1691433.2","129.069532","35.2080902","N"
"2016","2016-08-23 05","야","화","1","0","0","0","0","경기","수원시","차대사람","횡단중","횡단중","안전운전 의무 불이행","기타/불명","기타/불명","승용차","보행자","955990","1921392","127.0034794","37.29042982","N"
"2016","2016-08-23 05","야","화","1","0","0","0","0","경기","광주시","차대차","측면충돌","측면충돌","신호위반","단일로","횡단보도상","화물차","자전거","979607","1935197","127.2695431","37.41568338","N"
"2016","2016-08-23 09","주","화","1","0","0","0","0","강원","강릉시","차량단독","전도전복","전도전복","안전운전 의무 불이행","단일로","기타단일로","화물차","없음","1112309","1956675","128.7723232","37.60264424","N"
"2016","2016-08-23 10","주","화","1","0","0","0","0","경기","남양주시","차대차","측면충돌","측면충돌","안전운전 의무 불이행","교차로","교차로내","승용차","이륜차","985641","1961870","127.3372099","37.65621573","N"
"2016","2016-08-23 13","주","화","1","0","0","0","0","전북","부안군","차대사람","횡단중","횡단중","안전운전 의무 불이행","교차로","교차로내","특수차","보행자","930927","1748748","126.7361862","35.73263231","N"
"2016","2016-08-23 18","야","화","1","0","0","0","0","충남","공주시","차량단독","기타","기타","안전운전 의무 불이행","단일로","기타단일로","이륜차","없음","971935","1823243","127.1869953","36.40628131","N"
"2016","2016-08-23 20","야","화","1","0","0","0","0","충남","천안시","차대차","추돌","진행중 추돌","안전운전 의무 불이행","단일로","기타단일로","승용차","화물차","976204","1880647","127.2328236","36.92388453","N"
"2016","2016-08-23 21","야","화","1","1","0","1","0","서울","성동구","차대차","정면충돌","정면충돌","신호위반","교차로","교차로내","원동기장치자전거","화물차","958058","1950443","127.0251593","37.55237592","N"
"2016","2016-08-24 03","야","수","1","0","0","0","0","강원","춘천시","차대사람","길가장자리구역통행중","길가장자리구역통행중","안전운전 의무 불이행","단일로","기타단일로","승용차","보행자","1022193","1985329","127.7523218","37.86749988","N"
"2016","2016-08-24 05","야","수","1","0","0","0","0","제주","서귀포시","차대사람","횡단중","횡단중","안전운전 의무 불이행","교차로","교차로내","승용차","보행자","896127.6","1475326.2","126.3847556","33.26428913","N"
"2016","2016-08-24 07","주","수","1","0","0","0","0","전북","군산시","차량단독","전도전복","전도전복","안전운전 의무 불이행","교차로","교차로부근","승용차","없음","931118","1775085","126.7360237","35.9700834","N"
"2016","2016-08-24 09","주","수","1","0","0","0","0","전북","남원시","차량단독","전도전복","전도전복","안전운전 의무 불이행","기타/불명","기타/불명","원동기장치자전거","없음","980299","1710729","127.2830629","35.39205983","N"
"2016","2016-08-24 14","주","수","1","0","0","0","0","서울","영등포구","차대차","측면충돌","측면충돌","안전운전 의무 불이행","단일로","기타단일로","승합차","이륜차","947075","1945467","126.9011809","37.5069611","N"
"2016","2016-08-24 17","주","수","1","0","0","0","0","전남","고흥군","차대사람","횡단중","횡단중","안전운전 의무 불이행","교차로","교차로내","화물차","보행자","987605","1612382","127.3649744","34.50533423","N"
"2016","2016-08-25 05","야","목","1","0","0","0","0","경기","의정부시","차대차","측면충돌","측면충돌","안전운전 의무 불이행","교차로","교차로부근","이륜차","승용차","959609","1970470","127.0416103","37.73295178","N"
"2016","2016-08-25 07","주","목","1","0","0","0","0","전남","나주시","차대차","정면충돌","정면충돌","안전운전 의무 불이행","교차로","교차로부근","화물차","자전거","940295","1672715","126.8453352","35.04771175","N"
"2016","2016-08-25 10","주","목","1","0","0","0","0","경기","성남시","차대사람","횡단중","횡단중","과속","교차로","교차로부근","승합차","보행자","968357","1938865","127.1422538","37.44842907","Y"
"2016","2016-08-25 16","주","목","1","0","0","0","0","경북","경주시","차대사람","기타","기타","안전운전 의무 불이행","단일로","기타단일로","승용차","보행자","1155383","1761956","129.2205217","35.84182445","N"
"2016","2016-08-25 16","주","목","1","0","0","0","0","대구","동구","차대사람","횡단중","횡단중","보행자 보호의무 위반","단일로","기타단일로","승용차","보행자","1102689.7","1767249.6","128.6378721","35.89648032","N"
"2016","2016-08-25 17","주","목","1","1","0","1","0","경북","경주시","차대차","기타","기타","안전운전 의무 불이행","단일로","기타단일로","승용차","이륜차","1155859","1761058","129.2256149","35.83365603","N"
"2016","2016-08-25 17","주","목","1","2","0","2","0","광주","북구","차대차","추돌","진행중 추돌","안전운전 의무 불이행","교차로","교차로부근","승용차","승용차","949518","1692526","126.9452502","35.2268474","N"
"2016","2016-08-25 21","야","목","1","0","0","0","0","충남","예산군","차대사람","횡단중","횡단중","안전운전 의무 불이행","단일로","기타단일로","승용차","보행자","938141","1854331","126.8076192","36.68494048","N"
"2016","2016-08-26 00","야","금","1","1","1","0","0","경기","안성시","차대사람","횡단중","횡단중","보행자 보호의무 위반","교차로","교차로내","승용차","보행자","970734","1889080","127.1710817","36.99974844","N"
"2016","2016-08-26 00","야","금","1","0","0","0","0","세종","세종시","차대차","추돌","진행중 추돌","안전운전 의무 불이행","단일로","기타단일로","승용차","특수차","978014","1833501","127.2545016","36.49891745","N"
"2016","2016-08-26 03","야","금","1","0","0","0","0","서울","도봉구","차대사람","횡단중","횡단중","과속","단일로","횡단보도상","승용차","보행자","958653","1961382","127.0312771","37.65099831","N"
"2016","2016-08-26 10","주","금","1","1","0","1","0","충남","서산시","차대차","정면충돌","정면충돌","신호위반","교차로","교차로내","특수차","승용차","907676","1873637","126.4643319","36.85648065","N"
"2016","2016-08-26 10","주","금","1","0","0","0","0","전북","순창군","차대차","추돌","진행중 추돌","안전운전 의무 불이행","단일로","기타단일로","원동기장치자전거","화물차","969230","1709415","127.161228","35.37993153","N"
"2016","2016-08-26 13","주","금","2","0","0","0","0","울산","울주군","차량단독","전도전복","전도전복","안전운전 의무 불이행","교차로","교차로내","승용차","없음","1145116","1726895","129.1005531","35.52739776","N"
"2016","2016-08-26 16","주","금","1","0","0","0","0","부산","연제구","차대차","기타","기타","기타","교차로","교차로부근","승용차","원동기장치자전거","1143583","1688361","129.0768831","35.18029572","N"
"2016","2016-08-26 19","야","금","1","0","0","0","0","전남","해남군","차대사람","차도통행중","차도통행중","안전운전 의무 불이행","단일로","기타단일로","승용차","보행자","912942","1608293","126.5521026","34.46485803","N"
"2016","2016-08-26 20","야","금","1","0","0","0","0","충남","논산시","차대사람","횡단중","횡단중","안전운전 의무 불이행","교차로","교차로내","화물차","보행자","956347","1796501","127.0146446","36.16461497","N"
"2016","2016-08-26 21","야","금","1","0","0","0","0","경남","창원시(통합)","차대사람","기타","기타","안전운전 의무 불이행","단일로","기타단일로","승용차","보행자","1095810","1688379","128.5523223","35.18615251","N"
"2016","2016-08-26 23","야","금","1","0","0","0","0","충북","제천시","차대사람","횡단중","횡단중","안전운전 의무 불이행","단일로","기타단일로","화물차","보행자","1062282","1904689","128.2012582","37.13883436","N"
"2016","2016-08-26 23","야","금","1","0","0","0","0","전남","목포시","차대차","기타","기타","안전운전 의무 불이행","단일로","기타단일로","화물차","승합차","901926","1647115","126.42768","34.81390386","N"
"2016","2016-08-27 00","야","토","1","0","0","0","0","충남","보령시","차대차","측면충돌","측면충돌","안전운전 의무 불이행","단일로","기타단일로","승용차","자전거","918467","1817261","126.5913479","36.34930673","N"
"2016","2016-08-27 04","야","토","1","1","0","1","0","강원","춘천시","차량단독","공작물충돌","공작물충돌","안전운전 의무 불이행","단일로","기타단일로","승용차","없음","1020397","1985676","127.7319123","37.87066939","N"
"2016","2016-08-27 04","야","토","1","0","0","0","0","충남","아산시","차대차","추돌","진행중 추돌","안전운전 의무 불이행","교차로","교차로부근","원동기장치자전거","화물차","955023","1863513","126.9960291","36.76866036","N"
"2016","2016-08-27 04","야","토","1","0","0","0","0","경북","영덕군","차대사람","차도통행중","차도통행중","안전운전 의무 불이행","단일로","기타단일로","화물차","보행자","1167691","1823177","129.3697807","36.39145811","N"
"2016","2016-08-27 05","야","토","1","0","0","0","0","경기","화성시","차대사람","횡단중","횡단중","안전운전 의무 불이행","교차로","교차로내","승용차","보행자","953128","1914400","126.971632","37.22726652","N"
"2016","2016-08-27 05","야","토","1","0","0","0","0","제주","제주시","차대사람","차도통행중","차도통행중","안전운전 의무 불이행","교차로","교차로내","승용차","보행자","900030.9","1500539.6","126.4238604","33.49203837","N"
"2016","2016-08-27 08","주","토","1","0","0","0","0","서울","마포구","차대사람","횡단중","횡단중","안전운전 의무 불이행","단일로","기타단일로","승용차","보행자","950693","1949809","126.9418234","37.54629682","N"
"2016","2016-08-27 08","주","토","1","1","0","1","0","경북","경주시","차대차","정면충돌","정면충돌","중앙선 침범","단일로","기타단일로","승합차","건설기계","1158862","1784943","129.2636263","36.04842004","N"
"2016","2016-08-27 10","주","토","1","0","0","0","0","경남","창원시(통합)","차대차","기타","기타","안전운전 의무 불이행","단일로","기타단일로","원동기장치자전거","승용차","1091395","1693678","128.5044255","35.23433852","N"
"2016","2016-08-27 14","주","토","1","0","0","0","0","경기","성남시","차대차","추돌","진행중 추돌","중앙선 침범","단일로","기타단일로","승용차","이륜차","962294","1928664","127.0742295","37.35625432","N"
"2016","2016-08-27 15","주","토","1","0","0","0","0","충남","태안군","차량단독","전도전복","전도전복","안전운전 의무 불이행","단일로","기타단일로","화물차","없음","883392","1870259","126.1924961","36.82335175","N"
"2016","2016-08-27 21","야","토","1","0","0","0","0","강원","철원군","차량단독","공작물충돌","공작물충돌","안전운전 의무 불이행","단일로","기타단일로","승합차","없음","980414","2021353","127.2763331","38.19223626","N"
"2016","2016-08-28 00","야","일","1","0","0","0","0","부산","영도구","차대차","기타","기타","안전운전 의무 불이행","단일로","교량위","승용차","이륜차","1140080.7","1678829","129.0368161","35.09486907","N"
"2016","2016-08-28 00","야","일","1","0","0","0","0","경북","김천시","차대사람","차도통행중","차도통행중","안전운전 의무 불이행","단일로","기타단일로","승용차","보행자","1055605","1792345","128.1179435","36.12653543","N"
"2016","2016-08-28 00","야","일","1","0","0","0","0","대구","달서구","차대사람","횡단중","횡단중","안전운전 의무 불이행","단일로","기타단일로","승용차","보행자","1095245","1760202","128.5545507","35.83370214","N"
"2016","2016-08-28 03","야","일","1","0","0","0","0","경남","고성군","차대차","추돌","진행중 추돌","안전운전 의무 불이행","단일로","기타단일로","이륜차","화물차","1075955","1665181","128.3321427","34.97868942","N"
"2016","2016-08-28 05","야","일","1","2","2","0","0","부산","부산진구","차대차","정면충돌","정면충돌","중앙선 침범","단일로","고가도로위","화물차","승용차","1141433","1687200","129.0530797","35.17013571","N"
"2016","2016-08-28 05","야","일","1","0","0","0","0","전북","전주시","차대사람","횡단중","횡단중","안전운전 의무 불이행","단일로","기타단일로","승용차","보행자","967658","1760812","127.1418612","35.84329521","N"
"2016","2016-08-28 07","주","일","1","0","0","0","0","울산","중구","차량단독","공작물충돌","공작물충돌","안전운전 의무 불이행","교차로","교차로부근","원동기장치자전거","없음","1167033","1731804","129.3431942","35.56818805","N"
"2016","2016-08-28 09","주","일","1","0","0","0","0","전북","순창군","차대차","측면충돌","측면충돌","신호위반","교차로","교차로내","이륜차","승용차","968008","1708118","127.147825","35.36819838","N"
"2016","2016-08-28 12","주","일","1","1","1","0","0","경북","안동시","차량단독","공작물충돌","공작물충돌","안전운전 의무 불이행","단일로","기타단일로","화물차","없음","1131124","1828704","128.963124","36.44695618","N"
"2016","2016-08-28 17","주","일","1","0","0","0","0","전북","전주시","차대사람","횡단중","횡단중","보행자 보호의무 위반","교차로","교차로내","승합차","보행자","966830","1755501","127.1329131","35.7953834","N"
"2016","2016-08-28 18","야","일","1","0","0","0","0","경북","경산시","차대사람","횡단중","횡단중","보행자 보호의무 위반","단일로","횡단보도상","승용차","보행자","1111781","1760002","128.7375735","35.83015356","N"
"2016","2016-08-28 19","야","일","1","1","1","0","0","충북","음성군","차대차","기타","기타","안전운전 의무 불이행","단일로","기타단일로","승용차","승용차","1016754","1901912","127.6885839","37.11572622","N"
"2016","2016-08-28 19","야","일","1","0","0","0","0","인천","계양구","차대사람","기타","기타","안전운전 의무 불이행","단일로","기타단일로","승용차","보행자","933254.1","1951542.8","126.7442633","37.56082505","N"
"2016","2016-08-28 21","야","일","1","0","0","0","0","대구","동구","차대사람","횡단중","횡단중","보행자 보호의무 위반","단일로","횡단보도상","승용차","보행자","1107638","1777476.8","128.6940784","35.98813705","N"
"2016","2016-08-28 22","야","일","1","0","0","0","0","서울","성북구","차량단독","공작물충돌","공작물충돌","안전운전 의무 불이행","단일로","기타단일로","승합차","없음","955756.6","1956714.8","126.9987263","37.60879724","N"
"2016","2016-08-28 22","야","일","1","0","0","0","0","경남","창원시(통합)","차대사람","횡단중","횡단중","안전운전 의무 불이행","단일로","기타단일로","승용차","보행자","1096885","1689208","128.5642252","35.19352328","N"
"2016","2016-08-29 06","주","월","1","0","0","0","0","부산","동구","차대사람","횡단중","횡단중","신호위반","단일로","횡단보도상","건설기계","보행자","1140284.8","1681088.4","129.0394375","35.11520695","N"
"2016","2016-08-29 06","주","월","1","2","1","1","0","세종","세종시","차대차","측면충돌","측면충돌","교차로 통행방법 위반","교차로","교차로내","화물차","건설기계","981658","1836904","127.2951098","36.52967266","N"
"2016","2016-08-29 07","주","월","1","0","0","0","0","부산","동래구","차대사람","차도통행중","차도통행중","안전운전 의무 불이행","교차로","교차로내","승합차","보행자","1145419.4","1689942.3","129.0973232","35.19428479","N"
"2016","2016-08-29 12","주","월","1","2","0","2","0","전북","완주군","차대차","정면충돌","정면충돌","중앙선 침범","단일로","교량위","승합차","화물차","968845","1748965","127.1554666","35.73651997","N"
"2016","2016-08-29 14","주","월","1","1","1","0","0","경기","성남시","차대차","추돌","진행중 추돌","안전운전 의무 불이행","단일로","기타단일로","화물차","화물차","963940","1934068","127.092552","37.40502937","N"
"2016","2016-08-29 15","주","월","1","0","0","0","0","경기","남양주시","차량단독","전도전복","전도전복","안전운전 의무 불이행","단일로","기타단일로","자전거","없음","971870","1972300","127.1806848","37.74990481","N"
"2016","2016-08-29 17","주","월","1","0","0","0","0","경남","창원시(통합)","차대차","측면충돌","측면충돌","안전운전 의무 불이행","단일로","기타단일로","특수차","이륜차","1084095","1679817","128.4227954","35.11000673","N"
"2016","2016-08-29 19","야","월","1","0","0","0","0","전북","부안군","차대사람","횡단중","횡단중","과속","단일로","기타단일로","승용차","보행자","925145","1741357","126.6729426","35.66557625","N"
"2016","2016-08-29 20","야","월","1","2","2","0","0","경북","칠곡군","차대차","추돌","진행중 추돌","안전운전 의무 불이행","단일로","기타단일로","승용차","건설기계","1089129","1772501","128.4882207","35.94514984","N"
"2016","2016-08-29 21","야","월","1","0","0","0","0","전북","완주군","차대사람","길가장자리구역통행중","길가장자리구역통행중","안전운전 의무 불이행","단일로","기타단일로","화물차","보행자","964100.2","1738441.2","127.1034662","35.64147365","N"
"2016","2016-08-30 02","야","화","1","1","0","1","0","경북","칠곡군","차대차","추돌","진행중 추돌","안전운전 의무 불이행","단일로","기타단일로","화물차","화물차","1088562.1","1770475.5","128.4817102","35.92694212","N"
"2016","2016-08-30 04","야","화","1","0","0","0","0","부산","중구","차량단독","공작물충돌","공작물충돌","안전운전 의무 불이행","단일로","기타단일로","이륜차","없음","1139630","1680807","129.0322067","35.11276144","N"
"2016","2016-08-30 07","주","화","1","0","0","0","0","충남","천안시","차대차","측면충돌","측면충돌","안전운전 의무 불이행","교차로","교차로부근","화물차","자전거","966436","1875595","127.1233764","36.87804656","N"
"2016","2016-08-30 10","주","화","1","0","0","0","0","충북","괴산군","차대차","측면충돌","측면충돌","안전운전 의무 불이행","단일로","기타단일로","이륜차","화물차","1013156","1868414","127.6475011","36.81381757","N"
"2016","2016-08-30 10","주","화","1","0","0","0","0","충남","보령시","차대사람","횡단중","횡단중","보행자 보호의무 위반","교차로","교차로부근","화물차","보행자","918902","1817219","126.5961997","36.34896489","N"
"2016","2016-08-30 10","주","화","1","1","1","0","0","경북","상주시","차대차","추돌","진행중 추돌","안전운전 의무 불이행","단일로","기타단일로","승용차","농기계","1056974","1824476","128.1354995","36.41611633","N"
"2016","2016-08-30 10","주","화","1","0","0","0","0","경남","창원시(통합)","차대차","측면충돌","측면충돌","안전운전 의무 불이행","교차로","교차로부근","이륜차","화물차","1090864","1682289","128.4973354","35.13170589","N"
"2016","2016-08-30 11","주","화","1","0","0","0","0","충북","진천군","차대차","기타","기타","안전운전 의무 불이행","단일로","기타단일로","농기계","승용차","995208","1873494","127.4462414","36.85969145","N"
"2016","2016-08-30 13","주","화","1","0","0","0","0","경기","부천시","차대사람","횡단중","횡단중","안전운전 의무 불이행","교차로","교차로내","승용차","보행자","936258","1942605","126.7790483","37.48048219","N"