"발생년","발생년월일시","주야","요일","사망자수","부상자수","중상자수","경상자수","부상신고자수","발생지시도","발생지시군구","사고유형_대분류","사고유형_중분류","사고유형","가해자법규위반","도로형태_대분류","도로형태","가해자_당사자종별","피해자_당사자종별","발생위치(X_UTMK)","발생위치(Y_UTMK)","경도","위도"," 어린이사고 여부"
"2016","2016-08-30 19","야","화","1","0","0","0","0","전남","여수시","차대차","추돌","진행중 추돌","안전운전 의무 불이행","단일로","기타단일로","승합차","자전거","1011130","1636927","127.6215675","34.72669528","Y"
"2016","2016-08-31 00","야","수","1","0","0","0","0","경기","안양시","차대사람","횡단중","횡단중","안전운전 의무 불이행","교차로","교차로내","화물차","보행자","953690","1933800","126.9767563","37.40215795","N"
"2016","2016-08-31 06","주","수","1","1","0","0","1","경기","가평군","차대차","추돌","진행중 추돌","안전운전 의무 불이행","교차로","교차로부근","화물차","화물차","993067","1971149","127.4213111","37.73993679","N"
"2016","2016-08-31 13","주","수","1","0","0","0","0","충남","아산시","차대사람","횡단중","횡단중","안전운전 의무 불이행","단일로","기타단일로","승용차","보행자","953077","1861422","126.9743534","36.74971685","N"
"2016","2016-08-31 17","주","수","1","0","0","0","0","경북","문경시","차량단독","전도전복","전도전복","안전운전 의무 불이행","단일로","기타단일로","승용차","없음","1044451","1842600","127.9968636","36.58016319","N"
"2016","2016-08-31 20","야","수","1","0","0","0","0","충남","당진시","차대사람","차도통행중","차도통행중","안전운전 의무 불이행","단일로","기타단일로","화물차","보행자","931214","1877736","126.7279782","36.89543548","N"
"2016","2016-08-31 20","야","수","1","0","0","0","0","전북","김제시","차대사람","횡단중","횡단중","안전운전 의무 불이행","단일로","기타단일로","원동기장치자전거","보행자","944522","1756949","126.8859438","35.80743104","N"
"2016","2016-08-31 20","야","수","1","0","0","0","0","경북","상주시","차대차","정면충돌","정면충돌","중앙선 침범","교차로","교차로내","화물차","이륜차","1039850","1827398","127.9446515","36.44332197","N"
"2016","2016-08-31 22","야","수","1","0","0","0","0","서울","서초구","차대차","기타","기타","안전운전 의무 불이행","단일로","기타단일로","이륜차","불명","956891","1942667","127.0124039","37.48223453","N"
"2016","2016-08-31 22","야","수","1","4","1","2","1","대구","동구","차대차","추돌","진행중 추돌","안전운전 의무 불이행","단일로","기타단일로","특수차","화물차","1107055","1766674","128.6861561","35.89082377","N"
"2016","2016-09-01 03","야","목","1","0","0","0","0","대전","동구","차대사람","횡단중","횡단중","안전운전 의무 불이행","단일로","기타단일로","화물차","보행자","993901","1815028","127.4320428","36.33261078","N"
"2016","2016-09-01 08","주","목","1","0","0","0","0","전남","나주시","차대사람","횡단중","횡단중","신호위반","단일로","횡단보도상","승용차","보행자","928970","1666803","126.7216713","34.99367216","N"
"2016","2016-09-01 08","주","목","1","0","0","0","0","전남","담양군","차량단독","전도전복","전도전복","안전운전 의무 불이행","기타/불명","기타/불명","승용차","없음","943610","1699502","126.8798511","35.28943177","N"
"2016","2016-09-01 08","주","목","1","0","0","0","0","인천","남동구","차대차","정면충돌","정면충돌","중앙선 침범","단일로","기타단일로","자전거","승용차","931182","1939142","126.7219645","37.4489063","N"
"2016","2016-09-01 09","주","목","1","0","0","0","0","강원","횡성군","차량단독","기타","기타","안전운전 의무 불이행","단일로","기타단일로","화물차","없음","1055495","1930612","128.126778","37.37291877","N"
"2016","2016-09-01 09","주","목","1","3","0","3","0","광주","광산구","차대차","측면충돌","측면충돌","안전운전 의무 불이행","단일로","교량위","화물차","화물차","933999.5","1675356.6","126.7760995","35.07113797","N"
"2016","2016-09-01 10","주","목","1","1","1","0","0","경북","의성군","차대차","기타","기타","안전운전 의무 불이행","단일로","고가도로위","화물차","농기계","1104535","1826448","128.6661936","36.42988965","N"
"2016","2016-09-01 11","주","목","1","1","1","0","0","전남","장흥군","차대차","정면충돌","정면충돌","중앙선 침범","단일로","기타단일로","건설기계","승용차","944342","1627597","126.8927041","34.64110676","N"
"2016","2016-09-01 13","주","목","1","0","0","0","0","경북","성주군","차대사람","기타","기타","안전운전 의무 불이행","기타/불명","기타/불명","화물차","보행자","1073996","1769036","128.3201274","35.91517654","N"
"2016","2016-09-01 16","주","목","1","0","0","0","0","대구","달성군","차대차","추돌","진행중 추돌","안전운전 의무 불이행","단일로","기타단일로","화물차","특수차","1085659.1","1743243.9","128.4466169","35.68170804","N"
"2016","2016-09-01 19","야","목","1","0","0","0","0","충북","청주시","차대사람","길가장자리구역통행중","길가장자리구역통행중","안전운전 의무 불이행","단일로","기타단일로","승용차","보행자","1000583","1854022","127.5065254","36.6841677","N"
"2016","2016-09-01 21","야","목","1","1","0","0","1","서울","동대문구","차대차","추돌","진행중 추돌","안전거리 미확보","단일로","기타단일로","자전거","자전거","958300","1953007","127.0277531","37.57549691","N"
"2016","2016-09-01 22","야","목","1","0","0","0","0","부산","부산진구","차대사람","횡단중","횡단중","안전운전 의무 불이행","단일로","기타단일로","승용차","보행자","1139612","1685100","129.0327344","35.15146108","N"
"2016","2016-09-01 22","야","목","1","0","0","0","0","경기","수원시","차대사람","횡단중","횡단중","안전운전 의무 불이행","단일로","횡단보도상","원동기장치자전거","보행자","957550","1919709","127.0211749","37.27533231","N"
"2016","2016-09-01 22","야","목","1","0","0","0","0","전북","김제시","차대사람","횡단중","횡단중","과속","단일로","기타단일로","화물차","보행자","938282.4","1761949.6","126.8164987","35.85214165","N"
"2016","2016-09-01 22","야","목","1","2","0","2","0","경남","창녕군","차대차","추돌","진행중 추돌","안전운전 의무 불이행","단일로","교량위","승용차","승용차","1091858","1721461","128.512636","35.48477375","N"
"2016","2016-09-01 23","야","목","1","0","0","0","0","경남","김해시","차대차","추돌","진행중 추돌","안전운전 의무 불이행","단일로","기타단일로","승용차","화물차","1110936","1701996","128.7202646","35.30735283","N"
"2016","2016-09-02 00","야","금","1","0","0","0","0","전북","전주시","차대사람","횡단중","횡단중","과속","단일로","기타단일로","승용차","보행자","965927","1758518","127.1227913","35.82255386","N"
"2016","2016-09-02 05","야","금","1","1","0","1","0","경남","김해시","차대차","추돌","진행중 추돌","안전운전 의무 불이행","단일로","기타단일로","화물차","화물차","1122363","1687711","128.8438025","35.17724592","N"
"2016","2016-09-02 06","주","금","1","0","0","0","0","경기","성남시","차대차","정면충돌","정면충돌","안전운전 의무 불이행","단일로","기타단일로","승용차","승용차","968521","1930695","127.1444561","37.37479333","N"
"2016","2016-09-02 06","주","금","1","0","0","0","0","대전","중구","차대차","측면충돌","측면충돌","중앙선 침범","교차로","교차로부근","원동기장치자전거","승용차","991441","1814576","127.4046376","36.32851707","N"
"2016","2016-09-02 07","주","금","1","0","0","0","0","대구","북구","차대사람","횡단중","횡단중","안전운전 의무 불이행","교차로","교차로내","승용차","보행자","1098889","1765324","128.5955257","35.87951369","N"
"2016","2016-09-02 13","주","금","1","0","0","0","0","전북","완주군","차대사람","횡단중","횡단중","안전운전 의무 불이행","단일로","기타단일로","화물차","보행자","963001","1771900","127.0897777","35.94309847","N"
"2016","2016-09-02 17","주","금","1","0","0","0","0","경북","포항시","차량단독","전도전복","전도전복","안전운전 의무 불이행","단일로","기타단일로","화물차","없음","1164963","1780706","129.330443","36.00922392","N"
"2016","2016-09-02 17","주","금","1","0","0","0","0","광주","남구","차대사람","보도통행중","보도통행중","기타","단일로","기타단일로","승용차","보행자","945204.9","1681802","126.8985682","35.12992607","N"
"2016","2016-09-02 21","야","금","1","0","0","0","0","전남","여수시","차대사람","기타","기타","안전운전 의무 불이행","단일로","기타단일로","승용차","승용차","1017243","1642911","127.6884591","34.78057262","N"
"2016","2016-09-02 21","야","금","1","0","0","0","0","경북","예천군","차량단독","공작물충돌","공작물충돌","안전운전 의무 불이행","단일로","기타단일로","승합차","없음","1070578","1844929","128.2890987","36.59958235","N"
"2016","2016-09-02 22","야","금","1","0","0","0","0","서울","동대문구","차대사람","횡단중","횡단중","안전운전 의무 불이행","교차로","교차로내","승용차","보행자","961401","1952127","127.0629169","37.56770047","N"
"2016","2016-09-02 23","야","금","1","0","0","0","0","부산","사상구","차대사람","횡단중","횡단중","안전운전 의무 불이행","교차로","교차로부근","화물차","보행자","1135098","1685538.5","128.9832641","35.15603051","N"
"2016","2016-09-03 00","야","토","1","0","0","0","0","경기","용인시","차량단독","공작물충돌","공작물충돌","안전운전 의무 불이행","교차로","교차로부근","화물차","없음","977943","1927588","127.2509657","37.34705951","N"
"2016","2016-09-03 01","야","토","1","0","0","0","0","서울","광진구","차대사람","횡단중","횡단중","안전운전 의무 불이행","단일로","기타단일로","승합차","보행자","963461","1948058","127.0864458","37.53110919","N"
"2016","2016-09-03 02","야","토","2","0","0","0","0","강원","강릉시","차대사람","기타","기타","과속","단일로","기타단일로","승용차","보행자","1125324","1975678","128.9229962","37.77219124","N"
"2016","2016-09-03 04","야","토","5","0","0","0","0","대구","달성군","차량단독","전도전복","전도전복","과속","단일로","기타단일로","승용차","없음","1084722","1747358","128.436696","35.7188784","N"
"2016","2016-09-03 05","야","토","1","0","0","0","0","부산","북구","차대사람","횡단중","횡단중","안전운전 의무 불이행","단일로","기타단일로","승용차","보행자","1136089.2","1690089.8","128.9948944","35.19692269","N"
"2016","2016-09-03 05","야","토","2","1","1","0","0","경북","포항시","차대차","추돌","진행중 추돌","안전운전 의무 불이행","단일로","기타단일로","승용차","승용차","1147385","1785802","129.1364218","36.05796791","N"
"2016","2016-09-03 05","야","토","1","0","0","0","0","대구","서구","차대사람","횡단중","횡단중","안전운전 의무 불이행","단일로","횡단보도상","승용차","보행자","1097290.1","1764406.5","128.5777033","35.87140309","N"
"2016","2016-09-03 07","주","토","1","0","0","0","0","세종","세종시","차대차","기타","기타","안전운전 의무 불이행","단일로","기타단일로","화물차","자전거","988297","1837056","127.3692686","36.5311473","N"
"2016","2016-09-03 07","주","토","1","1","0","0","1","전남","나주시","차량단독","도로이탈","도로이탈 기타","안전운전 의무 불이행","단일로","기타단일로","원동기장치자전거","없음","920454","1665757","126.6284642","34.98360691","N"
"2016","2016-09-03 08","주","토","1","0","0","0","0","경기","평택시","차량단독","전도전복","전도전복","안전운전 의무 불이행","단일로","기타단일로","승용차","없음","967095","1888379","127.1302146","36.99330908","N"
"2016","2016-09-03 12","주","토","1","0","0","0","0","강원","평창군","차량단독","전도전복","전도전복","안전운전 의무 불이행","단일로","기타단일로","이륜차","없음","1078797","1924102","128.3892412","37.3125579","N"
"2016","2016-09-03 15","주","토","1","2","2","0","0","충남","공주시","차량단독","공작물충돌","공작물충돌","안전운전 의무 불이행","교차로","교차로내","화물차","없음","958897","1814931","127.0420274","36.33087819","N"
"2016","2016-09-03 15","주","토","1","0","0","0","0","전남","나주시","차량단독","전도전복","전도전복","안전운전 의무 불이행","단일로","기타단일로","농기계","없음","942057","1664611","126.8652192","34.97474175","N"
"2016","2016-09-03 17","주","토","1","0","0","0","0","경기","오산시","차대차","기타","기타","안전운전 의무 불이행","단일로","횡단보도상","건설기계","자전거","963430","1906770","127.0881326","37.1589516","N"
"2016","2016-09-03 17","주","토","1","0","0","0","0","대구","서구","차대사람","횡단중","횡단중","안전운전 의무 불이행","교차로","교차로내","승용차","보행자","1095608","1765024","128.5591473","35.8771353","N"
"2016","2016-09-03 23","야","토","1","0","0","0","0","경기","안양시","차대차","측면충돌","측면충돌","기타","단일로","기타단일로","자전거","승용차","951685","1931295","126.954267","37.3794769","N"
"2016","2016-09-03 23","야","토","2","0","0","0","0","경남","함양군","차량단독","전도전복","전도전복","안전운전 의무 불이행","단일로","기타단일로","이륜차","없음","1021187","1723904","127.7336432","35.51082427","N"
"2016","2016-09-04 04","야","일","1","0","0","0","0","충남","보령시","차대사람","기타","기타","안전운전 의무 불이행","단일로","기타단일로","승용차","보행자","913064","1805108","126.532495","36.23928403","N"
"2016","2016-09-04 09","주","일","1","0","0","0","0","전북","남원시","차대차","측면충돌","측면충돌","기타","교차로","교차로내","승용차","이륜차","990243.5","1713248","127.3925361","35.41492021","N"
"2016","2016-09-04 10","주","일","1","0","0","0","0","전북","익산시","차량단독","전도전복","전도전복","안전운전 의무 불이행","단일로","기타단일로","이륜차","없음","962986","1786064","127.0889491","36.0707963","N"
"2016","2016-09-04 12","주","일","1","0","0","0","0","충남","아산시","차량단독","도로이탈","도로이탈 기타","안전운전 의무 불이행","단일로","기타단일로","이륜차","없음","949820","1863622","126.9377243","36.76938169","N"
"2016","2016-09-04 15","주","일","1","2","1","1","0","경남","김해시","차량단독","공작물충돌","공작물충돌","안전운전 의무 불이행","단일로","기타단일로","화물차","없음","1126778","1693086","128.8931033","35.22515114","N"
"2016","2016-09-04 15","주","일","3","3","1","2","0","충남","아산시","차대차","정면충돌","정면충돌","중앙선 침범","단일로","기타단일로","승용차","승합차","949466","1869598","126.9333612","36.82323232","Y"
"2016","2016-09-04 16","주","일","1","0","0","0","0","전남","고흥군","차대차","정면충돌","정면충돌","안전운전 의무 불이행","단일로","기타단일로","농기계","이륜차","983980","1623092","127.3252837","34.60186765","N"
"2016","2016-09-04 16","주","일","1","0","0","0","0","경북","성주군","차량단독","도로이탈","도로이탈 추락","안전운전 의무 불이행","단일로","기타단일로","이륜차","없음","1061624","1759202","128.1822527","35.82737644","N"
"2016","2016-09-04 17","주","일","1","0","0","0","0","충남","태안군","차량단독","도로이탈","도로이탈 추락","안전운전 의무 불이행","단일로","기타단일로","이륜차","없음","898125","1831772","126.3627756","36.47816356","N"
"2016","2016-09-04 20","야","일","1","0","0","0","0","서울","금천구","차대사람","기타","기타","안전운전 의무 불이행","교차로","교차로내","승합차","보행자","947792","1939212","126.9097366","37.45062426","N"
"2016","2016-09-04 20","야","일","1","0","0","0","0","경북","포항시","차대사람","횡단중","횡단중","안전운전 의무 불이행","교차로","교차로내","승용차","보행자","1164936","1780685","129.3301391","36.00903925","N"
"2016","2016-09-05 00","야","월","1","0","0","0","0","광주","광산구","차대사람","횡단중","횡단중","안전운전 의무 불이행","단일로","기타단일로","승용차","보행자","937167","1685346","126.8100798","35.1614109","N"
"2016","2016-09-05 06","주","월","1","3","3","0","0","강원","태백시","차대차","정면충돌","정면충돌","중앙선 침범","교차로","교차로내","건설기계","승용차","1132575","1919101","128.9950951","37.26137885","N"
"2016","2016-09-05 06","주","월","1","2","0","2","0","경기","양주시","차대차","추돌","진행중 추돌","안전운전 의무 불이행","교차로","교차로부근","화물차","승합차","960876","1982268","127.0553522","37.83934168","N"
"2016","2016-09-05 08","주","월","1","0","0","0","0","전북","전주시","차대차","측면충돌","측면충돌","안전거리 미확보","단일로","기타단일로","이륜차","승용차","960480.3","1758822.9","127.0624794","35.82509847","N"
"2016","2016-09-05 08","주","월","1","0","0","0","0","전남","구례군","차대차","측면충돌","측면충돌","신호위반","교차로","교차로내","자전거","화물차","996975","1689909","127.466767","35.20451617","N"
"2016","2016-09-05 10","주","월","1","0","0","0","0","서울","중구","차대사람","횡단중","횡단중","안전운전 의무 불이행","단일로","기타단일로","건설기계","보행자","953770","1951742","126.9765331","37.56387886","N"
"2016","2016-09-05 10","주","월","1","0","0","0","0","인천","미추홀구","차대사람","횡단중","횡단중","보행자 보호의무 위반","교차로","교차로부근","건설기계","보행자","924827","1940043","126.6500319","37.45653199","N"
"2016","2016-09-05 11","주","월","1","1","0","1","0","경기","시흥시","차대차","기타","기타","신호위반","교차로","교차로내","이륜차","화물차","943140","1930650","126.8578032","37.37317858","N"
"2016","2016-09-05 11","주","월","1","0","0","0","0","경북","고령군","차대차","측면충돌","측면충돌","안전운전 의무 불이행","단일로","기타단일로","승용차","자전거","1084069","1746153","128.4293511","35.70807107","N"
"2016","2016-09-05 11","주","월","1","0","0","0","0","대구","남구","차대사람","횡단중","횡단중","안전운전 의무 불이행","단일로","기타단일로","화물차","보행자","1098486.7","1761922.2","128.5906493","35.84888869","N"
"2016","2016-09-05 12","주","월","1","0","0","0","0","경남","창녕군","차량단독","도로이탈","도로이탈 기타","안전운전 의무 불이행","단일로","기타단일로","자전거","없음","1086122","1712356","128.4484473","35.4032013","N"
"2016","2016-09-05 14","주","월","1","0","0","0","0","충남","서산시","차량단독","전도전복","전도전복","안전운전 의무 불이행","단일로","기타단일로","이륜차","없음","901252","1868763","126.3929142","36.81190165","N"
"2016","2016-09-05 16","주","월","1","0","0","0","0","인천","부평구","차대사람","횡단중","횡단중","안전운전 의무 불이행","단일로","기타단일로","승용차","보행자","931728","1943407","126.7277416","37.48738677","N"
"2016","2016-09-05 17","주","월","1","1","1","0","0","충북","영동군","차대차","정면충돌","정면충돌","중앙선 침범","단일로","기타단일로","화물차","건설기계","1031154","1798599","127.8464714","36.18401218","N"
"2016","2016-09-05 22","야","월","1","0","0","0","0","강원","원주시","차대사람","기타","기타","안전운전 의무 불이행","기타/불명","기타/불명","승용차","보행자","1039226","1925989","127.942792","37.33207983","N"
"2016","2016-09-06 01","야","화","2","0","0","0","0","부산","사상구","차대차","추돌","진행중 추돌","안전운전 의무 불이행","단일로","기타단일로","화물차","화물차","1134488.5","1688786.5","128.9771038","35.18539031","Y"
"2016","2016-09-06 01","야","화","1","0","0","0","0","경기","오산시","차대사람","횡단중","횡단중","안전운전 의무 불이행","단일로","기타단일로","화물차","보행자","961963","1905655","127.0716678","37.14884248","N"
"2016","2016-09-06 01","야","화","1","0","0","0","0","경북","김천시","차대차","추돌","진행중 추돌","안전운전 의무 불이행","단일로","기타단일로","화물차","특수차","1069319","1790240","128.2701519","36.10667585","N"
"2016","2016-09-06 02","야","화","1","0","0","0","0","울산","울주군","차량단독","전도전복","전도전복","안전운전 의무 불이행","단일로","기타단일로","화물차","없음","1151692","1743035","129.176087","35.67187834","N"
"2016","2016-09-06 02","야","화","1","0","0","0","0","인천","남동구","차량단독","공작물충돌","공작물충돌","안전운전 의무 불이행","단일로","교량위","이륜차","없음","932631","1936006","126.7386315","37.42074834","N"
"2016","2016-09-06 05","야","화","1","0","0","0","0","경북","상주시","차대차","측면충돌","측면충돌","신호위반","교차로","교차로내","승용차","자전거","1060365","1825356","128.1733896","36.42384198","N"
"2016","2016-09-06 08","주","화","1","0","0","0","0","서울","종로구","차대차","정면충돌","정면충돌","안전운전 의무 불이행","교차로","교차로내","승용차","이륜차","953223","1954095","126.9701894","37.58505922","N"
"2016","2016-09-06 11","주","화","1","0","0","0","0","충북","청주시","차대사람","기타","기타","기타","단일로","기타단일로","화물차","보행자","994142","1847743","127.4344803","36.62754497","N"
"2016","2016-09-06 15","주","화","1","5","0","5","0","서울","금천구","차대차","측면충돌","측면충돌","안전운전 의무 불이행","단일로","기타단일로","승용차","승합차","948790","1939228","126.9210184","37.45082428","N"
"2016","2016-09-06 16","주","화","1","0","0","0","0","전북","익산시","차대차","측면충돌","측면충돌","안전운전 의무 불이행","교차로","교차로내","원동기장치자전거","승용차","950562","1770468","126.9519558","35.92963755","N"
"2016","2016-09-06 17","주","화","1","5","3","2","0","전남","함평군","차량단독","공작물충돌","공작물충돌","안전운전 의무 불이행","단일로","기타단일로","승합차","없음","916766","1675017","126.5871338","35.06680071","N"
"2016","2016-09-07 01","야","수","1","0","0","0","0","서울","송파구","차대사람","기타","기타","안전운전 의무 불이행","단일로","기타단일로","승용차","승용차","962937","1946491","127.0805943","37.51696429","N"
"2016","2016-09-07 03","야","수","1","0","0","0","0","전남","신안군","차대사람","기타","기타","안전운전 의무 불이행","단일로","기타단일로","화물차","보행자","856781","1642685","125.9349667","34.76862018","N"
"2016","2016-09-07 04","야","수","1","1","0","1","0","충남","천안시","차량단독","공작물충돌","공작물충돌","안전운전 의무 불이행","단일로","교량위","승용차","없음","978952","1862069","127.2641921","36.75647676","N"
"2016","2016-09-07 08","주","수","1","0","0","0","0","광주","광산구","차대사람","보도통행중","보도통행중","보행자 보호의무 위반","교차로","교차로내","화물차","보행자","939570","1691075","126.8360436","35.21321413","N"
"2016","2016-09-07 12","주","수","1","0","0","0","0","강원","속초시","차대차","측면충돌","측면충돌","안전운전 의무 불이행","단일로","횡단보도상","자전거","승용차","1094870","2022951","128.5835181","38.20185125","N"
"2016","2016-09-07 14","주","수","1","0","0","0","0","전남","무안군","차대차","측면충돌","측면충돌","신호위반","교차로","교차로내","이륜차","승용차","904904","1647156","126.4602314","34.81455609","N"
"2016","2016-09-07 16","주","수","1","0","0","0","0","강원","횡성군","차대사람","횡단중","횡단중","과속","단일로","기타단일로","화물차","보행자","1060377","1952475","128.1837059","37.56966645","N"
"2016","2016-09-07 21","야","수","1","0","0","0","0","대구","남구","차대사람","횡단중","횡단중","안전운전 의무 불이행","단일로","횡단보도상","승용차","보행자","1098212","1762798","128.5877156","35.85681119","N"
"2016","2016-09-07 21","야","수","1","0","0","0","0","울산","북구","차대사람","횡단중","횡단중","안전운전 의무 불이행","단일로","기타단일로","승용차","보행자","1168223","1732705","129.356507","35.57610626","N"
"2016","2016-09-08 00","야","목","2","0","0","0","0","경기","고양시","차대차","추돌","진행중 추돌","안전운전 의무 불이행","단일로","기타단일로","특수차","승용차","941290","1963377","126.8342944","37.66803263","N"
"2016","2016-09-08 01","야","목","1","1","1","0","0","부산","연제구","차대사람","차도통행중","차도통행중","기타","단일로","기타단일로","승용차","보행자","1143957","1689194","129.0811346","35.18775061","N"
"2016","2016-09-08 02","야","목","1","0","0","0","0","대전","서구","차대사람","횡단중","횡단중","과속","교차로","교차로내","승용차","보행자","987781","1817901","127.3638066","36.35845379","N"
"2016","2016-09-08 05","야","목","1","0","0","0","0","인천","부평구","차대차","기타","기타","신호위반","교차로","교차로부근","승용차","자전거","931502","1943437","126.7251826","37.48764042","N"
"2016","2016-09-08 09","주","목","1","0","0","0","0","충남","공주시","차대사람","횡단중","횡단중","안전운전 의무 불이행","단일로","기타단일로","승용차","보행자","957040","1827102","127.0206642","36.44051924","N"
"2016","2016-09-08 11","주","목","1","3","3","0","0","대전","동구","차대차","측면충돌","측면충돌","신호위반","교차로","교차로부근","승용차","승용차","997868","1814916","127.4762448","36.331618","N"
"2016","2016-09-08 12","주","목","1","3","0","3","0","경북","구미시","차대차","추돌","진행중 추돌","안전운전 의무 불이행","단일로","기타단일로","화물차","화물차","1077207","1791651","128.3579195","36.11880034","N"
"2016","2016-09-08 12","주","목","1","1","1","0","0","경기","고양시","차대차","기타","기타","안전운전 의무 불이행","교차로","교차로부근","이륜차","승용차","945471","1954824","126.8823379","37.59120297","N"
"2016","2016-09-08 14","주","목","1","8","8","0","0","전북","정읍시","차대차","정면충돌","정면충돌","기타","교차로","교차로내","화물차","승용차","935193.6","1733307.2","126.784606","35.59371225","N"
"2016","2016-09-08 17","주","목","1","0","0","0","0","경기","용인시","차대사람","기타","기타","안전운전 의무 불이행","단일로","기타단일로","화물차","보행자","979267","1906446","127.266503","37.15651667","N"
"2016","2016-09-08 17","주","목","1","0","0","0","0","충북","청주시","차량단독","전도전복","전도전복","안전운전 의무 불이행","단일로","기타단일로","자전거","없음","996351","1829295","127.4592745","36.46124507","N"
"2016","2016-09-08 19","야","목","1","0","0","0","0","경기","포천시","차대사람","횡단중","횡단중","과속","단일로","기타단일로","화물차","보행자","974301","2011294","127.2068879","38.10142523","N"
"2016","2016-09-08 20","야","목","1","0","0","0","0","부산","강서구","차대사람","기타","기타","안전운전 의무 불이행","단일로","기타단일로","승용차","보행자","1127522.5","1687210.3","128.9003725","35.17209056","N"
"2016","2016-09-08 20","야","목","1","0","0","0","0","전남","영암군","차량단독","도로이탈","도로이탈 추락","안전운전 의무 불이행","단일로","기타단일로","원동기장치자전거","없음","918025","1644068","126.6039794","34.78785404","N"
"2016","2016-09-09 00","야","금","1","0","0","0","0","충남","서산시","차대차","추돌","진행중 추돌","안전운전 의무 불이행","단일로","기타단일로","승용차","자전거","905099","1866756","126.4362871","36.79420588","N"
"2016","2016-09-09 03","야","금","1","0","0","0","0","충북","청주시","차량단독","기타","기타","안전운전 의무 불이행","단일로","기타단일로","승용차","없음","1001093","1848767","127.5122263","36.63679371","N"
"2016","2016-09-09 05","야","금","1","0","0","0","0","전북","정읍시","차대차","측면충돌","측면충돌","과속","교차로","교차로부근","승용차","자전거","934990.5","1729344.6","126.7826828","35.55797262","N"
"2016","2016-09-09 07","주","금","1","0","0","0","0","서울","동대문구","차대차","정면충돌","정면충돌","신호위반","교차로","교차로내","승용차","자전거","960604","1952526","127.0538707","37.57126302","N"
"2016","2016-09-09 08","주","금","1","1","0","1","0","전북","군산시","차대차","정면충돌","정면충돌","기타","교차로","교차로내","이륜차","승용차","931123","1775913","126.7360073","35.97754833","N"
"2016","2016-09-09 08","주","금","1","2","0","2","0","전남","순천시","차대차","측면충돌","측면충돌","신호위반","교차로","교차로내","승용차","승용차","992888","1677145","127.4219767","35.0893998","Y"
"2016","2016-09-09 09","주","금","1","5","1","2","2","서울","중구","차대사람","기타","기타","안전운전 의무 불이행","단일로","기타단일로","화물차","보행자","954510","1951786","126.9849092","37.5643123","N"
"2016","2016-09-09 09","주","금","1","0","0","0","0","경북","청도군","차량단독","전도전복","전도전복","안전운전 의무 불이행","단일로","기타단일로","농기계","없음","1123643","1743646","128.8663475","35.681301","N"
"2016","2016-09-09 10","주","금","2","0","0","0","0","경기","부천시","차대차","측면충돌","측면충돌","신호위반","교차로","교차로내","이륜차","승용차","936206","1944155","126.7783258","37.4944487","N"
"2016","2016-09-09 10","주","금","1","0","0","0","0","대전","동구","차대차","측면충돌","측면충돌","신호위반","교차로","교차로내","승합차","자전거","994496","1814508","127.4386762","36.32792633","N"
"2016","2016-09-09 13","주","금","1","0","0","0","0","경북","상주시","차대차","추돌","진행중 추돌","안전운전 의무 불이행","교차로","교차로내","화물차","자전거","1058345","1825337","128.1508558","36.42379565","N"
"2016","2016-09-09 14","주","금","1","0","0","0","0","서울","중구","차대차","측면충돌","측면충돌","신호위반","교차로","교차로내","승합차","이륜차","954753","1951983","126.9876484","37.56609987","N"
"2016","2016-09-09 14","주","금","1","1","1","0","0","경기","안산시","차대차","추돌","진행중 추돌","안전운전 의무 불이행","단일로","기타단일로","화물차","승용차","943639","1927101","126.8637089","37.34122074","N"
"2016","2016-09-09 17","주","금","1","1","0","0","1","충북","충주시","차대차","추돌","진행중 추돌","중앙선 침범","단일로","기타단일로","화물차","건설기계","1017069","1894014","127.69195","37.04452592","N"
"2016","2016-09-09 20","야","금","1","0","0","0","0","부산","사하구","차대사람","길가장자리구역통행중","길가장자리구역통행중","안전운전 의무 불이행","단일로","기타단일로","승용차","보행자","1131867.8","1680135.7","128.9469474","35.10775668","Y"
"2016","2016-09-10 02","야","토","1","0","0","0","0","대구","남구","차대사람","횡단중","횡단중","안전운전 의무 불이행","단일로","기타단일로","승용차","보행자","1096762","1760533","128.5713844","35.83653743","N"
"2016","2016-09-10 03","야","토","1","0","0","0","0","경기","고양시","차대차","기타","기타","중앙선 침범","단일로","기타단일로","승용차","이륜차","947449","1957982","126.9045152","37.6197812","N"
"2016","2016-09-10 04","야","토","1","0","0","0","0","서울","강동구","차대사람","횡단중","횡단중","신호위반","단일로","기타단일로","승용차","보행자","971128","1951484","127.1730858","37.56226125","N"
"2016","2016-09-10 05","야","토","1","0","0","0","0","경기","수원시","차대차","측면충돌","측면충돌","안전운전 의무 불이행","교차로","교차로내","자전거","승용차","957299","1916916","127.0185041","37.25014553","N"
"2016","2016-09-10 06","주","토","1","0","0","0","0","경기","용인시","차대사람","기타","기타","안전운전 의무 불이행","단일로","기타단일로","화물차","보행자","975147","1928221","127.2193765","37.35269457","N"
"2016","2016-09-10 09","주","토","1","0","0","0","0","경남","진주시","차대사람","횡단중","횡단중","기타","기타/불명","기타/불명","승합차","보행자","1062067","1683943","128.1814044","35.14880825","N"
"2016","2016-09-10 10","주","토","1","1","0","0","1","경기","용인시","차대차","정면충돌","정면충돌","안전운전 의무 불이행","교차로","교차로부근","화물차","화물차","974009","1913107","127.2070557","37.21642765","N"