"발생년","발생년월일시","주야","요일","사망자수","부상자수","중상자수","경상자수","부상신고자수","발생지시도","발생지시군구","사고유형_대분류","사고유형_중분류","사고유형","가해자법규위반","도로형태_대분류","도로형태","가해자_당사자종별","피해자_당사자종별","발생위치(X_UTMK)","발생위치(Y_UTMK)","경도","위도"," 어린이사고 여부"
"2016","2016-09-24 16","주","토","1","0","0","0","0","전남","광양시","차대차","측면충돌","측면충돌","신호위반","교차로","교차로내","건설기계","원동기장치자전거","1017271","1660524","127.6891284","34.93939915","N"
"2016","2016-09-24 17","주","토","1","0","0","0","0","전북","부안군","차량단독","전도전복","전도전복","안전운전 의무 불이행","단일로","기타단일로","자전거","없음","908202","1738390","126.4861048","35.63739746","N"
"2016","2016-09-24 19","야","토","1","1","1","0","0","대구","달서구","차대차","기타","기타","교차로 통행방법 위반","교차로","교차로내","승용차","이륜차","1091944","1757761","128.5177264","35.81201218","N"
"2016","2016-09-24 21","야","토","1","0","0","0","0","대구","동구","차대사람","횡단중","횡단중","신호위반","단일로","횡단보도부근","화물차","보행자","1107743.7","1764792.8","128.6935309","35.87379074","N"
"2016","2016-09-24 22","야","토","1","1","0","1","0","경남","진주시","차량단독","공작물충돌","공작물충돌","안전운전 의무 불이행","단일로","기타단일로","승용차","없음","1052041","1684443","128.0713705","35.15388562","N"
"2016","2016-09-24 23","야","토","1","0","0","0","0","서울","마포구","차대차","정면충돌","정면충돌","신호위반","교차로","교차로내","승용차","이륜차","950702","1949987","126.9419133","37.54790165","N"
"2016","2016-09-25 00","야","일","1","0","0","0","0","부산","사상구","차대사람","횡단중","횡단중","과속","단일로","기타단일로","승용차","보행자","1135975","1685814.4","128.9929354","35.15839926","N"
"2016","2016-09-25 00","야","일","1","0","0","0","0","경남","창원시(통합)","차량단독","전도전복","전도전복","안전운전 의무 불이행","단일로","기타단일로","승용차","없음","1106223","1698060","128.6679229","35.27238124","N"
"2016","2016-09-25 01","야","일","1","0","0","0","0","대전","대덕구","차대사람","기타","기타","안전운전 의무 불이행","단일로","기타단일로","화물차","보행자","995112","1819029","127.445511","36.36868835","N"
"2016","2016-09-25 02","야","일","1","1","1","0","0","충남","공주시","차대차","기타","기타","과속","단일로","기타단일로","승용차","화물차","961737","1819612","127.0734399","36.37319522","N"
"2016","2016-09-25 04","야","일","1","0","0","0","0","경기","성남시","차대사람","횡단중","횡단중","신호위반","단일로","횡단보도상","승합차","보행자","967112","1937541","127.1282375","37.43645167","N"
"2016","2016-09-25 05","야","일","1","2","0","1","1","충북","충주시","차대사람","횡단중","횡단중","안전운전 의무 불이행","단일로","기타단일로","원동기장치자전거","보행자","1037833","1887185","127.925105","36.98236069","N"
"2016","2016-09-25 09","주","일","1","0","0","0","0","충북","단양군","차량단독","전도전복","전도전복","안전운전 의무 불이행","기타/불명","기타/불명","농기계","없음","1079356","1901452","128.3931394","37.1083657","N"
"2016","2016-09-25 09","주","일","1","1","1","0","0","전북","전주시","차대차","측면충돌","측면충돌","기타","단일로","기타단일로","승용차","승용차","964788","1763783","127.1099498","35.86998269","N"
"2016","2016-09-25 09","주","일","1","0","0","0","0","울산","남구","차량단독","전도전복","전도전복","안전운전 의무 불이행","단일로","기타단일로","자전거","없음","1162666","1729140","129.2944908","35.54490668","N"
"2016","2016-09-25 14","주","일","1","0","0","0","0","경기","가평군","차대사람","기타","기타","안전운전 의무 불이행","교차로","교차로부근","승용차","보행자","988158","1977451","127.3654917","37.79668781","N"
"2016","2016-09-25 16","주","일","1","0","0","0","0","경기","여주시","차량단독","전도전복","전도전복","안전운전 의무 불이행","단일로","기타단일로","이륜차","없음","1013962","1921156","127.6575172","37.28923913","N"
"2016","2016-09-25 22","야","일","1","1","0","1","0","경남","양산시","차대차","측면충돌","측면충돌","신호위반","교차로","교차로내","승용차","승용차","1152832","1715950","129.183566","35.42759324","N"
"2016","2016-09-25 23","야","일","1","0","0","0","0","경기","안산시","차대사람","차도통행중","차도통행중","안전운전 의무 불이행","단일로","기타단일로","승합차","보행자","937306","1925861","126.7923217","37.32963822","N"
"2016","2016-09-25 23","야","일","1","0","0","0","0","대구","북구","차대사람","횡단중","횡단중","안전운전 의무 불이행","단일로","기타단일로","승용차","보행자","1094753","1769124","128.5501651","35.91417822","N"
"2016","2016-09-26 02","야","월","1","1","1","0","0","충북","청주시","차대차","추돌","진행중 추돌","안전운전 의무 불이행","단일로","기타단일로","승용차","화물차","995804.7","1859106.2","127.4530147","36.72999203","N"
"2016","2016-09-26 06","주","월","1","0","0","0","0","경기","화성시","차량단독","공작물충돌","공작물충돌","안전운전 의무 불이행","단일로","기타단일로","승용차","없음","961216","1904864","127.0632971","37.14168175","N"
"2016","2016-09-26 09","주","월","1","0","0","0","0","전남","광양시","차대사람","횡단중","횡단중","안전운전 의무 불이행","교차로","교차로부근","승합차","보행자","1020337","1663130","127.7227663","34.96284171","N"
"2016","2016-09-26 11","주","월","1","0","0","0","0","서울","종로구","차대사람","차도통행중","차도통행중","안전운전 의무 불이행","교차로","교차로내","승용차","보행자","957230","1952873","127.0156437","37.57424004","N"
"2016","2016-09-26 11","주","월","1","1","1","0","0","전북","군산시","차대사람","횡단중","횡단중","안전운전 의무 불이행","교차로","교차로내","승용차","보행자","929642.2","1776193.9","126.7195584","35.97997497","N"
"2016","2016-09-26 13","주","월","1","0","0","0","0","강원","화천군","차량단독","도로이탈","도로이탈 기타","안전운전 의무 불이행","단일로","기타단일로","이륜차","없음","1005099","2006354","127.5581222","38.05725331","N"
"2016","2016-09-26 13","주","월","1","1","1","0","0","충남","부여군","차대차","추돌","진행중 추돌","안전운전 의무 불이행","단일로","기타단일로","화물차","농기계","942448","1808643","126.8592242","36.27334961","N"
"2016","2016-09-26 13","주","월","1","0","0","0","0","충남","부여군","차대차","추돌","진행중 추돌","안전운전 의무 불이행","단일로","기타단일로","화물차","화물차","956482","1805082","127.0156692","36.24198146","N"
"2016","2016-09-26 14","주","월","1","1","1","0","0","제주","서귀포시","차대차","정면충돌","정면충돌","중앙선 침범","단일로","기타단일로","승용차","화물차","898434.5","1478739.1","126.4091373","33.29528748","N"
"2016","2016-09-26 16","주","월","1","0","0","0","0","경남","창녕군","차량단독","전도전복","전도전복","안전운전 의무 불이행","단일로","기타단일로","농기계","없음","1088222","1728071","128.4732773","35.54469502","N"
"2016","2016-09-26 17","주","월","1","5","4","1","0","충남","부여군","차대차","추돌","진행중 추돌","안전운전 의무 불이행","단일로","기타단일로","화물차","승합차","936942","1806203","126.798122","36.25100917","N"
"2016","2016-09-26 19","야","월","1","1","1","0","0","세종","세종시","차대차","추돌","진행중 추돌","안전운전 의무 불이행","단일로","기타단일로","승용차","자전거","980140","1844137","127.2779666","36.59484801","N"
"2016","2016-09-26 19","야","월","1","0","0","0","0","인천","동구","차대사람","횡단중","횡단중","안전운전 의무 불이행","교차로","교차로내","승용차","보행자","926405","1942441","126.6676327","37.47827157","N"
"2016","2016-09-26 22","야","월","1","0","0","0","0","충남","홍성군","차대사람","횡단중","횡단중","보행자 보호의무 위반","단일로","기타단일로","승용차","보행자","924449","1842942","126.655501","36.58129031","N"
"2016","2016-09-26 22","야","월","1","0","0","0","0","경북","포항시","차대차","기타","기타","안전운전 의무 불이행","단일로","기타단일로","승용차","원동기장치자전거","1168615","1790475","129.3730319","36.0966276","N"
"2016","2016-09-27 06","주","화","1","0","0","0","0","서울","성동구","차대사람","횡단중","횡단중","안전운전 의무 불이행","단일로","기타단일로","승용차","보행자","957560","1950040","127.0195447","37.54872076","N"
"2016","2016-09-27 07","주","화","1","0","0","0","0","전북","익산시","차대차","정면충돌","정면충돌","교차로 통행방법 위반","교차로","교차로내","원동기장치자전거","화물차","948117.5","1777096","126.9244251","35.98926585","N"
"2016","2016-09-27 08","주","화","1","0","0","0","0","전남","나주시","차대차","측면충돌","측면충돌","안전운전 의무 불이행","교차로","교차로부근","원동기장치자전거","승합차","928192","1667666","126.7130724","35.00139852","N"
"2016","2016-09-27 09","주","화","1","1","0","1","0","경북","문경시","차대사람","횡단중","횡단중","안전운전 의무 불이행","단일로","기타단일로","이륜차","보행자","1062354","1843318","128.1970261","36.58563349","N"
"2016","2016-09-27 16","주","화","1","0","0","0","0","경북","청송군","차량단독","공작물충돌","공작물충돌","안전운전 의무 불이행","단일로","기타단일로","이륜차","없음","1139124","1811986","129.0493707","36.29516498","N"
"2016","2016-09-27 18","야","화","1","0","0","0","0","서울","용산구","차대사람","횡단중","횡단중","안전운전 의무 불이행","단일로","횡단보도상","승용차","보행자","953094","1950618","126.9689509","37.55371385","N"
"2016","2016-09-27 19","야","화","1","0","0","0","0","부산","사하구","차량단독","공작물충돌","공작물충돌","안전운전 의무 불이행","기타/불명","기타/불명","원동기장치자전거","없음","1132920.1","1680816.3","128.9586","35.11375349","N"
"2016","2016-09-27 21","야","화","1","0","0","0","0","충남","홍성군","차대사람","횡단중","횡단중","안전운전 의무 불이행","단일로","기타단일로","승용차","보행자","926709","1841731","126.6808759","36.57055046","N"
"2016","2016-09-28 01","야","수","1","0","0","0","0","서울","구로구","차대사람","횡단중","횡단중","안전운전 의무 불이행","교차로","교차로부근","승용차","보행자","943065","1943791","126.8559421","37.49161643","N"
"2016","2016-09-28 02","야","수","1","0","0","0","0","광주","남구","차대사람","기타","기타","과속","단일로","기타단일로","승용차","보행자","945002","1682679","126.8962829","35.13782268","N"
"2016","2016-09-28 03","야","수","1","0","0","0","0","대전","유성구","차대차","추돌","진행중 추돌","안전운전 의무 불이행","단일로","기타단일로","화물차","화물차","984503","1818421","127.3272597","36.36309454","N"
"2016","2016-09-28 04","야","수","1","0","0","0","0","경북","포항시","차대사람","횡단중","횡단중","안전운전 의무 불이행","교차로","교차로부근","화물차","보행자","1167445","1783256","129.3585102","36.03177898","N"
"2016","2016-09-28 05","야","수","1","0","0","0","0","서울","강동구","차대사람","횡단중","횡단중","안전운전 의무 불이행","단일로","기타단일로","승용차","보행자","967912","1947789","127.1368337","37.52885023","N"
"2016","2016-09-28 05","야","수","1","0","0","0","0","충남","천안시","차대차","추돌","진행중 추돌","안전운전 의무 불이행","단일로","기타단일로","승용차","화물차","965506","1874009","127.1130131","36.86371616","N"
"2016","2016-09-28 06","주","수","1","0","0","0","0","경기","수원시","차대사람","횡단중","횡단중","안전운전 의무 불이행","단일로","횡단보도상","승용차","보행자","955540","1922117","126.9983593","37.2969433","N"
"2016","2016-09-28 09","주","수","1","1","1","0","0","전북","익산시","차대차","정면충돌","정면충돌","신호위반","교차로","교차로내","이륜차","화물차","950913.4","1772182.1","126.9557451","35.94510896","N"
"2016","2016-09-28 11","주","수","1","1","0","1","0","전남","고흥군","차대차","측면충돌","측면충돌","교차로 통행방법 위반","교차로","교차로내","화물차","화물차","971339","1619674","127.187536","34.57076911","N"
"2016","2016-09-28 11","주","수","1","0","0","0","0","인천","계양구","차량단독","공작물충돌","공작물충돌","안전운전 의무 불이행","단일로","기타단일로","승용차","없음","930301.6","1948020.4","126.7111708","37.52885986","N"
"2016","2016-09-28 11","주","수","1","0","0","0","0","광주","광산구","차량단독","공작물충돌","공작물충돌","안전운전 의무 불이행","단일로","기타단일로","화물차","없음","936348.8","1685433.3","126.8010896","35.16214655","N"
"2016","2016-09-28 14","주","수","1","0","0","0","0","충남","논산시","차량단독","공작물충돌","공작물충돌","안전운전 의무 불이행","단일로","기타단일로","화물차","없음","964085","1787053","127.1011085","36.07975397","N"
"2016","2016-09-28 15","주","수","1","0","0","0","0","경기","파주시","차량단독","공작물충돌","공작물충돌","안전운전 의무 불이행","단일로","기타단일로","원동기장치자전거","없음","937796","1986692","126.79268","37.87793027","N"
"2016","2016-09-28 19","야","수","1","0","0","0","0","충남","아산시","차대사람","횡단중","횡단중","안전운전 의무 불이행","교차로","교차로부근","승용차","보행자","958274","1874192","127.0318698","36.86507394","N"
"2016","2016-09-28 19","야","수","1","0","0","0","0","경북","구미시","차대사람","횡단중","횡단중","보행자 보호의무 위반","단일로","횡단보도상","승용차","보행자","1075349.9","1792606.6","128.3373771","36.12756087","N"
"2016","2016-09-28 23","야","수","1","1","1","0","0","충남","당진시","차대차","정면충돌","정면충돌","중앙선 침범","단일로","기타단일로","승용차","승용차","938751","1876109","126.8126955","36.88128929","N"
"2016","2016-09-29 01","야","목","1","1","1","0","0","경기","수원시","차량단독","공작물충돌","공작물충돌","안전운전 의무 불이행","단일로","지하차도(도로)내","이륜차","없음","952958.8","1920687.2","126.9693274","37.28392863","N"
"2016","2016-09-29 04","야","목","1","1","0","1","0","서울","은평구","차대차","기타","기타","기타","교차로","교차로내","자전거","승용차","948422","1955664","126.9157037","37.59894412","N"
"2016","2016-09-29 04","야","목","1","0","0","0","0","경기","의정부시","차대사람","횡단중","횡단중","신호위반","교차로","교차로내","승용차","보행자","959137","1972744","127.036126","37.75342639","N"
"2016","2016-09-29 06","주","목","1","0","0","0","0","경북","구미시","차대차","측면충돌","측면충돌","신호위반","교차로","교차로부근","승용차","자전거","1082115","1793724","128.4126672","36.13708466","N"
"2016","2016-09-29 06","주","목","1","1","1","0","0","경기","고양시","차량단독","전도전복","전도전복","안전운전 의무 불이행","단일로","기타단일로","이륜차","없음","942956","1961071","126.8533641","37.6473541","N"
"2016","2016-09-29 11","주","목","1","0","0","0","0","경기","수원시","차대사람","횡단중","횡단중","보행자 보호의무 위반","교차로","교차로내","승합차","보행자","959636","1918475","127.0447707","37.26430219","N"
"2016","2016-09-29 12","주","목","1","0","0","0","0","충남","청양군","차대차","측면충돌","측면충돌","기타","교차로","교차로내","화물차","자전거","950917","1817212","126.9529733","36.35106769","N"
"2016","2016-09-29 15","주","목","2","0","0","0","0","경기","부천시","차대차","정면충돌","정면충돌","안전운전 의무 불이행","교차로","교차로내","승용차","이륜차","939183","1942296","126.8121547","37.47789439","N"
"2016","2016-09-29 18","야","목","1","0","0","0","0","경기","용인시","차대사람","차도통행중","차도통행중","안전운전 의무 불이행","단일로","기타단일로","승합차","보행자","964913","1919457","127.1042375","37.27336762","N"
"2016","2016-09-29 19","야","목","1","2","1","1","0","경기","양주시","차대차","측면충돌","측면충돌","중앙선 침범","단일로","기타단일로","승용차","승용차","954284","1980939","126.9805202","37.82705701","N"
"2016","2016-09-29 21","야","목","1","0","0","0","0","충남","아산시","차대차","추돌","진행중 추돌","안전운전 의무 불이행","단일로","기타단일로","승용차","자전거","956685","1862200","127.0147259","36.75690179","N"
"2016","2016-09-29 21","야","목","1","0","0","0","0","경북","경산시","차대사람","차도통행중","차도통행중","안전운전 의무 불이행","단일로","기타단일로","화물차","보행자","1120235","1769907","128.8326439","35.91843405","N"
"2016","2016-09-30 03","야","금","1","0","0","0","0","광주","서구","차대사람","횡단중","횡단중","신호위반","단일로","횡단보도상","승용차","보행자","943251","1684876","126.876912","35.15753507","N"
"2016","2016-09-30 04","야","금","1","0","0","0","0","경기","광주시","차량단독","전도전복","전도전복","안전운전 의무 불이행","교차로","교차로내","원동기장치자전거","없음","981224","1932301","127.2878899","37.38961376","N"
"2016","2016-09-30 05","야","금","1","0","0","0","0","울산","중구","차대사람","횡단중","횡단중","보행자 보호의무 위반","단일로","횡단보도상","승용차","보행자","1166295","1730581","129.3348029","35.55729064","N"
"2016","2016-09-30 08","주","금","1","0","0","0","0","충남","논산시","차대사람","횡단중","횡단중","안전운전 의무 불이행","단일로","기타단일로","승합차","보행자","974425","1800109","127.215524","36.19778915","N"
"2016","2016-09-30 09","주","금","1","0","0","0","0","경기","부천시","차대차","측면충돌","측면충돌","중앙선 침범","단일로","기타단일로","자전거","승합차","935957","1943802","126.7755399","37.49124988","N"
"2016","2016-09-30 10","주","금","1","0","0","0","0","경기","안성시","차대사람","차도통행중","차도통행중","안전운전 의무 불이행","교차로","교차로내","승용차","보행자","979407","1889601","127.2685417","37.00467501","N"
"2016","2016-09-30 10","주","금","1","1","0","0","1","경북","경주시","차대차","정면충돌","정면충돌","중앙선 침범","단일로","기타단일로","승용차","화물차","1145782","1778049","129.1172012","35.98833713","N"
"2016","2016-09-30 11","주","금","1","0","0","0","0","충남","홍성군","차대사람","횡단중","횡단중","안전운전 의무 불이행","단일로","기타단일로","화물차","보행자","925473","1845181","126.6667291","36.6015534","N"
"2016","2016-09-30 11","주","금","1","0","0","0","0","경남","통영시","차대사람","횡단중","횡단중","신호위반","교차로","교차로내","승용차","보행자","1084090","1650091","128.4197391","34.84198837","N"
"2016","2016-09-30 14","주","금","1","0","0","0","0","서울","금천구","차대차","측면충돌","측면충돌","안전거리 미확보","단일로","기타단일로","이륜차","승합차","946763.2","1941233.1","126.8979596","37.46878223","N"
"2016","2016-09-30 16","주","금","1","0","0","0","0","경기","용인시","차대사람","횡단중","횡단중","보행자 보호의무 위반","교차로","교차로부근","승합차","보행자","965030","1919240","127.1055674","37.27141603","N"
"2016","2016-09-30 16","주","금","1","0","0","0","0","충북","충주시","차량단독","전도전복","전도전복","안전운전 의무 불이행","교차로","교차로내","원동기장치자전거","없음","1041091","1899081","127.9623617","37.08945548","N"
"2016","2016-09-30 16","주","금","1","0","0","0","0","충북","단양군","차대차","측면충돌","측면충돌","안전거리 미확보","단일로","기타단일로","승용차","이륜차","1076865","1888371","128.3637693","36.99067025","N"
"2016","2016-09-30 17","주","금","2","1","0","1","0","전북","전주시","차대사람","횡단중","횡단중","보행자 보호의무 위반","교차로","교차로내","특수차","보행자","960869","1764272","127.0665153","35.87424267","Y"
"2016","2016-09-30 20","야","금","1","0","0","0","0","전북","전주시","차대차","기타","기타","안전운전 의무 불이행","교차로","교차로내","승용차","승용차","970298","1759101","127.1711585","35.82795233","N"
"2016","2016-09-30 22","야","금","1","0","0","0","0","인천","남동구","차대차","추돌","진행중 추돌","안전운전 의무 불이행","단일로","기타단일로","승용차","승용차","930536","1937091","126.7148548","37.43037252","N"
"2016","2016-10-01 00","야","토","1","1","1","0","0","전남","순천시","차대사람","횡단중","횡단중","보행자 보호의무 위반","단일로","횡단보도상","승용차","보행자","1001667","1662342","127.5182584","34.95593884","N"
"2016","2016-10-01 02","야","토","1","0","0","0","0","대전","중구","차대차","측면충돌","측면충돌","안전운전 의무 불이행","교차로","교차로부근","승용차","자전거","991897","1816665","127.4096965","36.34735424","N"
"2016","2016-10-01 03","야","토","3","6","2","4","0","대구","달서구","차대차","측면충돌","측면충돌","신호위반","교차로","교차로내","승용차","승용차","1093022","1759336","128.5298405","35.82610881","N"
"2016","2016-10-01 05","야","토","1","7","4","3","0","충북","청주시","차량단독","도로이탈","도로이탈 추락","안전운전 의무 불이행","단일로","기타단일로","화물차","없음","1001040","1850930","127.5116364","36.65629314","N"
"2016","2016-10-01 05","야","토","1","0","0","0","0","경남","창원시(통합)","차대차","정면충돌","정면충돌","중앙선 침범","단일로","기타단일로","승용차","원동기장치자전거","1109229","1682012","128.6988395","35.12738239","N"
"2016","2016-10-01 08","주","토","1","0","0","0","0","경북","칠곡군","차량단독","기타","기타","안전운전 의무 불이행","단일로","기타단일로","자전거","없음","1089839","1767815","128.4955621","35.90284192","N"
"2016","2016-10-01 12","주","토","1","0","0","0","0","충북","충주시","차대사람","횡단중","횡단중","안전운전 의무 불이행","교차로","교차로부근","승용차","보행자","1038884","1887750","127.9369432","36.98741084","N"
"2016","2016-10-01 13","주","토","1","0","0","0","0","부산","영도구","차대사람","기타","기타","신호위반","단일로","기타단일로","건설기계","보행자","1140363.8","1678815.7","129.0399187","35.09470978","N"
"2016","2016-10-01 13","주","토","1","0","0","0","0","경북","청송군","차량단독","전도전복","전도전복","안전운전 의무 불이행","단일로","기타단일로","화물차","없음","1144624","1814232","129.111017","36.31459644","N"
"2016","2016-10-01 14","주","토","1","0","0","0","0","경기","부천시","차대사람","길가장자리구역통행중","길가장자리구역통행중","안전운전 의무 불이행","단일로","고가도로위","건설기계","보행자","936011","1943024","126.7762184","37.48424154","N"
"2016","2016-10-01 15","주","토","1","0","0","0","0","충북","청주시","차대차","기타","기타","안전운전 의무 불이행","교차로","교차로부근","승합차","자전거","1003230","1858722","127.5361728","36.7265323","N"
"2016","2016-10-01 16","주","토","1","0","0","0","0","부산","사하구","차대차","측면충돌","측면충돌","안전운전 의무 불이행","기타/불명","기타/불명","승용차","이륜차","1133137","1679527","128.960772","35.10210264","N"
"2016","2016-10-01 16","주","토","1","7","3","4","0","경북","문경시","차대차","추돌","진행중 추돌","안전운전 의무 불이행","단일로","기타단일로","건설기계","화물차","1054636.5","1855268.2","128.1116115","36.69383137","N"
"2016","2016-10-01 18","야","토","1","0","0","0","0","충남","청양군","차대차","추돌","진행중 추돌","과속","교차로","교차로부근","화물차","농기계","942953","1814771","126.8643984","36.32862312","N"
"2016","2016-10-01 23","야","토","1","0","0","0","0","인천","옹진군","차대사람","길가장자리구역통행중","길가장자리구역통행중","안전운전 의무 불이행","단일로","기타단일로","승용차","보행자","756184","2000094","124.7244367","37.96808669","N"
"2016","2016-10-02 00","야","일","1","0","0","0","0","경북","상주시","차대사람","횡단중","횡단중","안전운전 의무 불이행","단일로","기타단일로","승용차","보행자","1059165","1823659","128.1598746","36.40861875","N"
"2016","2016-10-02 01","야","일","1","1","1","0","0","강원","동해시","차량단독","공작물충돌","공작물충돌","안전운전 의무 불이행","단일로","기타단일로","승용차","없음","1143676","1946865","129.1256342","37.50989167","N"
"2016","2016-10-02 01","야","일","1","0","0","0","0","충남","공주시","차량단독","공작물충돌","공작물충돌","안전운전 의무 불이행","단일로","기타단일로","화물차","없음","977863","1821314","127.2531638","36.38904586","N"
"2016","2016-10-02 03","야","일","1","2","2","0","0","경기","김포시","차대차","측면충돌","측면충돌","신호위반","교차로","교차로내","이륜차","승용차","931331.9","1955405.2","126.7221388","37.59549444","N"
"2016","2016-10-02 04","야","일","1","0","0","0","0","광주","북구","차대사람","횡단중","횡단중","안전운전 의무 불이행","교차로","교차로내","승용차","보행자","945231","1684971","126.8986445","35.15850151","N"
"2016","2016-10-02 10","주","일","1","0","0","0","0","경북","안동시","차대차","정면충돌","정면충돌","신호위반","교차로","교차로내","승용차","화물차","1110610","1840297","128.7359344","36.55403095","N"
"2016","2016-10-02 14","주","일","1","0","0","0","0","충북","괴산군","차량단독","전도전복","전도전복","안전운전 의무 불이행","교차로","교차로부근","이륜차","없음","1044628","1862314","127.9999903","36.75786854","N"
"2016","2016-10-02 14","주","일","1","0","0","0","0","광주","동구","차대차","기타","기타","신호위반","교차로","교차로내","원동기장치자전거","승용차","949175","1677559","126.9424028","35.09187599","N"
"2016","2016-10-02 15","주","일","1","1","1","0","0","경남","거제시","차량단독","전도전복","전도전복","안전운전 의무 불이행","단일로","기타단일로","승용차","없음","1104401","1642863","128.640958","34.77493878","N"
"2016","2016-10-02 17","주","일","3","2","2","0","0","충남","부여군","차대차","측면충돌","측면충돌","중앙선 침범","단일로","기타단일로","화물차","승용차","927213","1810860","126.689407","36.29230596","Y"
"2016","2016-10-02 17","주","일","1","0","0","0","0","제주","제주시","차대차","정면충돌","정면충돌","안전운전 의무 불이행","단일로","기타단일로","이륜차","화물차","940403.3","1502648.3","126.8582859","33.51406903","N"
"2016","2016-10-02 18","야","일","1","0","0","0","0","서울","영등포구","차대사람","기타","기타","안전운전 의무 불이행","단일로","기타단일로","승합차","보행자","947380","1946361","126.9045677","37.51503631","N"
"2016","2016-10-02 18","야","일","1","0","0","0","0","경남","창녕군","차량단독","기타","기타","안전운전 의무 불이행","단일로","기타단일로","이륜차","없음","1092037","1715006","128.5138786","35.42656313","N"
"2016","2016-10-02 19","야","일","1","0","0","0","0","충남","청양군","차대사람","기타","기타","안전운전 의무 불이행","단일로","기타단일로","승용차","보행자","936377","1818228","126.7908528","36.35937499","N"
"2016","2016-10-02 19","야","일","1","0","0","0","0","인천","서구","차대사람","횡단중","횡단중","신호위반","단일로","횡단보도상","화물차","보행자","927381","1951995","126.6777258","37.5644562","N"
"2016","2016-10-02 21","야","일","1","0","0","0","0","전북","전주시","차대사람","기타","기타","안전운전 의무 불이행","단일로","기타단일로","승용차","보행자","965640.8","1757394.4","127.1196713","35.81241347","N"
"2016","2016-10-02 22","야","일","1","0","0","0","0","충북","제천시","차대사람","횡단중","횡단중","과속","단일로","기타단일로","승용차","보행자","1066832","1905611","128.252567","37.14683061","N"
"2016","2016-10-03 00","야","월","1","0","0","0","0","인천","연수구","차대차","기타","기타","안전운전 의무 불이행","단일로","기타단일로","승용차","원동기장치자전거","928901.5","1936295.7","126.6964585","37.42308042","N"
"2016","2016-10-03 02","야","월","1","0","0","0","0","서울","관악구","차대사람","길가장자리구역통행중","길가장자리구역통행중","안전운전 의무 불이행","단일로","기타단일로","승용차","보행자","951179.5","1942638.2","126.9478069","37.48169069","N"
"2016","2016-10-03 04","야","월","1","0","0","0","0","서울","영등포구","차대사람","차도통행중","차도통행중","안전운전 의무 불이행","단일로","기타단일로","화물차","보행자","945847.7","1949656.8","126.8869864","37.54465302","N"
"2016","2016-10-03 05","야","월","1","0","0","0","0","서울","종로구","차대사람","차도통행중","차도통행중","안전운전 의무 불이행","교차로","교차로부근","승용차","보행자","957208","1953169","127.0153773","37.57690693","N"
"2016","2016-10-03 05","야","월","1","0","0","0","0","서울","은평구","차대차","측면충돌","측면충돌","안전운전 의무 불이행","교차로","교차로내","자전거","화물차","948463","1956799","126.9160882","37.60917622","N"
"2016","2016-10-03 09","주","월","1","0","0","0","0","경기","고양시","차대사람","횡단중","횡단중","안전운전 의무 불이행","교차로","교차로부근","승용차","보행자","933621","1966220","126.747084","37.69313267","N"
"2016","2016-10-03 17","주","월","1","1","1","0","0","전남","순천시","차대차","추돌","진행중 추돌","안전운전 의무 불이행","단일로","기타단일로","화물차","원동기장치자전거","992067","1652275","127.4132068","34.86512931","N"
"2016","2016-10-03 19","야","월","1","0","0","0","0","충남","태안군","차대사람","횡단중","횡단중","안전운전 의무 불이행","교차로","교차로내","승용차","보행자","891815","1859946","126.2883857","36.73140428","N"
"2016","2016-10-03 19","야","월","1","0","0","0","0","전북","전주시","차대차","측면충돌","측면충돌","안전운전 의무 불이행","교차로","교차로내","자전거","승용차","967951.9","1758588.4","127.1452049","35.82325684","N"
"2016","2016-10-03 20","야","월","1","0","0","0","0","전남","순천시","차대사람","횡단중","횡단중","안전운전 의무 불이행","교차로","교차로내","승용차","보행자","1000837","1661865.6","127.509167","34.95164392","N"
"2016","2016-10-03 20","야","월","1","0","0","0","0","대구","남구","차대사람","기타","기타","안전운전 의무 불이행","단일로","기타단일로","승용차","보행자","1096751","1760208.7","128.5712234","35.83361508","N"
"2016","2016-10-03 21","야","월","1","0","0","0","0","전북","진안군","차대차","추돌","진행중 추돌","안전운전 의무 불이행","단일로","기타단일로","승용차","농기계","990926","1744405","127.3997043","35.69585682","N"
"2016","2016-10-03 22","야","월","1","0","0","0","0","전북","전주시","차대차","정면충돌","정면충돌","기타","교차로","교차로내","승용차","이륜차","965301.8","1759058.7","127.1158466","35.82740689","N"
"2016","2016-10-04 00","야","화","1","0","0","0","0","경북","경산시","차량단독","전도전복","전도전복","안전운전 의무 불이행","단일로","기타단일로","이륜차","없음","1123587","1752788","128.8671362","35.76371209","N"
"2016","2016-10-04 01","야","화","1","0","0","0","0","서울","강남구","차대차","기타","기타","신호위반","교차로","교차로내","승용차","이륜차","958811","1947010","127.0338766","37.5214672","N"
"2016","2016-10-04 01","야","화","1","2","1","1","0","경기","용인시","차대차","측면충돌","측면충돌","신호위반","교차로","교차로내","이륜차","승합차","966458","1925226","127.1214034","37.32542507","N"
"2016","2016-10-04 05","야","화","1","0","0","0","0","서울","서초구","차대사람","횡단중","횡단중","안전운전 의무 불이행","단일로","기타단일로","승용차","보행자","957354","1943006","127.017621","37.48531156","N"
"2016","2016-10-04 07","주","화","1","3","2","1","0","충북","청주시","차대차","측면충돌","측면충돌","과속","단일로","기타단일로","승용차","승용차","999125.5","1845366.4","127.4902217","36.60613751","N"