"발생년","발생년월일시","주야","요일","사망자수","부상자수","중상자수","경상자수","부상신고자수","발생지시도","발생지시군구","사고유형_대분류","사고유형_중분류","사고유형","가해자법규위반","도로형태_대분류","도로형태","가해자_당사자종별","피해자_당사자종별","발생위치(X_UTMK)","발생위치(Y_UTMK)","경도","위도"," 어린이사고 여부"
"2016","2016-10-04 08","주","화","1","0","0","0","0","부산","북구","차대사람","횡단중","횡단중","안전운전 의무 불이행","단일로","횡단보도상","승합차","보행자","1136835","1691516","129.0033212","35.20967709","N"
"2016","2016-10-04 13","주","화","1","4","0","4","0","충남","홍성군","차대차","추돌","진행중 추돌","안전운전 의무 불이행","단일로","기타단일로","화물차","화물차","915317","1847722","126.5529101","36.62360946","N"
"2016","2016-10-04 19","야","화","1","0","0","0","0","경기","부천시","차대차","정면충돌","정면충돌","신호위반","교차로","교차로내","승용차","이륜차","937402","1945250","126.7917615","37.50439978","N"
"2016","2016-10-04 19","야","화","1","0","0","0","0","경북","봉화군","차대사람","기타","기타","안전운전 의무 불이행","단일로","기타단일로","화물차","보행자","1110429","1883574","128.7401745","36.94409469","N"
"2016","2016-10-04 19","야","화","1","0","0","0","0","경남","합천군","차대사람","횡단중","횡단중","안전운전 의무 불이행","단일로","기타단일로","승용차","보행자","1047142","1725027","128.0199239","35.52005573","N"
"2016","2016-10-04 19","야","화","1","0","0","0","0","경남","함안군","차대사람","기타","기타","안전운전 의무 불이행","교차로","교차로부근","화물차","보행자","1077846","1694714","128.355637","35.24482318","N"
"2016","2016-10-04 20","야","화","1","0","0","0","0","전남","완도군","차량단독","전도전복","전도전복","안전운전 의무 불이행","단일로","기타단일로","농기계","없음","944415","1576910","126.8967911","34.18402507","N"
"2016","2016-10-04 22","야","화","1","0","0","0","0","강원","홍천군","차대사람","횡단중","횡단중","안전운전 의무 불이행","단일로","기타단일로","승용차","보행자","1035635","1966010","127.9041976","37.69295081","N"
"2016","2016-10-05 01","야","수","1","1","0","1","0","경남","거제시","차대차","측면충돌","측면충돌","신호위반","교차로","교차로내","승용차","이륜차","1104353","1656320","128.642108","34.89627054","N"
"2016","2016-10-05 03","야","수","1","4","1","3","0","경기","성남시","차대차","기타","기타","안전운전 의무 불이행","단일로","기타단일로","화물차","승용차","966863","1936530","127.1254683","37.42733006","N"
"2016","2016-10-05 05","야","수","1","0","0","0","0","강원","원주시","차대사람","기타","기타","안전운전 의무 불이행","단일로","횡단보도상","승용차","보행자","1029323.5","1924493.9","127.8309532","37.31896885","N"
"2016","2016-10-05 06","주","수","1","0","0","0","0","광주","광산구","차대사람","횡단중","횡단중","안전운전 의무 불이행","교차로","교차로부근","승용차","보행자","940491","1691573","126.8461262","35.21775943","N"
"2016","2016-10-05 07","주","수","1","0","0","0","0","부산","강서구","차량단독","공작물충돌","공작물충돌","안전운전 의무 불이행","단일로","기타단일로","승합차","없음","1129283.2","1678200.2","128.9182928","35.09064422","N"
"2016","2016-10-05 09","주","수","1","0","0","0","0","서울","광진구","차대사람","횡단중","횡단중","보행자 보호의무 위반","교차로","교차로내","화물차","보행자","962319","1948626","127.0734916","37.53618281","N"
"2016","2016-10-05 10","주","수","2","5","3","2","0","경기","용인시","차대사람","보도통행중","보도통행중","기타","단일로","기타단일로","화물차","보행자","972794","1915217","127.1932846","37.23541243","N"
"2016","2016-10-05 12","주","수","1","0","0","0","0","서울","노원구","차대사람","횡단중","횡단중","안전운전 의무 불이행","교차로","교차로부근","화물차","보행자","960635","1964394","127.0535825","37.67823302","N"
"2016","2016-10-05 13","주","수","1","3","2","1","0","충남","당진시","차대차","추돌","진행중 추돌","안전운전 의무 불이행","단일로","기타단일로","승용차","화물차","936131","1885025","126.7825447","36.96148303","N"
"2016","2016-10-05 14","주","수","1","1","1","0","0","제주","제주시","차대차","측면충돌","측면충돌","기타","교차로","교차로내","승용차","화물차","906332.3","1499555.8","126.4917865","33.48373668","N"
"2016","2016-10-05 17","주","수","1","1","1","0","0","충북","진천군","차대차","정면충돌","정면충돌","중앙선 침범","교차로","교차로부근","원동기장치자전거","화물차","999439","1877990","127.4937032","36.90023313","N"
"2016","2016-10-05 18","야","수","1","0","0","0","0","전북","고창군","차대사람","횡단중","횡단중","과속","교차로","교차로부근","승용차","보행자","927340","1721101","126.6990127","35.48311839","N"
"2016","2016-10-05 19","야","수","1","0","0","0","0","전북","군산시","차대사람","횡단중","횡단중","보행자 보호의무 위반","단일로","횡단보도상","화물차","보행자","929020","1777273","126.7125606","35.98965809","N"
"2016","2016-10-05 23","야","수","1","0","0","0","0","경기","남양주시","차량단독","전도전복","전도전복","안전운전 의무 불이행","단일로","기타단일로","승용차","없음","976400","1958395","127.2325565","37.62470323","N"
"2016","2016-10-06 00","야","목","1","0","0","0","0","충북","제천시","차대사람","기타","기타","안전운전 의무 불이행","단일로","기타단일로","승용차","보행자","1063559","1903678","128.2155497","37.12963576","N"
"2016","2016-10-06 01","야","목","1","1","0","0","1","경기","안양시","차대차","추돌","진행중 추돌","안전운전 의무 불이행","단일로","기타단일로","화물차","화물차","950231.8","1931054.6","126.9378695","37.37723319","N"
"2016","2016-10-06 05","야","목","1","1","0","1","0","서울","구로구","차대차","정면충돌","정면충돌","중앙선 침범","단일로","기타단일로","이륜차","승용차","940713","1944426","126.8292864","37.49719169","N"
"2016","2016-10-06 05","야","목","1","0","0","0","0","충남","공주시","차량단독","공작물충돌","공작물충돌","안전운전 의무 불이행","단일로","기타단일로","화물차","없음","965872","1838390","127.1187086","36.54263558","N"
"2016","2016-10-06 06","주","목","1","0","0","0","0","강원","속초시","차대차","측면충돌","측면충돌","안전운전 의무 불이행","교차로","교차로내","자전거","승용차","1095094","2023657","128.5861706","38.20818935","N"
"2016","2016-10-06 06","주","목","2","1","1","0","0","전남","무안군","차대차","정면충돌","정면충돌","중앙선 침범","단일로","기타단일로","승용차","승용차","899423","1671575","126.3973709","35.03418815","N"
"2016","2016-10-06 10","주","목","1","0","0","0","0","대구","북구","차대차","측면충돌","측면충돌","안전운전 의무 불이행","교차로","교차로내","승용차","자전거","1099201.9","1769924.2","128.599565","35.92095021","N"
"2016","2016-10-06 17","주","목","1","0","0","0","0","전북","전주시","차대차","측면충돌","측면충돌","안전운전 의무 불이행","단일로","횡단보도상","승합차","자전거","966977","1760043","127.1343521","35.8363392","N"
"2016","2016-10-06 18","야","목","1","0","0","0","0","제주","서귀포시","차대사람","횡단중","횡단중","안전운전 의무 불이행","단일로","기타단일로","승용차","보행자","944194","1495001","126.8995767","33.44530133","N"
"2016","2016-10-06 19","야","목","1","3","0","3","0","전남","장흥군","차대차","추돌","진행중 추돌","안전운전 의무 불이행","단일로","기타단일로","화물차","화물차","948714","1620215","126.9408522","34.57476711","N"
"2016","2016-10-06 20","야","목","1","1","1","0","0","충북","청주시","차대차","측면충돌","측면충돌","과속","교차로","교차로내","승용차","화물차","986907","1849696","127.3535261","36.6450792","N"
"2016","2016-10-06 20","야","목","1","0","0","0","0","경북","울릉군","차량단독","전도전복","전도전복","안전운전 의무 불이행","교차로","교차로부근","이륜차","없음","1296967","1953740","130.8608095","37.53518822","N"
"2016","2016-10-06 21","야","목","1","0","0","0","0","경기","시흥시","차대사람","횡단중","횡단중","안전운전 의무 불이행","단일로","횡단보도상","승용차","보행자","935724","1927745","126.7743023","37.34651092","N"
"2016","2016-10-06 21","야","목","1","0","0","0","0","경남","고성군","차대사람","횡단중","횡단중","과속","단일로","기타단일로","승용차","보행자","1074296","1664452","128.3139037","34.97223953","N"
"2016","2016-10-06 23","야","목","1","0","0","0","0","충남","아산시","차량단독","전도전복","전도전복","과속","기타/불명","기타/불명","승용차","없음","947287","1866124","126.9091698","36.7917979","N"
"2016","2016-10-06 23","야","목","1","0","0","0","0","인천","미추홀구","차대사람","횡단중","횡단중","안전운전 의무 불이행","단일로","횡단보도상","승용차","보행자","925596","1939861","126.6587443","37.45495388","N"
"2016","2016-10-07 00","야","금","1","0","0","0","0","경남","창원시(통합)","차대사람","횡단중","횡단중","안전운전 의무 불이행","교차로","교차로내","승용차","보행자","1098850","1693499","128.5863214","35.2320172","N"
"2016","2016-10-07 01","야","금","1","0","0","0","0","인천","미추홀구","차대사람","횡단중","횡단중","과속","단일로","기타단일로","승용차","보행자","925308.9","1941114.5","126.6553715","37.46622821","N"
"2016","2016-10-07 04","야","금","1","1","1","0","0","서울","서초구","차대차","기타","기타","안전운전 의무 불이행","단일로","기타단일로","승용차","승용차","959830","1939882","127.0457972","37.45726464","N"
"2016","2016-10-07 04","야","금","1","0","0","0","0","대전","동구","차대사람","횡단중","횡단중","안전운전 의무 불이행","단일로","횡단보도상","승용차","보행자","996680","1810304","127.4630275","36.29003528","N"
"2016","2016-10-07 05","야","금","2","1","0","1","0","경기","평택시","차대사람","기타","기타","안전운전 의무 불이행","교차로","교차로내","승용차","보행자","960078","1883096","127.0516391","36.94541523","N"
"2016","2016-10-07 05","야","금","1","0","0","0","0","경남","창원시(통합)","차대사람","횡단중","횡단중","보행자 보호의무 위반","단일로","기타단일로","승용차","보행자","1097527","1691326","128.5715269","35.21255606","N"
"2016","2016-10-07 06","주","금","1","0","0","0","0","부산","부산진구","차대차","측면충돌","측면충돌","안전운전 의무 불이행","단일로","기타단일로","화물차","자전거","1142982.7","1687738.4","129.0701846","35.17476938","N"
"2016","2016-10-07 07","주","금","1","0","0","0","0","경북","성주군","차량단독","전도전복","전도전복","안전운전 의무 불이행","단일로","기타단일로","이륜차","없음","1061913","1765981","128.1859784","35.88847438","N"
"2016","2016-10-07 08","주","금","1","0","0","0","0","경기","평택시","차대차","측면충돌","측면충돌","중앙선 침범","단일로","기타단일로","원동기장치자전거","승용차","963542","1899672","127.0897395","37.09497457","N"
"2016","2016-10-07 09","주","금","1","0","0","0","0","제주","제주시","차대사람","횡단중","횡단중","안전운전 의무 불이행","단일로","기타단일로","승합차","보행자","908651.6","1502581.1","126.5164391","33.51122038","N"
"2016","2016-10-07 13","주","금","1","0","0","0","0","경기","광명시","차대차","측면충돌","측면충돌","중앙선 침범","단일로","기타단일로","화물차","이륜차","944744","1933807","126.8756825","37.40173055","N"
"2016","2016-10-07 13","주","금","1","0","0","0","0","경기","하남시","차대차","기타","기타","중앙선 침범","교차로","교차로부근","화물차","원동기장치자전거","975740","1945909","127.2254906","37.512144","N"
"2016","2016-10-07 13","주","금","1","0","0","0","0","충남","서산시","차량단독","전도전복","전도전복","안전운전 의무 불이행","단일로","기타단일로","이륜차","없음","911712","1865588","126.510535","36.784318","N"
"2016","2016-10-07 18","야","금","1","1","0","1","0","전북","익산시","차대차","추돌","진행중 추돌","안전운전 의무 불이행","교차로","교차로내","승용차","화물차","950772.5","1777134.1","126.9538756","35.98974703","N"
"2016","2016-10-07 19","야","금","1","0","0","0","0","서울","서대문구","차대사람","기타","기타","안전운전 의무 불이행","단일로","횡단보도부근","승용차","보행자","951032","1954421","126.9453527","37.58788351","N"
"2016","2016-10-07 19","야","금","1","1","1","0","0","경북","청송군","차대차","정면충돌","정면충돌","중앙선 침범","단일로","기타단일로","승용차","화물차","1128587","1811986","128.9320586","36.2966279","N"
"2016","2016-10-07 20","야","금","2","0","0","0","0","충남","부여군","차량단독","전도전복","전도전복","안전운전 의무 불이행","단일로","기타단일로","승용차","없음","954985","1806634","126.9989196","36.25590448","N"
"2016","2016-10-07 21","야","금","1","3","2","1","0","충남","천안시","차대차","정면충돌","정면충돌","중앙선 침범","기타/불명","기타/불명","승용차","승용차","975087","1878876","127.2203406","36.90789107","N"
"2016","2016-10-07 22","야","금","1","0","0","0","0","경기","하남시","차대사람","횡단중","횡단중","안전운전 의무 불이행","단일로","기타단일로","승용차","보행자","972365","1951989","127.187073","37.56685098","N"
"2016","2016-10-08 00","야","토","1","0","0","0","0","서울","중구","차대사람","횡단중","횡단중","안전운전 의무 불이행","단일로","기타단일로","승합차","보행자","957485.2","1951925.4","127.0185886","37.56571092","N"
"2016","2016-10-08 00","야","토","2","0","0","0","0","충북","단양군","차대차","측면충돌","측면충돌","안전운전 의무 불이행","교차로","교차로내","승용차","승합차","1071399","1893127","128.3028017","37.03396961","N"
"2016","2016-10-08 01","야","토","1","1","1","0","0","전북","전주시","차대사람","횡단중","횡단중","안전운전 의무 불이행","단일로","기타단일로","승용차","보행자","965807.8","1758813.3","127.1214591","35.82521214","N"
"2016","2016-10-08 03","야","토","1","0","0","0","0","충북","청주시","차대차","추돌","진행중 추돌","안전운전 의무 불이행","단일로","기타단일로","화물차","화물차","995430","1858424","127.4488224","36.72384037","N"
"2016","2016-10-08 04","야","토","1","0","0","0","0","경기","평택시","차대사람","횡단중","횡단중","안전운전 의무 불이행","단일로","교량위","화물차","보행자","963299","1887658","127.0875913","36.98666928","N"
"2016","2016-10-08 06","주","토","1","4","3","1","0","경기","양평군","차대차","기타","기타","안전운전 의무 불이행","단일로","기타단일로","승용차","승용차","995037","1945802","127.4438426","37.51148517","N"
"2016","2016-10-08 08","주","토","1","0","0","0","0","경북","예천군","차대차","측면충돌","측면충돌","안전운전 의무 불이행","교차로","교차로내","승용차","원동기장치자전거","1075334","1837254","128.3415175","36.5300351","N"
"2016","2016-10-08 09","주","토","1","1","1","0","0","충남","공주시","차대차","추돌","진행중 추돌","안전운전 의무 불이행","단일로","기타단일로","건설기계","화물차","968224","1823579","127.145594","36.40919476","N"
"2016","2016-10-08 13","주","토","1","0","0","0","0","충북","옥천군","차대사람","기타","기타","안전운전 의무 불이행","단일로","기타단일로","승합차","보행자","1013401","1810305","127.6492373","36.28995688","N"
"2016","2016-10-08 13","주","토","1","0","0","0","0","경북","칠곡군","차대사람","기타","기타","중앙선 침범","단일로","기타단일로","화물차","보행자","1083715","1779729","128.4289634","36.01078792","N"
"2016","2016-10-08 14","주","토","1","0","0","0","0","서울","서대문구","차대사람","횡단중","횡단중","안전운전 의무 불이행","단일로","기타단일로","승합차","보행자","949128","1952038","126.9239531","37.566302","N"
"2016","2016-10-08 19","야","토","1","0","0","0","0","서울","강동구","차대차","기타","기타","신호위반","교차로","교차로내","승용차","원동기장치자전거","968585","1950653","127.1443278","37.55468787","N"
"2016","2016-10-09 01","야","일","1","0","0","0","0","인천","미추홀구","차대사람","차도통행중","차도통행중","안전운전 의무 불이행","단일로","기타단일로","화물차","보행자","925355","1938578","126.6561496","37.44337108","N"
"2016","2016-10-09 02","야","일","1","0","0","0","0","부산","중구","차대사람","기타","기타","중앙선 침범","단일로","기타단일로","승용차","보행자","1138754.2","1679736.8","129.0224199","35.10323564","N"
"2016","2016-10-09 06","주","일","1","0","0","0","0","부산","부산진구","차대사람","횡단중","횡단중","안전운전 의무 불이행","단일로","횡단보도상","승용차","보행자","1141636.8","1686405","129.0551804","35.16294098","N"
"2016","2016-10-09 10","주","일","1","3","0","3","0","경북","포항시","차대차","기타","기타","안전운전 의무 불이행","단일로","기타단일로","승용차","승용차","1176460","1778691","129.4575009","35.98905312","N"
"2016","2016-10-09 10","주","일","1","0","0","0","0","경남","함양군","차대차","측면충돌","측면충돌","교차로 통행방법 위반","단일로","기타단일로","이륜차","승용차","1025917","1725013","127.785839","35.52071134","N"
"2016","2016-10-09 14","주","일","1","0","0","0","0","경남","밀양시","차량단독","전도전복","전도전복","안전운전 의무 불이행","단일로","기타단일로","자전거","없음","1114903","1719871","128.7664077","35.46804172","N"
"2016","2016-10-09 15","주","일","1","0","0","0","0","전남","광양시","차대차","측면충돌","측면충돌","신호위반","교차로","교차로내","원동기장치자전거","화물차","1020082","1669294","127.7201219","35.01842998","N"
"2016","2016-10-09 16","주","일","1","0","0","0","0","경북","안동시","차량단독","전도전복","전도전복","안전운전 의무 불이행","단일로","기타단일로","승용차","없음","1103819","1842943","128.6604244","36.57864231","N"
"2016","2016-10-09 18","야","일","1","0","0","0","0","경기","수원시","차대사람","횡단중","횡단중","안전운전 의무 불이행","교차로","교차로내","이륜차","보행자","954000","1919701","126.9811337","37.27509146","N"
"2016","2016-10-09 18","야","일","1","0","0","0","0","전북","남원시","차대차","측면충돌","측면충돌","과속","교차로","교차로내","승용차","농기계","988303","1704708","127.3712847","35.33789534","N"
"2016","2016-10-09 23","야","일","1","0","0","0","0","경기","포천시","차대사람","횡단중","횡단중","안전운전 의무 불이행","단일로","기타단일로","승용차","보행자","981151","1983872","127.2857353","37.85444321","N"
"2016","2016-10-10 00","야","월","1","0","0","0","0","경북","구미시","차대사람","횡단중","횡단중","안전운전 의무 불이행","교차로","교차로부근","승용차","보행자","1076361","1794850","128.3488303","36.14770548","N"
"2016","2016-10-10 00","야","월","1","0","0","0","0","대구","동구","차대사람","기타","기타","과속","단일로","기타단일로","승용차","보행자","1102321","1769390","128.6340627","35.91581319","N"
"2016","2016-10-10 05","야","월","1","0","0","0","0","경북","안동시","차대사람","횡단중","횡단중","안전운전 의무 불이행","교차로","교차로내","승용차","보행자","1111547","1841194","128.7465319","36.5620066","N"
"2016","2016-10-10 05","야","월","1","0","0","0","0","광주","광산구","차대차","기타","기타","신호위반","교차로","교차로내","승용차","승합차","936584","1683417","126.8038269","35.14398136","N"
"2016","2016-10-10 06","주","월","1","0","0","0","0","경기","여주시","차대차","측면충돌","측면충돌","안전운전 의무 불이행","단일로","기타단일로","승용차","농기계","1011388","1926150","127.6285544","37.33428979","N"
"2016","2016-10-10 06","주","월","1","0","0","0","0","충북","제천시","차대사람","횡단중","횡단중","안전운전 의무 불이행","기타/불명","기타/불명","화물차","보행자","1064074","1906147","128.2215585","37.15185496","N"
"2016","2016-10-10 06","주","월","1","0","0","0","0","전남","영암군","차대차","측면충돌","측면충돌","기타","교차로","교차로내","이륜차","화물차","926693","1647238","126.6984389","34.81709799","N"
"2016","2016-10-10 07","주","월","1","0","0","0","0","전남","신안군","차대차","기타","기타","안전운전 의무 불이행","교차로","교차로내","화물차","승용차","884656","1651279","126.2383185","34.84963406","N"
"2016","2016-10-10 08","주","월","1","0","0","0","0","경기","수원시","차대사람","횡단중","횡단중","보행자 보호의무 위반","교차로","교차로내","화물차","보행자","957296","1920581","127.0182598","37.28318062","N"
"2016","2016-10-10 09","주","월","1","0","0","0","0","충남","부여군","차대차","측면충돌","측면충돌","과속","단일로","기타단일로","승용차","자전거","946127","1808927","126.900164","36.27612232","N"
"2016","2016-10-10 09","주","월","1","0","0","0","0","전남","강진군","차대차","기타","기타","안전거리 미확보","단일로","기타단일로","화물차","원동기장치자전거","933385.7","1627298.9","126.7731889","34.63776486","N"
"2016","2016-10-10 09","주","월","1","2","2","0","0","광주","동구","차대차","기타","기타","과속","교차로","교차로부근","화물차","승용차","948908","1678726","126.9394017","35.10238516","N"
"2016","2016-10-10 11","주","월","1","2","1","1","0","인천","중구","차대차","추돌","진행중 추돌","안전운전 의무 불이행","교차로","교차로부근","화물차","승용차","923104","1941430","126.6304075","37.46889087","N"
"2016","2016-10-10 17","주","월","1","0","0","0","0","충남","천안시","차대사람","차도통행중","차도통행중","안전운전 의무 불이행","단일로","기타단일로","승합차","보행자","966344","1879364","127.1221766","36.91201853","N"
"2016","2016-10-10 17","주","월","1","0","0","0","0","경남","남해군","차대사람","횡단중","횡단중","안전운전 의무 불이행","단일로","기타단일로","승용차","보행자","1049994","1638942","128.0461691","34.74370224","N"
"2016","2016-10-10 17","주","월","1","0","0","0","0","인천","강화군","차대차","측면충돌","측면충돌","안전운전 의무 불이행","단일로","기타단일로","이륜차","승합차","908877","1974194","126.4654577","37.76286736","N"
"2016","2016-10-10 18","야","월","1","0","0","0","0","서울","도봉구","차대차","측면충돌","측면충돌","신호위반","교차로","교차로내","원동기장치자전거","승용차","960734","1960792","127.054899","37.64577192","N"
"2016","2016-10-10 18","야","월","1","0","0","0","0","경남","산청군","차대사람","차도통행중","차도통행중","안전운전 의무 불이행","단일로","기타단일로","화물차","보행자","1033637","1713211","127.8704932","35.41406615","N"
"2016","2016-10-10 18","야","월","1","0","0","0","0","인천","미추홀구","차대사람","횡단중","횡단중","기타","교차로","교차로부근","화물차","보행자","924596","1937749","126.6476549","37.43583793","N"
"2016","2016-10-10 19","야","월","1","0","0","0","0","경기","화성시","차대사람","횡단중","횡단중","안전운전 의무 불이행","단일로","기타단일로","승용차","보행자","959006","1911742","127.0380362","37.20358488","N"
"2016","2016-10-10 19","야","월","1","3","1","2","0","경북","안동시","차대차","추돌","진행중 추돌","안전운전 의무 불이행","단일로","기타단일로","승용차","농기계","1105576","1828877","128.6781358","36.45166913","N"
"2016","2016-10-11 00","야","화","1","0","0","0","0","충북","충주시","차대사람","차도통행중","차도통행중","안전운전 의무 불이행","단일로","기타단일로","승용차","보행자","1024538","1886046.9","127.7756826","36.97254238","N"
"2016","2016-10-11 04","야","화","1","0","0","0","0","울산","울주군","차대사람","차도통행중","차도통행중","안전운전 의무 불이행","단일로","기타단일로","승용차","보행자","1154781","1719069","129.2056204","35.4554029","N"
"2016","2016-10-11 05","야","화","1","0","0","0","0","경기","평택시","차대사람","횡단중","횡단중","안전운전 의무 불이행","단일로","기타단일로","승합차","보행자","949721","1886765","126.9350808","36.97799169","N"
"2016","2016-10-11 11","주","화","1","3","1","2","0","인천","강화군","차대차","정면충돌","정면충돌","중앙선 침범","단일로","기타단일로","승용차","승용차","913654","1961305","126.5212135","37.64717488","N"
"2016","2016-10-11 12","주","화","2","1","0","1","0","경북","구미시","차대차","추돌","진행중 추돌","안전운전 의무 불이행","단일로","기타단일로","화물차","화물차","1068529","1802222","128.2624207","36.21474851","N"
"2016","2016-10-11 15","주","화","2","0","0","0","0","충북","음성군","차대차","기타","기타","중앙선 침범","단일로","기타단일로","화물차","화물차","1004688","1889513","127.5526911","37.00409572","N"
"2016","2016-10-11 19","야","화","1","0","0","0","0","경남","밀양시","차대사람","횡단중","횡단중","안전운전 의무 불이행","교차로","교차로내","승용차","보행자","1104545","1727730","128.6532808","35.54003325","N"
"2016","2016-10-12 00","야","수","1","0","0","0","0","강원","원주시","차대사람","횡단중","횡단중","안전운전 의무 불이행","단일로","횡단보도부근","승용차","보행자","1035415","1928442","127.8998908","37.35434357","N"
"2016","2016-10-12 03","야","수","1","0","0","0","0","경기","안양시","차대사람","횡단중","횡단중","안전운전 의무 불이행","교차로","교차로부근","화물차","보행자","947403","1936406","126.9055389","37.42531096","N"
"2016","2016-10-12 03","야","수","1","1","0","1","0","경북","군위군","차대차","추돌","진행중 추돌","안전운전 의무 불이행","단일로","기타단일로","화물차","화물차","1096283","1807591","128.5718172","36.26077939","N"
"2016","2016-10-12 10","주","수","1","0","0","0","0","경기","오산시","차대차","측면충돌","측면충돌","안전운전 의무 불이행","교차로","교차로부근","자전거","승용차","960941","1905851","127.0601492","37.15056706","N"
"2016","2016-10-12 12","주","수","1","0","0","0","0","전남","영암군","차대사람","횡단중","횡단중","과속","교차로","교차로부근","승용차","보행자","926698","1647113","126.6985045","34.81597125","N"
"2016","2016-10-12 14","주","수","1","1","0","1","0","경북","경산시","차대차","측면충돌","측면충돌","안전운전 의무 불이행","교차로","교차로내","화물차","원동기장치자전거","1119543","1763725","128.8240477","35.86279628","N"
"2016","2016-10-12 14","주","수","1","0","0","0","0","대구","수성구","차대사람","횡단중","횡단중","안전운전 의무 불이행","교차로","교차로내","특수차","보행자","1102670.9","1758795.6","128.6365754","35.82027475","N"
"2016","2016-10-12 19","야","수","1","0","0","0","0","경기","고양시","차대사람","기타","기타","안전운전 의무 불이행","교차로","교차로부근","건설기계","보행자","944597","1960608","126.8720001","37.64328162","N"
"2016","2016-10-12 20","야","수","1","0","0","0","0","경북","성주군","차량단독","전도전복","전도전복","안전운전 의무 불이행","단일로","기타단일로","자전거","없음","1071046","1769766","128.2874994","35.92197651","N"
"2016","2016-10-12 20","야","수","1","0","0","0","0","대구","남구","차대차","추돌","진행중 추돌","안전운전 의무 불이행","교차로","교차로부근","화물차","자전거","1095964","1759702","128.5624502","35.82912471","N"
"2016","2016-10-12 21","야","수","1","0","0","0","0","서울","중랑구","차대사람","차도통행중","차도통행중","안전운전 의무 불이행","단일로","기타단일로","승용차","보행자","964747","1956463","127.1005963","37.60691639","N"
"2016","2016-10-13 05","야","목","1","0","0","0","0","부산","중구","차대사람","기타","기타","안전운전 의무 불이행","단일로","횡단보도상","승용차","보행자","1139604","1679595","129.031717","35.10184001","N"
"2016","2016-10-13 06","주","목","1","0","0","0","0","전남","담양군","차대차","정면충돌","정면충돌","중앙선 침범","단일로","기타단일로","원동기장치자전거","화물차","953942","1692538","126.9938634","35.22716862","N"
"2016","2016-10-13 06","주","목","2","0","0","0","0","경남","창녕군","차대차","추돌","진행중 추돌","안전운전 의무 불이행","단일로","기타단일로","화물차","농기계","1089014","1729158","128.4821331","35.55442381","N"
"2016","2016-10-13 08","주","목","2","2","0","2","0","경기","이천시","차대차","기타","기타","신호위반","교차로","교차로내","승용차","화물차","991111","1918488","127.3997474","37.26525212","N"
"2016","2016-10-13 08","주","목","1","0","0","0","0","전남","고흥군","차대사람","기타","기타","안전운전 의무 불이행","단일로","기타단일로","화물차","보행자","976878","1614713","127.2480568","34.52617033","N"
"2016","2016-10-13 10","주","목","1","0","0","0","0","충북","청주시","차대사람","횡단중","횡단중","보행자 보호의무 위반","단일로","기타단일로","승용차","보행자","998472","1851175","127.482903","36.65850114","N"
"2016","2016-10-13 15","주","목","1","0","0","0","0","강원","횡성군","차대차","기타","기타","안전운전 의무 불이행","단일로","기타단일로","승합차","자전거","1050239.9","1939882","128.0680587","37.4567722","N"
"2016","2016-10-13 16","주","목","1","0","0","0","0","대구","북구","차대사람","길가장자리구역통행중","길가장자리구역통행중","안전운전 의무 불이행","단일로","기타단일로","화물차","보행자","1099486.3","1769923.8","128.6027167","35.92091769","N"
"2016","2016-10-13 17","주","목","1","0","0","0","0","경기","평택시","차대차","추돌","진행중 추돌","안전운전 의무 불이행","단일로","기타단일로","승용차","승용차","961362","1897504","127.0653203","37.07534473","N"
"2016","2016-10-13 18","야","목","1","0","0","0","0","충남","천안시","차대사람","횡단중","횡단중","안전운전 의무 불이행","단일로","기타단일로","승용차","보행자","965293","1872756","127.1106808","36.85241327","N"
"2016","2016-10-13 21","야","목","1","0","0","0","0","전남","순천시","차대차","추돌","진행중 추돌","안전운전 의무 불이행","단일로","기타단일로","승용차","화물차","997751","1667687","127.4753526","35.0041361","N"
"2016","2016-10-13 22","야","목","10","9","8","1","0","울산","울주군","차량단독","기타","기타","안전운전 의무 불이행","단일로","기타단일로","승합차","없음","1147813","1731792","129.1311829","35.57113586","N"
"2016","2016-10-13 22","야","목","1","0","0","0","0","경북","경산시","차량단독","전도전복","전도전복","안전운전 의무 불이행","단일로","기타단일로","승용차","없음","1119544","1774900","128.8257385","35.96352378","N"
"2016","2016-10-14 00","야","금","1","0","0","0","0","강원","홍천군","차량단독","공작물충돌","공작물충돌","안전운전 의무 불이행","단일로","기타단일로","승용차","없음","1043195","1973355","127.9903822","37.75882613","N"
"2016","2016-10-14 01","야","금","1","0","0","0","0","서울","성북구","차대사람","기타","기타","안전운전 의무 불이행","단일로","기타단일로","승용차","보행자","958648","1956355","127.0315049","37.60568889","N"
"2016","2016-10-14 01","야","금","1","1","1","0","0","전남","무안군","차량단독","전도전복","전도전복","안전운전 의무 불이행","단일로","기타단일로","화물차","없음","893643","1677616","126.3332412","35.08805834","N"
"2016","2016-10-14 01","야","금","1","0","0","0","0","대구","북구","차량단독","공작물충돌","공작물충돌","안전운전 의무 불이행","단일로","기타단일로","승용차","없음","1092703","1769433","128.5274839","35.91716029","N"
"2016","2016-10-14 06","주","금","1","3","0","2","1","서울","강남구","차대차","측면충돌","측면충돌","중앙선 침범","단일로","교량위","승용차","승용차","960850","1946844","127.0569596","37.52005979","N"