"발생년","발생년월일시","주야","요일","사망자수","부상자수","중상자수","경상자수","부상신고자수","발생지시도","발생지시군구","사고유형_대분류","사고유형_중분류","사고유형","가해자법규위반","도로형태_대분류","도로형태","가해자_당사자종별","피해자_당사자종별","발생위치(X_UTMK)","발생위치(Y_UTMK)","경도","위도"," 어린이사고 여부"
"2016","2016-11-26 19","야","토","1","0","0","0","0","경북","의성군","차량단독","전도전복","전도전복","안전운전 의무 불이행","단일로","교량위","화물차","없음","1104537","1826414","128.6662113","36.42958298","N"
"2016","2016-11-26 19","야","토","1","0","0","0","0","경북","문경시","차량단독","전도전복","전도전복","안전운전 의무 불이행","단일로","기타단일로","화물차","없음","1049434","1851450","128.0531299","36.65969711","N"
"2016","2016-11-26 19","야","토","1","2","1","1","0","대전","서구","차대차","기타","기타","안전거리 미확보","단일로","교량위","화물차","승용차","986130","1806829","127.3456015","36.25861238","N"
"2016","2016-11-26 20","야","토","1","0","0","0","0","충남","홍성군","차대사람","횡단중","횡단중","안전운전 의무 불이행","교차로","교차로내","화물차","보행자","907967","1838665","126.4718029","36.54129151","N"
"2016","2016-11-26 20","야","토","1","1","0","1","0","경북","안동시","차대차","정면충돌","정면충돌","안전운전 의무 불이행","단일로","교량위","화물차","화물차","1107392","1845285","128.7006803","36.59935549","N"
"2016","2016-11-26 21","야","토","3","0","0","0","0","경북","안동시","차량단독","전도전복","전도전복","안전운전 의무 불이행","단일로","횡단보도상","승용차","없음","1125277","1828257","128.8978269","36.44370933","Y"
"2016","2016-11-26 22","야","토","1","0","0","0","0","부산","해운대구","차대사람","횡단중","횡단중","신호위반","단일로","기타단일로","승용차","보행자","1148078.5","1693658.5","129.1271894","35.22739195","N"
"2016","2016-11-27 00","야","일","1","0","0","0","0","경기","오산시","차대사람","길가장자리구역통행중","길가장자리구역통행중","안전운전 의무 불이행","단일로","기타단일로","승용차","보행자","961721","1903824","127.0690363","37.13232804","N"
"2016","2016-11-27 00","야","일","1","0","0","0","0","경북","칠곡군","차대사람","횡단중","횡단중","안전운전 의무 불이행","단일로","기타단일로","승용차","보행자","1081074","1777503","128.3994323","35.9909443","N"
"2016","2016-11-27 06","주","일","1","1","0","0","1","서울","서초구","차대차","추돌","진행중 추돌","안전운전 의무 불이행","단일로","기타단일로","승용차","화물차","959914","1939799.8","127.0467514","37.45652738","N"
"2016","2016-11-27 06","주","일","1","2","2","0","0","경기","화성시","차대차","기타","기타","안전운전 의무 불이행","단일로","고가도로위","승용차","화물차","946609","1902968","126.8989664","37.12387168","N"
"2016","2016-11-27 06","주","일","2","0","0","0","0","경북","영천시","차대사람","기타","기타","안전운전 의무 불이행","단일로","기타단일로","화물차","보행자","1125568","1779125","128.8931965","36.00084844","N"
"2016","2016-11-27 08","주","일","1","0","0","0","0","경기","용인시","차대사람","횡단중","횡단중","신호위반","교차로","교차로부근","화물차","보행자","961464","1921529","127.0652282","37.29190765","N"
"2016","2016-11-27 10","주","일","1","0","0","0","0","울산","울주군","차량단독","전도전복","전도전복","안전운전 의무 불이행","단일로","기타단일로","이륜차","없음","1138615","1737113","129.0306253","35.62042639","N"
"2016","2016-11-27 12","주","일","1","0","0","0","0","경기","안산시","차대차","기타","기타","안전운전 의무 불이행","교차로","교차로부근","승용차","승합차","940860","1923950","126.8325883","37.31264689","N"
"2016","2016-11-27 17","주","일","1","0","0","0","0","충북","충주시","차대차","측면충돌","측면충돌","중앙선 침범","단일로","기타단일로","자전거","승용차","1036860","1886173","127.9141228","36.97327694","N"
"2016","2016-11-27 18","야","일","1","1","0","1","0","전남","진도군","차대사람","횡단중","횡단중","안전운전 의무 불이행","단일로","기타단일로","승용차","보행자","892314","1612270","126.3270382","34.49876814","N"
"2016","2016-11-27 19","야","일","1","0","0","0","0","경남","합천군","차대사람","횡단중","횡단중","안전운전 의무 불이행","단일로","기타단일로","승용차","보행자","1058856","1749581","128.1509018","35.74080657","N"
"2016","2016-11-27 20","야","일","1","0","0","0","0","서울","동대문구","차대사람","횡단중","횡단중","안전운전 의무 불이행","단일로","횡단보도상","승합차","보행자","960889","1954444","127.0569956","37.58856263","N"
"2016","2016-11-27 20","야","일","1","0","0","0","0","충남","서산시","차대사람","차도통행중","차도통행중","안전운전 의무 불이행","단일로","기타단일로","승용차","보행자","907878","1865000","126.4676437","36.77865303","N"
"2016","2016-11-27 20","야","일","1","0","0","0","0","광주","서구","차대차","기타","기타","신호위반","교차로","교차로내","화물차","이륜차","940638","1684239","126.8482695","35.15164054","N"
"2016","2016-11-28 00","야","월","1","0","0","0","0","경북","의성군","차량단독","전도전복","전도전복","안전운전 의무 불이행","단일로","기타단일로","화물차","없음","1075060","1832643","128.3380089","36.48849215","N"
"2016","2016-11-28 01","야","월","1","0","0","0","0","경남","진주시","차대차","측면충돌","측면충돌","안전운전 의무 불이행","단일로","기타단일로","이륜차","화물차","1041085","1685496","127.9511382","35.16388798","N"
"2016","2016-11-28 02","야","월","1","0","0","0","0","인천","부평구","차대차","측면충돌","측면충돌","신호위반","교차로","교차로내","이륜차","승용차","931857","1943395","126.7292018","37.48728815","N"
"2016","2016-11-28 03","야","월","1","0","0","0","0","경북","경주시","차대차","기타","기타","안전운전 의무 불이행","단일로","기타단일로","승용차","자전거","1160601","1756002","129.2770785","35.78732678","N"
"2016","2016-11-28 06","주","월","1","0","0","0","0","경기","성남시","차대사람","횡단중","횡단중","안전운전 의무 불이행","단일로","횡단보도상","승용차","보행자","967744","1930233","127.1357005","37.3706023","N"
"2016","2016-11-28 06","주","월","1","0","0","0","0","충남","천안시","차대사람","횡단중","횡단중","보행자 보호의무 위반","단일로","횡단보도상","승용차","보행자","968567","1875097","127.1473087","36.87363074","N"
"2016","2016-11-28 06","주","월","1","0","0","0","0","충남","천안시","차대사람","기타","기타","안전운전 의무 불이행","단일로","기타단일로","승용차","보행자","983342","1860662","127.3134052","36.74388029","N"
"2016","2016-11-28 06","주","월","1","0","0","0","0","제주","서귀포시","차대사람","횡단중","횡단중","보행자 보호의무 위반","단일로","기타단일로","승용차","보행자","885930.2","1473465.5","126.2755243","33.24647932","N"
"2016","2016-11-28 08","주","월","1","0","0","0","0","대전","유성구","차대사람","횡단중","횡단중","보행자 보호의무 위반","교차로","교차로부근","승용차","보행자","991056","1822402","127.400258","36.39906795","N"
"2016","2016-11-28 09","주","월","1","0","0","0","0","경남","양산시","차대차","정면충돌","정면충돌","안전운전 의무 불이행","단일로","기타단일로","승용차","자전거","1138231","1703072","129.0205985","35.31365001","N"
"2016","2016-11-28 12","주","월","1","0","0","0","0","충북","음성군","차대차","측면충돌","측면충돌","안전운전 의무 불이행","교차로","교차로부근","이륜차","농기계","1008255","1888778","127.5927746","36.99744555","N"
"2016","2016-11-28 17","주","월","1","0","0","0","0","서울","양천구","차대차","추돌","진행중 추돌","중앙선 침범","교차로","교차로내","자전거","승용차","944543","1946924","126.8724242","37.51994449","N"
"2016","2016-11-28 17","주","월","1","0","0","0","0","경기","파주시","차대사람","차도통행중","차도통행중","안전운전 의무 불이행","교차로","교차로내","화물차","보행자","940551","1985202","126.8241276","37.86468573","N"
"2016","2016-11-28 18","야","월","1","0","0","0","0","전북","부안군","차대사람","횡단중","횡단중","안전운전 의무 불이행","단일로","기타단일로","승용차","보행자","925630","1743569","126.6780963","35.68555522","N"
"2016","2016-11-28 19","야","월","1","0","0","0","0","경기","남양주시","차대사람","횡단중","횡단중","신호위반","교차로","교차로부근","승용차","보행자","971867","1962598","127.1810257","37.66245855","N"
"2016","2016-11-28 20","야","월","1","0","0","0","0","경기","평택시","차대사람","횡단중","횡단중","안전운전 의무 불이행","단일로","기타단일로","이륜차","보행자","963990","1888385","127.0953211","36.99324934","N"
"2016","2016-11-28 23","야","월","1","0","0","0","0","경기","평택시","차대차","추돌","진행중 추돌","안전운전 의무 불이행","교차로","교차로부근","승용차","화물차","965137","1889030","127.108181","36.99910676","N"
"2016","2016-11-28 23","야","월","1","0","0","0","0","경북","김천시","차량단독","기타","기타","안전운전 의무 불이행","단일로","기타단일로","이륜차","없음","1055367","1796956","128.1156234","36.16811813","N"
"2016","2016-11-29 02","야","화","1","0","0","0","0","경남","사천시","차대사람","기타","기타","보행자 보호의무 위반","단일로","기타단일로","승용차","보행자","1052752","1660185","128.0776346","34.93511625","N"
"2016","2016-11-29 05","야","화","1","0","0","0","0","경기","성남시","차대차","기타","기타","교차로 통행방법 위반","교차로","교차로내","승합차","자전거","967349","1937179","127.1309325","37.43319715","N"
"2016","2016-11-29 06","주","화","1","0","0","0","0","충남","청양군","차량단독","공작물충돌","공작물충돌","안전운전 의무 불이행","단일로","기타단일로","화물차","없음","935643","1836878","126.7811229","36.52744778","N"
"2016","2016-11-29 06","주","화","1","0","0","0","0","전남","해남군","차대사람","길가장자리구역통행중","길가장자리구역통행중","안전운전 의무 불이행","단일로","기타단일로","화물차","보행자","905924","1605434","126.4760149","34.43846259","N"
"2016","2016-11-29 06","주","화","1","0","0","0","0","전북","완주군","차대차","추돌","진행중 추돌","안전운전 의무 불이행","단일로","기타단일로","화물차","승용차","958052","1759343","127.0355693","35.82968678","N"
"2016","2016-11-29 08","주","화","1","0","0","0","0","전남","신안군","차량단독","전도전복","전도전복","안전운전 의무 불이행","단일로","기타단일로","화물차","없음","893667","1657530","126.3360716","34.90697404","N"
"2016","2016-11-29 08","주","화","1","1","0","1","0","인천","남동구","차대사람","기타","기타","기타","단일로","횡단보도상","화물차","보행자","929149","1941164","126.6987877","37.46697674","Y"
"2016","2016-11-29 09","주","화","1","0","0","0","0","경남","산청군","차량단독","전도전복","전도전복","안전운전 의무 불이행","단일로","기타단일로","이륜차","없음","1046639","1710283","128.0135312","35.3871417","N"
"2016","2016-11-29 10","주","화","1","0","0","0","0","서울","서대문구","차대사람","횡단중","횡단중","안전운전 의무 불이행","단일로","횡단보도부근","건설기계","보행자","949644","1951961","126.929801","37.56563636","N"
"2016","2016-11-29 12","주","화","1","0","0","0","0","경기","김포시","차대차","정면충돌","정면충돌","안전운전 의무 불이행","단일로","기타단일로","화물차","원동기장치자전거","923854","1969202","126.6359989","37.71924809","N"
"2016","2016-11-29 13","주","화","1","0","0","0","0","경기","파주시","차대사람","횡단중","횡단중","안전운전 의무 불이행","단일로","기타단일로","승용차","보행자","937165","1984212","126.7857212","37.85553619","N"
"2016","2016-11-29 14","주","화","1","0","0","0","0","강원","고성군","차량단독","전도전복","전도전복","안전운전 의무 불이행","단일로","기타단일로","승용차","없음","1093030","2028711","128.5632621","38.25394663","N"
"2016","2016-11-29 20","야","화","1","0","0","0","0","대전","서구","차대사람","기타","기타","안전운전 의무 불이행","단일로","기타단일로","승용차","보행자","987243","1817320","127.3578196","36.35320887","N"
"2016","2016-11-29 21","야","화","1","0","0","0","0","경북","포항시","차대사람","횡단중","횡단중","안전운전 의무 불이행","단일로","기타단일로","승용차","보행자","1167502","1782340","129.3589486","36.02351497","N"
"2016","2016-11-29 23","야","화","1","0","0","0","0","경기","화성시","차대사람","차도통행중","차도통행중","안전운전 의무 불이행","단일로","기타단일로","승용차","보행자","955726","1903980","127.0015346","37.13346963","N"
"2016","2016-11-30 05","야","수","1","0","0","0","0","전북","전주시","차대사람","횡단중","횡단중","안전운전 의무 불이행","단일로","기타단일로","이륜차","보행자","965316","1756914","127.1160969","35.80807075","N"
"2016","2016-11-30 06","주","수","1","0","0","0","0","경북","문경시","차대사람","횡단중","횡단중","안전운전 의무 불이행","교차로","교차로내","화물차","보행자","1067176","1855429","128.2519853","36.69447709","N"
"2016","2016-11-30 06","주","수","1","1","0","1","0","광주","광산구","차대차","측면충돌","측면충돌","과속","교차로","교차로부근","승용차","자전거","937842.7899","1687358.086","126.817348","35.17959499","N"
"2016","2016-11-30 06","주","수","1","0","0","0","0","대전","중구","차대사람","횡단중","횡단중","신호위반","교차로","교차로부근","승용차","보행자","994864","1812418","127.4427901","36.30908606","N"
"2016","2016-11-30 07","주","수","1","0","0","0","0","서울","서초구","차대차","추돌","진행중 추돌","안전거리 미확보","단일로","지하차도(도로)내","승용차","건설기계","955750","1944704","126.9993762","37.50054073","N"
"2016","2016-11-30 07","주","수","1","0","0","0","0","경기","군포시","차대사람","횡단중","횡단중","안전운전 의무 불이행","단일로","기타단일로","승용차","보행자","951029","1927560","126.9471046","37.34577722","N"
"2016","2016-11-30 12","주","수","1","0","0","0","0","전북","익산시","차대차","측면충돌","측면충돌","기타","교차로","교차로내","화물차","원동기장치자전거","952065","1792425","126.9672855","36.12766603","N"
"2016","2016-11-30 13","주","수","1","0","0","0","0","울산","북구","차대사람","차도통행중","차도통행중","기타","단일로","기타단일로","화물차","보행자","1169263","1731398","129.3677055","35.56415057","N"
"2016","2016-11-30 15","주","수","1","0","0","0","0","강원","홍천군","차대차","측면충돌","측면충돌","안전운전 의무 불이행","교차로","교차로내","자전거","승용차","1035310","1967022","127.9005604","37.70208469","N"
"2016","2016-11-30 15","주","수","1","0","0","0","0","경남","김해시","차대차","측면충돌","측면충돌","교차로 통행방법 위반","교차로","교차로내","자전거","화물차","1124679","1692303","128.8699256","35.21835598","N"
"2016","2016-11-30 17","주","수","1","1","0","1","0","충북","청주시","차대차","측면충돌","측면충돌","중앙선 침범","단일로","기타단일로","승용차","건설기계","1015888","1846088","127.6776673","36.61251071","N"
"2016","2016-11-30 17","주","수","1","0","0","0","0","전남","목포시","차대사람","횡단중","횡단중","안전운전 의무 불이행","교차로","교차로내","승용차","보행자","899432","1645790","126.4005743","34.80171423","N"
"2016","2016-11-30 17","주","수","1","0","0","0","0","경북","영덕군","차대사람","횡단중","횡단중","안전운전 의무 불이행","단일로","기타단일로","승용차","보행자","1153814","1830750","129.2166176","36.46202202","N"
"2016","2016-11-30 20","야","수","1","4","4","0","0","충북","충주시","차대차","정면충돌","정면충돌","안전운전 의무 불이행","단일로","기타단일로","승합차","건설기계","1041840","1899973","127.970839","37.09746279","N"
"2016","2016-11-30 22","야","수","1","0","0","0","0","경기","과천시","차대사람","기타","기타","안전운전 의무 불이행","단일로","기타단일로","승합차","보행자","955549","1938895","126.997453","37.44817247","N"
"2016","2016-11-30 22","야","수","1","0","0","0","0","대전","유성구","차대사람","횡단중","횡단중","안전운전 의무 불이행","단일로","횡단보도부근","승용차","보행자","984286","1816611","127.3248774","36.34677321","N"
"2016","2016-12-01 06","주","목","1","0","0","0","0","대구","동구","차대차","추돌","진행중 추돌","안전운전 의무 불이행","단일로","기타단일로","화물차","화물차","1104231","1769283","128.6552141","35.91464688","N"
"2016","2016-12-01 09","주","목","1","0","0","0","0","경기","성남시","차대사람","기타","기타","안전운전 의무 불이행","단일로","터널안","화물차","보행자","964999","1932794","127.1045779","37.39358666","N"
"2016","2016-12-01 11","주","목","1","2","0","2","0","경기","고양시","차대차","추돌","진행중 추돌","안전운전 의무 불이행","단일로","기타단일로","화물차","화물차","945554","1964012","126.8825932","37.67401878","N"
"2016","2016-12-01 12","주","목","1","1","0","1","0","경기","의왕시","차대차","추돌","진행중 추돌","안전운전 의무 불이행","단일로","기타단일로","화물차","화물차","941813.3","1933789.4","126.8425729","37.40139245","N"
"2016","2016-12-01 12","주","목","1","0","0","0","0","충북","영동군","차량단독","전도전복","전도전복","안전운전 의무 불이행","단일로","기타단일로","화물차","없음","1036110","1792649","127.9013138","36.13019784","N"
"2016","2016-12-01 12","주","목","1","1","1","0","0","전남","곡성군","차량단독","전도전복","전도전복","안전운전 의무 불이행","단일로","기타단일로","원동기장치자전거","없음","985666","1700769","127.3423359","35.30234328","N"
"2016","2016-12-01 14","주","목","1","1","0","1","0","경남","통영시","차대차","추돌","진행중 추돌","보행자 보호의무 위반","교차로","교차로부근","화물차","승용차","1084369","1650187","128.4228","34.84283085","N"
"2016","2016-12-01 14","주","목","1","0","0","0","0","광주","광산구","차대사람","횡단중","횡단중","안전운전 의무 불이행","단일로","기타단일로","승용차","보행자","936625","1685723","126.8040999","35.1647761","N"
"2016","2016-12-01 16","주","목","1","0","0","0","0","경남","함안군","차대사람","기타","기타","과속","단일로","기타단일로","승용차","보행자","1093069","1703274","128.5239085","35.32069802","N"
"2016","2016-12-01 17","주","목","1","0","0","0","0","부산","강서구","차대차","측면충돌","측면충돌","교차로 통행방법 위반","교차로","교차로내","승용차","이륜차","1125165.3","1677790","128.8730674","35.08746633","N"
"2016","2016-12-01 17","주","목","1","1","0","1","0","경북","영천시","차대사람","횡단중","횡단중","보행자 보호의무 위반","단일로","기타단일로","이륜차","보행자","1129300","1775588","128.934015","35.96848097","N"
"2016","2016-12-01 18","야","목","1","0","0","0","0","서울","은평구","차대사람","횡단중","횡단중","안전운전 의무 불이행","교차로","교차로부근","이륜차","보행자","948375","1957804","126.9150202","37.61822936","N"
"2016","2016-12-01 18","야","목","1","1","0","1","0","충남","홍성군","차대차","추돌","진행중 추돌","안전운전 의무 불이행","단일로","기타단일로","화물차","농기계","925274","1847978","126.6642322","36.62675014","N"
"2016","2016-12-01 18","야","목","1","0","0","0","0","전북","군산시","차대사람","횡단중","횡단중","보행자 보호의무 위반","교차로","교차로부근","승용차","보행자","940463","1771633","126.8399223","35.9395773","N"
"2016","2016-12-01 21","야","목","1","0","0","0","0","경기","수원시","차량단독","전도전복","전도전복","안전운전 의무 불이행","단일로","지하차도(도로)내","승용차","없음","955139","1919136","126.9940149","37.27005436","N"
"2016","2016-12-01 23","야","목","1","0","0","0","0","대구","달서구","차대차","측면충돌","측면충돌","중앙선 침범","단일로","기타단일로","이륜차","승용차","1090817","1758274","128.5053117","35.81674174","N"
"2016","2016-12-01 23","야","목","1","1","0","1","0","울산","남구","차대차","추돌","진행중 추돌","안전운전 의무 불이행","단일로","기타단일로","승용차","승합차","1162180","1728074","129.2889183","35.5353793","N"
"2016","2016-12-02 00","야","금","1","0","0","0","0","서울","마포구","차대차","정면충돌","정면충돌","중앙선 침범","교차로","교차로부근","승용차","승용차","945440","1953949","126.882052","37.58331475","N"
"2016","2016-12-02 05","야","금","1","0","0","0","0","전남","완도군","차대사람","기타","기타","안전운전 의무 불이행","단일로","기타단일로","화물차","보행자","961046","1598527","127.0762885","34.37972724","N"
"2016","2016-12-02 05","야","금","1","1","0","1","0","경북","경주시","차대차","추돌","진행중 추돌","안전운전 의무 불이행","단일로","기타단일로","화물차","화물차","1155783","1765305","129.2256031","35.87194235","N"
"2016","2016-12-02 05","야","금","1","0","0","0","0","경남","창원시(통합)","차량단독","기타","기타","안전운전 의무 불이행","기타/불명","기타/불명","이륜차","없음","1110326","1689479","128.7118754","35.19457906","N"
"2016","2016-12-02 07","주","금","1","0","0","0","0","부산","강서구","차량단독","전도전복","전도전복","신호위반","교차로","교차로부근","화물차","없음","1123508","1682156","128.855543","35.12702922","N"
"2016","2016-12-02 07","주","금","1","1","1","0","0","인천","연수구","차대차","추돌","진행중 추돌","안전운전 의무 불이행","단일로","고가도로위","승합차","승용차","920819","1934400","126.6053246","37.40533889","N"
"2016","2016-12-02 08","주","금","1","3","2","1","0","인천","미추홀구","차대차","추돌","진행중 추돌","안전운전 의무 불이행","단일로","기타단일로","화물차","승용차","924078","1938364","126.6417368","37.44133841","N"
"2016","2016-12-02 09","주","금","1","0","0","0","0","충남","서산시","차대차","측면충돌","측면충돌","교차로 통행방법 위반","교차로","교차로내","이륜차","건설기계","912725","1855707","126.5230159","36.6953494","N"
"2016","2016-12-02 09","주","금","1","0","0","0","0","경북","경주시","차대사람","횡단중","횡단중","안전운전 의무 불이행","단일로","기타단일로","승합차","보행자","1160853","1749442","129.2785492","35.72816716","N"
"2016","2016-12-02 10","주","금","1","4","3","1","0","광주","북구","차대차","측면충돌","측면충돌","안전운전 의무 불이행","단일로","기타단일로","승용차","화물차","942597","1691936","126.8692399","35.22115521","N"
"2016","2016-12-02 10","주","금","1","0","0","0","0","경기","의정부시","차대사람","횡단중","횡단중","안전운전 의무 불이행","단일로","기타단일로","화물차","보행자","961101","1972179","127.0584508","37.74841967","N"
"2016","2016-12-02 12","주","금","1","0","0","0","0","경북","예천군","차량단독","공작물충돌","공작물충돌","안전운전 의무 불이행","단일로","기타단일로","화물차","없음","1088225","1855310","128.4875715","36.69168328","N"
"2016","2016-12-02 13","주","금","1","1","0","1","0","경남","창녕군","차대차","추돌","진행중 추돌","안전운전 의무 불이행","단일로","기타단일로","화물차","화물차","1091555","1722538","128.5094177","35.49451122","N"
"2016","2016-12-02 14","주","금","1","0","0","0","0","대구","남구","차대차","추돌","진행중 추돌","안전운전 의무 불이행","단일로","기타단일로","이륜차","불명","1096032.1","1761434.5","128.5634124","35.84473589","N"
"2016","2016-12-02 16","주","금","1","0","0","0","0","전북","부안군","차대차","정면충돌","정면충돌","중앙선 침범","단일로","기타단일로","자전거","승용차","926658","1744564","126.6893655","35.69460267","N"
"2016","2016-12-02 17","주","금","1","0","0","0","0","충남","보령시","차대차","추돌","진행중 추돌","안전운전 의무 불이행","단일로","기타단일로","승용차","건설기계","915129","1817832","126.5540895","36.35416518","N"
"2016","2016-12-02 18","야","금","1","1","1","0","0","강원","원주시","차대사람","횡단중","횡단중","보행자 보호의무 위반","단일로","횡단보도상","화물차","보행자","1040624","1924559","127.9584942","37.31913021","N"
"2016","2016-12-02 18","야","금","1","0","0","0","0","전북","부안군","차대사람","횡단중","횡단중","안전운전 의무 불이행","교차로","교차로부근","승용차","보행자","926522","1736141","126.6886309","35.61865454","N"
"2016","2016-12-02 18","야","금","1","0","0","0","0","경북","성주군","차대사람","횡단중","횡단중","안전운전 의무 불이행","기타/불명","기타/불명","승용차","보행자","1075604","1760221","128.3371113","35.83558481","N"
"2016","2016-12-02 18","야","금","1","0","0","0","0","인천","서구","차대사람","횡단중","횡단중","신호위반","단일로","기타단일로","승용차","보행자","924705","1946013","126.6480418","37.51032785","Y"
"2016","2016-12-02 20","야","금","1","0","0","0","0","부산","강서구","차대사람","차도통행중","차도통행중","안전운전 의무 불이행","단일로","기타단일로","승용차","보행자","1126221","1680679","128.885086","35.11337798","N"
"2016","2016-12-02 23","야","금","1","0","0","0","0","울산","울주군","차대사람","횡단중","횡단중","안전운전 의무 불이행","단일로","기타단일로","승용차","보행자","1158213","1731988","129.2459438","35.57129497","N"
"2016","2016-12-03 01","야","토","1","0","0","0","0","경기","안양시","차대사람","횡단중","횡단중","과속","교차로","교차로부근","승용차","보행자","947192","1937372","126.9030851","37.43400578","N"
"2016","2016-12-03 05","야","토","1","0","0","0","0","경기","안산시","차대사람","기타","기타","안전운전 의무 불이행","단일로","기타단일로","승용차","보행자","936423","1926671","126.7822858","37.33687889","N"
"2016","2016-12-03 06","주","토","1","0","0","0","0","경기","하남시","차량단독","전도전복","전도전복","안전운전 의무 불이행","단일로","기타단일로","승용차","없음","969573","1946039","127.1557047","37.51313297","N"
"2016","2016-12-03 07","주","토","1","0","0","0","0","전남","영광군","차대사람","횡단중","횡단중","안전운전 의무 불이행","교차로","교차로부근","화물차","보행자","909623","1691030","126.5070516","35.21055713","N"
"2016","2016-12-03 10","주","토","1","1","1","0","0","경남","거제시","차대사람","보도통행중","보도통행중","안전운전 의무 불이행","단일로","기타단일로","승용차","보행자","1111133.687","1661570.159","128.7170045","34.94288359","Y"
"2016","2016-12-03 10","주","토","1","0","0","0","0","인천","옹진군","차량단독","전도전복","전도전복","안전운전 의무 불이행","단일로","기타단일로","불명","없음","755186","1984097","124.7185165","37.82380689","N"
"2016","2016-12-03 11","주","토","1","3","1","2","0","전북","김제시","차대차","추돌","진행중 추돌","안전운전 의무 불이행","단일로","기타단일로","특수차","승용차","938314","1752744","126.8175591","35.76914976","N"
"2016","2016-12-03 12","주","토","1","1","1","0","0","경남","밀양시","차대차","측면충돌","측면충돌","교차로 통행방법 위반","교차로","교차로내","화물차","원동기장치자전거","1112113","1709825","128.7342817","35.37779864","N"
"2016","2016-12-03 12","주","토","1","1","0","1","0","경남","김해시","차대차","측면충돌","측면충돌","중앙선 침범","교차로","교차로부근","승용차","화물차","1114445","1698004","128.7582973","35.27097003","N"
"2016","2016-12-03 14","주","토","1","0","0","0","0","경기","용인시","차대사람","기타","기타","안전운전 의무 불이행","기타/불명","기타/불명","화물차","보행자","965019","1915310","127.105628","37.23599127","N"
"2016","2016-12-03 16","주","토","1","0","0","0","0","전북","남원시","차량단독","전도전복","전도전복","안전운전 의무 불이행","단일로","기타단일로","이륜차","없음","1011579.6","1721361.8","127.62766","35.48806075","N"
"2016","2016-12-03 17","주","토","1","0","0","0","0","대구","서구","차대사람","기타","기타","안전운전 의무 불이행","단일로","기타단일로","승용차","보행자","1096261.7","1763516.8","128.5662058","35.86348447","N"
"2016","2016-12-03 18","야","토","1","0","0","0","0","제주","제주시","차대사람","횡단중","횡단중","보행자 보호의무 위반","단일로","기타단일로","화물차","보행자","908670.2","1503192.6","126.516577","33.51673665","N"
"2016","2016-12-03 21","야","토","1","0","0","0","0","경기","광주시","차대사람","횡단중","횡단중","안전운전 의무 불이행","교차로","교차로내","승용차","보행자","977097","1941927","127.2409693","37.4762866","N"
"2016","2016-12-03 22","야","토","1","2","1","1","0","경북","김천시","차대차","추돌","진행중 추돌","안전운전 의무 불이행","단일로","기타단일로","화물차","화물차","1052705","1793183","128.0857732","36.13425214","N"
"2016","2016-12-03 22","야","토","1","0","0","0","0","경남","창녕군","차대사람","기타","기타","안전운전 의무 불이행","단일로","기타단일로","승용차","보행자","1091918","1721175","128.513265","35.48218982","N"
"2016","2016-12-03 23","야","토","1","3","1","2","0","대전","서구","차대차","추돌","진행중 추돌","신호위반","교차로","교차로내","승용차","승용차","987462","1817944","127.3602503","36.35883734","N"
"2016","2016-12-04 00","야","일","1","0","0","0","0","경북","청도군","차량단독","전도전복","전도전복","안전운전 의무 불이행","단일로","기타단일로","승용차","없음","1099474","1739281","128.598772","35.64468628","N"
"2016","2016-12-04 01","야","일","1","0","0","0","0","강원","삼척시","차량단독","전도전복","전도전복","안전운전 의무 불이행","단일로","기타단일로","승용차","없음","1138602","1921551","129.0634976","37.28257724","N"
"2016","2016-12-04 02","야","일","1","2","2","0","0","서울","서대문구","차대차","기타","기타","신호위반","교차로","교차로내","원동기장치자전거","승용차","950198.4","1953764.9","126.9359558","37.58192527","N"
"2016","2016-12-04 05","야","일","1","0","0","0","0","경기","파주시","차량단독","전도전복","전도전복","안전운전 의무 불이행","단일로","기타단일로","승용차","없음","928675","1974509","126.6901749","37.76746503","N"
"2016","2016-12-04 09","주","일","1","0","0","0","0","전남","여수시","차량단독","기타","기타","안전운전 의무 불이행","단일로","기타단일로","자전거","없음","1011856","1638323","127.6295169","34.73927598","N"
"2016","2016-12-04 10","주","일","1","0","0","0","0","강원","태백시","차량단독","공작물충돌","공작물충돌","안전운전 의무 불이행","단일로","기타단일로","승용차","없음","1133832","1904692","129.0066832","37.1313595","N"
"2016","2016-12-04 11","주","일","1","0","0","0","0","대전","동구","차대차","측면충돌","측면충돌","안전운전 의무 불이행","단일로","횡단보도상","승용차","자전거","994837","1816270","127.4424638","36.34381341","N"
"2016","2016-12-04 14","주","일","3","1","1","0","0","전남","영암군","차량단독","공작물충돌","공작물충돌","안전운전 의무 불이행","단일로","기타단일로","승용차","없음","902100","1641434","126.4302439","34.76269969","N"
"2016","2016-12-04 15","주","일","1","0","0","0","0","충남","아산시","차대사람","횡단중","횡단중","안전운전 의무 불이행","단일로","기타단일로","건설기계","보행자","952038","1869098","126.9622314","36.8188591","N"
"2016","2016-12-04 17","주","일","1","0","0","0","0","경남","합천군","차대차","추돌","진행중 추돌","안전운전 의무 불이행","단일로","기타단일로","승용차","농기계","1056526","1739484","128.1244251","35.64991003","N"
"2016","2016-12-04 18","야","일","1","1","1","0","0","경북","경주시","차대차","추돌","진행중 추돌","안전운전 의무 불이행","단일로","기타단일로","화물차","자전거","1139288","1766743","129.043203","35.8873883","N"