"발생년","발생년월일시","주야","요일","사망자수","부상자수","중상자수","경상자수","부상신고자수","발생지시도","발생지시군구","사고유형_대분류","사고유형_중분류","사고유형","가해자법규위반","도로형태_대분류","도로형태","가해자_당사자종별","피해자_당사자종별","발생위치(X_UTMK)","발생위치(Y_UTMK)","경도","위도"," 어린이사고 여부"
"2016","2016-12-04 18","야","일","1","0","0","0","0","경기","연천군","차대사람","차도통행중","차도통행중","안전운전 의무 불이행","단일로","기타단일로","승용차","보행자","962222","2011146","127.0691307","38.09966697","N"
"2016","2016-12-04 21","야","일","1","0","0","0","0","경북","구미시","차량단독","기타","기타","안전운전 의무 불이행","단일로","기타단일로","승용차","없음","1078383","1789797","128.3708013","36.10199273","N"
"2016","2016-12-05 02","야","월","1","0","0","0","0","광주","남구","차대사람","횡단중","횡단중","안전운전 의무 불이행","교차로","교차로부근","승용차","보행자","945456","1682548","126.9012749","35.13666621","N"
"2016","2016-12-05 06","주","월","1","0","0","0","0","경북","문경시","차대사람","횡단중","횡단중","안전운전 의무 불이행","단일로","기타단일로","화물차","보행자","1055368.8","1855208.1","128.1198043","36.69324722","N"
"2016","2016-12-05 07","주","월","1","0","0","0","0","울산","중구","차량단독","전도전복","전도전복","안전운전 의무 불이행","교차로","교차로내","이륜차","없음","1163445","1730103","129.3032752","35.5534572","N"
"2016","2016-12-05 08","주","월","1","0","0","0","0","강원","화천군","차량단독","도로이탈","도로이탈 추락","안전운전 의무 불이행","단일로","기타단일로","화물차","없음","1004843","2019948","127.5552964","38.17977355","N"
"2016","2016-12-05 10","주","월","1","1","1","0","0","경남","진주시","차대차","정면충돌","정면충돌","중앙선 침범","단일로","기타단일로","승용차","승용차","1057246","1686811","128.1286788","35.1749541","N"
"2016","2016-12-05 10","주","월","1","0","0","0","0","제주","서귀포시","차량단독","전도전복","전도전복","안전운전 의무 불이행","단일로","기타단일로","농기계","없음","877180","1477003","126.1811373","33.27741897","N"
"2016","2016-12-05 12","주","월","1","0","0","0","0","충북","음성군","차대차","측면충돌","측면충돌","교차로 통행방법 위반","교차로","교차로내","승용차","자전거","1003981","1879726","127.5446932","36.91587419","N"
"2016","2016-12-05 14","주","월","1","0","0","0","0","경기","안산시","차대차","기타","기타","안전운전 의무 불이행","단일로","기타단일로","특수차","자전거","942867","1920470","126.8555043","37.28140581","N"
"2016","2016-12-05 17","주","월","1","0","0","0","0","부산","북구","차대사람","횡단중","횡단중","보행자 보호의무 위반","단일로","횡단보도상","승용차","보행자","1136620.7","1691122.4","129.0009022","35.20615838","N"
"2016","2016-12-05 17","주","월","1","0","0","0","0","경기","용인시","차대사람","차도통행중","차도통행중","안전운전 의무 불이행","단일로","기타단일로","승용차","보행자","966257","1919643","127.1193884","37.2750939","N"
"2016","2016-12-05 17","주","월","1","0","0","0","0","경기","포천시","차대사람","횡단중","횡단중","안전운전 의무 불이행","기타/불명","기타/불명","승용차","보행자","969615","1980588","127.1547404","37.82453295","N"
"2016","2016-12-05 18","야","월","1","1","1","0","0","강원","원주시","차대사람","길가장자리구역통행중","길가장자리구역통행중","안전운전 의무 불이행","단일로","기타단일로","승용차","보행자","1031416","1927009","127.8546759","37.34157093","N"
"2016","2016-12-05 18","야","월","1","0","0","0","0","경남","함안군","차량단독","공작물충돌","공작물충돌","안전운전 의무 불이행","단일로","기타단일로","승용차","없음","1090711","1705174","128.4981809","35.33804451","N"
"2016","2016-12-05 19","야","월","1","0","0","0","0","경기","여주시","차량단독","전도전복","전도전복","안전운전 의무 불이행","교차로","교차로부근","승용차","없음","1010525","1934709","127.6189341","37.41144944","N"
"2016","2016-12-05 20","야","월","1","0","0","0","0","서울","노원구","차대차","측면충돌","측면충돌","중앙선 침범","교차로","교차로내","이륜차","승합차","963364","1958273","127.0848371","37.62317632","N"
"2016","2016-12-05 23","야","월","1","1","1","0","0","경기","시흥시","차대차","정면충돌","정면충돌","중앙선 침범","단일로","기타단일로","승용차","승용차","935646","1937178","126.7726007","37.43152617","N"
"2016","2016-12-06 02","야","화","1","0","0","0","0","경기","부천시","차대차","기타","기타","신호위반","교차로","교차로부근","승용차","자전거","933823","1944496","126.7513393","37.49735435","N"
"2016","2016-12-06 07","주","화","1","0","0","0","0","경기","고양시","차대사람","횡단중","횡단중","안전운전 의무 불이행","단일로","기타단일로","승용차","보행자","937321","1964870","126.7891651","37.68122602","N"
"2016","2016-12-06 16","주","화","1","2","1","1","0","전북","남원시","차대차","정면충돌","정면충돌","중앙선 침범","단일로","기타단일로","승용차","화물차","987003","1712126","127.3568613","35.40476633","Y"
"2016","2016-12-06 17","주","화","1","2","0","2","0","강원","평창군","차량단독","공작물충돌","공작물충돌","안전운전 의무 불이행","단일로","기타단일로","화물차","없음","1095924","1961987","128.5874318","37.65237024","N"
"2016","2016-12-06 21","야","화","1","0","0","0","0","경남","거제시","차대사람","횡단중","횡단중","안전운전 의무 불이행","교차로","교차로부근","승합차","보행자","1100831","1655440","128.6034612","34.88869259","N"
"2016","2016-12-07 01","야","수","1","0","0","0","0","경기","용인시","차량단독","공작물충돌","공작물충돌","안전운전 의무 불이행","교차로","교차로내","승용차","없음","975644","1919949","127.2252598","37.27814523","N"
"2016","2016-12-07 09","주","수","1","0","0","0","0","충북","충주시","차대사람","기타","기타","안전운전 의무 불이행","단일로","기타단일로","화물차","보행자","1041384","1878643","127.9645364","36.90521167","N"
"2016","2016-12-07 09","주","수","1","1","1","0","0","충남","부여군","차대사람","기타","기타","안전운전 의무 불이행","단일로","교량위","화물차","보행자","945456","1807782","126.8927732","36.26576241","N"
"2016","2016-12-07 10","주","수","1","0","0","0","0","충남","금산군","차대사람","기타","기타","안전운전 의무 불이행","단일로","기타단일로","화물차","보행자","1003062","1787835","127.5340116","36.08746331","N"
"2016","2016-12-07 17","주","수","1","0","0","0","0","경북","김천시","차대사람","기타","기타","안전운전 의무 불이행","단일로","기타단일로","화물차","보행자","1048545","1797536","128.039809","36.17371297","N"
"2016","2016-12-07 20","야","수","1","1","1","0","0","부산","북구","차대차","기타","기타","안전거리 미확보","단일로","기타단일로","이륜차","승용차","1137583","1696882.5","129.0124343","35.25794812","N"
"2016","2016-12-07 20","야","수","1","1","0","1","0","경북","영덕군","차대차","측면충돌","측면충돌","기타","교차로","교차로내","화물차","승용차","1168385","1809601","129.3745814","36.26900884","N"
"2016","2016-12-07 21","야","수","1","0","0","0","0","부산","부산진구","차대사람","횡단중","횡단중","안전운전 의무 불이행","단일로","기타단일로","승용차","보행자","1139606","1685103","129.0326691","35.15148895","N"
"2016","2016-12-07 23","야","수","1","0","0","0","0","경기","안양시","차대사람","횡단중","횡단중","안전운전 의무 불이행","기타/불명","기타/불명","승용차","보행자","951922","1930773","126.9569778","37.3747842","N"
"2016","2016-12-07 23","야","수","1","0","0","0","0","경기","시흥시","차량단독","공작물충돌","공작물충돌","안전운전 의무 불이행","교차로","교차로부근","이륜차","없음","932039","1928066","126.7326713","37.34914159","N"
"2016","2016-12-08 07","주","목","1","0","0","0","0","광주","광산구","차대차","추돌","진행중 추돌","안전운전 의무 불이행","단일로","기타단일로","특수차","화물차","929932","1685131","126.7306622","35.15899395","N"
"2016","2016-12-08 08","주","목","1","0","0","0","0","충남","당진시","차대차","기타","기타","중앙선 침범","단일로","기타단일로","화물차","건설기계","926297","1869235","126.6736225","36.8184386","N"
"2016","2016-12-08 08","주","목","1","0","0","0","0","울산","울주군","차대차","정면충돌","정면충돌","안전거리 미확보","단일로","기타단일로","승용차","승용차","1159244","1727086","129.2563525","35.52695103","N"
"2016","2016-12-08 09","주","목","1","0","0","0","0","경북","포항시","차대차","정면충돌","정면충돌","안전운전 의무 불이행","단일로","기타단일로","화물차","승용차","1172542","1792718","129.4171238","36.11614896","N"
"2016","2016-12-08 17","주","목","1","0","0","0","0","대구","달성군","차대차","추돌","진행중 추돌","안전운전 의무 불이행","단일로","기타단일로","화물차","특수차","1086665.1","1739134.1","128.4572904","35.6445695","N"
"2016","2016-12-08 17","주","목","1","0","0","0","0","대전","대덕구","차대사람","기타","기타","안전운전 의무 불이행","단일로","기타단일로","자전거","보행자","993790","1819179","127.4307729","36.37003302","N"
"2016","2016-12-08 19","야","목","1","0","0","0","0","대전","유성구","차대사람","횡단중","횡단중","보행자 보호의무 위반","단일로","횡단보도상","승합차","보행자","990169","1825458","127.3903276","36.42661005","N"
"2016","2016-12-08 22","야","목","1","0","0","0","0","충남","아산시","차대사람","횡단중","횡단중","보행자 보호의무 위반","교차로","교차로내","승용차","보행자","951863","1865326","126.9605079","36.78484816","N"
"2016","2016-12-08 22","야","목","1","1","0","1","0","울산","남구","차대사람","횡단중","횡단중","안전운전 의무 불이행","단일로","횡단보도상","승용차","보행자","1161835","1729312","129.2853618","35.54659284","N"
"2016","2016-12-09 03","야","금","1","0","0","0","0","서울","종로구","차대사람","횡단중","횡단중","안전운전 의무 불이행","단일로","기타단일로","건설기계","보행자","953631.5","1953050.9","126.9748821","37.57566925","N"
"2016","2016-12-09 04","야","금","1","0","0","0","0","서울","중구","차대사람","횡단중","횡단중","안전운전 의무 불이행","단일로","횡단보도부근","승용차","보행자","955424","1951473","126.9952772","37.56153586","N"
"2016","2016-12-09 05","야","금","1","0","0","0","0","경기","화성시","차대사람","횡단중","횡단중","안전운전 의무 불이행","단일로","횡단보도상","승용차","보행자","961758","1912219","127.0690233","37.20800137","N"
"2016","2016-12-09 05","야","금","1","0","0","0","0","경기","성남시","차대사람","기타","기타","안전운전 의무 불이행","단일로","횡단보도상","화물차","보행자","968955","1936740","127.149104","37.42929546","N"
"2016","2016-12-09 05","야","금","1","7","2","5","0","경기","여주시","차대차","측면충돌","측면충돌","안전거리 미확보","단일로","교량위","화물차","화물차","1007727","1916155","127.587123","37.24423276","N"
"2016","2016-12-09 06","주","금","2","2","2","0","0","충남","보령시","차대차","추돌","진행중 추돌","안전운전 의무 불이행","단일로","기타단일로","승용차","화물차","918229","1828659","126.5874953","36.45203032","N"
"2016","2016-12-09 06","주","금","1","0","0","0","0","대전","중구","차대사람","횡단중","횡단중","안전운전 의무 불이행","단일로","기타단일로","승용차","보행자","994455","1813016","127.43823","36.31447504","N"
"2016","2016-12-09 07","주","금","1","0","0","0","0","강원","태백시","차량단독","공작물충돌","공작물충돌","안전운전 의무 불이행","단일로","기타단일로","특수차","없음","1134044","1901206","129.0084457","37.09991638","N"
"2016","2016-12-09 15","주","금","1","2","2","0","0","전북","정읍시","차대차","추돌","진행중 추돌","안전운전 의무 불이행","교차로","교차로부근","화물차","건설기계","938176.5","1732472.2","126.8175958","35.58637491","N"
"2016","2016-12-09 15","주","금","1","3","0","3","0","전남","고흥군","차대차","추돌","진행중 추돌","안전운전 의무 불이행","단일로","기타단일로","화물차","화물차","986786","1634247","127.355712","34.70250264","N"
"2016","2016-12-09 16","주","금","1","0","0","0","0","충북","청주시","차대차","추돌","진행중 추돌","안전거리 미확보","단일로","기타단일로","화물차","화물차","989391","1847041","127.3813517","36.62117539","N"
"2016","2016-12-09 16","주","금","1","0","0","0","0","충남","아산시","차대차","측면충돌","측면충돌","안전운전 의무 불이행","단일로","기타단일로","원동기장치자전거","승용차","959639","1865826","127.0476277","36.78971871","N"
"2016","2016-12-09 18","야","금","1","1","1","0","0","경기","용인시","차대차","측면충돌","측면충돌","신호위반","교차로","교차로내","승용차","화물차","985451","1909087","127.3360961","37.18043975","N"
"2016","2016-12-09 18","야","금","1","0","0","0","0","경북","구미시","차대차","기타","기타","안전운전 의무 불이행","기타/불명","기타/불명","승용차","건설기계","1075828","1807090","128.3440899","36.25808674","N"
"2016","2016-12-09 19","야","금","1","0","0","0","0","강원","홍천군","차대사람","횡단중","횡단중","안전운전 의무 불이행","단일로","기타단일로","승용차","보행자","1060995","1965646","128.1918032","37.68833346","N"
"2016","2016-12-09 19","야","금","1","1","1","0","0","전북","군산시","차대차","측면충돌","측면충돌","안전운전 의무 불이행","교차로","교차로부근","승용차","화물차","913592.9","1772324.7","126.5419738","35.94380519","N"
"2016","2016-12-09 20","야","금","1","0","0","0","0","충북","음성군","차대차","기타","기타","안전운전 의무 불이행","단일로","기타단일로","이륜차","승합차","999501","1889921","127.4943912","37.00778517","N"
"2016","2016-12-10 01","야","토","1","0","0","0","0","대구","수성구","차대사람","횡단중","횡단중","안전운전 의무 불이행","교차로","교차로부근","승용차","보행자","1109250","1760972","128.7096902","35.83918256","N"
"2016","2016-12-10 03","야","토","1","0","0","0","0","울산","남구","차대사람","횡단중","횡단중","안전운전 의무 불이행","단일로","기타단일로","승용차","보행자","1163944","1728292","129.3084115","35.5370538","N"
"2016","2016-12-10 09","주","토","1","0","0","0","0","경남","통영시","차량단독","전도전복","전도전복","안전운전 의무 불이행","교차로","교차로내","건설기계","없음","1083264","1662971","128.4119886","34.95818817","N"
"2016","2016-12-10 10","주","토","1","1","0","1","0","경기","김포시","차대차","정면충돌","정면충돌","안전운전 의무 불이행","단일로","교량위","화물차","건설기계","931697","1959527","126.7258892","37.63267004","N"
"2016","2016-12-10 12","주","토","1","2","2","0","0","경기","안산시","차대사람","횡단중","횡단중","신호위반","단일로","횡단보도상","승합차","보행자","941985","1924586","126.8452338","37.3184503","Y"
"2016","2016-12-10 14","주","토","1","0","0","0","0","전북","고창군","차대사람","길가장자리구역통행중","길가장자리구역통행중","안전운전 의무 불이행","단일로","기타단일로","승용차","보행자","910678","1725967","126.5148209","35.52562827","N"
"2016","2016-12-10 16","주","토","1","0","0","0","0","경북","고령군","차대차","측면충돌","측면충돌","안전운전 의무 불이행","교차로","교차로내","원동기장치자전거","승용차","1065687","1742906","128.2258963","35.68019468","N"
"2016","2016-12-10 18","야","토","1","0","0","0","0","충남","아산시","차대차","추돌","진행중 추돌","안전운전 의무 불이행","단일로","기타단일로","화물차","자전거","956279","1864617","127.0100388","36.77867109","N"
"2016","2016-12-10 20","야","토","1","0","0","0","0","제주","제주시","차대사람","기타","기타","안전운전 의무 불이행","단일로","기타단일로","승용차","보행자","922934","1504049","126.6700779","33.52558434","N"
"2016","2016-12-10 20","야","토","1","0","0","0","0","대구","중구","차대사람","기타","기타","안전운전 의무 불이행","단일로","기타단일로","승합차","보행자","1098732","1764186","128.5936456","35.86927105","N"
"2016","2016-12-10 21","야","토","1","0","0","0","0","경기","이천시","차대사람","횡단중","횡단중","안전운전 의무 불이행","단일로","기타단일로","승용차","보행자","999983","1921167","127.4998082","37.28944309","N"
"2016","2016-12-10 21","야","토","1","0","0","0","0","세종","세종시","차대차","추돌","진행중 추돌","안전운전 의무 불이행","교차로","교차로부근","이륜차","화물차","970213","1859136","127.1664018","36.72980244","N"
"2016","2016-12-10 22","야","토","1","0","0","0","0","경기","광주시","차대사람","횡단중","횡단중","안전운전 의무 불이행","교차로","교차로내","승용차","보행자","986415","1927756","127.3466152","37.34873653","N"
"2016","2016-12-10 23","야","토","1","0","0","0","0","서울","강북구","차대차","정면충돌","정면충돌","신호위반","교차로","교차로내","이륜차","승합차","960058","1958662","127.0473529","37.62654469","N"
"2016","2016-12-11 01","야","일","1","2","2","0","0","경기","남양주시","차량단독","전도전복","전도전복","안전운전 의무 불이행","단일로","기타단일로","승용차","없음","972876","1969571","127.192206","37.72533825","N"
"2016","2016-12-11 08","주","일","1","0","0","0","0","경북","경주시","차량단독","전도전복","전도전복","안전운전 의무 불이행","단일로","기타단일로","승용차","없음","1152962","1770245","129.1953166","35.9169071","N"
"2016","2016-12-11 10","주","일","1","2","0","0","2","경기","수원시","차대차","기타","기타","안전운전 의무 불이행","교차로","교차로내","승용차","승용차","954696","1922187","126.9888326","37.29753351","N"
"2016","2016-12-11 13","주","일","1","1","0","0","1","경기","용인시","차대사람","보도통행중","보도통행중","안전운전 의무 불이행","단일로","기타단일로","승용차","보행자","966268","1924843","127.1192763","37.32196593","Y"
"2016","2016-12-11 17","주","일","1","0","0","0","0","경기","안산시","차량단독","공작물충돌","공작물충돌","안전운전 의무 불이행","단일로","기타단일로","승용차","없음","944639","1921463","126.8754184","37.29046331","N"
"2016","2016-12-12 00","야","월","2","2","2","0","0","서울","동작구","차대차","추돌","진행중 추돌","안전운전 의무 불이행","단일로","기타단일로","화물차","승용차","950513","1946541","126.940006","37.51683208","N"
"2016","2016-12-12 00","야","월","1","0","0","0","0","경북","포항시","차대차","추돌","진행중 추돌","안전운전 의무 불이행","교차로","교차로부근","승용차","화물차","1170132","1778342","129.3872633","35.98703295","N"
"2016","2016-12-12 06","주","월","1","0","0","0","0","전북","임실군","차대차","추돌","진행중 추돌","안전운전 의무 불이행","단일로","기타단일로","승용차","자전거","983850","1723004","127.3219208","35.50280408","N"
"2016","2016-12-12 06","주","월","1","0","0","0","0","경북","청도군","차량단독","전도전복","전도전복","안전운전 의무 불이행","기타/불명","기타/불명","승용차","없음","1128655","1747330","128.9223085","35.71386591","N"
"2016","2016-12-12 13","주","월","1","0","0","0","0","경남","창원시(통합)","차대차","측면충돌","측면충돌","중앙선 침범","교차로","교차로부근","화물차","화물차","1092027","1695703","128.511597","35.25253742","N"
"2016","2016-12-12 15","주","월","1","0","0","0","0","충남","서산시","차대차","측면충돌","측면충돌","기타","교차로","교차로내","승용차","이륜차","906159","1864307","126.4484681","36.77223812","N"
"2016","2016-12-12 16","주","월","1","0","0","0","0","충남","논산시","차량단독","전도전복","전도전복","안전운전 의무 불이행","교차로","교차로내","원동기장치자전거","없음","956520","1796541","127.0165658","36.16498337","N"
"2016","2016-12-12 16","주","월","1","0","0","0","0","전북","군산시","차대사람","횡단중","횡단중","안전운전 의무 불이행","단일로","기타단일로","화물차","보행자","919698","1774540","126.6094315","35.9642971","N"
"2016","2016-12-12 18","야","월","1","0","0","0","0","경북","포항시","차량단독","전도전복","전도전복","신호위반","단일로","기타단일로","승용차","없음","1166931.2","1782448.1","129.3526396","36.02458709","N"
"2016","2016-12-12 19","야","월","1","1","0","1","0","경기","광주시","차대차","추돌","진행중 추돌","안전운전 의무 불이행","단일로","기타단일로","승용차","승합차","979346","1934070","127.2666251","37.40551912","N"
"2016","2016-12-12 22","야","월","1","0","0","0","0","전남","여수시","차대사람","횡단중","횡단중","과속","단일로","기타단일로","승용차","보행자","1018742","1639411","127.7047646","34.74898409","N"
"2016","2016-12-12 23","야","월","1","0","0","0","0","충북","청주시","차대사람","기타","기타","안전운전 의무 불이행","단일로","기타단일로","승용차","보행자","998217.7","1848694.7","127.4800634","36.63614088","N"
"2016","2016-12-13 00","야","화","1","0","0","0","0","강원","양양군","차량단독","공작물충돌","공작물충돌","안전운전 의무 불이행","기타/불명","기타/불명","승합차","없음","1095488","2008581","128.5886495","38.07229704","N"
"2016","2016-12-13 04","야","화","1","0","0","0","0","충북","제천시","차대사람","횡단중","횡단중","안전운전 의무 불이행","기타/불명","기타/불명","승용차","보행자","1066160.5","1908345.4","128.245248","37.17152468","N"
"2016","2016-12-13 06","주","화","1","0","0","0","0","충북","충주시","차대사람","횡단중","횡단중","신호위반","교차로","교차로부근","화물차","보행자","1037077","1887190","127.9166107","36.98243588","N"
"2016","2016-12-13 06","주","화","1","0","0","0","0","대구","달서구","차대사람","횡단중","횡단중","과속","교차로","교차로부근","승용차","보행자","1092007","1756862","128.5183202","35.80390196","N"
"2016","2016-12-13 09","주","화","1","0","0","0","0","인천","강화군","차대사람","차도통행중","차도통행중","기타","단일로","기타단일로","화물차","보행자","905968","1959962","126.434274","37.63431693","N"
"2016","2016-12-13 10","주","화","1","0","0","0","0","전남","영광군","차량단독","전도전복","전도전복","안전운전 의무 불이행","단일로","기타단일로","이륜차","없음","912561","1690938","126.5393363","35.20998807","N"
"2016","2016-12-13 12","주","화","1","0","0","0","0","경기","파주시","차대차","기타","기타","안전운전 의무 불이행","단일로","기타단일로","원동기장치자전거","화물차","945226","1971208","126.8783325","37.73885549","N"
"2016","2016-12-13 13","주","화","1","0","0","0","0","전남","나주시","차량단독","공작물충돌","공작물충돌","안전운전 의무 불이행","단일로","기타단일로","화물차","없음","919876","1670383","126.6216864","35.02527103","N"
"2016","2016-12-13 13","주","화","1","0","0","0","0","경북","구미시","차대사람","횡단중","횡단중","안전운전 의무 불이행","교차로","교차로부근","건설기계","보행자","1084603","1797739","128.4407491","36.17306395","N"
"2016","2016-12-13 17","주","화","1","0","0","0","0","충남","공주시","차대사람","횡단중","횡단중","안전운전 의무 불이행","교차로","교차로내","승용차","보행자","966154","1828423","127.1222957","36.45279315","N"
"2016","2016-12-13 18","야","화","1","0","0","0","0","전북","남원시","차대사람","횡단중","횡단중","과속","교차로","교차로부근","승용차","보행자","998788.6","1721929.5","127.486644","35.49324632","N"
"2016","2016-12-13 19","야","화","1","0","0","0","0","대구","남구","차대사람","횡단중","횡단중","안전운전 의무 불이행","교차로","교차로내","승용차","보행자","1099544.8","1760714.8","128.6022142","35.83789766","N"
"2016","2016-12-13 19","야","화","1","0","0","0","0","대구","동구","차대사람","횡단중","횡단중","안전운전 의무 불이행","단일로","횡단보도부근","승용차","보행자","1103118.7","1766905.8","128.6425804","35.89333607","N"
"2016","2016-12-13 21","야","화","1","0","0","0","0","경남","창녕군","차대사람","횡단중","횡단중","안전운전 의무 불이행","단일로","기타단일로","승용차","보행자","1090209","1727315","128.495111","35.53770057","N"
"2016","2016-12-13 23","야","화","1","1","1","0","0","충남","공주시","차대차","정면충돌","정면충돌","안전운전 의무 불이행","단일로","기타단일로","승용차","특수차","962317","1825810","127.0796048","36.42909369","N"
"2016","2016-12-14 01","야","수","1","2","1","1","0","서울","강남구","차대차","측면충돌","측면충돌","신호위반","교차로","교차로내","이륜차","승용차","961758","1944720","127.0673452","37.50095344","N"
"2016","2016-12-14 06","주","수","1","0","0","0","0","광주","광산구","차대차","측면충돌","측면충돌","중앙선 침범","단일로","기타단일로","화물차","승용차","938615","1692996","126.8254081","35.2304768","N"
"2016","2016-12-14 16","주","수","1","0","0","0","0","충북","제천시","차대사람","횡단중","횡단중","과속","기타/불명","기타/불명","승합차","보행자","1062804","1903883","128.2070676","37.13153454","N"
"2016","2016-12-14 17","주","수","1","0","0","0","0","대구","수성구","차대사람","횡단중","횡단중","보행자 보호의무 위반","단일로","횡단보도상","승용차","보행자","1102757","1761397","128.6378631","35.84371584","N"
"2016","2016-12-14 18","야","수","1","1","0","1","0","충남","예산군","차대차","기타","기타","안전운전 의무 불이행","단일로","기타단일로","화물차","승용차","944663","1845507","126.8812517","36.60579914","N"
"2016","2016-12-14 18","야","수","1","0","0","0","0","전북","전주시","차대사람","횡단중","횡단중","안전운전 의무 불이행","교차로","교차로내","승용차","보행자","967721","1766557","127.1423262","35.89509401","N"
"2016","2016-12-14 19","야","수","1","0","0","0","0","울산","울주군","차량단독","전도전복","전도전복","안전운전 의무 불이행","단일로","기타단일로","이륜차","없음","1147956","1734557","129.1332665","35.59603516","N"
"2016","2016-12-14 21","야","수","1","0","0","0","0","제주","서귀포시","차대사람","횡단중","횡단중","안전운전 의무 불이행","교차로","교차로부근","승용차","보행자","945358.6","1495542.6","126.9120732","33.45024619","N"
"2016","2016-12-14 22","야","수","1","0","0","0","0","경기","용인시","차량단독","전도전복","전도전복","안전운전 의무 불이행","단일로","기타단일로","승용차","없음","964741","1922536","127.1021514","37.30111453","N"
"2016","2016-12-14 23","야","수","1","0","0","0","0","경북","영주시","차대사람","기타","기타","안전운전 의무 불이행","교차로","교차로부근","승용차","보행자","1098843.3","1869154.1","128.6082049","36.81541669","N"
"2016","2016-12-15 00","야","목","1","1","0","0","1","인천","미추홀구","차대차","추돌","진행중 추돌","안전운전 의무 불이행","단일로","기타단일로","화물차","건설기계","923232.7","1938935.9","126.6321226","37.44642301","N"
"2016","2016-12-15 02","야","목","1","4","2","2","0","경기","부천시","차대차","정면충돌","정면충돌","중앙선 침범","단일로","기타단일로","승용차","승용차","939212","1948766","126.8119476","37.53621044","N"
"2016","2016-12-15 04","야","목","1","0","0","0","0","경남","창원시(통합)","차량단독","기타","기타","안전운전 의무 불이행","단일로","기타단일로","원동기장치자전거","없음","1117595","1681175","128.7905213","35.11889394","N"
"2016","2016-12-15 06","주","목","1","0","0","0","0","광주","남구","차대사람","횡단중","횡단중","안전운전 의무 불이행","교차로","교차로부근","화물차","보행자","944431","1683239","126.8899776","35.14284066","N"
"2016","2016-12-15 06","주","목","1","3","0","3","0","광주","북구","차대차","추돌","진행중 추돌","안전운전 의무 불이행","단일로","기타단일로","승용차","화물차","944057","1686568","126.8856465","35.17283647","N"
"2016","2016-12-15 11","주","목","1","0","0","0","0","충남","예산군","차대차","추돌","진행중 추돌","안전운전 의무 불이행","단일로","기타단일로","이륜차","승용차","927816","1859234","126.6915995","36.72840799","N"
"2016","2016-12-15 14","주","목","1","0","0","0","0","경기","부천시","차대차","추돌","진행중 추돌","안전운전 의무 불이행","단일로","기타단일로","화물차","승합차","939371","1941476","126.8143484","37.47051604","N"
"2016","2016-12-15 18","야","목","1","0","0","0","0","경기","이천시","차대사람","기타","기타","안전운전 의무 불이행","단일로","기타단일로","승용차","보행자","997235","1924277","127.468794","37.31747242","N"
"2016","2016-12-15 18","야","목","1","4","1","3","0","충북","청주시","차대차","추돌","진행중 추돌","안전운전 의무 불이행","단일로","기타단일로","승용차","승용차","1002005","1853879","127.5224413","36.68287663","N"
"2016","2016-12-16 00","야","금","1","0","0","0","0","서울","송파구","차대사람","횡단중","횡단중","안전운전 의무 불이행","단일로","횡단보도상","승용차","보행자","966136","1943977","127.1169093","37.49442746","N"
"2016","2016-12-16 02","야","금","1","0","0","0","0","경북","포항시","차량단독","전도전복","전도전복","안전운전 의무 불이행","교차로","교차로내","화물차","없음","1168646","1781127","129.3713802","36.01238707","N"
"2016","2016-12-16 03","야","금","1","0","0","0","0","경기","과천시","차대차","추돌","진행중 추돌","안전운전 의무 불이행","교차로","교차로부근","승용차","자전거","954042","1934819","126.9806699","37.41136017","N"
"2016","2016-12-16 04","야","금","1","0","0","0","0","부산","사상구","차량단독","전도전복","전도전복","안전운전 의무 불이행","단일로","기타단일로","이륜차","없음","1133270.2","1682150.6","128.9626557","35.12573501","N"
"2016","2016-12-16 04","야","금","1","2","2","0","0","경남","진주시","차대차","추돌","진행중 추돌","안전운전 의무 불이행","단일로","교량위","승용차","화물차","1057372","1687422","128.130105","35.18045607","N"
"2016","2016-12-16 06","주","금","1","0","0","0","0","부산","사하구","차대차","기타","기타","안전운전 의무 불이행","단일로","기타단일로","승용차","자전거","1132847.4","1674677.6","128.956818","35.05842646","N"
"2016","2016-12-16 06","주","금","1","0","0","0","0","전남","영광군","차대사람","기타","기타","안전운전 의무 불이행","단일로","기타단일로","승용차","보행자","907169","1702503","126.4787969","35.31376919","N"
"2016","2016-12-16 08","주","금","1","0","0","0","0","전북","고창군","차대차","측면충돌","측면충돌","안전운전 의무 불이행","교차로","교차로부근","건설기계","자전거","924897","1724450","126.6717742","35.5131304","N"
"2016","2016-12-16 13","주","금","1","0","0","0","0","충남","아산시","차대사람","기타","기타","안전운전 의무 불이행","단일로","기타단일로","화물차","보행자","945266","1874612","126.8859075","36.8681955","N"
"2016","2016-12-16 13","주","금","1","0","0","0","0","충남","당진시","차대차","추돌","진행중 추돌","안전거리 미확보","단일로","기타단일로","화물차","원동기장치자전거","919144","1871717","126.5931659","36.84022589","N"
"2016","2016-12-16 16","주","금","1","1","1","0","0","경기","김포시","차대차","추돌","진행중 추돌","안전운전 의무 불이행","단일로","기타단일로","승용차","승용차","920286","1966306","126.5958358","37.69284505","N"
"2016","2016-12-16 16","주","금","1","0","0","0","0","충남","금산군","차대차","정면충돌","정면충돌","중앙선 침범","단일로","기타단일로","화물차","건설기계","987482","1795270","127.3608363","36.15441947","N"
"2016","2016-12-16 16","주","금","1","0","0","0","0","경남","창원시(통합)","차대사람","횡단중","횡단중","안전운전 의무 불이행","교차로","교차로부근","승용차","보행자","1092020","1695313","128.5114763","35.24902195","N"