"발생년","발생년월일시","주야","요일","사망자수","부상자수","중상자수","경상자수","부상신고자수","발생지시도","발생지시군구","사고유형_대분류","사고유형_중분류","사고유형","가해자법규위반","도로형태_대분류","도로형태","가해자_당사자종별","피해자_당사자종별","발생위치(X_UTMK)","발생위치(Y_UTMK)","경도","위도"," 어린이사고 여부"
"2016","2016-12-28 18","야","수","1","0","0","0","0","전북","익산시","차대사람","횡단중","횡단중","과속","단일로","횡단보도상","승용차","보행자","950298.8","1781679.6","126.9483352","36.030703","N"
"2016","2016-12-28 19","야","수","1","0","0","0","0","충남","홍성군","차대사람","횡단중","횡단중","과속","교차로","교차로내","승용차","보행자","931885","1838090","126.7390417","36.53811278","N"
"2016","2016-12-28 19","야","수","1","0","0","0","0","충남","공주시","차대사람","횡단중","횡단중","안전운전 의무 불이행","교차로","교차로부근","승용차","보행자","977975","1821374","127.2544109","36.38958935","N"
"2016","2016-12-28 19","야","수","1","0","0","0","0","경남","진주시","차대사람","횡단중","횡단중","보행자 보호의무 위반","단일로","기타단일로","승용차","보행자","1056276","1686645","128.1180155","35.17351215","N"
"2016","2016-12-28 20","야","수","1","0","0","0","0","경남","함안군","차대사람","기타","기타","안전운전 의무 불이행","교차로","교차로부근","승용차","보행자","1088316","1697341","128.4709857","35.26763933","N"
"2016","2016-12-28 22","야","수","1","0","0","0","0","부산","사상구","차대사람","기타","기타","안전운전 의무 불이행","단일로","기타단일로","승용차","보행자","1133608","1683694","128.9666115","35.13960286","N"
"2016","2016-12-28 23","야","수","1","0","0","0","0","충북","보은군","차량단독","전도전복","전도전복","안전운전 의무 불이행","단일로","기타단일로","이륜차","없음","1019624","1832395","127.7190961","36.48899807","N"
"2016","2016-12-29 01","야","목","1","0","0","0","0","충남","천안시","차대사람","횡단중","횡단중","안전운전 의무 불이행","단일로","기타단일로","승용차","보행자","969582","1867140","127.1590158","36.80193548","N"
"2016","2016-12-29 02","야","목","1","0","0","0","0","제주","제주시","차대사람","횡단중","횡단중","안전운전 의무 불이행","교차로","교차로부근","승용차","보행자","910212.3","1500735.7","126.5334263","33.49471016","N"
"2016","2016-12-29 03","야","목","2","2","0","2","0","충남","아산시","차대차","기타","기타","안전운전 의무 불이행","단일로","기타단일로","승용차","승용차","952937","1868555","126.9723445","36.81400948","N"
"2016","2016-12-29 06","주","목","1","0","0","0","0","인천","부평구","차대차","측면충돌","측면충돌","신호위반","교차로","교차로부근","자전거","승합차","930718.1","1943822.6","126.7162799","37.49105729","N"
"2016","2016-12-29 07","주","목","1","0","0","0","0","전북","남원시","차대차","측면충돌","측면충돌","안전운전 의무 불이행","교차로","교차로내","승용차","자전거","988141.6","1711307.2","127.3694128","35.39739757","N"
"2016","2016-12-29 07","주","목","1","0","0","0","0","제주","서귀포시","차대사람","횡단중","횡단중","보행자 보호의무 위반","단일로","기타단일로","화물차","보행자","905751.9","1473705.7","126.4882424","33.25055836","N"
"2016","2016-12-29 07","주","목","1","1","0","1","0","울산","북구","차대차","측면충돌","측면충돌","기타","단일로","기타단일로","이륜차","승용차","1168701","1731035","129.3614315","35.56097518","N"
"2016","2016-12-29 10","주","목","1","0","0","0","0","경북","영양군","차량단독","전도전복","전도전복","안전운전 의무 불이행","단일로","기타단일로","원동기장치자전거","없음","1140531","1858501","129.0734969","36.71414441","N"
"2016","2016-12-29 11","주","목","1","0","0","0","0","부산","북구","차대사람","기타","기타","안전운전 의무 불이행","단일로","기타단일로","화물차","보행자","1137893","1694377.6","129.0154207","35.23532654","N"
"2016","2016-12-29 11","주","목","1","0","0","0","0","전남","장성군","차대차","측면충돌","측면충돌","안전운전 의무 불이행","교차로","교차로내","승용차","이륜차","933653","1699682","126.7703417","35.29044376","N"
"2016","2016-12-29 13","주","목","1","1","1","0","0","대구","북구","차대차","측면충돌","측면충돌","안전운전 의무 불이행","교차로","교차로내","이륜차","자전거","1097707.2","1765342.2","128.5824376","35.87979644","N"
"2016","2016-12-29 14","주","목","1","0","0","0","0","경남","김해시","차대사람","횡단중","횡단중","중앙선 침범","단일로","기타단일로","승용차","보행자","1125974","1694263","128.8844511","35.23586249","N"
"2016","2016-12-29 15","주","목","1","3","1","2","0","전북","순창군","차대차","측면충돌","측면충돌","중앙선 침범","단일로","기타단일로","승용차","승용차","978035.9","1718530.6","127.2579326","35.46235738","N"
"2016","2016-12-29 16","주","목","1","0","0","0","0","경북","청송군","차대차","기타","기타","기타","단일로","기타단일로","화물차","원동기장치자전거","1125638","1808889","128.8987266","36.26910401","N"
"2016","2016-12-29 16","주","목","1","0","0","0","0","경남","양산시","차량단독","전도전복","전도전복","안전운전 의무 불이행","단일로","기타단일로","농기계","없음","1147069","1704467","129.1180371","35.32496218","N"
"2016","2016-12-29 17","주","목","2","3","2","1","0","대구","달서구","차대차","측면충돌","측면충돌","안전운전 의무 불이행","교차로","교차로내","승용차","화물차","1088738.4","1760270.2","128.4825272","35.83492746","N"
"2016","2016-12-29 18","야","목","1","0","0","0","0","경북","의성군","차대사람","횡단중","횡단중","안전운전 의무 불이행","단일로","기타단일로","승용차","보행자","1103635","1814755","128.654596","36.32459201","N"
"2016","2016-12-29 18","야","목","1","0","0","0","0","경북","성주군","차대사람","횡단중","횡단중","안전운전 의무 불이행","기타/불명","기타/불명","승용차","보행자","1069912","1770311","128.2749787","35.9269716","N"
"2016","2016-12-29 20","야","목","1","1","0","1","0","경기","성남시","차대차","추돌","진행중 추돌","신호위반","교차로","교차로내","승합차","이륜차","967157","1935375","127.1288426","37.41692983","N"
"2016","2016-12-29 20","야","목","1","0","0","0","0","제주","제주시","차대사람","횡단중","횡단중","안전운전 의무 불이행","단일로","기타단일로","승용차","보행자","896602.7","1496230.2","126.3874595","33.45285031","N"
"2016","2016-12-29 22","야","목","1","0","0","0","0","세종","세종시","차량단독","전도전복","전도전복","안전운전 의무 불이행","단일로","기타단일로","승용차","없음","980073","1829363","127.2775991","36.46165785","N"
"2016","2016-12-29 22","야","목","1","0","0","0","0","전북","군산시","차대사람","횡단중","횡단중","안전운전 의무 불이행","단일로","기타단일로","승용차","보행자","928987.8","1775063.8","126.7124014","35.96973954","N"
"2016","2016-12-29 23","야","목","1","0","0","0","0","전남","광양시","차량단독","전도전복","전도전복","안전운전 의무 불이행","단일로","기타단일로","승용차","없음","1009637","1663871","127.6055701","34.96968208","N"
"2016","2016-12-30 00","야","금","1","0","0","0","0","서울","동작구","차대사람","횡단중","횡단중","안전운전 의무 불이행","교차로","교차로내","승용차","보행자","950532","1946181","126.9402453","37.51358834","N"
"2016","2016-12-30 00","야","금","1","0","0","0","0","서울","도봉구","차대사람","횡단중","횡단중","과속","단일로","기타단일로","승용차","보행자","959921","1965617","127.0454183","37.68922512","N"
"2016","2016-12-30 05","야","금","1","0","0","0","0","서울","광진구","차대차","정면충돌","정면충돌","중앙선 침범","단일로","기타단일로","원동기장치자전거","승용차","963179","1949064","127.0832037","37.54016542","N"
"2016","2016-12-30 06","주","금","1","1","1","0","0","경북","상주시","차대차","측면충돌","측면충돌","신호위반","교차로","교차로내","승용차","승용차","1059093","1824782","128.1591572","36.41874671","N"
"2016","2016-12-30 08","주","금","1","1","0","1","0","강원","원주시","차대차","정면충돌","정면충돌","교차로 통행방법 위반","교차로","교차로내","화물차","승합차","1038952","1932702","127.9400523","37.39259973","N"
"2016","2016-12-30 11","주","금","1","0","0","0","0","경기","성남시","차대사람","횡단중","횡단중","신호위반","교차로","교차로내","승합차","보행자","967163","1935378","127.1289103","37.41695709","N"
"2016","2016-12-30 12","주","금","1","1","0","0","1","경기","하남시","차대사람","보도통행중","보도통행중","중앙선 침범","단일로","교량위","화물차","보행자","974257","1948590","127.2086162","37.53626904","N"
"2016","2016-12-30 13","주","금","1","0","0","0","0","경남","거제시","차대사람","기타","기타","안전운전 의무 불이행","기타/불명","기타/불명","승합차","보행자","1099311","1656041","128.5869009","34.89426103","N"
"2016","2016-12-30 17","주","금","1","1","0","1","0","경기","용인시","차대차","측면충돌","측면충돌","중앙선 침범","단일로","기타단일로","승용차","승용차","982944","1908750","127.3078609","37.17735956","N"
"2016","2016-12-30 18","야","금","1","0","0","0","0","강원","강릉시","차대사람","횡단중","횡단중","안전운전 의무 불이행","단일로","기타단일로","승용차","보행자","1123958","1973171","128.9070621","37.74978808","N"
"2016","2016-12-30 18","야","금","1","0","0","0","0","충남","당진시","차대사람","횡단중","횡단중","안전운전 의무 불이행","단일로","기타단일로","승용차","보행자","930584","1877888","126.720894","36.89675942","N"
"2016","2016-12-30 21","야","금","1","0","0","0","0","경남","하동군","차량단독","전도전복","전도전복","안전운전 의무 불이행","기타/불명","기타/불명","원동기장치자전거","없음","1028107","1666501","127.8079898","34.99305325","N"
"2016","2016-12-30 21","야","금","1","0","0","0","0","경남","함안군","차대사람","횡단중","횡단중","안전운전 의무 불이행","교차로","교차로부근","승용차","보행자","1084165","1692612","128.4248688","35.2253608","N"
"2016","2016-12-30 22","야","금","1","0","0","0","0","경기","성남시","차대사람","기타","기타","안전운전 의무 불이행","교차로","교차로부근","승용차","승용차","969154","1938264","127.1512894","37.44303884","N"
"2016","2016-12-30 23","야","금","1","0","0","0","0","전북","부안군","차대사람","길가장자리구역통행중","길가장자리구역통행중","안전운전 의무 불이행","단일로","기타단일로","승용차","보행자","925142","1741374","126.6729078","35.66572928","N"
"2016","2016-12-30 23","야","금","1","0","0","0","0","대전","동구","차대사람","횡단중","횡단중","안전운전 의무 불이행","단일로","기타단일로","승용차","보행자","994161","1814353","127.4349449","36.32652697","N"
"2016","2016-12-31 00","야","토","1","0","0","0","0","경남","거제시","차대사람","기타","기타","안전운전 의무 불이행","단일로","기타단일로","승용차","보행자","1091964","1656373","128.5065402","34.89794676","N"
"2016","2016-12-31 02","야","토","1","0","0","0","0","경남","창원시(통합)","차대사람","기타","기타","안전운전 의무 불이행","단일로","기타단일로","승용차","보행자","1104829","1694376","128.6521285","35.23931611","N"
"2016","2016-12-31 04","야","토","1","2","2","0","0","경남","창원시(통합)","차량단독","공작물충돌","공작물충돌","안전운전 의무 불이행","단일로","횡단보도부근","승용차","없음","1098135","1690195","128.5780711","35.20230019","N"
"2016","2016-12-31 05","야","토","1","0","0","0","0","충남","아산시","차대사람","횡단중","횡단중","안전운전 의무 불이행","단일로","횡단보도상","승용차","보행자","955360","1866449","126.999633","36.79514262","N"
"2016","2016-12-31 05","야","토","1","1","1","0","0","충남","당진시","차대차","추돌","진행중 추돌","안전거리 미확보","단일로","기타단일로","화물차","화물차","933448","1879779","126.75287","36.91401095","N"
"2016","2016-12-31 06","주","토","1","0","0","0","0","경기","평택시","차대사람","차도통행중","차도통행중","안전운전 의무 불이행","교차로","교차로부근","승용차","보행자","958817","1882696","127.0374991","36.94175523","N"
"2016","2016-12-31 07","주","토","1","0","0","0","0","대구","동구","차대차","측면충돌","측면충돌","안전운전 의무 불이행","단일로","횡단보도상","승용차","자전거","1102060","1767720","128.6309562","35.90078656","N"
"2016","2016-12-31 15","주","토","1","0","0","0","0","인천","남동구","차대차","측면충돌","측면충돌","신호위반","교차로","교차로내","승용차","이륜차","931466","1939879","126.7251066","37.45556991","N"
"2016","2016-12-31 18","야","토","1","0","0","0","0","충남","태안군","차대차","추돌","진행중 추돌","안전운전 의무 불이행","단일로","기타단일로","이륜차","승용차","897991","1835883","126.3607373","36.51520342","N"
"2016","2016-12-31 18","야","토","1","0","0","0","0","충남","청양군","차대사람","차도통행중","차도통행중","안전운전 의무 불이행","단일로","기타단일로","화물차","보행자","933928","1823472","126.7631121","36.40648253","N"
"2016","2016-12-31 18","야","토","1","1","0","1","0","대구","달성군","차대사람","기타","기타","안전운전 의무 불이행","단일로","기타단일로","승용차","보행자","1087115","1762986","128.4648515","35.8595557","N"
"2016","2016-12-31 20","야","토","1","0","0","0","0","경북","구미시","차대차","추돌","진행중 추돌","안전운전 의무 불이행","단일로","기타단일로","원동기장치자전거","화물차","1077695","1790179","128.3631964","36.10549167","N"
"2016","2016-12-31 23","야","토","1","1","1","0","0","충북","충주시","차량단독","전도전복","전도전복","안전운전 의무 불이행","단일로","기타단일로","승용차","없음","1038099","1893361","127.9284061","37.03802142","N"
"2017","2017-01-01 01","야","일","1","1","1","0","0","전남","장성군","차대차","기타","기타","안전운전 의무 불이행","단일로","기타단일로","승용차","승용차","933537.6","1700117.3","126.7690374","35.29436088","N"
"2017","2017-01-01 02","야","일","1","0","0","0","0","서울","송파구","차대사람","횡단중","횡단중","안전운전 의무 불이행","교차로","교차로부근","승용차","보행자","967569.7","1944449.8","127.133107","37.49874051","N"
"2017","2017-01-01 02","야","일","1","0","0","0","0","충남","아산시","차량단독","공작물충돌","공작물충돌","안전운전 의무 불이행","단일로","기타단일로","승용차","없음","961608","1864573","127.0697591","36.77850542","N"
"2017","2017-01-01 02","야","일","1","1","0","1","0","충남","홍성군","차대차","추돌","추돌","안전운전 의무 불이행","단일로","기타단일로","승용차","승용차","916497","1842880","126.5666315","36.58006864","N"
"2017","2017-01-01 04","야","일","1","0","0","0","0","서울","금천구","차대사람","기타","기타","안전운전 의무 불이행","단일로","기타단일로","승용차","보행자","946778","1941695","126.8980936","37.47294629","N"
"2017","2017-01-01 04","야","일","1","1","1","0","0","강원","춘천시","차대사람","횡단중","횡단중","안전운전 의무 불이행","단일로","기타단일로","승용차","보행자","1021195","1985798","127.740989","37.87175076","N"
"2017","2017-01-01 05","야","일","1","0","0","0","0","경기","화성시","차대사람","횡단중","횡단중","안전운전 의무 불이행","단일로","기타단일로","승용차","보행자","959140","1912805","127.0394879","37.21317245","N"
"2017","2017-01-01 09","주","일","1","4","3","1","0","광주","북구","차량단독","도로이탈","도로이탈 추락","안전운전 의무 불이행","단일로","교량위","화물차","없음","942432","1692541","126.8673846","35.22660076","Y"
"2017","2017-01-01 18","야","일","1","2","1","1","0","제주","서귀포시","차대차","측면충돌","측면충돌","안전운전 의무 불이행","단일로","기타단일로","승용차","화물차","922514","1476665","126.667913","33.2785821","N"
"2017","2017-01-01 20","야","일","1","6","4","2","0","충남","공주시","차대차","기타","기타","안전운전 의무 불이행","단일로","기타단일로","승용차","승용차","962530","1823895","127.0820735","36.41183818","Y"
"2017","2017-01-01 22","야","일","2","0","0","0","0","전남","무안군","차량단독","전도전복","전도전복","안전운전 의무 불이행","단일로","기타단일로","승용차","없음","905826.7","1665362.9","126.4682679","34.97879769","N"
"2017","2017-01-02 03","야","월","1","1","0","1","0","울산","울주군","차대사람","차도통행중","차도통행중","과속","단일로","기타단일로","승용차","보행자","1162551","1720013","129.2913947","35.46267061","N"
"2017","2017-01-02 04","야","월","1","0","0","0","0","서울","은평구","차대사람","횡단중","횡단중","보행자 보호의무 위반","교차로","교차로내","승용차","보행자","948413","1957900","126.915444","37.61909675","N"
"2017","2017-01-02 06","주","월","1","0","0","0","0","전북","전주시","차대사람","횡단중","횡단중","보행자 보호의무 위반","교차로","교차로내","승용차","보행자","966968.3","1754544.6","127.1344831","35.78676509","N"
"2017","2017-01-02 07","주","월","1","0","0","0","0","충남","예산군","차대사람","횡단중","횡단중","안전운전 의무 불이행","교차로","교차로부근","승용차","보행자","925103","1855465","126.6615883","36.69422437","N"
"2017","2017-01-02 07","주","월","1","0","0","0","0","제주","제주시","차대사람","횡단중","횡단중","보행자 보호의무 위반","단일로","기타단일로","화물차","보행자","910508.5","1502855","126.5364027","33.51384762","N"
"2017","2017-01-02 08","주","월","1","0","0","0","0","서울","영등포구","차량단독","전도전복","전도전복","안전운전 의무 불이행","교차로","교차로내","이륜차","없음","946757","1943309","126.8977393","37.48749238","N"
"2017","2017-01-02 09","주","월","1","1","1","0","0","경북","청송군","차대차","측면충돌","측면충돌","중앙선 침범","단일로","기타단일로","승용차","승용차","1134705","1810932","128.9999916","36.28629343","N"
"2017","2017-01-02 10","주","월","1","0","0","0","0","경남","양산시","차대차","추돌","추돌","안전운전 의무 불이행","단일로","기타단일로","원동기장치자전거","화물차","1138995","1709400","129.0300754","35.37058279","N"
"2017","2017-01-02 12","주","월","1","0","0","0","0","경북","울진군","차대사람","횡단중","횡단중","안전운전 의무 불이행","단일로","기타단일로","승합차","보행자","1166337","1901018","129.3716493","37.09304415","N"
"2017","2017-01-02 17","주","월","1","0","0","0","0","서울","광진구","차량단독","공작물충돌","공작물충돌","안전운전 의무 불이행","단일로","기타단일로","승용차","없음","964223","1950661","127.0949431","37.55460089","N"
"2017","2017-01-02 17","주","월","1","4","0","4","0","서울","금천구","차대차","측면충돌","측면충돌","신호위반","교차로","교차로내","승용차","승합차","947235","1938476","126.9034922","37.44395888","N"
"2017","2017-01-02 17","주","월","1","0","0","0","0","경기","안성시","차대사람","기타","기타","안전운전 의무 불이행","단일로","기타단일로","승용차","보행자","978913","1900967","127.2626705","37.10712021","N"
"2017","2017-01-02 17","주","월","1","0","0","0","0","경북","의성군","차량단독","도로이탈","도로이탈 추락","안전운전 의무 불이행","단일로","교량위","이륜차","없음","1080719","1818230","128.3996819","36.35811021","N"
"2017","2017-01-02 17","주","월","1","0","0","0","0","경남","남해군","차대사람","횡단중","횡단중","안전운전 의무 불이행","교차로","교차로부근","화물차","보행자","1048067","1657068","128.0261565","34.90724278","N"
"2017","2017-01-02 18","야","월","1","0","0","0","0","전남","순천시","차대차","측면충돌","측면충돌","신호위반","교차로","교차로내","원동기장치자전거","화물차","998903","1664061","127.4879825","34.97144069","N"
"2017","2017-01-03 01","야","화","1","0","0","0","0","경기","안성시","차량단독","기타","기타","안전운전 의무 불이행","단일로","기타단일로","이륜차","없음","975120","1889560","127.2203592","37.00420168","N"
"2017","2017-01-03 05","야","화","1","0","0","0","0","강원","원주시","차대사람","횡단중","횡단중","보행자 보호의무 위반","교차로","교차로부근","승용차","보행자","1040515","1927745","127.9574381","37.3478524","N"
"2017","2017-01-03 06","주","화","2","2","0","0","2","부산","강서구","차대차","측면충돌","측면충돌","안전거리 미확보","단일로","기타단일로","화물차","승용차","1126079","1685284","128.8842307","35.15490802","N"
"2017","2017-01-03 06","주","화","1","0","0","0","0","충남","천안시","차대차","측면충돌","측면충돌","안전운전 의무 불이행","교차로","교차로내","원동기장치자전거","승용차","972938","1875546","127.1963364","36.87781367","N"
"2017","2017-01-03 09","주","화","1","0","0","0","0","경남","산청군","차대사람","길가장자리구역통행중","길가장자리구역통행중","안전운전 의무 불이행","교차로","교차로부근","화물차","보행자","1031886","1697393","127.8505905","35.27149665","N"
"2017","2017-01-03 10","주","화","1","0","0","0","0","경기","안성시","차대사람","기타","기타","안전운전 의무 불이행","단일로","기타단일로","승용차","보행자","982705","1896000","127.3054628","37.06242418","N"
"2017","2017-01-03 11","주","화","1","0","0","0","0","전남","담양군","차대차","기타","기타","안전거리 미확보","단일로","기타단일로","화물차","자전거","957621","1706124","127.033589","35.34983196","N"
"2017","2017-01-03 12","주","화","1","0","0","0","0","제주","제주시","차대사람","횡단중","횡단중","안전운전 의무 불이행","단일로","기타단일로","화물차","보행자","941169.7","1502652.7","126.8665375","33.51415119","N"
"2017","2017-01-03 18","야","화","1","0","0","0","0","서울","관악구","차대사람","횡단중","횡단중","안전운전 의무 불이행","단일로","기타단일로","화물차","보행자","951809","1942583","126.9549303","37.48122622","N"
"2017","2017-01-03 18","야","화","1","0","0","0","0","경기","평택시","차대사람","횡단중","횡단중","안전운전 의무 불이행","단일로","기타단일로","승합차","보행자","960822","1901041","127.0590607","37.10720491","N"
"2017","2017-01-03 18","야","화","1","0","0","0","0","제주","제주시","차대사람","횡단중","횡단중","안전운전 의무 불이행","단일로","기타단일로","화물차","보행자","911841","1496087.4","126.5514142","33.45292522","N"
"2017","2017-01-03 22","야","화","1","0","0","0","0","전북","전주시","차대사람","횡단중","횡단중","보행자 보호의무 위반","단일로","기타단일로","승용차","보행자","965623.6","1758825.4","127.1194193","35.82531479","N"
"2017","2017-01-03 22","야","화","1","0","0","0","0","경기","남양주시","차량단독","전도전복","전도전복","안전운전 의무 불이행","단일로","기타단일로","승용차","없음","971115","1954995","127.1728002","37.59390689","N"
"2017","2017-01-04 00","야","수","1","0","0","0","0","경기","수원시","차대사람","횡단중","횡단중","안전운전 의무 불이행","교차로","교차로내","승용차","보행자","952420","1916355","126.9635265","37.24485238","N"
"2017","2017-01-04 05","야","수","1","0","0","0","0","경기","안양시","차대사람","횡단중","횡단중","과속","단일로","기타단일로","승용차","보행자","949831","1931894","126.9332858","37.38477745","N"
"2017","2017-01-04 09","주","수","1","0","0","0","0","서울","중랑구","차대차","정면충돌","정면충돌","안전운전 의무 불이행","교차로","교차로내","자전거","승용차","963459","1955106","127.0860718","37.59463509","N"
"2017","2017-01-04 12","주","수","1","1","0","1","0","경기","이천시","차대차","정면충돌","정면충돌","중앙선 침범","교차로","교차로내","승용차","특수차","999212","1908687","127.4911231","37.17694711","N"
"2017","2017-01-04 12","주","수","1","0","0","0","0","경기","시흥시","차대차","측면충돌","측면충돌","안전운전 의무 불이행","단일로","기타단일로","승용차","자전거","933420","1927065","126.7483524","37.34021956","N"
"2017","2017-01-05 00","야","목","1","1","0","1","0","경기","이천시","차량단독","공작물충돌","공작물충돌","안전운전 의무 불이행","단일로","기타단일로","승용차","없음","999246","1917466","127.4914972","37.25608192","N"
"2017","2017-01-05 01","야","목","1","0","0","0","0","경남","진주시","차대사람","기타","기타","안전운전 의무 불이행","교차로","교차로내","승용차","보행자","1055058","1684705","128.1045108","35.15608727","N"
"2017","2017-01-05 03","야","목","1","0","0","0","0","경기","성남시","차대사람","횡단중","횡단중","안전운전 의무 불이행","단일로","기타단일로","화물차","보행자","966375","1933395","127.1200956","37.39905481","N"
"2017","2017-01-05 06","주","목","1","1","0","1","0","전북","전주시","차대차","측면충돌","측면충돌","신호위반","교차로","교차로내","원동기장치자전거","승용차","968901","1760336","127.1556439","35.83904382","N"
"2017","2017-01-05 10","주","목","1","0","0","0","0","서울","광진구","차량단독","전도전복","전도전복","안전운전 의무 불이행","단일로","기타단일로","이륜차","없음","961587","1949242","127.0651741","37.54170482","N"
"2017","2017-01-05 10","주","목","1","0","0","0","0","대구","남구","차대차","측면충돌","측면충돌","안전운전 의무 불이행","기타","기타","자전거","화물차","1098374","1762641","128.5894901","35.85537966","N"
"2017","2017-01-05 11","주","목","1","3","0","3","0","경기","오산시","차대차","측면충돌","측면충돌","신호위반","교차로","교차로내","승용차","화물차","962504","1904323","127.0778265","37.13685774","N"
"2017","2017-01-05 18","야","목","1","0","0","0","0","전북","익산시","차대사람","횡단중","횡단중","안전운전 의무 불이행","단일로","기타단일로","승용차","보행자","952718","1771582","126.9757889","35.93978772","N"
"2017","2017-01-05 18","야","목","1","0","0","0","0","제주","제주시","차량단독","전도전복","전도전복","안전운전 의무 불이행","단일로","기타단일로","승용차","없음","894736","1487161.1","126.3684386","33.3708832","N"
"2017","2017-01-05 20","야","목","1","0","0","0","0","강원","양양군","차대사람","횡단중","횡단중","안전운전 의무 불이행","단일로","기타단일로","승용차","보행자","1097162","2017091.8","128.6088903","38.14880988","N"
"2017","2017-01-05 20","야","목","1","0","0","0","0","경북","경주시","차대사람","횡단중","횡단중","안전운전 의무 불이행","단일로","기타단일로","승용차","보행자","1164250","1756099","129.3174572","35.78759752","N"
"2017","2017-01-05 22","야","목","1","0","0","0","0","전북","임실군","차량단독","전도전복","전도전복","안전운전 의무 불이행","단일로","기타단일로","승용차","없음","988607","1740760","127.3741238","35.66296794","N"
"2017","2017-01-05 22","야","목","1","1","1","0","0","대전","대덕구","차량단독","전도전복","전도전복","안전운전 의무 불이행","단일로","기타단일로","승용차","없음","991092","1827149.5","127.400605","36.4418684","N"
"2017","2017-01-05 22","야","목","1","0","0","0","0","경기","고양시","차대사람","횡단중","횡단중","안전운전 의무 불이행","단일로","기타단일로","승용차","보행자","935250","1963385","126.7658117","37.66769833","N"
"2017","2017-01-06 00","야","금","1","0","0","0","0","서울","성동구","차대사람","횡단중","횡단중","안전운전 의무 불이행","단일로","기타단일로","화물차","보행자","958083","1949880","127.0254745","37.54730258","N"
"2017","2017-01-06 01","야","금","1","0","0","0","0","경남","합천군","차량단독","전도전복","전도전복","안전운전 의무 불이행","교차로","교차로부근","승용차","없음","1070247","1727164","128.2749142","35.53795512","N"
"2017","2017-01-06 06","주","금","1","0","0","0","0","서울","성북구","차대사람","횡단중","횡단중","안전운전 의무 불이행","교차로","교차로내","화물차","보행자","959233.6","1955992.6","127.0381594","37.60244865","N"
"2017","2017-01-06 07","주","금","1","0","0","0","0","세종","세종시","차대사람","횡단중","횡단중","중앙선 침범","기타","기타","승합차","보행자","984158","1840361","127.322965","36.56088249","N"
"2017","2017-01-06 11","주","금","1","0","0","0","0","부산","강서구","차량단독","기타","기타","안전운전 의무 불이행","단일로","기타단일로","승합차","없음","1127520","1677726","128.8988819","35.08659418","N"
"2017","2017-01-06 14","주","금","1","0","0","0","0","경기","시흥시","차대차","측면충돌","측면충돌","교차로 통행방법 위반","교차로","교차로내","승용차","자전거","936715","1941015","126.7843534","37.46618294","Y"
"2017","2017-01-06 15","주","금","1","0","0","0","0","충남","서천군","차대차","측면충돌","측면충돌","안전운전 의무 불이행","교차로","교차로내","화물차","자전거","927594","1779654","126.6965245","36.01101807","N"
"2017","2017-01-06 17","주","금","1","0","0","0","0","충북","진천군","차대사람","횡단중","횡단중","안전운전 의무 불이행","단일로","기타단일로","화물차","보행자","994801","1875083","127.4416647","36.87401354","N"
"2017","2017-01-06 17","주","금","1","0","0","0","0","경북","경산시","차대사람","횡단중","횡단중","안전운전 의무 불이행","교차로","교차로부근","승용차","보행자","1110430","1758487","128.7224097","35.81665019","N"
"2017","2017-01-06 20","야","금","1","0","0","0","0","경기","포천시","차대사람","횡단중","횡단중","안전운전 의무 불이행","교차로","교차로부근","승용차","보행자","975460","1991205","127.2207944","37.92039981","N"
"2017","2017-01-06 22","야","금","1","0","0","0","0","경기","성남시","차대차","측면충돌","측면충돌","안전운전 의무 불이행","교차로","교차로부근","원동기장치자전거","승합차","965287","1929983","127.1079634","37.36826017","N"
"2017","2017-01-06 23","야","금","1","0","0","0","0","경기","수원시","차대사람","차도통행중","차도통행중","안전운전 의무 불이행","교차로","교차로부근","화물차","보행자","957606","1917609","127.0219262","37.25640607","N"
"2017","2017-01-07 00","야","토","1","0","0","0","0","경기","하남시","차대사람","횡단중","횡단중","안전운전 의무 불이행","단일로","기타단일로","승용차","보행자","975740","1945904","127.2254908","37.51209893","N"
"2017","2017-01-07 04","야","토","1","0","0","0","0","강원","춘천시","차대사람","횡단중","횡단중","안전운전 의무 불이행","교차로","교차로내","승용차","보행자","1021038","1990363","127.7393371","37.91289868","N"
"2017","2017-01-07 05","야","토","1","0","0","0","0","인천","남동구","차대사람","차도통행중","차도통행중","안전운전 의무 불이행","단일로","기타단일로","승용차","보행자","929062","1940077","126.6979086","37.45717311","N"
"2017","2017-01-07 07","주","토","1","0","0","0","0","충남","태안군","차대차","추돌","추돌","안전운전 의무 불이행","단일로","기타단일로","승용차","건설기계","884057","1863168","126.2010304","36.75952642","N"
"2017","2017-01-07 07","주","토","1","0","0","0","0","전남","여수시","차대사람","횡단중","횡단중","안전운전 의무 불이행","단일로","기타단일로","승용차","보행자","1013322.9","1637490.7","127.6455284","34.73175237","N"
"2017","2017-01-07 07","주","토","1","1","1","0","0","경남","진주시","차대차","추돌","추돌","안전운전 의무 불이행","단일로","기타단일로","화물차","화물차","1057938","1685774","128.1362052","35.16556417","N"
"2017","2017-01-07 16","주","토","1","1","0","1","0","경남","통영시","차대차","추돌","추돌","안전운전 의무 불이행","단일로","기타단일로","이륜차","이륜차","1077413","1660769","128.3477048","34.93879805","N"
"2017","2017-01-07 19","야","토","1","0","0","0","0","충남","보령시","차대차","측면충돌","측면충돌","기타","교차로","교차로내","이륜차","승용차","919528.2","1813954.1","126.6035149","36.31958657","N"