"발생년","발생년월일시","주야","요일","사망자수","부상자수","중상자수","경상자수","부상신고자수","발생지시도","발생지시군구","사고유형_대분류","사고유형_중분류","사고유형","가해자법규위반","도로형태_대분류","도로형태","가해자_당사자종별","피해자_당사자종별","발생위치(X_UTMK)","발생위치(Y_UTMK)","경도","위도"," 어린이사고 여부"
"2017","2017-01-07 19","야","토","1","0","0","0","0","제주","제주시","차량단독","전도전복","전도전복","안전운전 의무 불이행","교차로","교차로내","화물차","없음","916239","1503558","126.598033","33.5206522","N"
"2017","2017-01-08 00","야","일","1","0","0","0","0","서울","영등포구","차대차","측면충돌","측면충돌","신호위반","교차로","교차로내","이륜차","승용차","947101","1945442","126.9014769","37.50673726","N"
"2017","2017-01-08 00","야","일","1","1","0","1","0","광주","서구","차대사람","횡단중","횡단중","과속","단일로","기타단일로","승용차","보행자","941735.1","1685426.7","126.8602299","35.16241379","N"
"2017","2017-01-08 05","야","일","1","2","0","2","0","충남","부여군","차대차","기타","기타","안전운전 의무 불이행","단일로","기타단일로","승용차","승용차","960778.9","1808852.7","127.0633007","36.27615946","N"
"2017","2017-01-08 14","주","일","1","0","0","0","0","대구","수성구","차대차","측면충돌","측면충돌","과속","단일로","기타단일로","이륜차","자전거","1101579","1762333","128.6249402","35.85227614","N"
"2017","2017-01-08 15","주","일","1","1","1","0","0","충북","옥천군","차대차","추돌","추돌","안전운전 의무 불이행","단일로","기타단일로","농기계","농기계","1015164","1822155","127.6691013","36.3967631","N"
"2017","2017-01-08 18","야","일","1","0","0","0","0","경기","부천시","차대사람","횡단중","횡단중","기타","교차로","교차로내","승용차","보행자","936285","1943797","126.7792504","37.49122751","N"
"2017","2017-01-08 21","야","일","1","0","0","0","0","충남","예산군","차량단독","공작물충돌","공작물충돌","안전운전 의무 불이행","단일로","기타단일로","승용차","없음","920590","1848736","126.6117715","36.6332037","N"
"2017","2017-01-08 22","야","일","1","0","0","0","0","경기","양주시","차대사람","기타","기타","안전운전 의무 불이행","교차로","교차로횡단보도내","승합차","보행자","958321","1976280","127.02666","37.78525934","N"
"2017","2017-01-09 04","야","월","1","0","0","0","0","인천","계양구","차대사람","횡단중","횡단중","안전운전 의무 불이행","교차로","교차로내","승용차","보행자","931550.9","1949624.8","126.7251593","37.54341356","N"
"2017","2017-01-09 06","주","월","1","1","0","1","0","경기","안산시","차대차","정면충돌","정면충돌","신호위반","교차로","교차로내","이륜차","승용차","940558","1923416","126.8292232","37.30781449","N"
"2017","2017-01-09 07","주","월","1","0","0","0","0","전북","김제시","차대사람","횡단중","횡단중","안전운전 의무 불이행","단일로","기타단일로","승용차","보행자","945623","1762231","126.8977698","35.85511358","N"
"2017","2017-01-09 10","주","월","1","0","0","0","0","경북","울진군","차대차","측면충돌","측면충돌","안전운전 의무 불이행","단일로","기타단일로","이륜차","승용차","1168945","1890039","129.3985147","36.99366328","N"
"2017","2017-01-09 12","주","월","1","1","0","1","0","경기","여주시","차량단독","공작물충돌","공작물충돌","안전운전 의무 불이행","단일로","기타단일로","승용차","없음","1017366","1911390","127.6956927","37.20115104","N"
"2017","2017-01-09 15","주","월","1","0","0","0","0","강원","원주시","차대차","추돌","추돌","안전운전 의무 불이행","단일로","터널안","승용차","건설기계","1029865","1934186","127.8374556","37.40631347","N"
"2017","2017-01-09 15","주","월","1","3","0","3","0","울산","북구","차대차","추돌","추돌","안전운전 의무 불이행","단일로","기타단일로","화물차","승용차","1170806","1729389","129.3842994","35.5457811","N"
"2017","2017-01-09 16","주","월","1","0","0","0","0","전북","김제시","차대차","측면충돌","측면충돌","기타","교차로","교차로내","원동기장치자전거","화물차","936815","1757836","126.8005744","35.81496187","N"
"2017","2017-01-09 17","주","월","1","2","2","0","0","경기","파주시","차대차","측면충돌","측면충돌","신호위반","교차로","교차로내","화물차","화물차","949377","1996717","126.9236556","37.9689987","N"
"2017","2017-01-09 18","야","월","1","0","0","0","0","강원","속초시","차대차","추돌","추돌","안전운전 의무 불이행","기타","기타","승용차","자전거","1094353.5","2022202.9","128.5775208","38.19516442","N"
"2017","2017-01-10 01","야","화","1","0","0","0","0","경북","포항시","차대사람","횡단중","횡단중","중앙선 침범","교차로","교차로부근","승용차","보행자","1167674","1783703","129.3611455","36.03576754","N"
"2017","2017-01-10 04","야","화","1","0","0","0","0","전북","전주시","차대사람","횡단중","횡단중","안전운전 의무 불이행","단일로","기타단일로","승합차","보행자","966004.6","1760900.9","127.1235489","35.84404078","N"
"2017","2017-01-10 06","주","화","1","0","0","0","0","전남","진도군","차대사람","차도통행중","차도통행중","안전운전 의무 불이행","단일로","기타단일로","화물차","보행자","884173.7","1603821.5","126.2395344","34.42171273","N"
"2017","2017-01-10 09","주","화","1","0","0","0","0","경기","수원시","차대차","측면충돌","측면충돌","신호위반","교차로","교차로내","자전거","승합차","953902","1920826","126.9799586","37.28522695","N"
"2017","2017-01-10 11","주","화","1","1","0","1","0","세종","세종시","차대차","기타","기타","안전운전 의무 불이행","단일로","지하차도(도로)내","승용차","승용차","976827","1834194","127.2412267","36.50513691","N"
"2017","2017-01-10 12","주","화","1","8","3","5","0","광주","서구","차대사람","기타","기타","과속","단일로","기타단일로","승용차","보행자","944138","1684066","126.8867054","35.15028124","N"
"2017","2017-01-10 13","주","화","1","0","0","0","0","경기","동두천시","차대차","기타","기타","중앙선 침범","단일로","기타단일로","승합차","승용차","960504","1991831","127.0506011","37.92551508","N"
"2017","2017-01-10 14","주","화","1","0","0","0","0","충남","논산시","차대차","정면충돌","정면충돌","안전운전 의무 불이행","단일로","기타단일로","자전거","화물차","961688","1799990","127.0738565","36.19629576","N"
"2017","2017-01-10 18","야","화","1","0","0","0","0","경기","수원시","차대사람","횡단중","횡단중","안전운전 의무 불이행","단일로","기타단일로","승용차","보행자","955620","1918972","126.9994497","37.26859918","N"
"2017","2017-01-10 21","야","화","1","0","0","0","0","강원","인제군","차대차","정면충돌","정면충돌","안전운전 의무 불이행","단일로","기타단일로","승용차","화물차","1061296","2012080","128.1991643","38.10679463","N"
"2017","2017-01-10 21","야","화","1","0","0","0","0","충남","천안시","차대차","추돌","추돌","안전운전 의무 불이행","단일로","기타단일로","승용차","자전거","969571","1870014","127.1587775","36.82784295","N"
"2017","2017-01-10 22","야","화","1","1","0","1","0","서울","양천구","차대차","측면충돌","측면충돌","안전운전 의무 불이행","단일로","기타단일로","이륜차","승합차","945525","1948772","126.8833993","37.53665922","N"
"2017","2017-01-11 01","야","수","1","2","1","1","0","경기","안성시","차대차","기타","기타","안전운전 의무 불이행","단일로","기타단일로","화물차","화물차","971735.5","1884036.9","127.1825262","36.95431895","N"
"2017","2017-01-11 02","야","수","1","0","0","0","0","경기","남양주시","차대사람","횡단중","횡단중","안전운전 의무 불이행","교차로","교차로부근","화물차","보행자","972850","1969548","127.1919118","37.72513017","N"
"2017","2017-01-11 04","야","수","1","0","0","0","0","대전","서구","차대사람","횡단중","횡단중","보행자 보호의무 위반","교차로","교차로내","승용차","보행자","989857","1815097","127.3869823","36.33319873","N"
"2017","2017-01-11 06","주","수","1","0","0","0","0","부산","동래구","차대사람","횡단중","횡단중","안전운전 의무 불이행","단일로","기타단일로","승합차","보행자","1145215.5","1690249.7","129.0951384","35.1970851","N"
"2017","2017-01-11 12","주","수","1","0","0","0","0","강원","삼척시","차량단독","도로이탈","도로이탈 추락","안전운전 의무 불이행","단일로","기타단일로","화물차","없음","1136858.6","1915044.9","129.0426417","37.2242104","N"
"2017","2017-01-11 13","주","수","1","0","0","0","0","부산","기장군","차대차","측면충돌","측면충돌","신호위반","교차로","교차로내","자전거","승용차","1156546.5","1695583.7","129.2205718","35.24345741","N"
"2017","2017-01-11 16","주","수","1","0","0","0","0","강원","홍천군","차량단독","도로이탈","도로이탈 추락","안전운전 의무 불이행","단일로","기타단일로","농기계","없음","1041823","1965236","127.9743399","37.68571323","N"
"2017","2017-01-11 16","주","수","1","3","1","2","0","충남","서천군","차대사람","길가장자리구역통행중","길가장자리구역통행중","안전운전 의무 불이행","단일로","기타단일로","승합차","보행자","929286","1789463","126.7144203","36.09957062","N"
"2017","2017-01-11 18","야","수","1","0","0","0","0","전남","담양군","차대사람","기타","기타","안전운전 의무 불이행","단일로","교량위","승용차","보행자","958440","1705399","127.0426392","35.34332934","N"
"2017","2017-01-11 18","야","수","1","0","0","0","0","경남","거제시","차대사람","횡단중","횡단중","안전운전 의무 불이행","단일로","기타단일로","승용차","보행자","1089492","1652465","128.4790699","34.86293209","N"
"2017","2017-01-11 20","야","수","1","0","0","0","0","울산","동구","차량단독","전도전복","전도전복","안전운전 의무 불이행","단일로","기타단일로","원동기장치자전거","없음","1173237","1722746","129.4096857","35.48549475","N"
"2017","2017-01-12 05","야","목","1","0","0","0","0","전남","여수시","차대사람","횡단중","횡단중","과속","단일로","기타단일로","승용차","보행자","1016034","1641146","127.6752116","34.76467606","N"
"2017","2017-01-12 06","주","목","1","0","0","0","0","경기","부천시","차대차","측면충돌","측면충돌","안전운전 의무 불이행","교차로","교차로내","승용차","자전거","937178.7","1948338.3","126.7889711","37.53221928","N"
"2017","2017-01-12 08","주","목","1","0","0","0","0","서울","송파구","차대차","정면충돌","정면충돌","중앙선 침범","단일로","기타단일로","자전거","승합차","968349","1944620","127.141916","37.50030166","N"
"2017","2017-01-12 12","주","목","1","0","0","0","0","충북","진천군","차대사람","횡단중","횡단중","안전운전 의무 불이행","기타","기타","화물차","보행자","994816","1887858","127.4417454","36.98917423","N"
"2017","2017-01-12 18","야","목","1","0","0","0","0","충북","청주시","차대사람","횡단중","횡단중","과속","단일로","기타단일로","승용차","보행자","1006879","1842270","127.5768903","36.57819891","N"
"2017","2017-01-12 22","야","목","1","0","0","0","0","경남","진주시","차량단독","도로이탈","도로이탈 추락","안전운전 의무 불이행","단일로","기타단일로","화물차","없음","1058668","1700260","128.1452541","35.29613519","N"
"2017","2017-01-13 01","야","금","1","0","0","0","0","경기","김포시","차량단독","전도전복","전도전복","안전운전 의무 불이행","교차로","교차로부근","이륜차","없음","927709","1960838","126.6805656","37.64418028","N"
"2017","2017-01-13 06","주","금","1","0","0","0","0","서울","동작구","차대사람","횡단중","횡단중","신호위반","교차로","교차로내","승합차","보행자","949772","1946151","126.9316479","37.51327688","N"
"2017","2017-01-13 07","주","금","1","1","0","1","0","충남","논산시","차대사람","횡단중","횡단중","과속","교차로","교차로부근","승용차","보행자","962807","1799724","127.0863154","36.19394132","N"
"2017","2017-01-13 11","주","금","1","0","0","0","0","서울","서초구","차대사람","횡단중","횡단중","안전운전 의무 불이행","교차로","교차로부근","특수차","보행자","954182","1942122","126.9817981","37.47719184","N"
"2017","2017-01-13 12","주","금","1","0","0","0","0","충남","서산시","차대사람","횡단중","횡단중","안전운전 의무 불이행","단일로","기타단일로","승용차","보행자","900814","1860719","126.3890513","36.7393547","N"
"2017","2017-01-13 18","야","금","1","5","2","3","0","부산","금정구","차대차","추돌","추돌","안전거리 미확보","단일로","기타단일로","승용차","승용차","1146466.5","1695143.2","129.1097463","35.24101112","N"
"2017","2017-01-13 18","야","금","1","0","0","0","0","경기","안산시","차대사람","횡단중","횡단중","신호위반","교차로","교차로부근","승합차","보행자","935871","1924364","126.7762542","37.31604745","N"
"2017","2017-01-13 18","야","금","1","2","0","2","0","강원","평창군","차대사람","횡단중","횡단중","안전운전 의무 불이행","단일로","기타단일로","승용차","보행자","1079256","1930618","128.3951174","37.37124631","N"
"2017","2017-01-14 03","야","토","1","1","0","1","0","경기","화성시","차대차","정면충돌","정면충돌","중앙선 침범","단일로","기타단일로","승용차","건설기계","966330","1908107","127.1207328","37.17111229","N"
"2017","2017-01-14 04","야","토","1","0","0","0","0","대구","남구","차대사람","기타","기타","안전운전 의무 불이행","단일로","기타단일로","승용차","보행자","1097239","1760778","128.576695","35.83869881","N"
"2017","2017-01-14 06","주","토","1","0","0","0","0","경기","안산시","차대사람","기타","기타","과속","단일로","기타단일로","화물차","보행자","945507","1921817","126.8851847","37.29370535","N"
"2017","2017-01-14 07","주","토","1","0","0","0","0","경기","오산시","차대사람","횡단중","횡단중","안전운전 의무 불이행","단일로","기타단일로","승용차","보행자","962092","1906390","127.0730831","37.15547297","N"
"2017","2017-01-14 07","주","토","1","0","0","0","0","전남","무안군","차대사람","기타","기타","안전운전 의무 불이행","단일로","기타단일로","건설기계","보행자","890336","1680404","126.2966003","35.11283853","N"
"2017","2017-01-14 09","주","토","1","0","0","0","0","충북","보은군","차량단독","전도전복","전도전복","안전운전 의무 불이행","단일로","기타단일로","승용차","없음","1022127","1833268","127.7470661","36.49681369","N"
"2017","2017-01-14 13","주","토","2","0","0","0","0","경북","구미시","차대사람","횡단중","횡단중","안전운전 의무 불이행","단일로","기타단일로","승용차","보행자","1075185","1793441","128.3356244","36.1350956","N"
"2017","2017-01-14 19","야","토","1","0","0","0","0","충남","홍성군","차대사람","차도통행중","차도통행중","안전운전 의무 불이행","단일로","기타단일로","승용차","보행자","914914.1","1845340.7","126.5486683","36.60210906","N"
"2017","2017-01-14 19","야","토","1","0","0","0","0","경북","울진군","차대차","정면충돌","정면충돌","중앙선 침범","단일로","기타단일로","원동기장치자전거","승용차","1173985","1867194","129.4498784","36.78692552","N"
"2017","2017-01-14 23","야","토","1","1","1","0","0","충남","아산시","차대차","측면충돌","측면충돌","안전운전 의무 불이행","불명","불명","승용차","승용차","954557","1878058","126.9899379","36.89975147","N"
"2017","2017-01-14 23","야","토","1","2","2","0","0","광주","북구","차대사람","횡단중","횡단중","과속","단일로","기타단일로","승용차","보행자","941491","1686712","126.8574586","35.17398867","N"
"2017","2017-01-15 04","야","일","1","0","0","0","0","전남","진도군","차대사람","횡단중","횡단중","안전운전 의무 불이행","교차로","교차로내","화물차","보행자","886798.3","1610333.6","126.2672278","34.48071787","N"
"2017","2017-01-15 06","주","일","1","0","0","0","0","울산","남구","차대사람","횡단중","횡단중","과속","교차로","교차로횡단보도내","화물차","보행자","1159345","1728581","129.25776","35.54040833","N"
"2017","2017-01-15 07","주","일","1","0","0","0","0","전북","전주시","차대사람","횡단중","횡단중","보행자 보호의무 위반","단일로","기타단일로","승용차","보행자","962217","1763244","127.0814965","35.86502728","N"
"2017","2017-01-15 07","주","일","1","0","0","0","0","경북","경주시","차대사람","횡단중","횡단중","신호위반","단일로","기타단일로","승용차","보행자","1157983","1759182","129.2487503","35.81640962","N"
"2017","2017-01-15 09","주","일","1","0","0","0","0","서울","양천구","차대사람","횡단중","횡단중","신호위반","단일로","기타단일로","승용차","보행자","943719","1949882","126.8628732","37.5465552","N"
"2017","2017-01-15 13","주","일","1","0","0","0","0","전남","여수시","차대사람","횡단중","횡단중","안전운전 의무 불이행","단일로","기타단일로","승용차","보행자","1021100","1638456","127.7305026","34.7403261","N"
"2017","2017-01-15 14","주","일","1","0","0","0","0","전남","순천시","차대차","정면충돌","정면충돌","중앙선 침범","단일로","기타단일로","이륜차","승용차","996976","1659282","127.4668897","34.92834207","N"
"2017","2017-01-15 18","야","일","1","0","0","0","0","충남","청양군","차대사람","기타","기타","안전운전 의무 불이행","단일로","기타단일로","승용차","보행자","933259","1822979","126.7556939","36.40199208","N"
"2017","2017-01-15 19","야","일","1","3","1","2","0","강원","인제군","차대차","정면충돌","정면충돌","중앙선 침범","단일로","기타단일로","승용차","승합차","1063192","2014471","128.2210011","38.12821166","N"
"2017","2017-01-15 19","야","일","1","0","0","0","0","경북","김천시","차대사람","기타","기타","안전운전 의무 불이행","단일로","기타단일로","특수차","보행자","1068427","1799053","128.2610094","36.18618769","N"
"2017","2017-01-15 20","야","일","1","1","0","1","0","경북","경산시","차대차","측면충돌","측면충돌","중앙선 침범","교차로","교차로부근","이륜차","이륜차","1114342","1761255","128.7661007","35.8411528","N"
"2017","2017-01-16 05","야","월","1","2","1","1","0","서울","강남구","차대차","기타","기타","안전운전 의무 불이행","교차로","교차로내","승용차","이륜차","958239","1944403","127.0275518","37.49794369","N"
"2017","2017-01-16 05","야","월","1","0","0","0","0","경남","창원시(통합)","차대사람","횡단중","횡단중","안전운전 의무 불이행","교차로","교차로내","승용차","보행자","1108157","1698819","128.6892832","35.27901656","N"
"2017","2017-01-16 05","야","월","1","0","0","0","0","경기","구리시","차대사람","횡단중","횡단중","안전운전 의무 불이행","단일로","기타단일로","승용차","보행자","968554","1955925","127.1437505","37.60220531","N"
"2017","2017-01-16 06","주","월","1","0","0","0","0","서울","강서구","차대사람","횡단중","횡단중","안전운전 의무 불이행","단일로","기타단일로","승용차","보행자","942464","1949674","126.8486832","37.54460298","N"
"2017","2017-01-16 07","주","월","1","0","0","0","0","전북","장수군","차대사람","횡단중","횡단중","과속","교차로","교차로내","승합차","보행자","999319","1729142","127.4924857","35.55827946","N"
"2017","2017-01-16 07","주","월","1","3","3","0","0","경남","양산시","차대차","측면충돌","측면충돌","안전운전 의무 불이행","교차로","교차로부근","화물차","승용차","1139949","1705057","129.0398304","35.33130309","N"
"2017","2017-01-16 07","주","월","1","0","0","0","0","울산","동구","차대차","정면충돌","정면충돌","중앙선 침범","단일로","기타단일로","이륜차","승용차","1175066","1725478","129.4304268","35.50979365","N"
"2017","2017-01-16 08","주","월","1","0","0","0","0","충북","진천군","차대사람","기타","기타","안전운전 의무 불이행","단일로","기타단일로","승용차","보행자","994373","1872532","127.4368812","36.85101475","N"
"2017","2017-01-16 08","주","월","1","1","1","0","0","제주","서귀포시","차대차","정면충돌","정면충돌","안전운전 의무 불이행","단일로","기타단일로","승합차","이륜차","881332","1473256","126.226203","33.24409439","N"
"2017","2017-01-16 10","주","월","1","1","1","0","0","제주","제주시","차대차","추돌","추돌","안전운전 의무 불이행","단일로","기타단일로","화물차","승용차","917562","1499530","126.6126488","33.48442835","N"
"2017","2017-01-16 11","주","월","1","0","0","0","0","충남","당진시","차대차","정면충돌","정면충돌","교차로 통행방법 위반","교차로","교차로내","승용차","이륜차","940852","1867665","126.8369279","36.80530856","N"
"2017","2017-01-16 12","주","월","1","1","0","1","0","전북","익산시","차대차","측면충돌","측면충돌","신호위반","교차로","교차로내","화물차","승용차","956600","1794233","127.0175827","36.14417943","N"
"2017","2017-01-16 13","주","월","1","0","0","0","0","대전","동구","차대사람","횡단중","횡단중","보행자 보호의무 위반","단일로","기타단일로","화물차","보행자","993026","1816644","127.4222788","36.34717376","N"
"2017","2017-01-16 14","주","월","1","0","0","0","0","전남","화순군","차대차","측면충돌","측면충돌","안전운전 의무 불이행","교차로","교차로횡단보도내","자전거","화물차","954213","1674620","126.9978348","35.06561666","N"
"2017","2017-01-16 15","주","월","1","2","1","1","0","전남","여수시","차대사람","기타","기타","안전운전 의무 불이행","단일로","교량위","화물차","보행자","1018700","1655538","127.7046651","34.89441249","N"
"2017","2017-01-16 15","주","월","1","0","0","0","0","광주","광산구","차대사람","횡단중","횡단중","중앙선 침범","교차로","교차로부근","승용차","보행자","935950.2","1682424.6","126.7969465","35.13499316","N"
"2017","2017-01-16 18","야","월","1","0","0","0","0","경북","포항시","차대사람","기타","기타","안전운전 의무 불이행","단일로","기타단일로","승용차","보행자","1156504","1786150","129.2376987","36.05967934","N"
"2017","2017-01-16 20","야","월","1","0","0","0","0","서울","관악구","차대사람","횡단중","횡단중","안전운전 의무 불이행","단일로","기타단일로","승용차","보행자","949781","1943312","126.9319437","37.48768883","N"
"2017","2017-01-17 00","야","화","1","0","0","0","0","경북","칠곡군","차량단독","전도전복","전도전복","안전운전 의무 불이행","단일로","기타단일로","승용차","없음","1081118","1782454","128.4004279","36.03557295","N"
"2017","2017-01-17 05","야","화","1","0","0","0","0","강원","춘천시","차대사람","횡단중","횡단중","안전운전 의무 불이행","단일로","기타단일로","승용차","보행자","1020049.5","1985294","127.7279507","37.86723413","N"
"2017","2017-01-17 06","주","화","1","0","0","0","0","서울","관악구","차대사람","횡단중","횡단중","안전운전 의무 불이행","단일로","기타단일로","승합차","보행자","948061","1941725","126.9126006","37.4732897","N"
"2017","2017-01-17 06","주","화","1","0","0","0","0","경기","광명시","차대사람","차도통행중","차도통행중","안전운전 의무 불이행","단일로","기타단일로","화물차","보행자","944648","1940195","126.8741187","37.45930136","N"
"2017","2017-01-17 08","주","화","2","0","0","0","0","경남","하동군","차대차","정면충돌","정면충돌","중앙선 침범","단일로","기타단일로","화물차","화물차","1028214","1670188","127.8092874","35.02629704","N"
"2017","2017-01-17 12","주","화","1","0","0","0","0","부산","강서구","차대차","정면충돌","정면충돌","안전운전 의무 불이행","단일로","기타단일로","승용차","화물차","1122091.1","1677366.8","128.8392893","35.08402839","N"
"2017","2017-01-17 12","주","화","1","0","0","0","0","강원","원주시","차량단독","전도전복","전도전복","안전운전 의무 불이행","단일로","기타단일로","이륜차","없음","1026369","1913868","127.7972316","37.22327667","N"
"2017","2017-01-17 16","주","화","1","1","1","0","0","경남","창원시(통합)","차대차","측면충돌","측면충돌","안전거리 미확보","교차로","교차로부근","승용차","승합차","1119108","1679991","128.8069511","35.10804238","N"
"2017","2017-01-17 16","주","화","1","0","0","0","0","경기","고양시","차대사람","횡단중","횡단중","안전운전 의무 불이행","교차로","교차로부근","승합차","보행자","946775","1961752","126.8966033","37.65372126","N"
"2017","2017-01-17 17","주","화","1","4","2","1","1","울산","울주군","차대차","측면충돌","측면충돌","신호위반","교차로","교차로내","승용차","승용차","1166427","1719352","129.3339556","35.45607219","N"
"2017","2017-01-17 18","야","화","1","0","0","0","0","경기","하남시","차대차","정면충돌","정면충돌","중앙선 침범","단일로","기타단일로","화물차","이륜차","973217","1945852","127.1969445","37.51156043","N"
"2017","2017-01-17 18","야","화","1","2","1","1","0","경북","경주시","차대차","측면충돌","측면충돌","안전운전 의무 불이행","단일로","기타단일로","승용차","승합차","1152940","1758535","129.1928265","35.81137772","N"
"2017","2017-01-17 19","야","화","1","0","0","0","0","경기","용인시","차대사람","횡단중","횡단중","안전운전 의무 불이행","단일로","기타단일로","승용차","보행자","976526","1922751","127.2351203","37.30342482","N"
"2017","2017-01-17 23","야","화","1","0","0","0","0","충남","아산시","차대차","추돌","추돌","신호위반","단일로","기타단일로","승용차","화물차","956184","1861933","127.0091285","36.7544719","N"
"2017","2017-01-18 01","야","수","1","0","0","0","0","전북","전주시","차대사람","보도통행중","보도통행중","보행자 보호의무 위반","단일로","기타단일로","승용차","보행자","964672","1758135","127.1089149","35.81905633","N"
"2017","2017-01-18 04","야","수","1","7","5","2","0","강원","춘천시","차대차","추돌","추돌","안전운전 의무 불이행","교차로","교차로부근","승용차","화물차","1021656.3","1985869.8","127.7462361","37.87238704","N"
"2017","2017-01-18 05","야","수","1","0","0","0","0","인천","남동구","차량단독","전도전복","전도전복","안전운전 의무 불이행","교차로","교차로내","승용차","없음","933440","1937649","126.7476255","37.43561522","N"
"2017","2017-01-18 06","주","수","1","0","0","0","0","경기","성남시","차대사람","횡단중","횡단중","안전운전 의무 불이행","단일로","기타단일로","승합차","보행자","967350","1936749","127.1309629","37.42932134","N"
"2017","2017-01-18 06","주","수","1","0","0","0","0","전남","목포시","차대사람","횡단중","횡단중","과속","단일로","기타단일로","승용차","보행자","901524","1646155","126.4233979","34.80520956","N"
"2017","2017-01-18 06","주","수","1","1","0","1","0","전남","장성군","차대차","측면충돌","측면충돌","안전운전 의무 불이행","교차로","교차로내","화물차","화물차","938376","1715376","126.8210965","35.43224724","N"
"2017","2017-01-18 07","주","수","1","0","0","0","0","전남","영광군","차대사람","횡단중","횡단중","안전운전 의무 불이행","단일로","기타단일로","승용차","보행자","904378","1707313","126.4475364","35.35687018","N"
"2017","2017-01-18 08","주","수","1","0","0","0","0","경기","의정부시","차대차","정면충돌","정면충돌","안전운전 의무 불이행","단일로","기타단일로","승용차","승합차","961869","1970629","127.0672496","37.7344818","N"
"2017","2017-01-18 11","주","수","1","1","0","1","0","경기","양평군","차대차","측면충돌","측면충돌","중앙선 침범","단일로","기타단일로","승용차","건설기계","1005786","1942511","127.565444","37.4818164","N"
"2017","2017-01-18 11","주","수","1","0","0","0","0","경북","성주군","차대차","측면충돌","측면충돌","안전운전 의무 불이행","불명","불명","이륜차","화물차","1068782","1775473","128.2629009","35.97358835","N"
"2017","2017-01-18 14","주","수","1","0","0","0","0","서울","서대문구","차대사람","횡단중","횡단중","안전운전 의무 불이행","단일로","기타단일로","승용차","보행자","949586","1952686","126.9290944","37.57216769","N"
"2017","2017-01-18 14","주","수","1","0","0","0","0","강원","화천군","차대차","측면충돌","측면충돌","안전운전 의무 불이행","단일로","기타단일로","화물차","이륜차","1014459","2006559","127.6648182","38.05899976","N"
"2017","2017-01-18 16","주","수","2","0","0","0","0","광주","광산구","차대차","추돌","추돌","안전운전 의무 불이행","단일로","기타단일로","화물차","건설기계","925573","1685489","126.6827728","35.16190842","N"
"2017","2017-01-18 17","주","수","1","5","1","4","0","대구","북구","차대차","추돌","추돌","안전운전 의무 불이행","단일로","기타단일로","화물차","승용차","1094695","1767235","128.5492975","35.89715532","N"
"2017","2017-01-18 18","야","수","1","0","0","0","0","전북","익산시","차대사람","횡단중","횡단중","보행자 보호의무 위반","교차로","교차로횡단보도내","화물차","보행자","952162.5","1772277","126.9695884","35.94602654","N"
"2017","2017-01-18 18","야","수","1","0","0","0","0","대구","동구","차대사람","횡단중","횡단중","보행자 보호의무 위반","교차로","교차로횡단보도내","승용차","보행자","1100816","1764480","128.6167632","35.87170894","N"
"2017","2017-01-18 23","야","수","1","0","0","0","0","인천","남동구","차대사람","횡단중","횡단중","안전운전 의무 불이행","단일로","기타단일로","승용차","보행자","932389","1939065","126.7356165","37.44830135","N"
"2017","2017-01-19 00","야","목","1","2","2","0","0","경남","김해시","차대차","정면충돌","정면충돌","중앙선 침범","단일로","기타단일로","승용차","승용차","1124227","1691507","128.8648403","35.21123648","N"
"2017","2017-01-19 01","야","목","1","0","0","0","0","대구","달성군","차량단독","공작물충돌","공작물충돌","안전운전 의무 불이행","단일로","기타단일로","화물차","없음","1088634","1750363","128.4802739","35.74562414","N"
"2017","2017-01-19 01","야","목","1","0","0","0","0","경남","양산시","차량단독","전도","전도","안전운전 의무 불이행","단일로","기타단일로","화물차","없음","1135430","1714405","128.9916741","35.41618731","N"
"2017","2017-01-19 04","야","목","2","0","0","0","0","경북","상주시","차량단독","공작물충돌","공작물충돌","안전운전 의무 불이행","단일로","기타단일로","승용차","없음","1063292","1824757","128.2059901","36.41825362","N"
"2017","2017-01-19 05","야","목","1","0","0","0","0","경기","화성시","차량단독","전도전복","전도전복","안전운전 의무 불이행","교차로","교차로부근","이륜차","없음","958656","1912352","127.0340583","37.20906787","N"
"2017","2017-01-19 06","주","목","1","0","0","0","0","전남","장성군","차대사람","횡단중","횡단중","안전운전 의무 불이행","교차로","교차로횡단보도내","승합차","보행자","923486.9","1696545.9","126.6588414","35.26144245","N"
"2017","2017-01-19 06","주","목","1","0","0","0","0","전남","무안군","차대사람","횡단중","횡단중","안전운전 의무 불이행","단일로","기타단일로","화물차","보행자","901989.1","1651628.6","126.4278424","34.85460503","N"
"2017","2017-01-19 06","주","목","1","0","0","0","0","경남","남해군","차대사람","횡단중","횡단중","신호위반","교차로","교차로내","건설기계","보행자","1034441","1655346","127.8769345","34.89226901","N"
"2017","2017-01-19 06","주","목","1","0","0","0","0","경기","가평군","차대차","기타","기타","안전운전 의무 불이행","단일로","기타단일로","화물차","자전거","997586","1976060","127.472585","37.78422401","N"
"2017","2017-01-19 12","주","목","1","0","0","0","0","경기","부천시","차대사람","횡단중","횡단중","안전운전 의무 불이행","단일로","기타단일로","승용차","보행자","939646","1942597","126.8173662","37.48063768","N"
"2017","2017-01-19 13","주","목","1","0","0","0","0","서울","마포구","차대사람","차도통행중","차도통행중","안전운전 의무 불이행","단일로","기타단일로","승합차","보행자","948043","1950095","126.9118054","37.54872896","N"