"발생년","발생년월일시","주야","요일","사망자수","부상자수","중상자수","경상자수","부상신고자수","발생지시도","발생지시군구","사고유형_대분류","사고유형_중분류","사고유형","가해자법규위반","도로형태_대분류","도로형태","가해자_당사자종별","피해자_당사자종별","발생위치(X_UTMK)","발생위치(Y_UTMK)","경도","위도"," 어린이사고 여부"
"2017","2017-03-02 08","주","목","1","0","0","0","0","전북","완주군","차대차","측면충돌","측면충돌","안전운전 의무 불이행","교차로","교차로내","화물차","원동기장치자전거","962445","1769098","127.0837457","35.91781495","N"
"2017","2017-03-02 12","주","목","1","1","0","1","0","서울","강동구","차대사람","횡단중","횡단중","보행자 보호의무 위반","단일로","기타단일로","자전거","보행자","967596","1948573","127.1332227","37.53590571","N"
"2017","2017-03-02 13","주","목","1","1","1","0","0","경남","거창군","차대차","측면충돌","측면충돌","중앙선 침범","단일로","기타단일로","사륜오토바이(ATV)","화물차","1028153","1753306","127.8114882","35.77574968","N"
"2017","2017-03-02 18","야","목","1","0","0","0","0","전남","장흥군","차대차","측면충돌","측면충돌","안전운전 의무 불이행","교차로","교차로내","사륜오토바이(ATV)","승용차","945128.1","1636934.8","126.9006745","34.72535201","N"
"2017","2017-03-02 18","야","목","1","3","1","2","0","제주","제주시","차대차","추돌","추돌","안전운전 의무 불이행","단일로","기타단일로","화물차","승용차","913010.4","1500675.3","126.5635504","33.49439674","N"
"2017","2017-03-02 19","야","목","1","0","0","0","0","경북","울진군","차대사람","횡단중","횡단중","안전운전 의무 불이행","단일로","기타단일로","승용차","보행자","1176199","1857215","129.4723751","36.69661085","N"
"2017","2017-03-02 20","야","목","1","0","0","0","0","경기","부천시","차대사람","횡단중","횡단중","안전운전 의무 불이행","교차로","교차로부근","승용차","보행자","936801","1946598","126.7848463","37.51650827","N"
"2017","2017-03-03 02","야","금","1","0","0","0","0","인천","미추홀구","차량단독","공작물충돌","공작물충돌","안전운전 의무 불이행","단일로","기타단일로","이륜차","없음","925156.4","1941331.9","126.653625","37.46817524","N"
"2017","2017-03-03 08","주","금","1","0","0","0","0","전남","장흥군","차대사람","횡단중","횡단중","안전운전 의무 불이행","교차로","교차로내","화물차","보행자","951883","1621757","126.9753137","34.58882575","N"
"2017","2017-03-03 09","주","금","1","0","0","0","0","전북","정읍시","차대차","측면충돌","측면충돌","기타","교차로","교차로내","승용차","자전거","940941","1731673","126.8481668","35.57933823","N"
"2017","2017-03-03 09","주","금","1","0","0","0","0","광주","광산구","차대사람","횡단중","횡단중","보행자 보호의무 위반","교차로","교차로내","화물차","보행자","940473","1691106","126.8459622","35.21354764","N"
"2017","2017-03-03 10","주","금","1","0","0","0","0","경남","김해시","차대사람","횡단중","횡단중","안전운전 의무 불이행","단일로","기타단일로","승용차","보행자","1118814","1690173","128.8051911","35.1998665","N"
"2017","2017-03-03 10","주","금","1","0","0","0","0","대구","수성구","차대사람","횡단중","횡단중","안전운전 의무 불이행","교차로","교차로부근","건설기계","보행자","1100874","1758003","128.6165869","35.81331629","N"
"2017","2017-03-03 12","주","금","1","0","0","0","0","경남","진주시","차대사람","길가장자리구역통행중","길가장자리구역통행중","교차로 통행방법 위반","교차로","교차로내","승용차","보행자","1056067","1688801","128.115867","35.19296373","N"
"2017","2017-03-03 18","야","금","1","0","0","0","0","경남","진주시","차대사람","횡단중","횡단중","신호위반","교차로","교차로내","승용차","보행자","1075225","1683963","128.3258496","35.14809017","N"
"2017","2017-03-03 19","야","금","1","0","0","0","0","충북","청주시","차대사람","횡단중","횡단중","안전운전 의무 불이행","단일로","기타단일로","이륜차","보행자","997473.3","1850618","127.4717302","36.65347769","N"
"2017","2017-03-03 19","야","금","1","0","0","0","0","경북","성주군","차대차","기타","기타","안전운전 의무 불이행","기타","기타","승용차","화물차","1079333","1763733","128.378745","35.86695119","N"
"2017","2017-03-04 11","주","토","1","0","0","0","0","서울","강동구","차대차","기타","기타","안전운전 의무 불이행","교차로","교차로내","자전거","건설기계","970958","1950920","127.1711833","37.55717233","N"
"2017","2017-03-04 11","주","토","1","1","0","1","0","경북","영덕군","차량단독","전도","전도","안전운전 의무 불이행","교차로","교차로내","원동기장치자전거","없음","1167825","1841103","129.3751621","36.55295514","N"
"2017","2017-03-04 11","주","토","1","1","0","1","0","경기","양주시","차대차","정면충돌","정면충돌","중앙선 침범","단일로","기타단일로","승용차","화물차","951629","1970583","126.9510428","37.7335833","N"
"2017","2017-03-04 12","주","토","1","2","0","2","0","충남","논산시","차대차","추돌","추돌","안전운전 의무 불이행","교차로","교차로부근","화물차","승용차","975578","1805395","127.2281841","36.24547492","N"
"2017","2017-03-04 12","주","토","1","0","0","0","0","울산","울주군","차대차","측면충돌","측면충돌","안전거리 미확보","단일로","기타단일로","화물차","이륜차","1160560","1714240","129.2683239","35.41096516","N"
"2017","2017-03-04 14","주","토","1","0","0","0","0","부산","금정구","차대차","기타","기타","안전운전 의무 불이행","단일로","기타단일로","자전거","화물차","1144627","1693505.7","129.0892482","35.22651851","Y"
"2017","2017-03-04 17","주","토","1","0","0","0","0","경기","화성시","차대차","정면충돌","정면충돌","중앙선 침범","단일로","기타단일로","승용차","승용차","967350","1911650","127.1320672","37.20308496","N"
"2017","2017-03-04 21","야","토","1","1","0","1","0","충남","예산군","차대차","추돌","추돌","안전거리 미확보","단일로","기타단일로","승용차","승합차","937027","1854699","126.7951209","36.68818456","N"
"2017","2017-03-04 23","야","토","1","0","0","0","0","경북","영천시","차량단독","전도전복","전도전복","안전운전 의무 불이행","단일로","기타단일로","이륜차","없음","1124687","1771101","128.882163","35.92863832","N"
"2017","2017-03-05 00","야","일","1","0","0","0","0","충남","아산시","차량단독","전도전복","전도전복","안전운전 의무 불이행","단일로","기타단일로","승용차","없음","955253","1861719","126.9987114","36.75249933","N"
"2017","2017-03-05 06","주","일","1","0","0","0","0","서울","강서구","차량단독","공작물충돌","공작물충돌","안전운전 의무 불이행","단일로","기타단일로","승용차","없음","941903","1947741","126.842486","37.52714562","N"
"2017","2017-03-05 12","주","일","1","2","0","2","0","경북","문경시","차대차","측면충돌","측면충돌","신호위반","교차로","교차로내","승용차","승용차","1055972","1854591","128.1265111","36.68764911","N"
"2017","2017-03-05 14","주","일","1","0","0","0","0","경북","경주시","차대사람","보도통행중","보도통행중","기타","단일로","기타단일로","승용차","보행자","1155793.4","1765368.8","129.2257308","35.87251567","N"
"2017","2017-03-05 16","주","일","1","0","0","0","0","경남","창원시(통합)","차량단독","전도전복","전도전복","안전운전 의무 불이행","단일로","기타단일로","원동기장치자전거","없음","1103151","1692355","128.6334361","35.22127027","N"
"2017","2017-03-05 18","야","일","1","0","0","0","0","전남","나주시","차대차","정면충돌","정면충돌","중앙선 침범","단일로","기타단일로","화물차","원동기장치자전거","931862.8","1670866.7","126.7530344","35.03051221","N"
"2017","2017-03-05 18","야","일","1","0","0","0","0","경북","안동시","차대사람","횡단중","횡단중","안전운전 의무 불이행","단일로","기타단일로","승용차","보행자","1104808","1842902","128.6714712","36.57816466","N"
"2017","2017-03-05 20","야","일","1","0","0","0","0","충남","논산시","차대사람","횡단중","횡단중","안전운전 의무 불이행","교차로","교차로부근","승용차","보행자","974625","1804575","127.217604","36.23805766","N"
"2017","2017-03-05 21","야","일","1","0","0","0","0","경기","여주시","차량단독","전도전복","전도전복","안전운전 의무 불이행","단일로","기타단일로","원동기장치자전거","없음","1001685","1934717","127.5190408","37.41157984","N"
"2017","2017-03-05 21","야","일","1","2","2","0","0","경기","용인시","차대차","측면충돌","측면충돌","신호위반","교차로","교차로부근","승용차","승용차","964777","1923356","127.1025187","37.30850717","N"
"2017","2017-03-06 00","야","월","1","1","0","1","0","경기","안양시","차대차","측면충돌","측면충돌","신호위반","교차로","교차로내","원동기장치자전거","승용차","951765","1931154","126.9551798","37.37821017","N"
"2017","2017-03-06 00","야","월","1","0","0","0","0","경기","평택시","차대차","측면충돌","측면충돌","안전운전 의무 불이행","단일로","기타단일로","승용차","화물차","962988","1905100","127.0832374","37.14388088","N"
"2017","2017-03-06 04","야","월","1","0","0","0","0","전북","완주군","차대차","추돌","추돌","안전운전 의무 불이행","단일로","기타단일로","승용차","화물차","969647","1770074","127.163533","35.92686467","N"
"2017","2017-03-06 05","야","월","1","1","0","1","0","경기","고양시","차대차","추돌","추돌","안전운전 의무 불이행","단일로","기타단일로","화물차","화물차","940443","1956365","126.8252627","37.60478007","N"
"2017","2017-03-06 07","주","월","1","1","1","0","0","인천","중구","차대차","측면충돌","측면충돌","신호위반","교차로","교차로내","화물차","승용차","912010.2","1943423.8","126.5047291","37.48586989","N"
"2017","2017-03-06 09","주","월","1","0","0","0","0","경기","남양주시","차대사람","기타","기타","안전운전 의무 불이행","단일로","기타단일로","승합차","보행자","977316","1961339","127.2428454","37.65126164","N"
"2017","2017-03-06 10","주","월","1","0","0","0","0","경기","평택시","차대사람","기타","기타","안전운전 의무 불이행","단일로","기타단일로","화물차","보행자","964122","1894141","127.0965303","37.04513999","N"
"2017","2017-03-06 13","주","월","1","0","0","0","0","전남","고흥군","차량단독","전도","전도","안전운전 의무 불이행","단일로","기타단일로","농기계","없음","983610","1615704.8","127.3213909","34.53524376","N"
"2017","2017-03-06 18","야","월","1","0","0","0","0","경기","오산시","차대사람","횡단중","횡단중","보행자 보호의무 위반","교차로","교차로횡단보도내","건설기계","보행자","961040","1908067","127.0611485","37.17054604","N"
"2017","2017-03-06 23","야","월","1","0","0","0","0","충남","천안시","차대차","기타","기타","안전운전 의무 불이행","단일로","기타단일로","승용차","특수차","974445","1877436","127.2131826","36.89489306","N"
"2017","2017-03-06 23","야","월","1","0","0","0","0","경북","영양군","차량단독","전도","전도","안전운전 의무 불이행","단일로","기타단일로","화물차","없음","1150926","1836374","129.1854971","36.51316073","N"
"2017","2017-03-07 01","야","화","1","0","0","0","0","경기","의정부시","차량단독","전도","전도","안전운전 의무 불이행","단일로","기타단일로","이륜차","없음","961339","1969040","127.0613193","37.72013782","N"
"2017","2017-03-07 02","야","화","1","0","0","0","0","경북","포항시","차대차","추돌","추돌","안전운전 의무 불이행","교차로","교차로부근","승용차","건설기계","1169680","1780012","129.3826094","36.0021602","N"
"2017","2017-03-07 04","야","화","1","0","0","0","0","경기","성남시","차대사람","횡단중","횡단중","안전운전 의무 불이행","단일로","기타단일로","승용차","보행자","970542","1940258","127.1669007","37.46105718","N"
"2017","2017-03-07 05","야","화","1","0","0","0","0","서울","관악구","차대사람","횡단중","횡단중","안전운전 의무 불이행","교차로","교차로부근","승용차","보행자","953680","1941775","126.9761425","37.47403918","N"
"2017","2017-03-07 09","주","화","1","0","0","0","0","서울","동대문구","차대차","측면충돌","측면충돌","안전운전 의무 불이행","교차로","교차로부근","자전거","건설기계","961599","1955099","127.0650031","37.59449623","N"
"2017","2017-03-07 11","주","화","1","0","0","0","0","전북","익산시","차대차","측면충돌","측면충돌","안전거리 미확보","단일로","기타단일로","자전거","승용차","951690","1789099","126.9633222","36.09766228","N"
"2017","2017-03-07 11","주","화","1","1","1","0","0","전남","담양군","차대차","추돌","추돌","안전거리 미확보","단일로","기타단일로","화물차","승용차","950608","1695640","126.9570407","35.25497962","N"
"2017","2017-03-07 13","주","화","1","1","1","0","0","전남","화순군","차대차","정면충돌","정면충돌","중앙선 침범","단일로","기타단일로","화물차","화물차","964158","1674339","127.1069153","35.06348536","N"
"2017","2017-03-07 16","주","화","1","0","0","0","0","전북","김제시","차량단독","전도","전도","안전운전 의무 불이행","단일로","기타단일로","화물차","없음","953971","1763131","126.9901691","35.86365562","N"
"2017","2017-03-07 17","주","화","1","0","0","0","0","대구","달성군","차대차","측면충돌","측면충돌","안전운전 의무 불이행","교차로","교차로내","화물차","이륜차","1082392","1739582","128.4101416","35.64897334","N"
"2017","2017-03-07 19","야","화","1","0","0","0","0","강원","원주시","차대사람","횡단중","횡단중","안전운전 의무 불이행","단일로","기타단일로","승합차","보행자","1039922.8","1926585.1","127.9506895","37.33742316","N"
"2017","2017-03-07 20","야","화","1","0","0","0","0","울산","울주군","차대사람","기타","기타","안전운전 의무 불이행","단일로","기타단일로","승용차","보행자","1164149","1722114","129.3094219","35.48134269","N"
"2017","2017-03-08 01","야","수","1","0","0","0","0","강원","평창군","차대사람","기타","기타","안전운전 의무 불이행","단일로","기타단일로","승용차","보행자","1105119","1964998","128.692084","37.67849689","N"
"2017","2017-03-08 01","야","수","1","0","0","0","0","대구","달서구","차대차","추돌","추돌","안전운전 의무 불이행","단일로","기타단일로","승용차","자전거","1093201","1757044","128.5315545","35.80543","N"
"2017","2017-03-08 01","야","수","1","0","0","0","0","경기","의정부시","차대사람","횡단중","횡단중","과속","단일로","기타단일로","승용차","보행자","959636","1967621","127.0420748","37.70727482","N"
"2017","2017-03-08 06","주","수","1","6","5","1","0","경기","광주시","차대차","측면충돌","측면충돌","기타","교차로","교차로내","화물차","승합차","980288","1942087","127.2770547","37.47780239","N"
"2017","2017-03-08 07","주","수","1","0","0","0","0","경북","안동시","차대차","추돌","추돌","안전운전 의무 불이행","단일로","기타단일로","이륜차","화물차","1105314","1837166","128.6763419","36.52640921","N"
"2017","2017-03-08 12","주","수","1","0","0","0","0","충북","청주시","차대차","추돌","추돌","안전운전 의무 불이행","단일로","기타단일로","화물차","화물차","998303","1850763","127.4810129","36.6547867","N"
"2017","2017-03-08 15","주","수","1","1","0","1","0","경남","진주시","차대차","추돌","추돌","안전운전 의무 불이행","단일로","기타단일로","화물차","화물차","1062637","1676943","128.1871316","35.08565659","N"
"2017","2017-03-08 18","야","수","1","0","0","0","0","전북","부안군","차량단독","전도","전도","안전운전 의무 불이행","단일로","기타단일로","원동기장치자전거","없음","931660.8","1748358.1","126.7443331","35.72916838","N"
"2017","2017-03-08 20","야","수","1","2","1","0","1","서울","강남구","차대차","추돌","추돌","과속","교차로","교차로부근","승용차","승용차","961025","1941975","127.0591979","37.47618095","N"
"2017","2017-03-08 20","야","수","1","0","0","0","0","강원","평창군","차대사람","횡단중","횡단중","안전운전 의무 불이행","단일로","기타단일로","승용차","보행자","1084396","1943711","128.4546589","37.48879369","N"
"2017","2017-03-09 01","야","목","1","0","0","0","0","경기","성남시","차량단독","전도","전도","안전운전 의무 불이행","단일로","기타단일로","이륜차","없음","968031","1935671","127.1387066","37.41962846","N"
"2017","2017-03-09 03","야","목","1","0","0","0","0","전남","진도군","차량단독","전도","전도","안전운전 의무 불이행","단일로","기타단일로","화물차","없음","894548","1605379","126.3522185","34.43686719","N"
"2017","2017-03-09 05","야","목","1","0","0","0","0","대전","동구","차대사람","횡단중","횡단중","안전운전 의무 불이행","교차로","교차로부근","화물차","보행자","994582","1815108","127.4396302","36.33333608","N"
"2017","2017-03-09 06","주","목","1","1","0","1","0","강원","평창군","차대차","정면충돌","정면충돌","안전거리 미확보","단일로","기타단일로","승용차","승용차","1105871.6","1965080.2","128.700629","37.67915106","N"
"2017","2017-03-09 08","주","목","1","1","1","0","0","강원","춘천시","차대사람","횡단중","횡단중","안전운전 의무 불이행","단일로","기타단일로","승용차","보행자","1019904.7","1987666.8","127.7263698","37.88862339","Y"
"2017","2017-03-09 13","주","목","1","0","0","0","0","경남","양산시","차대차","정면충돌","정면충돌","신호위반","교차로","교차로부근","건설기계","승용차","1151051","1713236","129.1634514","35.40340384","N"
"2017","2017-03-09 20","야","목","1","0","0","0","0","전북","정읍시","차대사람","횡단중","횡단중","안전운전 의무 불이행","단일로","기타단일로","승용차","보행자","943088.4","1729038.6","126.8720517","35.55571218","N"
"2017","2017-03-09 23","야","목","1","0","0","0","0","서울","강북구","차대차","측면충돌","측면충돌","신호위반","교차로","교차로횡단보도내","이륜차","이륜차","957920","1959440","127.0230797","37.63346149","N"
"2017","2017-03-09 23","야","목","1","1","0","0","1","인천","계양구","차대차","추돌","추돌","안전운전 의무 불이행","단일로","기타단일로","화물차","화물차","934100","1952836","126.7537241","37.57254131","N"
"2017","2017-03-10 00","야","금","1","0","0","0","0","경기","화성시","차대사람","차도통행중","차도통행중","안전운전 의무 불이행","단일로","기타단일로","화물차","보행자","937582","1911786","126.7966179","37.20279403","N"
"2017","2017-03-10 00","야","금","1","0","0","0","0","충북","제천시","차대차","정면충돌","정면충돌","안전운전 의무 불이행","교차로","교차로부근","승용차","특수차","1064646","1902644","128.227697","37.1202413","N"
"2017","2017-03-10 03","야","금","3","0","0","0","0","경남","창원시(통합)","차대차","정면충돌","정면충돌","중앙선 침범","단일로","교량위","승용차","승용차","1109203","1687974","128.6993428","35.18113403","N"
"2017","2017-03-10 06","주","금","1","0","0","0","0","충북","옥천군","차대사람","차도통행중","차도통행중","과속","단일로","기타단일로","승용차","보행자","1001292","1815523","127.5143967","36.33709187","N"
"2017","2017-03-10 06","주","금","2","1","1","0","0","충남","공주시","차대차","추돌","추돌","안전운전 의무 불이행","단일로","터널안","화물차","화물차","950494","1842091","126.9466678","36.57532583","N"
"2017","2017-03-10 14","주","금","1","0","0","0","0","서울","마포구","차대사람","횡단중","횡단중","안전운전 의무 불이행","교차로","교차로횡단보도내","특수차","보행자","948217","1950126","126.9137729","37.54901816","N"
"2017","2017-03-10 18","야","금","1","0","0","0","0","전북","임실군","차대차","측면충돌","측면충돌","안전운전 의무 불이행","단일로","기타단일로","특수차","승용차","981279","1735921","127.2932728","35.61922562","N"
"2017","2017-03-10 20","야","금","1","0","0","0","0","경북","안동시","차대사람","길가장자리구역통행중","길가장자리구역통행중","안전운전 의무 불이행","단일로","기타단일로","승용차","보행자","1115081","1840059","128.7858458","36.55135764","Y"
"2017","2017-03-10 21","야","금","1","0","0","0","0","전북","전주시","차대사람","기타","기타","안전운전 의무 불이행","단일로","기타단일로","승합차","보행자","967891","1758712","127.1445258","35.82436923","N"
"2017","2017-03-10 21","야","금","1","0","0","0","0","경북","경주시","차대사람","차도통행중","차도통행중","안전운전 의무 불이행","단일로","기타단일로","화물차","보행자","1163051","1754320","129.3038337","35.77176531","N"
"2017","2017-03-10 22","야","금","1","0","0","0","0","부산","기장군","차량단독","전도","전도","안전운전 의무 불이행","단일로","기타단일로","이륜차","없음","1155668","1692185.8","129.2102772","35.21296876","N"
"2017","2017-03-10 22","야","금","1","0","0","0","0","전북","김제시","차량단독","공작물충돌","공작물충돌","안전운전 의무 불이행","단일로","기타단일로","원동기장치자전거","없음","944040","1767772","126.8798496","35.90497985","N"
"2017","2017-03-11 00","야","토","1","0","0","0","0","경기","수원시","차대사람","횡단중","횡단중","안전운전 의무 불이행","기타","기타","승용차","보행자","957959","1918517","127.0258555","37.26460654","N"
"2017","2017-03-11 03","야","토","1","0","0","0","0","전북","고창군","차대사람","기타","기타","안전운전 의무 불이행","단일로","기타단일로","화물차","보행자","922204","1712811","126.6431925","35.40798864","N"
"2017","2017-03-11 04","야","토","1","0","0","0","0","전남","여수시","차대사람","횡단중","횡단중","과속","교차로","교차로횡단보도내","승용차","보행자","1014905","1641307","127.6628774","34.76614504","N"
"2017","2017-03-11 13","주","토","1","0","0","0","0","경기","평택시","차대차","정면충돌","정면충돌","과속","교차로","교차로내","승용차","원동기장치자전거","962224","1890223","127.0753833","37.00974809","N"
"2017","2017-03-11 15","주","토","1","0","0","0","0","충남","천안시","차대차","정면충돌","정면충돌","신호위반","교차로","교차로내","이륜차","건설기계","966650.1","1859665.9","127.1264769","36.73446077","N"
"2017","2017-03-11 19","야","토","1","9","3","6","0","경북","포항시","차대차","측면충돌","측면충돌","기타","교차로","교차로내","화물차","승합차","1174120","1778729","129.4315646","35.9898162","N"
"2017","2017-03-11 19","야","토","1","0","0","0","0","인천","강화군","차대사람","횡단중","횡단중","보행자 보호의무 위반","단일로","기타단일로","승용차","보행자","910974","1972332","126.4894903","37.74629383","N"
"2017","2017-03-11 19","야","토","1","0","0","0","0","경기","연천군","차대사람","횡단중","횡단중","과속","교차로","교차로내","승용차","보행자","961746","2003851","127.0640923","38.03390049","N"
"2017","2017-03-12 04","야","일","1","0","0","0","0","대전","동구","차량단독","전도전복","전도전복","안전운전 의무 불이행","단일로","기타단일로","원동기장치자전거","없음","994175","1816044","127.4350882","36.34177215","N"
"2017","2017-03-12 11","주","일","1","0","0","0","0","충남","아산시","차량단독","전도","전도","안전운전 의무 불이행","교차로","교차로내","특수차","없음","956383","1879297","127.0103613","36.91100634","N"
"2017","2017-03-12 11","주","일","1","0","0","0","0","경남","밀양시","차량단독","전도전복","전도전복","안전운전 의무 불이행","단일로","기타단일로","이륜차","없음","1110501","1711485","128.7167631","35.39294323","N"
"2017","2017-03-12 13","주","일","1","0","0","0","0","전남","여수시","차대차","측면충돌","측면충돌","안전거리 미확보","단일로","기타단일로","원동기장치자전거","승용차","1020866.8","1638558.8","127.7279577","34.74125792","N"
"2017","2017-03-12 18","야","일","1","0","0","0","0","충남","청양군","차대차","측면충돌","측면충돌","안전운전 의무 불이행","교차로","교차로내","승용차","이륜차","937140","1830046","126.7983992","36.46596022","N"
"2017","2017-03-12 19","야","일","1","2","2","0","0","전남","보성군","차대차","추돌","추돌","안전운전 의무 불이행","교차로","교차로부근","화물차","승합차","991099","1649633","127.4026442","34.84129667","N"
"2017","2017-03-12 21","야","일","1","0","0","0","0","경기","시흥시","차대사람","기타","기타","과속","단일로","기타단일로","승합차","보행자","936344","1929096","126.7811857","37.35873046","N"
"2017","2017-03-12 22","야","일","1","0","0","0","0","서울","성동구","차대차","기타","기타","안전운전 의무 불이행","교차로","교차로내","이륜차","화물차","959708","1952047","127.0437508","37.56690688","N"
"2017","2017-03-13 04","야","월","2","0","0","0","0","서울","영등포구","차대차","추돌","추돌","안전운전 의무 불이행","단일로","기타단일로","승용차","화물차","947562","1948627","126.9064652","37.53547045","N"
"2017","2017-03-13 05","야","월","1","1","1","0","0","서울","강북구","차대차","정면충돌","정면충돌","신호위반","교차로","교차로내","승용차","원동기장치자전거","957511","1957937","127.0185318","37.61989589","N"
"2017","2017-03-13 08","주","월","1","2","0","2","0","세종","세종시","차대차","측면충돌","측면충돌","기타","단일로","교량위","화물차","승용차","978821","1830020","127.2636079","36.46755396","N"
"2017","2017-03-13 08","주","월","1","2","2","0","0","경기","고양시","차대차","추돌","추돌","안전운전 의무 불이행","단일로","교량위","승용차","승용차","940257","1956376","126.8231547","37.60486715","N"
"2017","2017-03-13 10","주","월","1","0","0","0","0","전남","목포시","차대사람","횡단중","횡단중","안전운전 의무 불이행","교차로","교차로부근","승용차","보행자","897744.8","1643864","126.3823669","34.78418134","N"
"2017","2017-03-13 11","주","월","1","0","0","0","0","강원","원주시","차대차","기타","기타","중앙선 침범","교차로","교차로내","승용차","이륜차","1041732","1926755","127.9711226","37.33887501","N"
"2017","2017-03-13 12","주","월","1","1","0","1","0","경기","양평군","차대차","측면충돌","측면충돌","신호위반","교차로","교차로내","원동기장치자전거","화물차","1000150","1943164","127.5016967","37.48772045","N"
"2017","2017-03-13 12","주","월","1","0","0","0","0","전남","보성군","차량단독","전도","전도","안전운전 의무 불이행","기타","기타","화물차","없음","956068","1645172","127.0197289","34.80016001","N"
"2017","2017-03-13 16","주","월","1","0","0","0","0","경북","의성군","차대차","측면충돌","측면충돌","기타","교차로","교차로부근","화물차","농기계","1084327","1817330","128.4397938","36.34968789","N"
"2017","2017-03-13 19","야","월","1","0","0","0","0","경기","안성시","차대사람","기타","기타","안전운전 의무 불이행","단일로","기타단일로","승용차","보행자","974510","1883507","127.2137076","36.94962145","N"
"2017","2017-03-14 00","야","화","1","0","0","0","0","부산","수영구","차량단독","전도전복","전도전복","안전운전 의무 불이행","교차로","교차로부근","이륜차","없음","1147408.5","1687822.7","129.1187853","35.17488953","N"
"2017","2017-03-14 00","야","화","1","0","0","0","0","전남","나주시","차대사람","차도통행중","차도통행중","안전운전 의무 불이행","교차로","교차로부근","승용차","보행자","937338","1671956","126.812971","35.04068877","N"
"2017","2017-03-14 03","야","화","1","0","0","0","0","경기","시흥시","차대차","정면충돌","정면충돌","신호위반","교차로","교차로내","화물차","승용차","932501","1925937","126.738081","37.3299864","N"
"2017","2017-03-14 07","주","화","1","5","1","3","1","경기","안산시","차대차","추돌","추돌","안전운전 의무 불이행","단일로","기타단일로","화물차","승용차","934387","1926958","126.7592779","37.33932401","N"
"2017","2017-03-14 08","주","화","1","0","0","0","0","충남","논산시","차대사람","차도통행중","차도통행중","안전운전 의무 불이행","교차로","교차로부근","승용차","보행자","956223","1796209","127.0132822","36.16197689","N"
"2017","2017-03-14 10","주","화","1","0","0","0","0","경북","청송군","차량단독","도로이탈","도로이탈 기타","안전운전 의무 불이행","단일로","기타단일로","승용차","없음","1143564","1837874","129.1035893","36.5278114","N"
"2017","2017-03-14 14","주","화","1","0","0","0","0","부산","사상구","차대사람","횡단중","횡단중","안전운전 의무 불이행","교차로","교차로부근","승합차","보행자","1134841.4","1686274.1","128.9805679","35.1626958","N"
"2017","2017-03-14 19","야","화","1","0","0","0","0","경북","안동시","차대사람","횡단중","횡단중","안전운전 의무 불이행","교차로","교차로내","화물차","보행자","1110278","1841314","128.7323711","36.56323557","N"
"2017","2017-03-14 22","야","화","1","0","0","0","0","전남","신안군","차대차","기타","기타","안전운전 의무 불이행","단일로","기타단일로","화물차","화물차","877679","1668725","126.1594629","35.00609558","N"
"2017","2017-03-14 23","야","화","1","0","0","0","0","광주","남구","차대사람","횡단중","횡단중","안전운전 의무 불이행","단일로","기타단일로","승용차","보행자","944708.8","1683173.7","126.8930315","35.14226718","N"
"2017","2017-03-15 00","야","수","1","0","0","0","0","전남","순천시","차대사람","횡단중","횡단중","보행자 보호의무 위반","교차로","교차로횡단보도내","승용차","보행자","999922","1661233","127.4991458","34.94593979","N"
"2017","2017-03-15 00","야","수","1","0","0","0","0","경기","안산시","차대사람","기타","기타","과속","단일로","기타단일로","승용차","보행자","939647","1928135","126.8185595","37.35028949","N"
"2017","2017-03-15 02","야","수","1","0","0","0","0","전남","진도군","차량단독","기타","기타","안전운전 의무 불이행","단일로","기타단일로","승용차","없음","886649.4","1619604.5","126.2643727","34.56428839","N"
"2017","2017-03-15 06","주","수","1","4","0","4","0","경기","시흥시","차대차","추돌","추돌","안전거리 미확보","단일로","기타단일로","화물차","화물차","934216","1929951","126.7570818","37.36628821","N"
"2017","2017-03-15 07","주","수","1","0","0","0","0","광주","광산구","차대차","정면충돌","정면충돌","안전운전 의무 불이행","교차로","교차로내","승합차","자전거","936492","1683229","126.8028314","35.14228044","N"
"2017","2017-03-15 12","주","수","1","0","0","0","0","충남","서산시","차대차","측면충돌","측면충돌","신호위반","교차로","교차로내","이륜차","건설기계","913529","1853936","126.532215","36.67945979","N"
"2017","2017-03-15 13","주","수","1","0","0","0","0","경남","밀양시","차대차","측면충돌","측면충돌","안전운전 의무 불이행","교차로","교차로내","화물차","자전거","1112248","1723910","128.7377099","35.50475517","N"
"2017","2017-03-15 14","주","수","1","0","0","0","0","서울","도봉구","차대차","추돌","추돌","안전운전 의무 불이행","교차로","교차로부근","이륜차","승합차","957270","1962123","127.0155561","37.65761369","N"
"2017","2017-03-15 14","주","수","1","0","0","0","0","경남","김해시","차대차","정면충돌","정면충돌","안전운전 의무 불이행","단일로","기타단일로","화물차","화물차","1116005","1697146","128.7753242","35.26305575","N"
"2017","2017-03-15 20","야","수","1","0","0","0","0","충남","서산시","차대사람","횡단중","횡단중","안전운전 의무 불이행","단일로","기타단일로","화물차","보행자","909423","1865857","126.4848532","36.78652644","N"
"2017","2017-03-15 22","야","수","1","0","0","0","0","전북","순창군","차대차","추돌","추돌","안전운전 의무 불이행","단일로","기타단일로","화물차","자전거","963841.6","1717472.3","127.1015463","35.4524001","N"
"2017","2017-03-15 23","야","수","1","0","0","0","0","경기","의정부시","차대차","정면충돌","정면충돌","안전거리 미확보","단일로","기타단일로","이륜차","승합차","959268","1973603","127.0375648","37.76117438","N"