"발생년","발생년월일시","주야","요일","사망자수","부상자수","중상자수","경상자수","부상신고자수","발생지시도","발생지시군구","사고유형_대분류","사고유형_중분류","사고유형","가해자법규위반","도로형태_대분류","도로형태","가해자_당사자종별","피해자_당사자종별","발생위치(X_UTMK)","발생위치(Y_UTMK)","경도","위도"," 어린이사고 여부"
"2017","2017-03-16 01","야","목","1","0","0","0","0","강원","강릉시","차대차","추돌","추돌","과속","교차로","교차로부근","승용차","승합차","1124008","1975477","128.9080234","37.77055961","N"
"2017","2017-03-16 06","주","목","1","3","0","2","1","경북","군위군","차량단독","공작물충돌","공작물충돌","안전운전 의무 불이행","단일로","기타단일로","승용차","없음","1095395","1801465","128.5611871","36.20564755","N"
"2017","2017-03-16 08","주","목","1","0","0","0","0","인천","남동구","차대사람","횡단중","횡단중","기타","단일로","기타단일로","화물차","보행자","931748","1933958","126.7288424","37.40222506","N"
"2017","2017-03-16 09","주","목","1","0","0","0","0","광주","광산구","차대사람","횡단중","횡단중","안전운전 의무 불이행","교차로","교차로부근","화물차","보행자","936414.9","1683114.5","126.8019939","35.14124317","N"
"2017","2017-03-16 11","주","목","1","0","0","0","0","부산","사하구","차대사람","횡단중","횡단중","안전운전 의무 불이행","교차로","교차로횡단보도내","화물차","보행자","1133085","1678853.2","128.9600933","35.09603564","N"
"2017","2017-03-16 13","주","목","1","0","0","0","0","전북","완주군","차대차","추돌","추돌","안전운전 의무 불이행","단일로","기타단일로","화물차","화물차","974777","1750411","127.2210205","35.74972739","N"
"2017","2017-03-16 18","야","목","1","1","0","1","0","부산","사상구","차대차","측면충돌","측면충돌","안전거리 미확보","단일로","기타단일로","화물차","승용차","1134163","1685133.3","128.9729358","35.15250317","N"
"2017","2017-03-16 19","야","목","1","0","0","0","0","제주","서귀포시","차대사람","횡단중","횡단중","안전운전 의무 불이행","단일로","기타단일로","승용차","보행자","920059","1475318","126.6416712","33.26625431","N"
"2017","2017-03-16 21","야","목","1","0","0","0","0","전남","나주시","차량단독","전복","전복","안전운전 의무 불이행","단일로","기타단일로","화물차","없음","931443","1665904","126.7488418","34.98573686","N"
"2017","2017-03-16 23","야","목","1","0","0","0","0","대전","서구","차대사람","기타","기타","안전운전 의무 불이행","단일로","기타단일로","승용차","보행자","990107","1817293","127.38974","36.35299917","N"
"2017","2017-03-17 02","야","금","1","0","0","0","0","대구","북구","차대사람","횡단중","횡단중","안전운전 의무 불이행","교차로","교차로내","승용차","보행자","1101241","1766788","128.6217636","35.8924703","N"
"2017","2017-03-17 03","야","금","1","2","1","1","0","서울","중구","차대차","추돌","추돌","신호위반","교차로","교차로내","화물차","원동기장치자전거","954306","1951985","126.9825869","37.56609582","N"
"2017","2017-03-17 04","야","금","1","0","0","0","0","경기","화성시","차대차","기타","기타","안전운전 의무 불이행","교차로","교차로부근","승용차","화물차","948162","1901850","126.9165253","37.11388162","N"
"2017","2017-03-17 05","야","금","1","0","0","0","0","경기","의정부시","차대차","추돌","추돌","안전운전 의무 불이행","단일로","기타단일로","승용차","화물차","961230","1969669","127.060049","37.72580243","N"
"2017","2017-03-17 09","주","금","1","0","0","0","0","전남","무안군","차대차","측면충돌","측면충돌","안전운전 의무 불이행","교차로","교차로부근","화물차","자전거","904940","1667710","126.4582868","34.99987613","N"
"2017","2017-03-17 14","주","금","1","0","0","0","0","서울","종로구","차대차","기타","기타","기타","단일로","기타단일로","승용차","이륜차","953895","1956957","126.97762","37.61088875","N"
"2017","2017-03-17 14","주","금","1","0","0","0","0","경남","통영시","차대차","정면충돌","정면충돌","안전운전 의무 불이행","교차로","교차로내","승용차","이륜차","1084395","1648312","128.4228957","34.82592272","N"
"2017","2017-03-17 15","주","금","1","0","0","0","0","강원","춘천시","차대차","추돌","추돌","안전운전 의무 불이행","단일로","기타단일로","이륜차","승용차","1023636","1985788","127.7687428","37.87160055","N"
"2017","2017-03-17 19","야","금","1","0","0","0","0","경기","평택시","차대차","정면충돌","정면충돌","기타","단일로","기타단일로","화물차","이륜차","948359","1896167","126.9191337","37.06266691","N"
"2017","2017-03-17 19","야","금","1","0","0","0","0","충남","공주시","차대차","측면충돌","측면충돌","기타","교차로","교차로내","이륜차","승합차","968504","1833424","127.1483164","36.49795754","N"
"2017","2017-03-17 23","야","금","1","1","0","1","0","서울","성동구","차대차","정면충돌","정면충돌","안전운전 의무 불이행","교차로","교차로내","승용차","이륜차","958132","1952121","127.0259012","37.56750355","N"
"2017","2017-03-18 00","야","토","1","0","0","0","0","경기","동두천시","차대사람","횡단중","횡단중","보행자 보호의무 위반","교차로","교차로횡단보도내","승용차","보행자","960982","1987505","127.056274","37.88654646","N"
"2017","2017-03-18 01","야","토","1","3","2","1","0","경기","용인시","차대차","추돌","추돌","안전운전 의무 불이행","단일로","기타단일로","승용차","승용차","965825","1921492","127.1144306","37.29174464","N"
"2017","2017-03-18 01","야","토","1","1","1","0","0","경기","포천시","차대차","측면충돌","측면충돌","중앙선 침범","단일로","기타단일로","승합차","승용차","987449","2001872","127.3570132","38.01678519","N"
"2017","2017-03-18 02","야","토","1","1","0","1","0","경북","포항시","차대사람","차도통행중","차도통행중","안전운전 의무 불이행","단일로","기타단일로","승용차","보행자","1186597","1780613","129.570341","36.00448332","N"
"2017","2017-03-18 04","야","토","1","0","0","0","0","충남","서산시","차대사람","횡단중","횡단중","안전운전 의무 불이행","단일로","기타단일로","승용차","보행자","917184","1855587","126.5729383","36.69466686","N"
"2017","2017-03-18 05","야","토","1","0","0","0","0","부산","기장군","차대차","정면충돌","정면충돌","신호위반","교차로","교차로내","승용차","이륜차","1156576","1695801.2","129.2209373","35.24541313","N"
"2017","2017-03-18 06","주","토","1","0","0","0","0","경기","시흥시","차대차","정면충돌","정면충돌","신호위반","교차로","교차로내","이륜차","화물차","932218","1927630","126.734732","37.34522498","N"
"2017","2017-03-18 09","주","토","1","0","0","0","0","충북","청주시","차대사람","횡단중","횡단중","신호위반","교차로","교차로횡단보도내","승용차","보행자","1000314","1845418","127.503511","36.60660303","N"
"2017","2017-03-18 11","주","토","2","4","4","0","0","충남","당진시","차대차","정면충돌","정면충돌","과속","교차로","교차로부근","승용차","화물차","936489","1884293","126.7866275","36.95490916","N"
"2017","2017-03-18 15","주","토","1","0","0","0","0","서울","관악구","차대사람","차도통행중","차도통행중","안전운전 의무 불이행","단일로","기타단일로","승용차","보행자","949342","1943322","126.9269774","37.48775498","N"
"2017","2017-03-18 16","주","토","1","10","4","6","0","충북","충주시","차대차","추돌","추돌","안전운전 의무 불이행","단일로","터널안","화물차","화물차","1033785","1880333","127.8793148","36.92074883","Y"
"2017","2017-03-18 19","야","토","2","0","0","0","0","경북","안동시","차대차","추돌","추돌","안전운전 의무 불이행","단일로","기타단일로","화물차","건설기계","1116101","1837896","128.7969143","36.5317395","N"
"2017","2017-03-18 20","야","토","1","0","0","0","0","서울","서대문구","차대사람","횡단중","횡단중","안전운전 의무 불이행","단일로","기타단일로","승용차","보행자","948214.7","1952466.1","126.9135816","37.57010959","N"
"2017","2017-03-19 00","야","일","1","0","0","0","0","경남","창원시(통합)","차대차","측면충돌","측면충돌","안전운전 의무 불이행","단일로","기타단일로","승용차","승용차","1094858","1694138","128.5425313","35.23816391","N"
"2017","2017-03-19 01","야","일","1","0","0","0","0","충북","영동군","차량단독","도로이탈","도로이탈 기타","안전운전 의무 불이행","단일로","기타단일로","승용차","없음","1023154","1804358","127.7576725","36.23615708","N"
"2017","2017-03-19 02","야","일","1","0","0","0","0","경기","평택시","차대사람","횡단중","횡단중","안전운전 의무 불이행","단일로","기타단일로","승용차","보행자","963726","1890461","127.0922545","37.01195266","N"
"2017","2017-03-19 03","야","일","1","0","0","0","0","경남","거제시","차량단독","전도전복","전도전복","안전운전 의무 불이행","단일로","기타단일로","이륜차","없음","1101604","1656076","128.6119966","34.89434962","N"
"2017","2017-03-19 09","주","일","1","0","0","0","0","서울","마포구","차대차","측면충돌","측면충돌","신호위반","교차로","교차로내","승용차","원동기장치자전거","948036","1950701","126.9116832","37.55419051","N"
"2017","2017-03-19 14","주","일","1","1","0","1","0","전북","군산시","차량단독","전도","전도","안전운전 의무 불이행","단일로","기타단일로","승용차","없음","941891","1776266","126.855414","35.98143181","N"
"2017","2017-03-19 20","야","일","1","0","0","0","0","인천","연수구","차대사람","횡단중","횡단중","안전운전 의무 불이행","교차로","교차로내","승용차","보행자","925316","1935312","126.6560393","37.41393214","N"
"2017","2017-03-19 21","야","일","1","0","0","0","0","경남","김해시","차대차","측면충돌","측면충돌","안전운전 의무 불이행","교차로","교차로부근","승용차","자전거","1125994","1693745","128.8845914","35.23119049","N"
"2017","2017-03-19 21","야","일","1","0","0","0","0","대전","대덕구","차대사람","횡단중","횡단중","안전운전 의무 불이행","교차로","교차로부근","승용차","보행자","993360","1817940","127.4259899","36.35886008","N"
"2017","2017-03-19 22","야","일","1","0","0","0","0","충북","청주시","차대사람","횡단중","횡단중","안전운전 의무 불이행","단일로","기타단일로","승합차","보행자","991103","1843960","127.4005339","36.59341766","N"
"2017","2017-03-20 09","주","월","1","2","0","2","0","대구","달서구","차대차","추돌","추돌","안전운전 의무 불이행","교차로","교차로부근","승용차","화물차","1090957","1760354","128.5070981","35.83547958","N"
"2017","2017-03-20 15","주","월","1","0","0","0","0","서울","서초구","차대차","추돌","추돌","기타","교차로","교차로부근","승용차","이륜차","959380","1941031","127.0406458","37.46760141","N"
"2017","2017-03-20 15","주","월","1","1","1","0","0","경남","하동군","차대차","측면충돌","측면충돌","중앙선 침범","기타","기타","화물차","화물차","1028813","1679377","127.816173","35.10913921","N"
"2017","2017-03-20 18","야","월","1","0","0","0","0","부산","사하구","차대사람","횡단중","횡단중","안전운전 의무 불이행","단일로","기타단일로","승용차","보행자","1133398.5","1678492.2","128.9634736","35.09274","N"
"2017","2017-03-20 20","야","월","1","0","0","0","0","전북","정읍시","차대사람","횡단중","횡단중","안전운전 의무 불이행","단일로","기타단일로","화물차","보행자","958826","1736418","127.0453146","35.62302618","N"
"2017","2017-03-20 21","야","월","1","0","0","0","0","서울","강남구","차대차","추돌","추돌","안전운전 의무 불이행","단일로","기타단일로","화물차","자전거","964078","1943702","127.0936418","37.49187097","N"
"2017","2017-03-20 21","야","월","1","0","0","0","0","경기","이천시","차량단독","공작물충돌","공작물충돌","안전운전 의무 불이행","단일로","기타단일로","승용차","없음","997367","1910278","127.4703333","37.19128524","N"
"2017","2017-03-21 01","야","화","1","0","0","0","0","광주","북구","차대사람","횡단중","횡단중","과속","단일로","기타단일로","승용차","보행자","945111.6","1687026.6","126.8971968","35.1770297","N"
"2017","2017-03-21 03","야","화","1","1","0","1","0","서울","강동구","차대차","추돌","추돌","안전운전 의무 불이행","단일로","교량위","승용차","화물차","965757","1949353","127.1123713","37.54286968","N"
"2017","2017-03-21 19","야","화","1","0","0","0","0","광주","광산구","차대사람","기타","기타","안전운전 의무 불이행","단일로","기타단일로","화물차","보행자","936998.2","1686543.2","126.808135","35.17219492","N"
"2017","2017-03-21 19","야","화","1","0","0","0","0","광주","광산구","차대차","측면충돌","측면충돌","안전거리 미확보","단일로","기타단일로","화물차","이륜차","936685.1","1689350.7","126.8044812","35.19748906","N"
"2017","2017-03-21 20","야","화","1","0","0","0","0","충남","서천군","차량단독","전도전복","전도전복","안전운전 의무 불이행","단일로","기타단일로","원동기장치자전거","없음","930529","1787760","126.7283781","36.08430783","N"
"2017","2017-03-21 21","야","화","1","0","0","0","0","강원","동해시","차대사람","횡단중","횡단중","안전운전 의무 불이행","교차로","교차로부근","승용차","보행자","1138747","1944417","129.0694223","37.48858881","N"
"2017","2017-03-21 21","야","화","1","1","0","1","0","경북","군위군","차대차","정면충돌","정면충돌","중앙선 침범","단일로","기타단일로","화물차","화물차","1085078","1807427","128.4470823","36.26035369","N"
"2017","2017-03-21 22","야","화","1","0","0","0","0","경기","화성시","차대사람","차도통행중","차도통행중","안전운전 의무 불이행","단일로","기타단일로","승용차","보행자","944516","1915824","126.8744514","37.23962893","N"
"2017","2017-03-21 23","야","화","1","1","1","0","0","대전","서구","차대차","측면충돌","측면충돌","안전운전 의무 불이행","단일로","기타단일로","화물차","이륜차","984963","1811311","127.3325244","36.29900231","N"
"2017","2017-03-22 00","야","수","1","1","1","0","0","경기","양주시","차량단독","공작물충돌","공작물충돌","안전운전 의무 불이행","교차로","교차로내","승용차","없음","955457","1989689","126.993309","37.90597662","N"
"2017","2017-03-22 06","주","수","1","0","0","0","0","부산","북구","차대차","기타","기타","신호위반","교차로","교차로횡단보도내","승용차","자전거","1135717","1690071.2","128.9908041","35.19680542","N"
"2017","2017-03-22 06","주","수","1","0","0","0","0","경기","의왕시","차대사람","횡단중","횡단중","안전운전 의무 불이행","교차로","교차로부근","승용차","보행자","953463","1931288","126.9743497","37.37950477","N"
"2017","2017-03-22 08","주","수","1","2","1","1","0","경기","이천시","차대차","기타","기타","신호위반","교차로","교차로부근","승용차","승용차","993880","1916100","127.4309966","37.24374893","N"
"2017","2017-03-22 09","주","수","1","0","0","0","0","전북","진안군","차대사람","횡단중","횡단중","안전운전 의무 불이행","교차로","교차로내","승용차","보행자","991505","1760753","127.4059306","35.84326011","N"
"2017","2017-03-22 12","주","수","1","0","0","0","0","서울","금천구","차량단독","공작물충돌","공작물충돌","안전운전 의무 불이행","단일로","기타단일로","이륜차","없음","946639","1939271","126.8966972","37.45109021","N"
"2017","2017-03-22 14","주","수","1","0","0","0","0","인천","서구","차대차","측면충돌","측면충돌","신호위반","교차로","교차로부근","이륜차","화물차","926179","1956439","126.6636688","37.60441251","N"
"2017","2017-03-22 18","야","수","1","0","0","0","0","울산","중구","차대사람","기타","기타","안전운전 의무 불이행","단일로","기타단일로","승용차","보행자","1164330","1730696","129.3131553","35.55865497","N"
"2017","2017-03-22 19","야","수","1","0","0","0","0","강원","양구군","차대차","추돌","추돌","안전거리 미확보","단일로","기타단일로","화물차","농기계","1047329","2013236","128.0399359","38.11805283","N"
"2017","2017-03-22 22","야","수","1","0","0","0","0","경북","예천군","차대사람","횡단중","횡단중","안전운전 의무 불이행","단일로","기타단일로","승용차","보행자","1085568","1850705","128.4573191","36.6504183","N"
"2017","2017-03-23 02","야","목","1","0","0","0","0","경남","창원시(통합)","차대사람","횡단중","횡단중","안전운전 의무 불이행","단일로","기타단일로","승용차","보행자","1098965","1692564","128.5874725","35.22357639","N"
"2017","2017-03-23 08","주","목","1","1","0","1","0","서울","광진구","차대차","측면충돌","측면충돌","기타","단일로","기타단일로","자전거","승합차","963633","1950821","127.0882555","37.55601992","N"
"2017","2017-03-23 09","주","목","1","0","0","0","0","경북","고령군","차대차","측면충돌","측면충돌","기타","교차로","교차로내","원동기장치자전거","화물차","1086425","1759329","128.4568142","35.82664927","N"
"2017","2017-03-23 11","주","목","1","0","0","0","0","경기","부천시","차대사람","횡단중","횡단중","중앙선 침범","교차로","교차로부근","화물차","보행자","938794","1941456","126.8078252","37.47029773","N"
"2017","2017-03-23 11","주","목","1","0","0","0","0","광주","광산구","차대사람","횡단중","횡단중","안전운전 의무 불이행","교차로","교차로부근","화물차","보행자","935534","1681717","126.7924335","35.12858646","N"
"2017","2017-03-23 13","주","목","1","0","0","0","0","충남","서산시","차대차","측면충돌","측면충돌","안전운전 의무 불이행","단일로","기타단일로","이륜차","승용차","905816","1870482","126.4438612","36.8278606","N"
"2017","2017-03-23 16","주","목","1","1","1","0","0","강원","정선군","차대차","정면충돌","정면충돌","중앙선 침범","단일로","기타단일로","승용차","승용차","1101205","1932450","128.6432198","37.38562072","N"
"2017","2017-03-23 16","주","목","1","0","0","0","0","강원","인제군","차량단독","공작물충돌","공작물충돌","안전운전 의무 불이행","단일로","교량위","이륜차","없음","1061295","2012502","128.1991892","38.11059778","N"
"2017","2017-03-23 20","야","목","1","0","0","0","0","전남","순천시","차대사람","횡단중","횡단중","안전운전 의무 불이행","교차로","교차로내","승용차","보행자","975981","1676439","127.2365176","35.08277245","N"
"2017","2017-03-23 21","야","목","1","0","0","0","0","경북","경산시","차량단독","공작물충돌","공작물충돌","안전운전 의무 불이행","교차로","교차로부근","이륜차","없음","1117717","1765177","128.8040423","35.87610549","N"
"2017","2017-03-24 00","야","금","1","0","0","0","0","경기","수원시","차대사람","차도통행중","차도통행중","안전운전 의무 불이행","단일로","기타단일로","승용차","보행자","959228","1917238","127.0402371","37.25313441","N"
"2017","2017-03-24 05","야","금","1","10","3","6","1","경기","고양시","차대차","기타","기타","안전운전 의무 불이행","단일로","기타단일로","화물차","승용차","943153.6","1963298.6","126.8554304","37.66744339","N"
"2017","2017-03-24 18","야","금","1","0","0","0","0","광주","광산구","차대사람","횡단중","횡단중","안전운전 의무 불이행","교차로","교차로부근","승용차","보행자","936501.7","1682974.5","126.8029575","35.13998634","Y"
"2017","2017-03-24 22","야","금","1","0","0","0","0","경북","포항시","차대사람","횡단중","횡단중","안전운전 의무 불이행","단일로","기타단일로","승용차","보행자","1165571","1782504","129.3375625","36.02532305","N"
"2017","2017-03-25 02","야","토","1","0","0","0","0","제주","서귀포시","차대사람","기타","기타","안전운전 의무 불이행","단일로","기타단일로","승용차","보행자","893245","1482200","126.3530004","33.32599658","N"
"2017","2017-03-25 03","야","토","1","0","0","0","0","대전","대덕구","차대차","추돌","추돌","안전운전 의무 불이행","단일로","기타단일로","승용차","특수차","991399.4","1827441.7","127.4040317","36.44450547","N"
"2017","2017-03-25 08","주","토","1","2","0","2","0","경기","안산시","차대차","정면충돌","정면충돌","중앙선 침범","교차로","교차로내","승용차","화물차","942366","1922900","126.8496645","37.30327747","N"
"2017","2017-03-25 10","주","토","4","1","1","0","0","경북","상주시","차대차","정면충돌","정면충돌","중앙선 침범","단일로","기타단일로","화물차","화물차","1055350","1824390","128.1173799","36.41543609","N"
"2017","2017-03-25 16","주","토","1","3","3","0","0","경북","봉화군","차량단독","공작물충돌","공작물충돌","안전운전 의무 불이행","기타","기타","승합차","없음","1127719","1880752","128.9338221","36.91647754","Y"
"2017","2017-03-25 17","주","토","1","0","0","0","0","인천","강화군","차량단독","전도","전도","안전운전 의무 불이행","단일로","기타단일로","승용차","없음","911731","1961046","126.4994494","37.64465789","N"
"2017","2017-03-25 19","야","토","1","0","0","0","0","경남","김해시","차대사람","횡단중","횡단중","보행자 보호의무 위반","단일로","기타단일로","화물차","보행자","1125392","1694897","128.8781532","35.24165065","N"
"2017","2017-03-26 02","야","일","1","0","0","0","0","전남","여수시","차대사람","횡단중","횡단중","안전운전 의무 불이행","단일로","기타단일로","승용차","보행자","1018566.4","1639739.3","127.7028533","34.75194783","N"
"2017","2017-03-26 04","야","일","1","2","1","1","0","경기","부천시","차대차","정면충돌","정면충돌","안전운전 의무 불이행","교차로","교차로부근","승용차","승용차","935660","1947024","126.7718985","37.52026889","N"
"2017","2017-03-26 10","주","일","1","0","0","0","0","충북","청주시","차대차","측면충돌","측면충돌","신호위반","교차로","교차로내","이륜차","승용차","999143","1851380","127.4904107","36.66035005","N"
"2017","2017-03-26 21","야","일","1","0","0","0","0","충남","서천군","차량단독","전도전복","전도전복","안전운전 의무 불이행","단일로","기타단일로","이륜차","없음","920294","1792535","126.6142251","36.12656724","N"
"2017","2017-03-26 22","야","일","1","0","0","0","0","충남","천안시","차대사람","횡단중","횡단중","과속","교차로","교차로부근","승용차","보행자","967650","1877330","127.1369244","36.89372897","N"
"2017","2017-03-26 22","야","일","1","0","0","0","0","전북","전주시","차대사람","기타","기타","중앙선 침범","단일로","기타단일로","승합차","보행자","965049.5","1761613.9","127.1129415","35.85043556","N"
"2017","2017-03-27 06","주","월","1","0","0","0","0","전남","고흥군","차대사람","횡단중","횡단중","안전운전 의무 불이행","단일로","기타단일로","화물차","보행자","986112.5","1629387.7","127.3484377","34.6586731","N"
"2017","2017-03-27 08","주","월","1","4","4","0","0","경북","구미시","차량단독","공작물충돌","공작물충돌","안전운전 의무 불이행","단일로","기타단일로","화물차","없음","1087429","1789207","128.4712207","36.09590172","N"
"2017","2017-03-27 09","주","월","1","1","0","1","0","충남","태안군","차대차","정면충돌","정면충돌","중앙선 침범","단일로","기타단일로","화물차","승용차","892253.7","1853807.4","126.2941626","36.67612775","N"
"2017","2017-03-27 16","주","월","1","0","0","0","0","충북","보은군","차대사람","기타","기타","안전운전 의무 불이행","단일로","기타단일로","건설기계","보행자","1022416","1832973","127.7502845","36.4941475","N"
"2017","2017-03-27 16","주","월","1","0","0","0","0","경남","김해시","차대차","측면충돌","측면충돌","신호위반","교차로","교차로내","이륜차","승용차","1118561","1704287","128.8044503","35.32713002","N"
"2017","2017-03-27 17","주","월","1","0","0","0","0","전남","나주시","차량단독","전도전복","전도전복","안전운전 의무 불이행","단일로","기타단일로","농기계","없음","932215","1661543","126.7576545","34.94646692","N"
"2017","2017-03-27 17","주","월","1","0","0","0","0","인천","계양구","차대차","측면충돌","측면충돌","신호위반","교차로","교차로내","화물차","이륜차","931821","1948159","126.7283527","37.53022263","N"
"2017","2017-03-27 19","야","월","1","0","0","0","0","전북","정읍시","차대차","추돌","추돌","중앙선 침범","교차로","교차로부근","자전거","화물차","939856.2","1728581.8","126.8364244","35.55140266","N"
"2017","2017-03-27 20","야","월","1","0","0","0","0","충남","보령시","차대사람","기타","기타","안전운전 의무 불이행","단일로","기타단일로","승용차","보행자","920686.6","1818330.1","126.6159728","36.35912948","N"
"2017","2017-03-27 20","야","월","1","0","0","0","0","전북","전주시","차량단독","전도전복","전도전복","안전운전 의무 불이행","교차로","교차로부근","화물차","없음","965578","1750997","127.1192513","35.75473187","N"
"2017","2017-03-28 03","야","화","1","0","0","0","0","충남","서산시","차대차","정면충돌","정면충돌","안전운전 의무 불이행","단일로","기타단일로","화물차","승용차","908172","1864109","126.4710452","36.77065071","N"
"2017","2017-03-28 05","야","화","1","0","0","0","0","전북","남원시","차대차","측면충돌","측면충돌","과속","교차로","교차로내","승용차","자전거","989556","1712128","127.384978","35.40481441","N"
"2017","2017-03-28 10","주","화","1","1","1","0","0","경북","영주시","차대차","추돌","추돌","안전운전 의무 불이행","단일로","기타단일로","화물차","화물차","1102813","1864926","128.6521331","36.77688613","N"
"2017","2017-03-28 17","주","화","1","0","0","0","0","경북","안동시","차대사람","기타","기타","안전운전 의무 불이행","교차로","교차로부근","승용차","보행자","1095375","1835381","128.5651224","36.51136315","N"
"2017","2017-03-28 18","야","화","1","0","0","0","0","경북","경산시","차대차","기타","기타","안전거리 미확보","단일로","기타단일로","자전거","화물차","1111900","1758197","128.7386379","35.81386954","N"
"2017","2017-03-28 19","야","화","1","0","0","0","0","전북","정읍시","차대사람","횡단중","횡단중","안전운전 의무 불이행","단일로","기타단일로","승용차","보행자","949610","1739648","126.943344","35.651721","N"
"2017","2017-03-28 20","야","화","1","0","0","0","0","경기","이천시","차대사람","횡단중","횡단중","안전운전 의무 불이행","교차로","교차로부근","승용차","보행자","992218","1921900","127.4121967","37.29601778","N"
"2017","2017-03-29 01","야","수","1","0","0","0","0","충북","영동군","차량단독","기타","기타","안전운전 의무 불이행","기타","기타","화물차","없음","1024478","1796821","127.7721714","36.16817434","N"
"2017","2017-03-29 06","주","수","1","0","0","0","0","서울","마포구","차대사람","횡단중","횡단중","안전운전 의무 불이행","단일로","기타단일로","승합차","보행자","948705","1950663","126.9192597","37.55388551","N"
"2017","2017-03-29 06","주","수","1","1","1","0","0","경기","이천시","차대차","정면충돌","정면충돌","안전운전 의무 불이행","교차로","교차로내","승합차","화물차","1001405","1917271","127.5158437","37.25432343","N"
"2017","2017-03-29 08","주","수","1","0","0","0","0","충북","음성군","차대차","추돌","추돌","안전거리 미확보","단일로","교량위","원동기장치자전거","화물차","1012586","1902170","127.6416732","37.11811723","N"
"2017","2017-03-29 09","주","수","1","0","0","0","0","경북","상주시","차대차","측면충돌","측면충돌","교차로 통행방법 위반","교차로","교차로내","승용차","자전거","1058588","1824821","128.1535274","36.41912925","N"
"2017","2017-03-29 15","주","수","1","0","0","0","0","전남","목포시","차대사람","길가장자리구역통행중","길가장자리구역통행중","안전운전 의무 불이행","단일로","기타단일로","승용차","보행자","897792","1644600","126.3827933","34.79082188","N"
"2017","2017-03-29 16","주","수","1","2","1","1","0","충남","아산시","차대차","기타","기타","안전운전 의무 불이행","교차로","교차로내","화물차","승합차","953912","1865446","126.9834638","36.78603181","N"
"2017","2017-03-30 00","야","목","1","0","0","0","0","대전","유성구","차대차","정면충돌","정면충돌","신호위반","교차로","교차로내","이륜차","승용차","986057","1818303","127.3445837","36.36205452","N"
"2017","2017-03-30 01","야","목","1","0","0","0","0","충북","청주시","차량단독","기타","기타","안전운전 의무 불이행","교차로","교차로부근","승용차","없음","991135","1853515","127.4007813","36.67955598","N"
"2017","2017-03-30 02","야","목","1","0","0","0","0","서울","송파구","차량단독","주/정차차량 충돌","주/정차차량 충돌","안전운전 의무 불이행","교차로","교차로부근","승용차","승용차","967010","1944151","127.1267885","37.49602745","N"
"2017","2017-03-30 02","야","목","1","0","0","0","0","강원","태백시","차대사람","기타","기타","안전운전 의무 불이행","단일로","기타단일로","승용차","보행자","1132360","1907929","128.990689","37.16073804","N"
"2017","2017-03-30 04","야","목","1","4","0","4","0","경기","안산시","차대차","정면충돌","정면충돌","보행자 보호의무 위반","교차로","교차로내","승용차","승용차","941264","1924877","126.8370739","37.32102788","N"
"2017","2017-03-30 04","야","목","1","0","0","0","0","전남","장흥군","차대사람","길가장자리구역통행중","길가장자리구역통행중","안전운전 의무 불이행","단일로","기타단일로","승용차","보행자","940967","1649233","126.8543649","34.83601521","N"
"2017","2017-03-30 08","주","목","1","0","0","0","0","대구","북구","차대차","측면충돌","측면충돌","중앙선 침범","단일로","기타단일로","자전거","승용차","1097635","1765500","128.5816572","35.88122613","N"
"2017","2017-03-30 10","주","목","1","0","0","0","0","충북","충주시","차대사람","횡단중","횡단중","안전운전 의무 불이행","단일로","기타단일로","승용차","보행자","1038005","1886140","127.9269849","36.97293391","N"
"2017","2017-03-30 15","주","목","1","0","0","0","0","충남","태안군","차량단독","도로이탈","도로이탈 추락","안전운전 의무 불이행","단일로","기타단일로","원동기장치자전거","없음","889236","1869185","126.2581659","36.81437468","N"
"2017","2017-03-30 17","주","목","1","0","0","0","0","전남","고흥군","차량단독","전도전복","전도전복","안전운전 의무 불이행","단일로","기타단일로","화물차","없음","991772","1624628","127.4102493","34.61581141","N"
"2017","2017-03-30 18","야","목","1","0","0","0","0","충북","음성군","차량단독","전도","전도","안전거리 미확보","단일로","기타단일로","승용차","없음","1022047","1881581","127.7475664","36.93234658","N"
"2017","2017-03-30 19","야","목","1","2","1","1","0","경남","고성군","차대차","측면충돌","측면충돌","신호위반","교차로","교차로내","승용차","승합차","1076215","1664087","128.3348908","34.96880579","N"
"2017","2017-03-31 11","주","금","1","1","1","0","0","광주","광산구","차대차","추돌","추돌","안전운전 의무 불이행","단일로","지하차도(도로)내","화물차","농기계","935701","1687437","126.7938208","35.18017167","N"
"2017","2017-03-31 20","야","금","1","0","0","0","0","경기","파주시","차대사람","횡단중","횡단중","안전운전 의무 불이행","단일로","기타단일로","승합차","보행자","934794","1980022","126.7591486","37.81760768","N"
"2017","2017-03-31 23","야","금","1","2","2","0","0","광주","광산구","차대차","추돌","추돌","안전운전 의무 불이행","단일로","기타단일로","승용차","승합차","929996","1680588","126.7317498","35.11803681","N"
"2017","2017-04-01 00","야","토","1","0","0","0","0","대구","수성구","차대사람","횡단중","횡단중","안전운전 의무 불이행","교차로","교차로부근","승용차","보행자","1101745","1763526","128.6269304","35.86301311","N"
"2017","2017-04-01 06","주","토","1","1","0","1","0","충북","단양군","차량단독","공작물충돌","공작물충돌","안전운전 의무 불이행","단일로","기타단일로","승용차","없음","1075119","1886799","128.3439941","36.97664221","N"