"발생년","발생년월일시","주야","요일","사망자수","부상자수","중상자수","경상자수","부상신고자수","발생지시도","발생지시군구","사고유형_대분류","사고유형_중분류","사고유형","가해자법규위반","도로형태_대분류","도로형태","가해자_당사자종별","피해자_당사자종별","발생위치(X_UTMK)","발생위치(Y_UTMK)","경도","위도"," 어린이사고 여부"
"2017","2017-04-01 08","주","토","2","1","1","0","0","전남","여수시","차대차","측면충돌","측면충돌","기타","교차로","교차로내","승용차","승합차","1011713.2","1645886.2","127.6280623","34.80748072","N"
"2017","2017-04-01 08","주","토","1","0","0","0","0","울산","남구","차대차","측면충돌","측면충돌","중앙선 침범","단일로","기타단일로","화물차","승용차","1168487","1726004","129.3580251","35.51567283","N"
"2017","2017-04-01 09","주","토","1","0","0","0","0","경남","사천시","차대차","측면충돌","측면충돌","안전운전 의무 불이행","단일로","기타단일로","화물차","원동기장치자전거","1051566","1663780","128.0648708","34.96759368","N"
"2017","2017-04-01 11","주","토","1","0","0","0","0","전남","나주시","차대차","후진중충돌","후진중충돌","안전운전 의무 불이행","교차로","교차로내","건설기계","원동기장치자전거","929022.7","1671455.6","126.7218515","35.03562643","N"
"2017","2017-04-01 14","주","토","1","1","1","0","0","경남","밀양시","차량단독","공작물충돌","공작물충돌","안전운전 의무 불이행","단일로","기타단일로","승용차","없음","1107205","1727085","128.6825336","35.5339346","N"
"2017","2017-04-01 14","주","토","1","2","0","2","0","광주","남구","차대사람","횡단중","횡단중","안전운전 의무 불이행","단일로","기타단일로","승합차","보행자","945123","1681539","126.8976868","35.1275502","N"
"2017","2017-04-01 16","주","토","1","0","0","0","0","경기","화성시","차대차","측면충돌","측면충돌","신호위반","교차로","교차로내","원동기장치자전거","승용차","966367","1911637","127.1209906","37.20293286","N"
"2017","2017-04-01 21","야","토","1","0","0","0","0","경기","성남시","차대차","측면충돌","측면충돌","신호위반","교차로","교차로내","승용차","이륜차","967282","1930773","127.1304589","37.3754535","N"
"2017","2017-04-02 03","야","일","1","0","0","0","0","충남","예산군","차대사람","차도통행중","차도통행중","안전운전 의무 불이행","단일로","기타단일로","승용차","보행자","937628","1854513","126.8018628","36.68654755","N"
"2017","2017-04-02 05","야","일","1","0","0","0","0","서울","서초구","차대사람","횡단중","횡단중","신호위반","교차로","교차로부근","승용차","보행자","959318","1941142","127.0399386","37.46859917","N"
"2017","2017-04-02 07","주","일","1","0","0","0","0","충북","음성군","차대사람","횡단중","횡단중","안전운전 의무 불이행","단일로","기타단일로","승용차","보행자","998746.3","1885853.5","127.485915","36.9711182","N"
"2017","2017-04-02 09","주","일","1","0","0","0","0","전남","곡성군","차량단독","전도","전도","안전운전 의무 불이행","단일로","기타단일로","이륜차","없음","982402","1700275","127.3064449","35.29783678","N"
"2017","2017-04-02 12","주","일","1","0","0","0","0","충북","증평군","차대차","측면충돌","측면충돌","과속","단일로","기타단일로","승용차","승용차","1006331","1864540","127.5709491","36.77896478","N"
"2017","2017-04-02 18","야","일","1","0","0","0","0","강원","강릉시","차량단독","전도","전도","안전운전 의무 불이행","단일로","기타단일로","화물차","없음","1137725.1","1958386.5","129.0604898","37.61461035","N"
"2017","2017-04-02 21","야","일","1","0","0","0","0","경기","화성시","차대차","기타","기타","안전운전 의무 불이행","교차로","교차로내","승용차","화물차","932421","1912872","126.7383652","37.2122229","N"
"2017","2017-04-02 21","야","일","1","0","0","0","0","경남","사천시","차량단독","공작물충돌","공작물충돌","안전운전 의무 불이행","단일로","기타단일로","원동기장치자전거","없음","1049732","1670013","128.045154","35.02388866","N"
"2017","2017-04-03 02","야","월","1","0","0","0","0","경기","수원시","차대사람","기타","기타","안전운전 의무 불이행","단일로","기타단일로","승용차","보행자","955504","1924172","126.99783","37.31546455","N"
"2017","2017-04-03 05","야","월","1","1","0","0","1","경기","평택시","차대차","추돌","추돌","안전운전 의무 불이행","단일로","기타단일로","승용차","화물차","953818","1888669","126.980995","36.99536461","N"
"2017","2017-04-03 18","야","월","1","0","0","0","0","충북","보은군","차량단독","전도","전도","안전운전 의무 불이행","교차로","교차로부근","건설기계","없음","1017838","1833517","127.699182","36.49914801","N"
"2017","2017-04-03 19","야","월","1","0","0","0","0","강원","횡성군","차대차","추돌","추돌","안전운전 의무 불이행","교차로","교차로내","승합차","사륜오토바이(ATV)","1042251","1941476","127.9778234","37.47153924","N"
"2017","2017-04-03 22","야","월","1","0","0","0","0","광주","서구","차대차","측면충돌","측면충돌","보행자 보호의무 위반","단일로","기타단일로","승용차","승용차","943457","1683951","126.8792371","35.14920625","N"
"2017","2017-04-04 08","주","화","1","0","0","0","0","경기","시흥시","차대사람","기타","기타","과속","단일로","기타단일로","화물차","보행자","933758.2","1926982.8","126.7521776","37.33950288","Y"
"2017","2017-04-04 08","주","화","1","0","0","0","0","경기","시흥시","차량단독","공작물충돌","공작물충돌","안전운전 의무 불이행","단일로","기타단일로","승용차","없음","943705","1933533","126.8639647","37.39919835","N"
"2017","2017-04-04 11","주","화","1","0","0","0","0","강원","정선군","차량단독","전복","전복","안전운전 의무 불이행","단일로","기타단일로","화물차","없음","1112474.3","1943542.1","128.7721825","37.48427863","N"
"2017","2017-04-04 12","주","화","1","0","0","0","0","전북","무주군","차량단독","전도","전도","안전운전 의무 불이행","단일로","기타단일로","자전거","없음","1029024","1765038","127.8215513","35.88150075","N"
"2017","2017-04-04 12","주","화","1","1","0","1","0","경기","고양시","차대사람","횡단중","횡단중","안전운전 의무 불이행","단일로","기타단일로","화물차","보행자","930227","1963007","126.7088978","37.66392333","N"
"2017","2017-04-04 23","야","화","1","0","0","0","0","경북","포항시","차대차","정면충돌","정면충돌","중앙선 침범","단일로","기타단일로","이륜차","화물차","1187099","1785690","129.5771084","36.05013067","N"
"2017","2017-04-05 00","야","수","1","0","0","0","0","충북","청주시","차대사람","횡단중","횡단중","과속","교차로","교차로횡단보도내","승용차","보행자","997200","1848260","127.4686811","36.63221962","N"
"2017","2017-04-05 02","야","수","1","1","0","0","1","대구","북구","차량단독","공작물충돌","공작물충돌","안전운전 의무 불이행","교차로","교차로내","이륜차","없음","1099452","1766243","128.6018765","35.88774092","N"
"2017","2017-04-05 05","야","수","1","1","0","1","0","서울","노원구","차대차","기타","기타","안전거리 미확보","단일로","터널안","승용차","화물차","963585","1964204","127.0870455","37.67664241","N"
"2017","2017-04-05 06","주","수","1","1","0","1","0","경북","안동시","차대차","정면충돌","정면충돌","중앙선 침범","단일로","기타단일로","건설기계","건설기계","1105882","1840269","128.6831113","36.55431444","N"
"2017","2017-04-05 06","주","수","1","1","1","0","0","울산","울주군","차대차","기타","기타","안전운전 의무 불이행","단일로","기타단일로","승용차","화물차","1151094","1741338","129.1691636","35.65667572","N"
"2017","2017-04-05 09","주","수","1","2","0","0","2","충남","논산시","차대차","정면충돌","정면충돌","중앙선 침범","단일로","기타단일로","승용차","화물차","956103","1795059","127.0120123","36.15160377","N"
"2017","2017-04-05 11","주","수","1","0","0","0","0","경남","진주시","차량단독","전도전복","전도전복","안전운전 의무 불이행","단일로","기타단일로","원동기장치자전거","없음","1062627","1676436","128.1869836","35.08108576","N"
"2017","2017-04-05 14","주","수","1","0","0","0","0","전남","영광군","차대차","측면충돌","측면충돌","교차로 통행방법 위반","교차로","교차로내","승용차","자전거","912783","1693847","126.5414666","35.23623449","N"
"2017","2017-04-05 14","주","수","1","0","0","0","0","울산","울주군","차대사람","횡단중","횡단중","보행자 보호의무 위반","교차로","교차로횡단보도내","화물차","보행자","1147241","1730865","129.1247042","35.56286609","N"
"2017","2017-04-05 15","주","수","1","0","0","0","0","경기","고양시","차량단독","전도전복","전도전복","안전운전 의무 불이행","단일로","기타단일로","승용차","없음","945339","1965467","126.8800462","37.6871197","N"
"2017","2017-04-05 19","야","수","1","0","0","0","0","광주","서구","차대사람","횡단중","횡단중","안전운전 의무 불이행","교차로","교차로내","승용차","보행자","943297","1682660","126.8775693","35.13755668","N"
"2017","2017-04-05 20","야","수","1","0","0","0","0","전북","전주시","차대사람","횡단중","횡단중","안전운전 의무 불이행","단일로","기타단일로","승용차","보행자","962826","1755768","127.08859","35.79764723","N"
"2017","2017-04-05 21","야","수","1","1","0","1","0","경남","통영시","차대차","정면충돌","정면충돌","중앙선 침범","단일로","기타단일로","승용차","이륜차","1083888","1650544","128.4175753","34.84608954","N"
"2017","2017-04-06 03","야","목","2","0","0","0","0","서울","광진구","차대차","측면충돌","측면충돌","중앙선 침범","단일로","기타단일로","원동기장치자전거","승용차","962907","1952370","127.0799576","37.56995261","N"
"2017","2017-04-06 03","야","목","1","0","0","0","0","경기","평택시","차대차","기타","기타","안전운전 의무 불이행","단일로","기타단일로","화물차","승용차","945713","1895596","126.8894138","37.05737055","N"
"2017","2017-04-06 06","주","목","1","0","0","0","0","경남","창원시(통합)","차대사람","횡단중","횡단중","안전운전 의무 불이행","교차로","교차로내","승용차","보행자","1097164","1693435","128.5677883","35.23160506","N"
"2017","2017-04-06 12","주","목","1","0","0","0","0","부산","북구","차대사람","횡단중","횡단중","안전운전 의무 불이행","단일로","기타단일로","승용차","보행자","1136899.5","1691930.7","129.0040986","35.2134064","N"
"2017","2017-04-06 13","주","목","1","0","0","0","0","경기","연천군","차량단독","전도전복","전도전복","안전운전 의무 불이행","단일로","기타단일로","승용차","없음","956721","2001652","127.0069666","38.0138557","N"
"2017","2017-04-06 18","야","목","1","0","0","0","0","대구","동구","차대사람","횡단중","횡단중","보행자 보호의무 위반","단일로","기타단일로","승용차","보행자","1108601","1763490","128.7028482","35.86195238","N"
"2017","2017-04-07 00","야","금","1","1","1","0","0","광주","광산구","차대사람","기타","기타","신호위반","단일로","기타단일로","승용차","보행자","939741","1691588","126.8378847","35.21784989","N"
"2017","2017-04-07 05","야","금","1","0","0","0","0","전남","강진군","차대사람","차도통행중","차도통행중","안전운전 의무 불이행","교차로","교차로부근","승용차","보행자","935263","1618962","126.7943064","34.56270847","N"
"2017","2017-04-07 11","주","금","1","0","0","0","0","경기","안산시","차대차","정면충돌","정면충돌","신호위반","교차로","교차로내","자전거","승용차","941321","1925687","126.8376532","37.32833228","N"
"2017","2017-04-07 12","주","금","1","0","0","0","0","강원","홍천군","차대차","정면충돌","정면충돌","안전운전 의무 불이행","단일로","기타단일로","승용차","승용차","1034125","1966360","127.8870869","37.69616288","N"
"2017","2017-04-07 14","주","금","1","0","0","0","0","서울","동작구","차량단독","전도","전도","안전운전 의무 불이행","기타","기타","원동기장치자전거","없음","953433","1945203","126.9731322","37.50492436","N"
"2017","2017-04-07 15","주","금","1","0","0","0","0","충남","아산시","차량단독","전도전복","전도전복","안전운전 의무 불이행","단일로","기타단일로","이륜차","없음","961666.2","1865222.5","127.0703786","36.7843627","N"
"2017","2017-04-07 17","주","금","2","0","0","0","0","경북","청도군","차대차","정면충돌","정면충돌","중앙선 침범","단일로","기타단일로","승용차","이륜차","1114409","1736114","128.7632586","35.61452025","N"
"2017","2017-04-07 17","주","금","1","0","0","0","0","경남","김해시","차량단독","전도전복","전도전복","안전운전 의무 불이행","단일로","기타단일로","화물차","없음","1121793","1690695","128.8379853","35.20421505","N"
"2017","2017-04-07 19","야","금","1","0","0","0","0","경기","광명시","차대차","측면충돌","측면충돌","안전거리 미확보","단일로","터널안","이륜차","화물차","946485","1937913","126.8950547","37.43884132","N"
"2017","2017-04-07 19","야","금","2","0","0","0","0","전북","무주군","차대차","측면충돌","측면충돌","안전운전 의무 불이행","단일로","기타단일로","승용차","승용차","1013748","1775486","127.6524931","35.97603394","N"
"2017","2017-04-07 20","야","금","1","0","0","0","0","경기","성남시","차대사람","횡단중","횡단중","안전운전 의무 불이행","단일로","기타단일로","승용차","보행자","969454","1938219","127.1546827","37.44264318","N"
"2017","2017-04-07 20","야","금","1","0","0","0","0","강원","횡성군","차대사람","차도통행중","차도통행중","안전운전 의무 불이행","단일로","기타단일로","승용차","보행자","1050469","1939494","128.0706225","37.45326256","N"
"2017","2017-04-07 21","야","금","1","1","1","0","0","서울","도봉구","차대차","측면충돌","측면충돌","중앙선 침범","단일로","기타단일로","원동기장치자전거","승용차","959416","1962701","127.0398531","37.66292069","N"
"2017","2017-04-07 23","야","금","1","0","0","0","0","서울","마포구","차대사람","횡단중","횡단중","과속","단일로","기타단일로","승용차","보행자","951232","1949215","126.9479643","37.54097168","N"
"2017","2017-04-08 01","야","토","1","1","1","0","0","경기","포천시","차량단독","전도","전도","안전운전 의무 불이행","단일로","기타단일로","승용차","없음","983372","1991348","127.3108099","37.9218678","N"
"2017","2017-04-08 05","야","토","1","1","0","1","0","충남","아산시","차대차","추돌","추돌","안전운전 의무 불이행","단일로","기타단일로","화물차","화물차","964892","1866592","127.1064674","36.79683318","N"
"2017","2017-04-08 05","야","토","1","0","0","0","0","경기","파주시","차량단독","공작물충돌","공작물충돌","안전운전 의무 불이행","단일로","기타단일로","이륜차","없음","930752","1969935","126.7141911","37.72640183","N"
"2017","2017-04-08 10","주","토","1","0","0","0","0","경북","문경시","차량단독","기타","기타","안전운전 의무 불이행","단일로","기타단일로","승용차","없음","1066494","1856030","128.2444036","36.69994255","N"
"2017","2017-04-08 11","주","토","1","0","0","0","0","충북","충주시","차대차","정면충돌","정면충돌","신호위반","교차로","교차로내","이륜차","승용차","1038111","1888423.6","127.9282912","36.99351445","N"
"2017","2017-04-08 14","주","토","1","0","0","0","0","강원","평창군","차량단독","전도전복","전도전복","안전운전 의무 불이행","단일로","기타단일로","승용차","없음","1084211.6","1927837.9","128.450763","37.34575347","N"
"2017","2017-04-08 19","야","토","1","0","0","0","0","경남","창원시(통합)","차대차","측면충돌","측면충돌","안전운전 의무 불이행","단일로","기타단일로","승용차","이륜차","1106126","1690643","128.6658992","35.20552571","N"
"2017","2017-04-08 19","야","토","1","3","2","1","0","대구","달성군","차대차","추돌","추돌","안전운전 의무 불이행","교차로","교차로내","승용차","승용차","1087775","1764548","128.4723325","35.87357797","N"
"2017","2017-04-09 02","야","일","1","0","0","0","0","서울","강동구","차대사람","횡단중","횡단중","과속","기타","기타","승용차","보행자","967956","1948384","127.1373057","37.53421476","N"
"2017","2017-04-09 02","야","일","1","0","0","0","0","강원","양양군","차량단독","전도전복","전도전복","안전운전 의무 불이행","단일로","기타단일로","승용차","없음","1098565","2008256","128.6236792","38.0690383","N"
"2017","2017-04-09 14","주","일","1","0","0","0","0","경북","경주시","차량단독","전도","전도","안전운전 의무 불이행","단일로","기타단일로","승용차","없음","1155106","1767312","129.2184978","35.89013702","N"
"2017","2017-04-09 17","주","일","1","0","0","0","0","경북","칠곡군","차량단독","공작물충돌","공작물충돌","안전운전 의무 불이행","단일로","기타단일로","이륜차","없음","1074743","1784039","128.3298209","36.05037211","N"
"2017","2017-04-09 19","야","일","1","0","0","0","0","전남","여수시","차대사람","횡단중","횡단중","과속","단일로","기타단일로","승용차","보행자","1020758.5","1639525.6","127.7267984","34.74997849","N"
"2017","2017-04-10 11","주","월","1","0","0","0","0","전북","남원시","차대사람","횡단중","횡단중","안전운전 의무 불이행","단일로","기타단일로","승용차","보행자","991947","1714166","127.4112904","35.42321288","N"
"2017","2017-04-10 13","주","월","1","2","2","0","0","전남","무안군","차대차","정면충돌","정면충돌","기타","교차로","교차로내","화물차","화물차","906686","1650769","126.4793109","34.84729676","N"
"2017","2017-04-10 14","주","월","1","0","0","0","0","부산","해운대구","차대사람","기타","기타","안전운전 의무 불이행","교차로","교차로내","화물차","보행자","1147737","1689075.3","129.1226159","35.18613164","N"
"2017","2017-04-10 15","주","월","2","1","1","0","0","전북","장수군","차대차","정면충돌","정면충돌","중앙선 침범","단일로","기타단일로","화물차","화물차","1001709","1744607","127.5188902","35.69771844","N"
"2017","2017-04-10 15","주","월","1","0","0","0","0","전남","순천시","차대사람","횡단중","횡단중","안전운전 의무 불이행","교차로","교차로부근","승용차","보행자","998915","1661048","127.4881179","34.94427097","Y"
"2017","2017-04-10 15","주","월","1","0","0","0","0","경기","의정부시","차대사람","횡단중","횡단중","안전운전 의무 불이행","교차로","교차로부근","건설기계","보행자","959633","1972514","127.0417691","37.75137542","N"
"2017","2017-04-10 16","주","월","1","0","0","0","0","전북","남원시","차대사람","횡단중","횡단중","안전운전 의무 불이행","단일로","기타단일로","화물차","보행자","990522","1713673","127.3955987","35.41875505","N"
"2017","2017-04-10 19","야","월","1","1","0","1","0","충북","충주시","차대사람","횡단중","횡단중","안전운전 의무 불이행","단일로","기타단일로","원동기장치자전거","보행자","1037577","1886894","127.922214","36.97974782","N"
"2017","2017-04-10 22","야","월","1","3","1","2","0","경기","수원시","차대차","정면충돌","정면충돌","신호위반","교차로","교차로내","승합차","원동기장치자전거","958245.2","1921546.4","127.0289131","37.29192552","N"
"2017","2017-04-11 00","야","화","1","2","2","0","0","경북","경산시","차량단독","공작물충돌","공작물충돌","안전운전 의무 불이행","단일로","기타단일로","승용차","없음","1111378","1761152","128.7332731","35.84056563","N"
"2017","2017-04-11 09","주","화","1","0","0","0","0","경기","평택시","차대차","측면충돌","측면충돌","기타","단일로","기타단일로","이륜차","승용차","949153","1887277","126.9286647","36.98257633","N"
"2017","2017-04-11 10","주","화","1","1","1","0","0","경남","사천시","차량단독","전도","전도","안전운전 의무 불이행","단일로","기타단일로","원동기장치자전거","없음","1053212","1660565","128.0826956","34.93851868","N"
"2017","2017-04-11 11","주","화","1","0","0","0","0","경북","경주시","차대사람","횡단중","횡단중","신호위반","교차로","교차로횡단보도내","화물차","보행자","1159036","1758105","129.260187","35.80653363","N"
"2017","2017-04-11 12","주","화","1","0","0","0","0","전북","정읍시","차대차","측면충돌","측면충돌","신호위반","교차로","교차로내","이륜차","승합차","940142","1730702","126.8394207","35.5705357","N"
"2017","2017-04-11 14","주","화","1","2","2","0","0","충북","청주시","차대차","추돌","추돌","안전운전 의무 불이행","단일로","기타단일로","승용차","화물차","991397","1844356","127.4038163","36.59699031","N"
"2017","2017-04-11 17","주","화","1","1","0","1","0","전북","임실군","차량단독","기타","기타","안전운전 의무 불이행","단일로","기타단일로","사륜오토바이(ATV)","없음","968379","1725648","127.1512277","35.52627133","N"
"2017","2017-04-11 18","야","화","1","1","0","1","0","광주","동구","차대차","측면충돌","측면충돌","중앙선 침범","단일로","기타단일로","이륜차","승용차","947949.4","1682088.1","126.9286725","35.13265152","N"
"2017","2017-04-11 21","야","화","1","0","0","0","0","충남","서산시","차대차","측면충돌","측면충돌","안전운전 의무 불이행","단일로","기타단일로","화물차","화물차","914403","1866840","126.5405491","36.7958499","N"
"2017","2017-04-11 22","야","화","1","0","0","0","0","경남","양산시","차대차","측면충돌","측면충돌","안전운전 의무 불이행","단일로","기타단일로","승용차","승용차","1143094","1702459","129.0739687","35.30744025","N"
"2017","2017-04-11 23","야","화","1","3","1","2","0","서울","강동구","차대차","측면충돌","측면충돌","안전거리 미확보","단일로","기타단일로","화물차","승용차","971463","1950646","127.1769115","37.55471843","N"
"2017","2017-04-11 23","야","화","1","0","0","0","0","경북","영주시","차량단독","전도전복","전도전복","안전운전 의무 불이행","단일로","기타단일로","승용차","없음","1092143","1876120","128.5339395","36.87887799","N"
"2017","2017-04-12 00","야","수","2","0","0","0","0","경기","안양시","차대차","정면충돌","정면충돌","안전운전 의무 불이행","단일로","기타단일로","승용차","승용차","952010.5","1931305.2","126.9579428","37.37958575","N"
"2017","2017-04-12 07","주","수","1","0","0","0","0","강원","강릉시","차대차","측면충돌","측면충돌","안전운전 의무 불이행","교차로","교차로내","승용차","자전거","1123012.6","1973984.6","128.8964715","37.75724671","N"
"2017","2017-04-12 07","주","수","1","0","0","0","0","경남","고성군","차대사람","횡단중","횡단중","안전운전 의무 불이행","단일로","기타단일로","화물차","보행자","1068198","1665990","128.2472321","34.98653657","N"
"2017","2017-04-12 10","주","수","1","0","0","0","0","광주","북구","차대사람","횡단중","횡단중","기타","단일로","기타단일로","화물차","보행자","944949.9","1686017.8","126.8954884","35.16792482","N"
"2017","2017-04-12 15","주","수","1","1","1","0","0","경기","파주시","차량단독","공작물충돌","공작물충돌","안전운전 의무 불이행","단일로","기타단일로","승용차","없음","937967","1973429","126.7957608","37.75840921","N"
"2017","2017-04-12 19","야","수","1","0","0","0","0","전북","군산시","차대사람","횡단중","횡단중","안전운전 의무 불이행","교차로","교차로부근","승용차","보행자","929286.7","1775922.6","126.7156396","35.97750346","N"
"2017","2017-04-12 19","야","수","1","0","0","0","0","전남","화순군","차대사람","차도통행중","차도통행중","안전운전 의무 불이행","단일로","기타단일로","승용차","보행자","950026","1670273","126.9521777","35.02622114","N"
"2017","2017-04-12 19","야","수","1","0","0","0","0","광주","북구","차대사람","횡단중","횡단중","안전운전 의무 불이행","단일로","기타단일로","승용차","보행자","945668","1685768","126.90339","35.16571155","N"
"2017","2017-04-12 20","야","수","1","0","0","0","0","부산","동구","차대차","추돌","추돌","안전운전 의무 불이행","단일로","기타단일로","승용차","자전거","1142699.2","1682798.6","129.0662187","35.13028316","N"
"2017","2017-04-12 20","야","수","1","0","0","0","0","경기","김포시","차대사람","횡단중","횡단중","안전운전 의무 불이행","교차로","교차로부근","화물차","보행자","931671","1957760","126.7257598","37.61674275","N"
"2017","2017-04-12 22","야","수","1","0","0","0","0","부산","동구","차대사람","횡단중","횡단중","안전운전 의무 불이행","단일로","기타단일로","승용차","보행자","1141027.5","1682491.7","129.0478243","35.12775248","N"
"2017","2017-04-12 23","야","수","1","0","0","0","0","경기","용인시","차량단독","공작물충돌","공작물충돌","안전운전 의무 불이행","교차로","교차로부근","승용차","없음","969144","1920123","127.1519324","37.27952076","N"
"2017","2017-04-13 00","야","목","1","0","0","0","0","강원","춘천시","차대사람","횡단중","횡단중","보행자 보호의무 위반","교차로","교차로부근","승용차","보행자","1021073","1984789","127.7395724","37.86265945","N"
"2017","2017-04-13 05","야","목","1","0","0","0","0","경기","광주시","차대사람","기타","기타","안전운전 의무 불이행","단일로","기타단일로","건설기계","보행자","972024","1927809","127.1841297","37.348892","N"
"2017","2017-04-13 05","야","목","1","1","1","0","0","경기","시흥시","차대차","정면충돌","정면충돌","기타","교차로","교차로내","화물차","화물차","932971","1925569","126.7434192","37.3267036","N"
"2017","2017-04-13 06","주","목","1","1","1","0","0","경기","포천시","차대차","측면충돌","측면충돌","안전거리 미확보","단일로","기타단일로","승용차","화물차","978033","1996740","127.2498996","37.97035201","N"
"2017","2017-04-13 08","주","목","1","1","0","0","1","충남","청양군","차대차","추돌","추돌","안전운전 의무 불이행","단일로","기타단일로","승용차","화물차","949056","1818707","126.9321356","36.36444831","N"
"2017","2017-04-13 11","주","목","1","0","0","0","0","전북","무주군","차량단독","전도","전도","안전운전 의무 불이행","단일로","기타단일로","화물차","없음","1026400","1779261","127.7929539","36.00980831","N"
"2017","2017-04-13 11","주","목","1","0","0","0","0","전남","화순군","차량단독","기타","기타","안전운전 의무 불이행","단일로","기타단일로","사륜오토바이(ATV)","없음","945247","1662717","126.9002892","34.95784121","N"
"2017","2017-04-13 12","주","목","1","3","2","1","0","경북","안동시","차대차","정면충돌","정면충돌","중앙선 침범","기타","기타","승용차","화물차","1127949","1817189","128.9258093","36.34360567","N"
"2017","2017-04-13 13","주","목","1","0","0","0","0","서울","광진구","차대사람","차도통행중","차도통행중","안전운전 의무 불이행","단일로","기타단일로","승용차","보행자","963224","1948567","127.0837379","37.53568757","N"
"2017","2017-04-13 15","주","목","1","0","0","0","0","경기","파주시","차대차","추돌","추돌","안전운전 의무 불이행","단일로","기타단일로","승용차","자전거","934965","1973653","126.7616626","37.76021944","N"
"2017","2017-04-13 16","주","목","1","0","0","0","0","경남","함안군","차량단독","전도","전도","안전운전 의무 불이행","교차로","교차로부근","이륜차","없음","1093533","1710053","128.5297881","35.38177048","N"
"2017","2017-04-13 17","주","목","1","0","0","0","0","대전","서구","차량단독","기타","기타","안전운전 의무 불이행","교차로","교차로내","이륜차","없음","986816","1811997","127.3531507","36.30521404","N"
"2017","2017-04-14 04","야","금","1","0","0","0","0","경기","평택시","차량단독","전도","전도","안전운전 의무 불이행","교차로","교차로부근","화물차","없음","959444","1890340","127.0441296","37.01068684","N"
"2017","2017-04-14 06","주","금","1","1","1","0","0","충남","논산시","차대차","측면충돌","측면충돌","안전운전 의무 불이행","단일로","기타단일로","화물차","화물차","958716","1794355","127.0410962","36.14537175","N"
"2017","2017-04-14 07","주","금","1","0","0","0","0","경북","봉화군","차량단독","전도전복","전도전복","안전운전 의무 불이행","단일로","기타단일로","화물차","없음","1137568","1896183","129.0471694","37.05414301","N"
"2017","2017-04-14 08","주","금","1","1","0","1","0","경기","평택시","차대차","정면충돌","정면충돌","교차로 통행방법 위반","교차로","교차로내","이륜차","승합차","948062","1887082","126.9164198","36.98075897","N"
"2017","2017-04-14 10","주","금","1","4","0","4","0","경북","경주시","차대차","추돌","추돌","안전운전 의무 불이행","교차로","교차로내","화물차","승용차","1179086","1751253","129.480453","35.74133796","N"
"2017","2017-04-14 10","주","금","1","0","0","0","0","경남","양산시","차대사람","횡단중","횡단중","안전운전 의무 불이행","단일로","기타단일로","화물차","보행자","1139649","1706074","129.0367042","35.34051201","N"
"2017","2017-04-14 13","주","금","1","0","0","0","0","전북","진안군","차대차","측면충돌","측면충돌","안전운전 의무 불이행","교차로","교차로부근","이륜차","승용차","994049","1752360","127.434164","35.76760563","N"
"2017","2017-04-14 17","주","금","1","3","3","0","0","경기","포천시","차량단독","전도","전도","과속","단일로","기타단일로","승용차","없음","982676","1988050","127.3029703","37.89212996","N"
"2017","2017-04-14 22","야","금","1","0","0","0","0","광주","광산구","차대사람","횡단중","횡단중","안전운전 의무 불이행","단일로","기타단일로","승용차","보행자","935289","1687455","126.7892948","35.1803075","N"
"2017","2017-04-15 01","야","토","1","0","0","0","0","충남","공주시","차량단독","도로이탈","도로이탈 추락","안전운전 의무 불이행","단일로","기타단일로","화물차","없음","964562","1834061","127.1042718","36.50356222","N"
"2017","2017-04-15 01","야","토","2","1","0","1","0","광주","북구","차대차","정면충돌","정면충돌","안전운전 의무 불이행","교차로","교차로횡단보도내","승용차","승용차","941507","1686586","126.8576432","35.17285351","N"
"2017","2017-04-15 03","야","토","1","0","0","0","0","광주","북구","차대사람","횡단중","횡단중","안전운전 의무 불이행","단일로","기타단일로","화물차","보행자","945712.8","1686205.3","126.9038531","35.16965697","N"
"2017","2017-04-15 07","주","토","1","2","0","2","0","충남","금산군","차량단독","공작물충돌","공작물충돌","안전운전 의무 불이행","단일로","기타단일로","승용차","없음","1006353","1800680","127.5706707","36.20325426","N"
"2017","2017-04-15 07","주","토","1","0","0","0","0","전남","나주시","차대사람","보도통행중","보도통행중","안전운전 의무 불이행","단일로","기타단일로","화물차","보행자","931310.2","1658711.3","126.7479794","34.92087321","N"
"2017","2017-04-15 09","주","토","1","0","0","0","0","경남","거창군","차대사람","횡단중","횡단중","신호위반","교차로","교차로내","화물차","보행자","1036710","1743098","127.905695","35.68343061","N"
"2017","2017-04-15 10","주","토","1","0","0","0","0","인천","중구","차량단독","전도전복","전도전복","안전운전 의무 불이행","단일로","기타단일로","승용차","없음","903433","1944057","126.407643","37.49071926","N"
"2017","2017-04-15 15","주","토","1","0","0","0","0","충남","아산시","차대차","기타","기타","중앙선 침범","단일로","기타단일로","원동기장치자전거","승합차","944792","1871774","126.8807961","36.84258583","N"
"2017","2017-04-15 18","야","토","1","0","0","0","0","경남","김해시","차량단독","전도전복","전도전복","안전운전 의무 불이행","단일로","기타단일로","이륜차","없음","1114763","1695356","128.7614229","35.24706226","N"
"2017","2017-04-16 00","야","일","1","1","1","0","0","경기","안양시","차대차","기타","기타","안전운전 의무 불이행","교차로","교차로부근","승용차","원동기장치자전거","953673","1933245","126.976599","37.39715464","N"
"2017","2017-04-16 00","야","일","1","0","0","0","0","경기","이천시","차량단독","공작물충돌","공작물충돌","안전운전 의무 불이행","단일로","기타단일로","승용차","없음","996466","1911321","127.4601766","37.200684","N"