"발생년","발생년월일시","주야","요일","사망자수","부상자수","중상자수","경상자수","부상신고자수","발생지시도","발생지시군구","사고유형_대분류","사고유형_중분류","사고유형","가해자법규위반","도로형태_대분류","도로형태","가해자_당사자종별","피해자_당사자종별","발생위치(X_UTMK)","발생위치(Y_UTMK)","경도","위도"," 어린이사고 여부"
"2017","2017-04-16 00","야","일","3","1","1","0","0","경기","화성시","차대사람","길가장자리구역통행중","길가장자리구역통행중","안전운전 의무 불이행","단일로","기타단일로","화물차","보행자","931961","1912794","126.7331884","37.21148642","Y"
"2017","2017-04-16 05","야","일","1","0","0","0","0","부산","부산진구","차량단독","전도전복","전도전복","안전운전 의무 불이행","단일로","기타단일로","이륜차","없음","1138274","1685172","129.0180618","35.152295","N"
"2017","2017-04-16 08","주","일","1","2","0","2","0","인천","강화군","차대차","측면충돌","측면충돌","안전운전 의무 불이행","교차로","교차로내","승용차","농기계","905206","1961457","126.4254451","37.64771134","N"
"2017","2017-04-16 09","주","일","1","0","0","0","0","경기","수원시","차대차","측면충돌","측면충돌","안전운전 의무 불이행","단일로","기타단일로","승용차","자전거","954185","1920964","126.9831426","37.28648481","N"
"2017","2017-04-16 11","주","일","1","0","0","0","0","전북","군산시","차대사람","횡단중","횡단중","보행자 보호의무 위반","교차로","교차로횡단보도내","승용차","보행자","929331","1776662","126.716065","35.98417245","N"
"2017","2017-04-16 11","주","일","1","26","8","17","1","울산","남구","차대차","측면충돌","측면충돌","안전운전 의무 불이행","단일로","기타단일로","승합차","승용차","1160678","1729618","129.272664","35.54953889","Y"
"2017","2017-04-16 13","주","일","1","0","0","0","0","경기","양평군","차대차","기타","기타","과속","단일로","기타단일로","이륜차","화물차","1014041","1946474","127.6588896","37.51744882","N"
"2017","2017-04-16 15","주","일","1","2","2","0","0","충북","충주시","차대차","측면충돌","측면충돌","신호위반","교차로","교차로내","승용차","승합차","1028363","1886372","127.8186679","36.97536539","N"
"2017","2017-04-16 19","야","일","1","1","0","1","0","대구","달성군","차대사람","횡단중","횡단중","보행자 보호의무 위반","교차로","교차로내","이륜차","보행자","1090418","1756520","128.5006971","35.80096655","N"
"2017","2017-04-16 20","야","일","1","0","0","0","0","충남","서산시","차대사람","횡단중","횡단중","안전운전 의무 불이행","교차로","교차로횡단보도내","승용차","보행자","917478","1855033","126.5762887","36.68969883","N"
"2017","2017-04-16 20","야","일","1","0","0","0","0","충남","천안시","차대사람","기타","기타","안전운전 의무 불이행","교차로","교차로부근","승용차","보행자","967510","1879645","127.1352539","36.91459248","N"
"2017","2017-04-17 00","야","월","1","2","0","2","0","경기","파주시","차대차","추돌","추돌","안전운전 의무 불이행","단일로","고가도로위","화물차","건설기계","935353","1970231","126.7663717","37.72940601","N"
"2017","2017-04-17 08","주","월","1","0","0","0","0","경남","창원시(통합)","차대사람","횡단중","횡단중","안전운전 의무 불이행","단일로","기타단일로","승용차","보행자","1106658","1691992","128.6719174","35.21763084","N"
"2017","2017-04-17 09","주","월","1","0","0","0","0","전남","담양군","차량단독","전도전복","전도전복","안전운전 의무 불이행","단일로","기타단일로","사륜오토바이(ATV)","없음","946222.4","1699279.3","126.9085941","35.28756767","N"
"2017","2017-04-17 10","주","월","1","2","0","1","1","경기","화성시","차대차","추돌","추돌","안전거리 미확보","교차로","교차로부근","승용차","화물차","930537","1910714","126.7173347","37.19263382","N"
"2017","2017-04-17 10","주","월","1","4","2","2","0","충남","논산시","차대차","추돌","추돌","안전운전 의무 불이행","단일로","기타단일로","승용차","승용차","979841","1804474","127.2756545","36.23727002","N"
"2017","2017-04-17 11","주","월","1","0","0","0","0","경남","양산시","차량단독","전도","전도","안전운전 의무 불이행","단일로","기타단일로","화물차","없음","1150391","1716667","129.156819","35.43442743","N"
"2017","2017-04-17 14","주","월","1","0","0","0","0","경기","화성시","차량단독","전도전복","전도전복","안전운전 의무 불이행","단일로","기타단일로","승용차","없음","962774","1907251","127.0807207","37.1632614","N"
"2017","2017-04-17 18","야","월","1","0","0","0","0","강원","춘천시","차량단독","공작물충돌","공작물충돌","안전운전 의무 불이행","단일로","기타단일로","승용차","없음","1023191.5","1991530.2","127.7638735","37.92336621","N"
"2017","2017-04-17 22","야","월","1","0","0","0","0","전남","담양군","차량단독","공작물충돌","공작물충돌","안전운전 의무 불이행","교차로","교차로내","승용차","없음","954258.7","1692849.5","126.9973262","35.22999184","N"
"2017","2017-04-18 06","주","화","1","0","0","0","0","전북","익산시","차대차","측면충돌","측면충돌","중앙선 침범","단일로","기타단일로","자전거","승용차","953763.1","1773735.3","126.9872499","35.95925118","N"
"2017","2017-04-18 09","주","화","1","0","0","0","0","경기","동두천시","차대사람","횡단중","횡단중","신호위반","기타","기타","승용차","보행자","961397","1994154","127.060637","37.94649002","N"
"2017","2017-04-18 13","주","화","1","0","0","0","0","전남","나주시","차대차","측면충돌","측면충돌","중앙선 침범","교차로","교차로부근","자전거","승용차","931776","1674793","126.7517601","35.06590823","N"
"2017","2017-04-18 16","주","화","1","0","0","0","0","서울","성북구","차대사람","횡단중","횡단중","안전운전 의무 불이행","단일로","기타단일로","화물차","보행자","957382","1954586","127.0172653","37.58968674","N"
"2017","2017-04-18 16","주","화","1","0","0","0","0","충남","보령시","차대차","측면충돌","측면충돌","안전운전 의무 불이행","교차로","교차로내","건설기계","자전거","918620","1817510","126.5930268","36.35156424","N"
"2017","2017-04-19 02","야","수","1","1","0","0","1","경기","수원시","차대차","정면충돌","정면충돌","신호위반","교차로","교차로내","이륜차","화물차","959076","1920541","127.0383415","37.28290008","N"
"2017","2017-04-19 03","야","수","1","0","0","0","0","경남","의령군","차대사람","차도통행중","차도통행중","안전운전 의무 불이행","단일로","기타단일로","승용차","보행자","1074165","1708460","128.3164257","35.36903731","N"
"2017","2017-04-19 04","야","수","1","0","0","0","0","대구","중구","차량단독","공작물충돌","공작물충돌","안전운전 의무 불이행","교차로","교차로부근","승용차","없음","1097689","1765100","128.5822063","35.87761494","N"
"2017","2017-04-19 05","야","수","1","2","2","0","0","부산","연제구","차대차","추돌","추돌","안전운전 의무 불이행","교차로","교차로내","화물차","승용차","1144063","1687812","129.082057","35.17527844","N"
"2017","2017-04-19 05","야","수","1","0","0","0","0","경남","통영시","차대차","추돌","추돌","안전운전 의무 불이행","단일로","기타단일로","승용차","건설기계","1087743","1655415","128.460247","34.88968288","N"
"2017","2017-04-19 10","주","수","1","0","0","0","0","경남","김해시","차대차","기타","기타","과속","단일로","기타단일로","화물차","화물차","1133567","1693628","128.9677711","35.2291554","N"
"2017","2017-04-19 14","주","수","1","2","0","2","0","경기","양평군","차대차","정면충돌","정면충돌","중앙선 침범","단일로","기타단일로","이륜차","승용차","997095","1947021","127.4671245","37.52248157","N"
"2017","2017-04-19 17","주","수","1","0","0","0","0","전남","여수시","차대사람","길가장자리구역통행중","길가장자리구역통행중","안전운전 의무 불이행","단일로","기타단일로","승용차","보행자","1014261.3","1640683.3","127.6558327","34.76052987","Y"
"2017","2017-04-20 00","야","목","1","1","0","1","0","전북","김제시","차대사람","횡단중","횡단중","과속","교차로","교차로부근","승용차","보행자","953252","1757742","126.9825212","35.81503532","N"
"2017","2017-04-20 02","야","목","1","0","0","0","0","서울","송파구","차대사람","기타","기타","안전운전 의무 불이행","단일로","기타단일로","화물차","보행자","965244","1945208","127.1067604","37.50548986","N"
"2017","2017-04-20 02","야","목","1","1","0","1","0","전북","완주군","차대차","측면충돌","측면충돌","중앙선 침범","교차로","교차로내","승용차","승합차","970229.7","1769712.5","127.1700058","35.92362335","N"
"2017","2017-04-20 04","야","목","1","0","0","0","0","경기","용인시","차대사람","횡단중","횡단중","안전운전 의무 불이행","단일로","기타단일로","승용차","보행자","974759","1914978","127.2154455","37.2333134","N"
"2017","2017-04-20 17","주","목","1","2","1","1","0","광주","북구","차대차","추돌","추돌","안전운전 의무 불이행","단일로","기타단일로","특수차","화물차","943317","1688546","126.8773844","35.19062989","N"
"2017","2017-04-20 21","야","목","1","0","0","0","0","경북","김천시","차대차","측면충돌","측면충돌","신호위반","교차로","교차로내","화물차","이륜차","1053526","1792469","128.0948489","36.12777027","N"
"2017","2017-04-20 21","야","목","1","0","0","0","0","경남","하동군","차대차","추돌","추돌","안전운전 의무 불이행","단일로","기타단일로","승용차","원동기장치자전거","1028748","1668435","127.8150805","35.01047469","N"
"2017","2017-04-21 08","주","금","1","0","0","0","0","서울","영등포구","차대사람","횡단중","횡단중","안전운전 의무 불이행","단일로","기타단일로","이륜차","보행자","948080.8","1945915.8","126.9125288","37.51106335","N"
"2017","2017-04-21 09","주","금","1","0","0","0","0","충북","청주시","차대사람","기타","기타","안전운전 의무 불이행","교차로","교차로내","건설기계","보행자","983092","1848935","127.3108639","36.63815872","N"
"2017","2017-04-21 11","주","금","1","2","1","1","0","전북","부안군","차대차","측면충돌","측면충돌","기타","교차로","교차로내","농기계","화물차","929421","1752405","126.7192121","35.76549506","N"
"2017","2017-04-21 13","주","금","1","1","0","1","0","충남","천안시","차대차","추돌","추돌","안전운전 의무 불이행","단일로","기타단일로","화물차","승용차","967487","1858810","127.1358865","36.72677417","N"
"2017","2017-04-21 14","주","금","1","0","0","0","0","서울","영등포구","차대사람","차도통행중","차도통행중","안전운전 의무 불이행","단일로","기타단일로","승합차","보행자","949562.6","1946647.4","126.9292445","37.5177396","N"
"2017","2017-04-21 16","주","금","1","0","0","0","0","경북","상주시","차대차","측면충돌","측면충돌","교차로 통행방법 위반","교차로","교차로내","화물차","자전거","1054825","1813883","128.1107835","36.32074693","N"
"2017","2017-04-21 20","야","금","1","0","0","0","0","전북","익산시","차대사람","차도통행중","차도통행중","안전운전 의무 불이행","교차로","교차로부근","승용차","보행자","946464.5","1784361.6","126.9055961","36.05467895","N"
"2017","2017-04-21 21","야","금","1","0","0","0","0","전남","무안군","차대차","추돌","추돌","안전운전 의무 불이행","단일로","기타단일로","승용차","원동기장치자전거","902377.5","1657259.6","126.4314336","34.90541177","N"
"2017","2017-04-22 02","야","토","1","0","0","0","0","전남","화순군","차대사람","차도통행중","차도통행중","안전운전 의무 불이행","단일로","기타단일로","승용차","보행자","967715","1665473","127.1462693","34.98365871","N"
"2017","2017-04-22 02","야","토","1","0","0","0","0","경북","구미시","차량단독","전도전복","전도전복","안전운전 의무 불이행","단일로","기타단일로","원동기장치자전거","없음","1073878","1793325","128.3210886","36.13415034","N"
"2017","2017-04-22 02","야","토","1","0","0","0","0","대구","동구","차량단독","공작물충돌","공작물충돌","안전운전 의무 불이행","단일로","기타단일로","승용차","없음","1101936","1766017","128.6293643","35.88544806","N"
"2017","2017-04-22 03","야","토","1","0","0","0","0","부산","연제구","차대사람","횡단중","횡단중","과속","단일로","기타단일로","승용차","보행자","1143700","1688504","129.0781925","35.18156795","N"
"2017","2017-04-22 19","야","토","1","0","0","0","0","충북","청주시","차대차","정면충돌","정면충돌","중앙선 침범","단일로","기타단일로","이륜차","화물차","1016458","1845629","127.6840315","36.60836316","N"
"2017","2017-04-22 19","야","토","1","0","0","0","0","울산","남구","차대사람","횡단중","횡단중","안전운전 의무 불이행","단일로","기타단일로","승용차","보행자","1165844","1727145","129.3291256","35.52640094","N"
"2017","2017-04-22 21","야","토","1","0","0","0","0","경기","수원시","차대사람","횡단중","횡단중","안전운전 의무 불이행","단일로","기타단일로","승용차","보행자","955164","1923495","126.9940339","37.309346","N"
"2017","2017-04-22 21","야","토","1","0","0","0","0","경북","구미시","차대사람","횡단중","횡단중","안전운전 의무 불이행","단일로","기타단일로","승용차","보행자","1082549","1793806","128.417499","36.137787","N"
"2017","2017-04-23 04","야","일","3","1","1","0","0","전남","여수시","차대차","측면충돌","측면충돌","안전운전 의무 불이행","단일로","기타단일로","승용차","화물차","1013557.6","1638012.2","127.6481004","34.73645206","N"
"2017","2017-04-23 18","야","일","1","0","0","0","0","경기","동두천시","차대사람","횡단중","횡단중","안전운전 의무 불이행","교차로","교차로내","승합차","보행자","961093","1990864","127.057355","37.91682515","N"
"2017","2017-04-24 04","야","월","1","0","0","0","0","경기","수원시","차대사람","횡단중","횡단중","신호위반","교차로","교차로내","승용차","보행자","959381","1919701","127.0418279","37.27534193","N"
"2017","2017-04-24 05","야","월","1","0","0","0","0","서울","강동구","차대차","측면충돌","측면충돌","안전운전 의무 불이행","교차로","교차로횡단보도내","자전거","승용차","968066","1948351","127.1385521","37.53392113","N"
"2017","2017-04-24 07","주","월","1","0","0","0","0","경기","파주시","차량단독","공작물충돌","공작물충돌","안전운전 의무 불이행","단일로","기타단일로","승용차","없음","943312","1976632","126.8561868","37.78762378","N"
"2017","2017-04-24 08","주","월","1","0","0","0","0","경북","경산시","차대차","측면충돌","측면충돌","안전운전 의무 불이행","교차로","교차로횡단보도내","화물차","자전거","1113583","1758799","128.7573489","35.81910261","N"
"2017","2017-04-24 08","주","월","2","0","0","0","0","제주","서귀포시","차량단독","전도","전도","안전운전 의무 불이행","단일로","기타단일로","승용차","없음","905812","1478088","126.4884319","33.29008572","N"
"2017","2017-04-24 09","주","월","1","0","0","0","0","경기","하남시","차량단독","공작물충돌","공작물충돌","안전운전 의무 불이행","단일로","기타단일로","자전거","없음","973483","1946034","127.1999477","37.51320858","N"
"2017","2017-04-24 09","주","월","1","0","0","0","0","강원","강릉시","차대사람","횡단중","횡단중","안전운전 의무 불이행","교차로","교차로부근","건설기계","보행자","1124762.9","1968654.7","128.9154212","37.70898428","N"
"2017","2017-04-24 11","주","월","1","0","0","0","0","충남","천안시","차대차","정면충돌","정면충돌","안전운전 의무 불이행","교차로","교차로내","건설기계","농기계","966710","1861717","127.1270583","36.75295278","N"
"2017","2017-04-24 11","주","월","1","0","0","0","0","경남","합천군","차량단독","전도전복","전도전복","안전운전 의무 불이행","단일로","기타단일로","이륜차","없음","1072325","1728376","128.2979435","35.54873275","N"
"2017","2017-04-24 19","야","월","1","0","0","0","0","경북","칠곡군","차량단독","전도전복","전도전복","안전운전 의무 불이행","단일로","기타단일로","이륜차","없음","1082267","1769681","128.411855","35.92033007","N"
"2017","2017-04-24 20","야","월","1","0","0","0","0","인천","남동구","차량단독","전도전복","전도전복","안전운전 의무 불이행","단일로","기타단일로","이륜차","없음","930451","1931760","126.7143961","37.38231805","N"
"2017","2017-04-24 20","야","월","1","0","0","0","0","경기","포천시","차량단독","기타","기타","안전운전 의무 불이행","단일로","기타단일로","사륜오토바이(ATV)","없음","972523","2002483","127.1869476","38.02196225","N"
"2017","2017-04-24 21","야","월","1","0","0","0","0","전북","전주시","차대차","추돌","추돌","안전운전 의무 불이행","단일로","기타단일로","승용차","특수차","971311","1757946","127.1824151","35.81756893","N"
"2017","2017-04-24 21","야","월","1","0","0","0","0","전남","목포시","차대사람","기타","기타","안전운전 의무 불이행","단일로","기타단일로","화물차","보행자","899870.1","1644444.4","126.4055232","34.78962534","N"
"2017","2017-04-24 22","야","월","1","0","0","0","0","대구","달서구","차량단독","전도","전도","안전운전 의무 불이행","교차로","교차로내","승용차","없음","1088669","1761191","128.4818612","35.84323462","N"
"2017","2017-04-24 22","야","월","1","0","0","0","0","광주","광산구","차대차","측면충돌","측면충돌","신호위반","교차로","교차로내","승용차","원동기장치자전거","937857","1687338","126.8175056","35.17941477","N"
"2017","2017-04-25 03","야","화","2","1","1","0","0","강원","홍천군","차대차","정면충돌","정면충돌","중앙선 침범","단일로","기타단일로","승용차","승용차","1043095","1978321","127.9895421","37.80358894","N"
"2017","2017-04-25 06","주","화","1","0","0","0","0","대전","서구","차대차","기타","기타","중앙선 침범","단일로","기타단일로","자전거","승합차","986851","1811996","127.3535405","36.3052055","N"
"2017","2017-04-25 16","주","화","1","0","0","0","0","서울","서초구","차량단독","전도","전도","안전운전 의무 불이행","단일로","기타단일로","승용차","없음","956947","1942230","127.0130628","37.4782983","N"
"2017","2017-04-25 16","주","화","2","3","2","1","0","부산","해운대구","차대차","추돌","추돌","안전운전 의무 불이행","단일로","기타단일로","승용차","승합차","1147937","1689316.2","129.1248549","35.18827355","N"
"2017","2017-04-25 18","야","화","1","0","0","0","0","경북","안동시","차대사람","기타","기타","안전운전 의무 불이행","단일로","기타단일로","승합차","보행자","1109900","1841252","128.7281389","36.56272035","N"
"2017","2017-04-25 20","야","화","1","0","0","0","0","경기","화성시","차대사람","횡단중","횡단중","안전운전 의무 불이행","단일로","기타단일로","승용차","보행자","938470","1896838","126.8078524","37.06811828","N"
"2017","2017-04-25 22","야","화","1","1","0","1","0","충북","음성군","차대차","측면충돌","측면충돌","중앙선 침범","단일로","기타단일로","승용차","승용차","1009460","1897147","127.6064224","37.07287538","N"
"2017","2017-04-26 04","야","수","1","0","0","0","0","서울","종로구","차대사람","기타","기타","안전운전 의무 불이행","단일로","기타단일로","승용차","보행자","955841","1952498","126.9999369","37.5707945","N"
"2017","2017-04-26 05","야","수","1","0","0","0","0","서울","서초구","차대차","기타","기타","안전운전 의무 불이행","단일로","기타단일로","승용차","승합차","954903","1945368","126.9897533","37.50648457","N"
"2017","2017-04-26 11","주","수","1","0","0","0","0","제주","제주시","차대차","기타","기타","안전거리 미확보","단일로","기타단일로","승용차","화물차","900866","1495295","126.4334282","33.44481962","N"
"2017","2017-04-26 12","주","수","1","0","0","0","0","경기","김포시","차대사람","횡단중","횡단중","안전운전 의무 불이행","단일로","기타단일로","승용차","보행자","929169","1959615","126.6972322","37.6332717","N"
"2017","2017-04-26 14","주","수","1","0","0","0","0","대구","동구","차대차","측면충돌","측면충돌","안전운전 의무 불이행","단일로","기타단일로","건설기계","자전거","1103217","1765841","128.6435313","35.88372727","N"
"2017","2017-04-26 17","주","수","1","0","0","0","0","경북","김천시","차대차","추돌","추돌","안전운전 의무 불이행","단일로","기타단일로","화물차","농기계","1064163","1795803","128.2133253","36.15718106","N"
"2017","2017-04-26 19","야","수","1","0","0","0","0","경남","거창군","차대사람","길가장자리구역통행중","길가장자리구역통행중","안전운전 의무 불이행","단일로","기타단일로","승용차","보행자","1041287","1737160","127.9559713","35.6297115","N"
"2017","2017-04-27 02","야","목","1","0","0","0","0","경북","울진군","차대사람","횡단중","횡단중","안전운전 의무 불이행","단일로","기타단일로","화물차","보행자","1161197","1899739","129.3135654","37.08241925","N"
"2017","2017-04-27 05","야","목","1","0","0","0","0","충남","논산시","차대차","측면충돌","측면충돌","신호위반","교차로","교차로내","이륜차","화물차","962365","1801404","127.0813187","36.2090701","N"
"2017","2017-04-27 06","주","목","1","0","0","0","0","충남","청양군","차대차","측면충돌","측면충돌","기타","교차로","교차로내","이륜차","승합차","953622","1822886","126.9827806","36.40235304","N"
"2017","2017-04-27 07","주","목","1","0","0","0","0","부산","사하구","차대차","정면충돌","정면충돌","신호위반","교차로","교차로내","이륜차","승용차","1133549.6","1677689.2","128.9650013","35.08548145","N"
"2017","2017-04-27 09","주","목","1","0","0","0","0","경남","함양군","차대차","측면충돌","측면충돌","신호위반","교차로","교차로내","자전거","승용차","1028653","1737266","127.8164482","35.63111454","N"
"2017","2017-04-27 10","주","목","1","3","1","2","0","전북","완주군","차대차","정면충돌","정면충돌","안전운전 의무 불이행","단일로","기타단일로","승용차","승용차","959658.5","1758812","127.0533821","35.82496674","N"
"2017","2017-04-27 13","주","목","1","0","0","0","0","전남","함평군","차대사람","횡단중","횡단중","안전운전 의무 불이행","교차로","교차로내","화물차","보행자","910572","1674477","126.5192681","35.06140179","N"
"2017","2017-04-27 16","주","목","1","0","0","0","0","울산","울주군","차량단독","전도","전도","안전운전 의무 불이행","교차로","교차로부근","이륜차","없음","1164492","1715939","129.3119527","35.42563537","N"
"2017","2017-04-27 17","주","목","1","2","1","1","0","전남","무안군","차대차","정면충돌","정면충돌","안전운전 의무 불이행","교차로","교차로내","화물차","승합차","892624","1678903","126.3218977","35.09955308","N"
"2017","2017-04-27 18","야","목","1","0","0","0","0","전북","완주군","차대차","추돌","추돌","안전거리 미확보","교차로","교차로부근","원동기장치자전거","승용차","957059","1759346","127.0245754","35.82967085","N"
"2017","2017-04-27 21","야","목","1","0","0","0","0","경기","성남시","차대사람","횡단중","횡단중","안전운전 의무 불이행","교차로","교차로부근","승용차","보행자","966985","1940123","127.1266863","37.45972014","N"
"2017","2017-04-27 21","야","목","1","0","0","0","0","경기","화성시","차대차","정면충돌","정면충돌","과속","교차로","교차로내","승용차","이륜차","954186","1898070","126.9845581","37.0801233","N"
"2017","2017-04-27 21","야","목","1","1","1","0","0","충북","보은군","차대차","추돌","추돌","안전운전 의무 불이행","단일로","기타단일로","화물차","화물차","1027269","1828670","127.804318","36.45522956","N"
"2017","2017-04-28 00","야","금","1","0","0","0","0","서울","영등포구","차대사람","횡단중","횡단중","안전운전 의무 불이행","단일로","교량위","승합차","보행자","945947","1948123","126.8882234","37.53083456","N"
"2017","2017-04-28 05","야","금","1","0","0","0","0","경기","남양주시","차대사람","횡단중","횡단중","신호위반","교차로","교차로횡단보도내","화물차","보행자","970269","1965917","127.1627724","37.6923231","N"
"2017","2017-04-28 09","주","금","1","0","0","0","0","부산","해운대구","차량단독","전도전복","전도전복","안전운전 의무 불이행","단일로","기타단일로","이륜차","없음","1148809.6","1692837.7","129.1350719","35.21988549","N"
"2017","2017-04-28 13","주","금","1","0","0","0","0","전남","신안군","차량단독","기타","기타","안전운전 의무 불이행","단일로","기타단일로","농기계","없음","876058","1636883","126.1464146","34.71883887","N"
"2017","2017-04-28 15","주","금","1","1","1","0","0","경북","예천군","차량단독","전도","전도","안전운전 의무 불이행","단일로","기타단일로","화물차","없음","1079116","1862459","128.3863593","36.75692473","N"
"2017","2017-04-28 19","야","금","1","0","0","0","0","전남","고흥군","차량단독","전도","전도","안전운전 의무 불이행","단일로","기타단일로","원동기장치자전거","없음","988395","1630514","127.3733324","34.6688584","N"
"2017","2017-04-28 21","야","금","1","0","0","0","0","경남","함안군","차대사람","횡단중","횡단중","안전운전 의무 불이행","교차로","교차로부근","승용차","보행자","1079863","1704208","128.3787289","35.33026186","N"
"2017","2017-04-28 23","야","금","1","0","0","0","0","인천","남동구","차대차","측면충돌","측면충돌","신호위반","교차로","교차로내","이륜차","승용차","933623","1939165.3","126.7495574","37.44929475","N"
"2017","2017-04-29 07","주","토","1","0","0","0","0","경기","평택시","차대차","측면충돌","측면충돌","안전운전 의무 불이행","단일로","기타단일로","건설기계","자전거","951328","1883842","126.9533242","36.9517281","N"
"2017","2017-04-29 12","주","토","1","0","0","0","0","전남","해남군","차대차","측면충돌","측면충돌","중앙선 침범","교차로","교차로부근","이륜차","화물차","919592.7","1601980.4","126.6251019","34.40847598","N"
"2017","2017-04-29 13","주","토","1","1","0","1","0","충북","영동군","차대차","정면충돌","정면충돌","중앙선 침범","단일로","기타단일로","화물차","건설기계","1035250","1799674","127.8920715","36.19356329","N"
"2017","2017-04-29 14","주","토","2","3","0","3","0","전남","나주시","차대차","측면충돌","측면충돌","교차로 통행방법 위반","교차로","교차로내","승용차","건설기계","940954.3","1669704.8","126.852778","35.02060813","Y"
"2017","2017-04-29 16","주","토","1","1","1","0","0","충남","공주시","차대차","후진중충돌","후진중충돌","안전운전 의무 불이행","단일로","기타단일로","화물차","이륜차","960687","1818465","127.0617927","36.36281251","N"
"2017","2017-04-29 17","주","토","1","2","2","0","0","경기","평택시","차량단독","공작물충돌","공작물충돌","안전운전 의무 불이행","교차로","교차로부근","승용차","없음","957532","1895956","127.0223214","37.06122531","Y"
"2017","2017-04-29 17","주","토","1","0","0","0","0","경북","상주시","차대사람","횡단중","횡단중","안전운전 의무 불이행","교차로","교차로내","화물차","보행자","1058387.2","1825376.8","128.1513295","36.42415187","N"
"2017","2017-04-29 18","야","토","1","0","0","0","0","서울","강남구","차량단독","전도","전도","안전운전 의무 불이행","단일로","터널안","이륜차","없음","962545","1942822","127.0763454","37.48387822","N"
"2017","2017-04-29 19","야","토","1","0","0","0","0","전북","전주시","차대차","정면충돌","정면충돌","안전운전 의무 불이행","교차로","교차로부근","화물차","자전거","965105","1758822","127.1136782","35.82526582","N"
"2017","2017-04-29 19","야","토","1","0","0","0","0","경북","경주시","차대사람","기타","기타","안전운전 의무 불이행","단일로","기타단일로","화물차","보행자","1154033","1763232","129.2058257","35.85353703","N"
"2017","2017-04-29 20","야","토","1","0","0","0","0","강원","춘천시","차대사람","횡단중","횡단중","안전운전 의무 불이행","단일로","기타단일로","건설기계","보행자","1019508.3","1990360.7","127.7219346","37.91291206","N"
"2017","2017-04-29 20","야","토","1","0","0","0","0","전남","목포시","차대사람","횡단중","횡단중","안전운전 의무 불이행","교차로","교차로횡단보도내","승용차","보행자","899789","1646277","126.4044183","34.80614025","N"
"2017","2017-04-29 20","야","토","1","0","0","0","0","경남","하동군","차대사람","횡단중","횡단중","안전운전 의무 불이행","기타","기타","화물차","보행자","1021941","1675005","127.7406495","35.0698891","N"
"2017","2017-04-29 22","야","토","1","0","0","0","0","경북","칠곡군","차대사람","횡단중","횡단중","안전운전 의무 불이행","단일로","기타단일로","화물차","보행자","1098692","1778420","128.5949708","35.997586","N"
"2017","2017-04-30 00","야","일","1","1","1","0","0","서울","영등포구","차량단독","공작물충돌","공작물충돌","안전운전 의무 불이행","교차로","교차로내","승합차","없음","945389","1947039","126.8819889","37.52103148","N"
"2017","2017-04-30 01","야","일","1","0","0","0","0","제주","서귀포시","차대사람","기타","기타","안전운전 의무 불이행","교차로","교차로부근","승용차","보행자","912423","1473749","126.5598441","33.25151085","N"
"2017","2017-04-30 06","주","일","1","1","1","0","0","서울","강북구","차대차","기타","기타","신호위반","단일로","기타단일로","승용차","승용차","959625","1959044","127.0424249","37.6299688","N"
"2017","2017-04-30 08","주","일","1","3","1","2","0","전북","정읍시","차대차","정면충돌","정면충돌","중앙선 침범","기타","기타","승용차","승용차","952945","1743694.6","126.9799476","35.68837007","N"
"2017","2017-04-30 09","주","일","1","0","0","0","0","광주","북구","차대사람","길가장자리구역통행중","길가장자리구역통행중","안전운전 의무 불이행","단일로","기타단일로","승용차","보행자","942731","1690279","126.8708276","35.2062224","N"
"2017","2017-04-30 10","주","일","1","2","0","2","0","경북","경주시","차대차","측면충돌","측면충돌","중앙선 침범","단일로","기타단일로","이륜차","승용차","1163869","1760556","129.3141568","35.82782632","N"
"2017","2017-04-30 10","주","일","1","0","0","0","0","경북","경주시","차대사람","횡단중","횡단중","보행자 보호의무 위반","단일로","기타단일로","승용차","보행자","1156293","1760198","129.2302497","35.82583656","N"
"2017","2017-04-30 13","주","일","1","1","0","1","0","경북","성주군","차량단독","도로이탈","도로이탈 기타","안전운전 의무 불이행","단일로","기타단일로","승용차","없음","1070503","1772813","128.2817515","35.94948515","N"
"2017","2017-04-30 14","주","일","1","0","0","0","0","경기","부천시","차대사람","횡단중","횡단중","안전운전 의무 불이행","교차로","교차로횡단보도내","승합차","보행자","938361","1941728","126.802906","37.4727205","N"
"2017","2017-04-30 14","주","일","1","3","3","0","0","전남","함평군","차량단독","전도전복","전도전복","안전운전 의무 불이행","단일로","기타단일로","승용차","없음","920457","1686423","126.6265134","35.16993756","N"
"2017","2017-04-30 18","야","일","1","0","0","0","0","충남","부여군","차량단독","전도전복","전도전복","안전운전 의무 불이행","교차로","교차로부근","사륜오토바이(ATV)","없음","931444","1809203","126.7366671","36.27767871","N"
"2017","2017-04-30 19","야","일","1","0","0","0","0","충남","서산시","차대사람","횡단중","횡단중","기타","단일로","기타단일로","승용차","보행자","913563","1852712","126.5327336","36.66843019","Y"
"2017","2017-04-30 19","야","일","1","0","0","0","0","경기","가평군","차대사람","횡단중","횡단중","보행자 보호의무 위반","교차로","교차로부근","승용차","보행자","1001304","1979393","127.5148151","37.81426729","N"
"2017","2017-04-30 20","야","일","1","0","0","0","0","충남","서천군","차대사람","횡단중","횡단중","과속","단일로","기타단일로","승용차","보행자","920379","1792033","126.6152204","36.12204886","N"