"발생년","발생년월일시","주야","요일","사망자수","부상자수","중상자수","경상자수","부상신고자수","발생지시도","발생지시군구","사고유형_대분류","사고유형_중분류","사고유형","가해자법규위반","도로형태_대분류","도로형태","가해자_당사자종별","피해자_당사자종별","발생위치(X_UTMK)","발생위치(Y_UTMK)","경도","위도"," 어린이사고 여부"
"2017","2017-05-13 02","야","토","1","0","0","0","0","경남","밀양시","차대사람","차도통행중","차도통행중","안전운전 의무 불이행","단일로","기타단일로","승용차","보행자","1112747","1710681","128.7413783","35.38544377","N"
"2017","2017-05-13 04","야","토","1","0","0","0","0","부산","사하구","차대사람","기타","기타","안전운전 의무 불이행","단일로","기타단일로","화물차","보행자","1136144.5","1675857.2","128.9931572","35.06862014","N"
"2017","2017-05-13 10","주","토","1","1","0","1","0","전남","순천시","차대차","측면충돌","측면충돌","안전운전 의무 불이행","교차로","교차로내","승용차","승용차","1000644","1661583","127.507053","34.94909572","N"
"2017","2017-05-13 11","주","토","1","1","0","1","0","경남","함양군","차량단독","전복","전복","안전운전 의무 불이행","단일로","기타단일로","승용차","없음","1017133","1714388","127.6887367","35.42509971","N"
"2017","2017-05-13 15","주","토","1","0","0","0","0","충남","예산군","차량단독","전도","전도","안전운전 의무 불이행","단일로","기타단일로","사륜오토바이(ATV)","없음","929755","1861756","126.7130808","36.75128673","N"
"2017","2017-05-13 17","주","토","1","0","0","0","0","대구","달서구","차량단독","전도","전도","안전운전 의무 불이행","단일로","기타단일로","자전거","없음","1093662","1760709","128.5370859","35.8384251","N"
"2017","2017-05-13 19","야","토","1","0","0","0","0","서울","구로구","차대차","추돌","추돌","안전운전 의무 불이행","단일로","기타단일로","승용차","화물차","941636","1941959","126.8399233","37.47501522","N"
"2017","2017-05-13 22","야","토","1","0","0","0","0","경기","김포시","차량단독","전도","전도","안전운전 의무 불이행","교차로","교차로내","이륜차","없음","921415","1967578","126.6085029","37.70440615","N"
"2017","2017-05-13 23","야","토","1","0","0","0","0","경북","포항시","차대사람","차도통행중","차도통행중","안전운전 의무 불이행","단일로","기타단일로","화물차","보행자","1165850","1790796","129.3423993","36.09999627","N"
"2017","2017-05-14 00","야","일","1","2","0","0","2","경기","이천시","차대차","추돌","추돌","안전운전 의무 불이행","단일로","기타단일로","승용차","승용차","987203","1916619","127.3557042","37.24835941","N"
"2017","2017-05-14 00","야","일","1","1","1","0","0","광주","동구","차대차","측면충돌","측면충돌","안전운전 의무 불이행","단일로","기타단일로","승용차","승용차","948753.5","1679046.6","126.9376867","35.10526812","N"
"2017","2017-05-14 03","야","일","1","0","0","0","0","전북","무주군","차량단독","전도","전도","안전운전 의무 불이행","단일로","기타단일로","이륜차","없음","1013557","1778716","127.6504298","36.00515805","N"
"2017","2017-05-14 10","주","일","1","1","0","0","1","경북","김천시","차대차","정면충돌","정면충돌","중앙선 침범","단일로","기타단일로","화물차","이륜차","1036505","1771071","127.9047071","35.93564296","N"
"2017","2017-05-14 11","주","일","1","0","0","0","0","충북","충주시","차량단독","공작물충돌","공작물충돌","안전운전 의무 불이행","단일로","기타단일로","이륜차","없음","1038091","1893350","127.9283156","37.03792259","N"
"2017","2017-05-14 20","야","일","1","0","0","0","0","충북","청주시","차대사람","횡단중","횡단중","보행자 보호의무 위반","교차로","교차로횡단보도내","승용차","보행자","997924","1847873","127.4767803","36.62873267","N"
"2017","2017-05-14 21","야","일","1","0","0","0","0","대전","동구","차대사람","횡단중","횡단중","안전운전 의무 불이행","단일로","기타단일로","승합차","보행자","997284","1808448","127.4697603","36.27330437","N"
"2017","2017-05-15 03","야","월","1","1","0","0","1","서울","동작구","차량단독","도로이탈","도로이탈 기타","안전운전 의무 불이행","단일로","기타단일로","승용차","없음","948174","1944294","126.9136976","37.496451","N"
"2017","2017-05-15 04","야","월","1","2","1","1","0","경남","사천시","차량단독","공작물충돌","공작물충돌","안전운전 의무 불이행","단일로","기타단일로","승용차","없음","1052485","1675152","128.0756556","35.07008728","N"
"2017","2017-05-15 06","주","월","1","0","0","0","0","전북","순창군","차대차","측면충돌","측면충돌","신호위반","교차로","교차로내","승용차","사륜오토바이(ATV)","947138","1716979","126.9175174","35.44720453","N"
"2017","2017-05-15 08","주","월","1","0","0","0","0","서울","마포구","차대사람","횡단중","횡단중","안전운전 의무 불이행","교차로","교차로횡단보도내","승용차","보행자","949789","1949995","126.9315774","37.54792445","N"
"2017","2017-05-15 09","주","월","1","1","0","1","0","서울","강동구","차대차","기타","기타","안전운전 의무 불이행","단일로","기타단일로","원동기장치자전거","자전거","970431","1950337","127.1652401","37.55190073","N"
"2017","2017-05-15 09","주","월","1","0","0","0","0","경북","포항시","차대사람","보도통행중","보도통행중","안전운전 의무 불이행","단일로","기타단일로","화물차","보행자","1154005","1806435","129.2139372","36.24288023","N"
"2017","2017-05-15 11","주","월","1","2","2","0","0","서울","양천구","차대차","기타","기타","신호위반","교차로","교차로내","원동기장치자전거","화물차","945149","1947765","126.8792188","37.52756074","N"
"2017","2017-05-15 11","주","월","1","0","0","0","0","경기","의왕시","차대차","측면충돌","측면충돌","안전운전 의무 불이행","교차로","교차로횡단보도내","특수차","자전거","952459","1926252","126.9633329","37.3340619","N"
"2017","2017-05-15 13","주","월","1","0","0","0","0","경기","포천시","차대사람","횡단중","횡단중","안전운전 의무 불이행","단일로","기타단일로","화물차","보행자","978773","1996303","127.2583376","37.96643099","N"
"2017","2017-05-15 15","주","월","1","3","2","1","0","전남","해남군","차대차","추돌","추돌","과속","단일로","기타단일로","화물차","화물차","903761","1627759","126.4499499","34.63955901","N"
"2017","2017-05-15 16","주","월","1","1","0","1","0","서울","도봉구","차대사람","횡단중","횡단중","안전운전 의무 불이행","교차로","교차로횡단보도내","승용차","보행자","960613","1961615","127.0534831","37.65318457","N"
"2017","2017-05-15 17","주","월","1","0","0","0","0","전북","남원시","차량단독","전도전복","전도전복","안전운전 의무 불이행","교차로","교차로부근","이륜차","없음","984296","1703237","127.3272195","35.32457649","N"
"2017","2017-05-15 19","야","월","1","0","0","0","0","대전","유성구","차대사람","횡단중","횡단중","안전운전 의무 불이행","교차로","교차로부근","승용차","보행자","985828","1819845","127.3420031","36.37595284","N"
"2017","2017-05-15 20","야","월","1","0","0","0","0","충남","논산시","차대사람","횡단중","횡단중","안전운전 의무 불이행","단일로","기타단일로","승용차","보행자","964732","1801532","127.1076447","36.2103133","N"
"2017","2017-05-15 21","야","월","1","1","1","0","0","충북","충주시","차대차","측면충돌","측면충돌","안전거리 미확보","단일로","기타단일로","화물차","승용차","1030058.7","1891658.6","127.8379302","37.02296758","N"
"2017","2017-05-15 23","야","월","1","3","2","1","0","충북","충주시","차대차","추돌","추돌","안전운전 의무 불이행","단일로","기타단일로","화물차","화물차","1025275","1892957","127.7841944","37.03481267","N"
"2017","2017-05-16 02","야","화","1","0","0","0","0","서울","송파구","차대사람","횡단중","횡단중","안전운전 의무 불이행","교차로","교차로횡단보도내","승용차","보행자","968138","1944089","127.1395519","37.49550824","N"
"2017","2017-05-16 02","야","화","1","0","0","0","0","인천","남동구","차대차","측면충돌","측면충돌","신호위반","교차로","교차로내","승용차","이륜차","929902.4","1939249.4","126.7074888","37.44977817","N"
"2017","2017-05-16 04","야","화","1","0","0","0","0","경기","시흥시","차대차","추돌","추돌","안전운전 의무 불이행","교차로","교차로내","승용차","농기계","931677","1929813","126.7284232","37.36486084","N"
"2017","2017-05-16 04","야","화","1","1","0","1","0","경남","김해시","차량단독","공작물충돌","공작물충돌","안전운전 의무 불이행","단일로","기타단일로","이륜차","없음","1127974","1693457","128.9062997","35.22834353","N"
"2017","2017-05-16 06","주","화","1","0","0","0","0","경북","칠곡군","차대차","측면충돌","측면충돌","신호위반","교차로","교차로내","특수차","화물차","1073982","1784324","128.3213995","36.05299954","N"
"2017","2017-05-16 08","주","화","1","0","0","0","0","경남","하동군","차대사람","횡단중","횡단중","안전운전 의무 불이행","기타","기타","승용차","보행자","1026376","1675506","127.7893082","35.07430046","N"
"2017","2017-05-16 10","주","화","1","0","0","0","0","강원","인제군","차대차","측면충돌","측면충돌","안전운전 의무 불이행","단일로","기타단일로","이륜차","승용차","1070134","1996043","128.2983948","37.96162661","N"
"2017","2017-05-16 10","주","화","1","0","0","0","0","대구","서구","차대차","측면충돌","측면충돌","중앙선 침범","단일로","기타단일로","이륜차","승합차","1096397","1764500","128.5678231","35.87233429","N"
"2017","2017-05-16 17","주","화","1","0","0","0","0","충남","당진시","차대차","정면충돌","정면충돌","중앙선 침범","단일로","기타단일로","이륜차","승용차","927051","1869747","126.6820267","36.82311211","N"
"2017","2017-05-16 18","야","화","1","0","0","0","0","경기","용인시","차량단독","전도전복","전도전복","안전운전 의무 불이행","기타","기타","농기계","없음","981444","1907036","127.2910058","37.16188077","N"
"2017","2017-05-16 18","야","화","1","4","3","1","0","전남","무안군","차대차","측면충돌","측면충돌","안전운전 의무 불이행","교차로","교차로내","화물차","화물차","895915","1665498","126.3596798","34.97904457","N"
"2017","2017-05-16 20","야","화","1","0","0","0","0","충남","보령시","차대사람","횡단중","횡단중","안전운전 의무 불이행","단일로","기타단일로","화물차","보행자","918228","1817652","126.5886436","36.35281103","N"
"2017","2017-05-16 20","야","화","1","0","0","0","0","경남","합천군","차대사람","차도통행중","차도통행중","안전운전 의무 불이행","단일로","기타단일로","승용차","보행자","1056829","1739054","128.1277418","35.64601578","N"
"2017","2017-05-16 23","야","화","1","0","0","0","0","충남","공주시","차대사람","기타","기타","안전운전 의무 불이행","교차로","교차로내","승용차","보행자","966711","1830501","127.1284221","36.47154594","N"
"2017","2017-05-17 00","야","수","1","0","0","0","0","경기","성남시","차대사람","횡단중","횡단중","안전운전 의무 불이행","교차로","교차로내","승용차","보행자","967352","1931731","127.1312072","37.38409106","N"
"2017","2017-05-17 05","야","수","1","3","1","2","0","울산","남구","차대차","정면충돌","정면충돌","중앙선 침범","단일로","기타단일로","화물차","화물차","1164035","1725347","129.3088191","35.51049796","N"
"2017","2017-05-17 08","주","수","1","0","0","0","0","경남","고성군","차대차","측면충돌","측면충돌","교차로 통행방법 위반","교차로","교차로내","화물차","이륜차","1075606","1666896","128.3284752","34.99417889","N"
"2017","2017-05-17 12","주","수","1","0","0","0","0","경기","화성시","차량단독","전도","전도","안전운전 의무 불이행","단일로","기타단일로","이륜차","없음","938872","1914158","126.8109594","37.22425935","N"
"2017","2017-05-17 12","주","수","1","1","0","1","0","경북","경주시","차대차","측면충돌","측면충돌","중앙선 침범","교차로","교차로부근","이륜차","특수차","1175337","1756739","129.4402161","35.79144816","N"
"2017","2017-05-17 13","주","수","1","0","0","0","0","강원","홍천군","차대차","후진중충돌","후진중충돌","안전운전 의무 불이행","단일로","터널안","화물차","농기계","1033245","1963395","127.8769698","37.66947111","N"
"2017","2017-05-17 16","주","수","1","0","0","0","0","경기","성남시","차대사람","횡단중","횡단중","안전운전 의무 불이행","교차로","교차로횡단보도내","승합차","보행자","965340","1926826","127.1087097","37.33980596","N"
"2017","2017-05-17 16","주","수","1","1","0","1","0","경북","경주시","차량단독","전도","전도","안전운전 의무 불이행","단일로","기타단일로","승용차","없음","1143092","1762071","129.0844955","35.84473221","N"
"2017","2017-05-17 20","야","수","1","0","0","0","0","울산","중구","차대사람","기타","기타","안전운전 의무 불이행","단일로","기타단일로","승합차","보행자","1163162","1729949","129.3001232","35.55211598","N"
"2017","2017-05-18 00","야","목","1","0","0","0","0","경기","의정부시","차대사람","횡단중","횡단중","안전운전 의무 불이행","교차로","교차로횡단보도내","승용차","보행자","959480","1971055","127.0401138","37.73821869","N"
"2017","2017-05-18 03","야","목","1","0","0","0","0","경기","파주시","차대사람","횡단중","횡단중","안전운전 의무 불이행","단일로","기타단일로","승용차","보행자","941675","1980051","126.837321","37.8183348","N"
"2017","2017-05-18 04","야","목","1","0","0","0","0","부산","서구","차대사람","횡단중","횡단중","안전운전 의무 불이행","교차로","교차로내","승용차","보행자","1138912","1678664","129.0239707","35.09354356","N"
"2017","2017-05-18 06","주","목","1","0","0","0","0","서울","동작구","차대사람","횡단중","횡단중","안전운전 의무 불이행","단일로","기타단일로","승용차","보행자","951376","1944761","126.9498891","37.50083441","N"
"2017","2017-05-18 06","주","목","1","0","0","0","0","대구","서구","차대차","측면충돌","측면충돌","신호위반","단일로","기타단일로","자전거","승용차","1096044","1765746","128.5640636","35.88360113","N"
"2017","2017-05-18 06","주","목","1","0","0","0","0","대전","중구","차량단독","전도전복","전도전복","안전운전 의무 불이행","단일로","기타단일로","승용차","없음","991173","1813564","127.4016631","36.31939103","N"
"2017","2017-05-18 08","주","목","1","0","0","0","0","충남","금산군","차대차","측면충돌","측면충돌","안전운전 의무 불이행","단일로","기타단일로","승용차","농기계","988889","1791023","127.376538","36.11614686","N"
"2017","2017-05-18 12","주","목","1","0","0","0","0","강원","태백시","차량단독","전도","전도","안전운전 의무 불이행","기타","기타","승용차","없음","1132409.7","1909145.3","128.991464","37.17169122","N"
"2017","2017-05-18 12","주","목","1","0","0","0","0","경북","경주시","차대차","측면충돌","측면충돌","신호위반","단일로","기타단일로","자전거","자전거","1154948","1764713","129.2162425","35.86673969","N"
"2017","2017-05-18 12","주","목","1","0","0","0","0","대구","동구","차대사람","길가장자리구역통행중","길가장자리구역통행중","안전운전 의무 불이행","단일로","기타단일로","화물차","보행자","1112814","1764358","128.7496238","35.86930034","N"
"2017","2017-05-18 15","주","목","1","1","0","1","0","전남","보성군","차대차","추돌","추돌","안전운전 의무 불이행","단일로","터널안","화물차","건설기계","977292","1648312","127.251665","34.82916981","N"
"2017","2017-05-18 15","주","목","1","0","0","0","0","대전","동구","차량단독","전도","전도","안전운전 의무 불이행","기타","기타","승용차","없음","997913","1815248","127.4767453","36.33461123","N"
"2017","2017-05-18 17","주","목","1","1","1","0","0","전남","장흥군","차대사람","횡단중","횡단중","안전운전 의무 불이행","교차로","교차로내","승용차","보행자","945979","1631581","126.9103105","34.67711999","Y"
"2017","2017-05-18 18","야","목","1","0","0","0","0","경남","창원시(통합)","차대차","측면충돌","측면충돌","신호위반","교차로","교차로내","승용차","이륜차","1110535","1684868","128.7135527","35.1529872","N"
"2017","2017-05-18 19","야","목","1","0","0","0","0","강원","횡성군","차대차","측면충돌","측면충돌","안전운전 의무 불이행","교차로","교차로내","이륜차","화물차","1042891","1943536","127.9851811","37.49007729","N"
"2017","2017-05-18 22","야","목","1","0","0","0","0","서울","강남구","차대차","측면충돌","측면충돌","신호위반","교차로","교차로부근","승용차","이륜차","959952","1947309","127.0467723","37.52421244","N"
"2017","2017-05-19 04","야","금","1","0","0","0","0","전남","영광군","차대사람","길가장자리구역통행중","길가장자리구역통행중","안전운전 의무 불이행","단일로","기타단일로","화물차","보행자","913079","1696785","126.5444085","35.26274866","N"
"2017","2017-05-19 04","야","금","1","0","0","0","0","대구","동구","차대차","추돌","추돌","안전운전 의무 불이행","단일로","기타단일로","승용차","화물차","1109076","1763386","128.708094","35.86096212","N"
"2017","2017-05-19 05","야","금","1","2","1","1","0","광주","동구","차대차","측면충돌","측면충돌","중앙선 침범","단일로","기타단일로","승용차","승용차","947770.2","1683512.4","126.9266155","35.14548483","N"
"2017","2017-05-19 06","주","금","1","0","0","0","0","경기","안성시","차대차","추돌","추돌","안전거리 미확보","단일로","기타단일로","이륜차","화물차","976506","1889205","127.2359481","37.00103727","N"
"2017","2017-05-19 12","주","금","1","0","0","0","0","경남","의령군","차대차","측면충돌","측면충돌","중앙선 침범","단일로","기타단일로","사륜오토바이(ATV)","건설기계","1072858","1714488","128.3025776","35.42348188","N"
"2017","2017-05-19 13","주","금","2","0","0","0","0","충북","음성군","차량단독","전도","전도","안전운전 의무 불이행","교차로","교차로부근","승용차","없음","1014926","1881060","127.6675946","36.92778977","N"
"2017","2017-05-19 13","주","금","1","1","1","0","0","제주","서귀포시","차량단독","전도","전도","안전운전 의무 불이행","단일로","기타단일로","사륜오토바이(ATV)","없음","916168","1479350","126.5995245","33.3023229","N"
"2017","2017-05-19 14","주","금","1","1","1","0","0","충북","충주시","차량단독","전도","전도","안전운전 의무 불이행","단일로","기타단일로","승용차","없음","1036131","1897620","127.9064821","37.07649037","N"
"2017","2017-05-19 15","주","금","1","1","0","1","0","경북","영덕군","차대사람","횡단중","횡단중","안전운전 의무 불이행","교차로","교차로내","화물차","보행자","1167804","1825291","129.3714969","36.41048662","N"
"2017","2017-05-19 19","야","금","1","1","1","0","0","충북","충주시","차대차","측면충돌","측면충돌","안전운전 의무 불이행","교차로","교차로내","화물차","이륜차","1037532","1887331","127.9217302","36.98368883","N"
"2017","2017-05-19 19","야","금","1","0","0","0","0","충남","당진시","차대차","정면충돌","정면충돌","중앙선 침범","단일로","기타단일로","이륜차","화물차","913847","1890274","126.5316522","37.00701696","N"
"2017","2017-05-19 20","야","금","1","4","2","2","0","전북","남원시","차대차","정면충돌","정면충돌","중앙선 침범","단일로","기타단일로","승용차","화물차","986696","1710499","127.3535068","35.39009191","N"
"2017","2017-05-19 21","야","금","1","0","0","0","0","경북","영주시","차량단독","전도전복","전도전복","안전운전 의무 불이행","교차로","교차로내","화물차","없음","1100310","1881069","128.6262216","36.92264995","N"
"2017","2017-05-19 21","야","금","1","0","0","0","0","대구","북구","차대사람","횡단중","횡단중","보행자 보호의무 위반","교차로","교차로횡단보도내","승합차","보행자","1094266","1767243","128.5445455","35.89726887","N"
"2017","2017-05-19 23","야","금","1","0","0","0","0","전북","익산시","차대사람","횡단중","횡단중","안전운전 의무 불이행","단일로","기타단일로","화물차","보행자","953346","1773311","126.9826496","35.95540599","N"
"2017","2017-05-19 23","야","금","1","0","0","0","0","경기","고양시","차량단독","공작물충돌","공작물충돌","안전운전 의무 불이행","교차로","교차로내","승용차","없음","944397","1959944","126.8697838","37.63728497","N"
"2017","2017-05-20 00","야","토","1","0","0","0","0","대전","동구","차대사람","횡단중","횡단중","안전운전 의무 불이행","단일로","기타단일로","승합차","보행자","993881","1815090","127.4318195","36.33316961","N"
"2017","2017-05-20 06","주","토","1","3","2","1","0","충남","천안시","차대차","정면충돌","정면충돌","기타","교차로","교차로내","승용차","승용차","973838","1876567","127.2064","36.88704284","N"
"2017","2017-05-20 08","주","토","1","0","0","0","0","세종","세종시","차대차","측면충돌","측면충돌","안전운전 의무 불이행","교차로","교차로내","화물차","자전거","982544","1845065","127.3048219","36.60326096","N"
"2017","2017-05-20 09","주","토","1","10","8","2","0","경기","연천군","차대차","측면충돌","측면충돌","신호위반","교차로","교차로내","승합차","화물차","965127","2017799","127.1019369","38.15974383","N"
"2017","2017-05-20 10","주","토","1","0","0","0","0","경기","김포시","차대차","기타","기타","안전운전 의무 불이행","단일로","기타단일로","화물차","자전거","917001","1968147","126.55837","37.70914484","N"
"2017","2017-05-20 10","주","토","1","0","0","0","0","경북","칠곡군","차대차","정면충돌","정면충돌","중앙선 침범","단일로","기타단일로","승용차","이륜차","1081724","1786631","128.4075861","36.07317678","N"
"2017","2017-05-20 13","주","토","1","0","0","0","0","경북","경주시","차량단독","전도전복","전도전복","안전운전 의무 불이행","단일로","기타단일로","승용차","없음","1163603","1761059","129.3113163","35.8324036","N"
"2017","2017-05-20 15","주","토","1","0","0","0","0","경북","봉화군","차량단독","전도전복","전도전복","안전운전 의무 불이행","단일로","기타단일로","자전거","없음","1124015","1879538","128.892052","36.90603167","N"
"2017","2017-05-20 18","야","토","1","0","0","0","0","경기","평택시","차대차","정면충돌","정면충돌","기타","단일로","기타단일로","자전거","승용차","961865","1892043","127.0712559","37.02613934","N"
"2017","2017-05-20 21","야","토","1","0","0","0","0","경기","파주시","차대차","추돌","추돌","안전운전 의무 불이행","단일로","기타단일로","승용차","자전거","935865","1975952","126.7716763","37.7810028","N"
"2017","2017-05-20 23","야","토","1","0","0","0","0","경북","울진군","차대차","추돌","추돌","안전운전 의무 불이행","단일로","기타단일로","승용차","화물차","1169737","1879013","129.4049347","36.89418173","N"
"2017","2017-05-21 05","야","일","1","2","1","1","0","부산","기장군","차대차","기타","기타","안전운전 의무 불이행","교차로","교차로내","승용차","승용차","1155329","1691247.8","129.2063773","35.204567","N"
"2017","2017-05-21 07","주","일","1","0","0","0","0","충북","진천군","차량단독","전도전복","전도전복","안전운전 의무 불이행","단일로","기타단일로","농기계","없음","1000442","1881236","127.504963","36.92949446","N"
"2017","2017-05-21 07","주","일","1","0","0","0","0","제주","제주시","차량단독","전도전복","전도전복","안전운전 의무 불이행","단일로","기타단일로","자전거","없음","927869","1493960","126.7240301","33.43493786","N"
"2017","2017-05-21 08","주","일","1","0","0","0","0","경북","경주시","차대사람","길가장자리구역통행중","길가장자리구역통행중","안전운전 의무 불이행","단일로","기타단일로","화물차","보행자","1171960","1759019","129.4033564","35.81259091","N"
"2017","2017-05-21 12","주","일","1","0","0","0","0","전남","해남군","차대차","측면충돌","측면충돌","안전운전 의무 불이행","단일로","기타단일로","농기계","승용차","914102","1626721","126.5628702","34.63111883","N"
"2017","2017-05-21 13","주","일","1","0","0","0","0","강원","양구군","차량단독","공작물충돌","공작물충돌","안전운전 의무 불이행","단일로","기타단일로","이륜차","없음","1044283","2023170","128.0058061","38.20773556","N"
"2017","2017-05-21 13","주","일","1","0","0","0","0","경기","포천시","차량단독","전도전복","전도전복","안전운전 의무 불이행","단일로","기타단일로","이륜차","없음","969538","1978923","127.1539355","37.80952371","N"
"2017","2017-05-21 14","주","일","1","0","0","0","0","경북","구미시","차량단독","전도전복","전도전복","안전운전 의무 불이행","교차로","교차로부근","이륜차","없음","1072164","1801169","128.3027615","36.20499152","N"
"2017","2017-05-21 18","야","일","1","0","0","0","0","전남","나주시","차량단독","공작물충돌","공작물충돌","안전운전 의무 불이행","교차로","교차로부근","승용차","없음","924837","1667947","126.6762836","35.00368826","N"
"2017","2017-05-21 20","야","일","1","0","0","0","0","서울","성북구","차량단독","전도","전도","안전운전 의무 불이행","단일로","기타단일로","이륜차","없음","958268","1956212","127.027208","37.60438283","N"
"2017","2017-05-21 21","야","일","1","0","0","0","0","경북","안동시","차대사람","횡단중","횡단중","안전운전 의무 불이행","단일로","기타단일로","화물차","보행자","1107670","1841155","128.70321","36.56210015","N"
"2017","2017-05-21 22","야","일","1","0","0","0","0","전남","나주시","차대차","측면충돌","측면충돌","신호위반","교차로","교차로내","원동기장치자전거","승용차","929168.1","1671468.1","126.7234444","35.03574934","N"
"2017","2017-05-22 01","야","월","1","0","0","0","0","경기","수원시","차대사람","횡단중","횡단중","안전운전 의무 불이행","단일로","기타단일로","승용차","보행자","958765","1917665","127.0349927","37.25696289","N"
"2017","2017-05-22 06","주","월","1","0","0","0","0","전남","곡성군","차대사람","횡단중","횡단중","안전운전 의무 불이행","교차로","교차로내","화물차","보행자","985383","1685109","127.3395014","35.16113201","N"
"2017","2017-05-22 09","주","월","1","5","4","1","0","인천","강화군","차대사람","보도통행중","보도통행중","기타","교차로","교차로내","화물차","보행자","911228","1971916","126.4924238","37.74256957","N"
"2017","2017-05-22 11","주","월","2","2","1","1","0","충북","충주시","차대차","정면충돌","정면충돌","중앙선 침범","교차로","교차로부근","화물차","이륜차","1030732","1902410","127.8459394","37.11986059","N"
"2017","2017-05-22 11","주","월","1","0","0","0","0","대구","중구","차대사람","횡단중","횡단중","안전운전 의무 불이행","교차로","교차로부근","건설기계","보행자","1097331","1763057","128.5779915","35.85923389","N"
"2017","2017-05-22 14","주","월","1","0","0","0","0","전남","무안군","차대차","측면충돌","측면충돌","안전운전 의무 불이행","단일로","기타단일로","승합차","이륜차","904583","1654648","126.4558692","34.88207517","N"
"2017","2017-05-22 15","주","월","1","1","0","1","0","충남","서천군","차대차","측면충돌","측면충돌","기타","교차로","교차로내","화물차","승용차","927326","1796974","126.6919542","36.16713639","N"
"2017","2017-05-22 15","주","월","1","0","0","0","0","대구","달서구","차대차","측면충돌","측면충돌","교차로 통행방법 위반","교차로","교차로내","화물차","이륜차","1089237","1760533","128.4880765","35.83725131","N"
"2017","2017-05-22 21","야","월","1","0","0","0","0","서울","강동구","차대차","정면충돌","정면충돌","신호위반","교차로","교차로내","이륜차","원동기장치자전거","969636","1950039","127.1562522","37.54918887","N"
"2017","2017-05-22 21","야","월","1","3","2","1","0","경기","평택시","차대차","정면충돌","정면충돌","안전운전 의무 불이행","단일로","기타단일로","화물차","승용차","955469","1890611","126.999434","37.01294962","N"
"2017","2017-05-23 02","야","화","1","0","0","0","0","충북","충주시","차량단독","전도전복","전도전복","안전운전 의무 불이행","교차로","교차로부근","이륜차","없음","1033073","1885610","127.871552","36.96834268","N"
"2017","2017-05-23 02","야","화","1","0","0","0","0","전남","여수시","차대사람","기타","기타","안전운전 의무 불이행","단일로","기타단일로","승용차","보행자","1015367","1641270","127.6679253","34.76580453","N"
"2017","2017-05-23 04","야","화","1","0","0","0","0","경남","통영시","차대사람","횡단중","횡단중","안전운전 의무 불이행","단일로","기타단일로","화물차","보행자","1081594","1663352","128.3937365","34.96175938","N"
"2017","2017-05-23 08","주","화","1","0","0","0","0","전남","담양군","차대차","측면충돌","측면충돌","안전운전 의무 불이행","교차로","교차로내","화물차","사륜오토바이(ATV)","944399.7","1697687.8","126.8886583","35.27311823","N"
"2017","2017-05-23 09","주","화","1","0","0","0","0","서울","광진구","차대사람","횡단중","횡단중","안전운전 의무 불이행","단일로","기타단일로","화물차","보행자","963824","1949567","127.0904798","37.54472469","N"
"2017","2017-05-23 09","주","화","1","1","1","0","0","전북","장수군","차대차","정면충돌","정면충돌","중앙선 침범","단일로","기타단일로","승용차","승용차","1002015","1741512","127.5222647","35.66981204","N"
"2017","2017-05-23 09","주","화","1","1","1","0","0","전남","해남군","차대차","측면충돌","측면충돌","과속","교차로","교차로내","화물차","이륜차","908976","1614972","126.508213","34.52473902","N"
"2017","2017-05-23 10","주","화","1","1","0","1","0","경북","포항시","차대차","정면충돌","정면충돌","안전운전 의무 불이행","기타","기타","자전거","자전거","1172756","1790534","129.4190215","36.0964315","N"
"2017","2017-05-23 11","주","화","1","0","0","0","0","경남","진주시","차량단독","전도","전도","안전운전 의무 불이행","단일로","기타단일로","농기계","없음","1066128","1688424","128.2263444","35.18895212","N"
"2017","2017-05-23 15","주","화","1","0","0","0","0","전남","보성군","차량단독","전도","전도","안전운전 의무 불이행","단일로","기타단일로","이륜차","없음","968475","1656249","127.1549447","34.90050652","N"
"2017","2017-05-23 15","주","화","2","1","0","1","0","전남","무안군","차대차","정면충돌","정면충돌","중앙선 침범","단일로","기타단일로","화물차","건설기계","897724","1673419","126.3785206","35.05064233","N"
"2017","2017-05-23 20","야","화","1","1","0","1","0","전남","화순군","차대차","정면충돌","정면충돌","안전운전 의무 불이행","단일로","기타단일로","화물차","이륜차","962390.6","1666023.6","127.0879088","34.98843963","N"
"2017","2017-05-23 23","야","화","1","0","0","0","0","경북","울진군","차대사람","횡단중","횡단중","안전운전 의무 불이행","단일로","교량위","승용차","보행자","1168608","1890270","129.3947812","36.99580497","N"
"2017","2017-05-24 00","야","수","1","0","0","0","0","전남","화순군","차대사람","기타","기타","안전운전 의무 불이행","단일로","기타단일로","승용차","보행자","944961.5","1659634.1","126.8973657","34.93002715","N"
"2017","2017-05-24 01","야","수","1","0","0","0","0","충북","청주시","차대사람","횡단중","횡단중","과속","단일로","기타단일로","승용차","보행자","996551","1848189","127.4614221","36.63157743","N"
"2017","2017-05-24 01","야","수","1","0","0","0","0","경기","포천시","차대사람","횡단중","횡단중","과속","교차로","교차로부근","승용차","보행자","969869","1986013","127.1574003","37.87343674","N"
"2017","2017-05-24 02","야","수","1","0","0","0","0","서울","은평구","차대차","정면충돌","정면충돌","중앙선 침범","교차로","교차로부근","승용차","이륜차","949076","1955849","126.9230993","37.60064798","N"