"발생년","발생년월일시","주야","요일","사망자수","부상자수","중상자수","경상자수","부상신고자수","발생지시도","발생지시군구","사고유형_대분류","사고유형_중분류","사고유형","가해자법규위반","도로형태_대분류","도로형태","가해자_당사자종별","피해자_당사자종별","발생위치(X_UTMK)","발생위치(Y_UTMK)","경도","위도"," 어린이사고 여부"
"2017","2017-06-20 05","야","화","1","0","0","0","0","대구","서구","차대사람","횡단중","횡단중","기타","교차로","교차로내","승용차","보행자","1095325","1764744","128.5559792","35.87463881","N"
"2017","2017-06-20 06","주","화","1","0","0","0","0","제주","제주시","차대차","측면충돌","측면충돌","안전운전 의무 불이행","교차로","교차로내","농기계","승용차","929431.4","1507081.5","126.7398032","33.55338291","N"
"2017","2017-06-20 08","주","화","1","1","1","0","0","서울","송파구","차대차","측면충돌","측면충돌","안전운전 의무 불이행","교차로","교차로횡단보도내","승합차","자전거","965808","1944341","127.1131819","37.49769627","N"
"2017","2017-06-20 09","주","화","1","0","0","0","0","강원","강릉시","차대사람","기타","기타","안전운전 의무 불이행","교차로","교차로내","화물차","보행자","1123463.9","1972928.3","128.9014138","37.74766802","N"
"2017","2017-06-20 09","주","화","1","0","0","0","0","경남","양산시","차대차","측면충돌","측면충돌","기타","교차로","교차로횡단보도내","이륜차","화물차","1136489","1701207","129.001131","35.29707855","N"
"2017","2017-06-20 10","주","화","1","0","0","0","0","강원","삼척시","차량단독","공작물충돌","공작물충돌","안전운전 의무 불이행","단일로","기타단일로","승용차","없음","1152952.2","1931797.7","129.2274237","37.37264981","N"
"2017","2017-06-20 11","주","화","1","0","0","0","0","서울","용산구","차대사람","횡단중","횡단중","안전운전 의무 불이행","단일로","기타단일로","승용차","보행자","952936","1947426","126.9673669","37.52493561","N"
"2017","2017-06-20 11","주","화","1","0","0","0","0","경남","합천군","차량단독","전도전복","전도전복","안전운전 의무 불이행","단일로","기타단일로","이륜차","없음","1058185","1730264","128.142086","35.56668644","N"
"2017","2017-06-20 16","주","화","1","1","1","0","0","부산","남구","차대차","기타","기타","안전운전 의무 불이행","단일로","기타단일로","이륜차","승용차","1145882.5","1683031.8","129.1011867","35.13192866","N"
"2017","2017-06-20 19","야","화","1","0","0","0","0","경북","상주시","차대차","측면충돌","측면충돌","안전운전 의무 불이행","단일로","기타단일로","화물차","자전거","1055465","1820441","128.1183805","36.37982993","N"
"2017","2017-06-20 20","야","화","1","0","0","0","0","경북","경산시","차대사람","차도통행중","차도통행중","안전운전 의무 불이행","단일로","기타단일로","승용차","보행자","1119418","1769011","128.8234562","35.91045797","N"
"2017","2017-06-20 23","야","화","1","0","0","0","0","충북","청주시","차대사람","기타","기타","안전운전 의무 불이행","단일로","기타단일로","승용차","보행자","989391","1848163","127.3813362","36.63129019","N"
"2017","2017-06-21 00","야","수","1","0","0","0","0","경기","화성시","차량단독","전도전복","전도전복","안전운전 의무 불이행","단일로","기타단일로","승용차","없음","947929","1897303","126.9142184","37.07288287","N"
"2017","2017-06-21 01","야","수","1","0","0","0","0","서울","광진구","차대사람","횡단중","횡단중","안전운전 의무 불이행","단일로","기타단일로","승용차","보행자","962289","1949613","127.0731013","37.54507776","N"
"2017","2017-06-21 01","야","수","1","0","0","0","0","서울","서초구","차대사람","횡단중","횡단중","안전운전 의무 불이행","단일로","기타단일로","승용차","보행자","957862","1945076","127.0232483","37.50399254","N"
"2017","2017-06-21 10","주","수","1","0","0","0","0","충북","제천시","차량단독","전도전복","전도전복","안전운전 의무 불이행","단일로","기타단일로","화물차","없음","1063616","1897512","128.2156683","37.07405422","N"
"2017","2017-06-21 14","주","수","1","0","0","0","0","전북","정읍시","차대차","측면충돌","측면충돌","기타","교차로","교차로내","사륜오토바이(ATV)","승용차","949955","1744551","126.9468501","35.69594407","N"
"2017","2017-06-21 21","야","수","1","0","0","0","0","서울","중구","차대차","추돌","추돌","안전운전 의무 불이행","단일로","기타단일로","이륜차","화물차","957011","1951843","127.0132241","37.56494621","N"
"2017","2017-06-21 23","야","수","1","0","0","0","0","경북","경산시","차대사람","길가장자리구역통행중","길가장자리구역통행중","안전운전 의무 불이행","단일로","교량위","승용차","보행자","1119597","1769461","128.8255072","35.91449224","N"
"2017","2017-06-22 06","주","목","1","0","0","0","0","제주","서귀포시","차대차","측면충돌","측면충돌","교차로 통행방법 위반","교차로","교차로내","화물차","이륜차","912706","1473963","126.5628612","33.2534638","N"
"2017","2017-06-22 08","주","목","1","0","0","0","0","경남","함안군","차대차","측면충돌","측면충돌","기타","교차로","교차로내","이륜차","승용차","1083045","1706269","128.4139456","35.34858386","N"
"2017","2017-06-22 13","주","목","1","0","0","0","0","경북","의성군","차대차","추돌","추돌","안전운전 의무 불이행","기타","기타","화물차","농기계","1106621","1816132","128.6880451","36.33667765","N"
"2017","2017-06-22 13","주","목","1","0","0","0","0","경남","김해시","차대차","측면충돌","측면충돌","기타","교차로","교차로내","이륜차","건설기계","1122693","1692591","128.8481526","35.22119712","N"
"2017","2017-06-22 14","주","목","1","0","0","0","0","전북","남원시","차대차","측면충돌","측면충돌","교차로 통행방법 위반","교차로","교차로부근","이륜차","화물차","974940","1709537","127.2240895","35.38119148","N"
"2017","2017-06-22 15","주","목","1","0","0","0","0","경기","평택시","차대사람","기타","기타","안전운전 의무 불이행","교차로","교차로부근","건설기계","보행자","964623","1894550","127.1021449","37.0488458","N"
"2017","2017-06-22 17","주","목","1","0","0","0","0","서울","송파구","차대차","정면충돌","정면충돌","신호위반","교차로","교차로내","승용차","이륜차","967141","1944824","127.1282404","37.50209819","N"
"2017","2017-06-22 18","야","목","1","0","0","0","0","경기","광명시","차대사람","횡단중","횡단중","안전운전 의무 불이행","단일로","기타단일로","화물차","보행자","945925","1939433","126.8886132","37.45250887","Y"
"2017","2017-06-22 20","야","목","1","0","0","0","0","부산","부산진구","차대사람","횡단중","횡단중","보행자 보호의무 위반","교차로","교차로내","승합차","보행자","1142004","1685218","129.0590068","35.15218971","N"
"2017","2017-06-22 21","야","목","1","1","0","1","0","경기","이천시","차대차","추돌","추돌","안전운전 의무 불이행","단일로","기타단일로","승용차","불명","998175","1920718","127.4794117","37.28539402","N"
"2017","2017-06-22 21","야","목","1","0","0","0","0","경북","구미시","차대차","측면충돌","측면충돌","신호위반","교차로","교차로부근","이륜차","승용차","1076365","1794864","128.3488761","36.14783137","N"
"2017","2017-06-22 23","야","목","1","3","0","0","3","서울","용산구","차대사람","차도통행중","차도통행중","안전운전 의무 불이행","단일로","기타단일로","승용차","보행자","951811","1947377","126.9546387","37.52443586","N"
"2017","2017-06-23 04","야","금","1","0","0","0","0","강원","정선군","차량단독","공작물충돌","공작물충돌","안전운전 의무 불이행","단일로","기타단일로","승용차","없음","1119112","1941406","128.8468967","37.46419759","N"
"2017","2017-06-23 06","주","금","1","0","0","0","0","경기","안양시","차대차","측면충돌","측면충돌","안전운전 의무 불이행","교차로","교차로부근","승용차","원동기장치자전거","951810","1931162","126.9556875","37.37828462","N"
"2017","2017-06-23 08","주","금","1","0","0","0","0","경북","김천시","차량단독","전도전복","전도전복","안전운전 의무 불이행","단일로","기타단일로","농기계","없음","1045312","1793750","128.0036418","36.13973751","N"
"2017","2017-06-23 10","주","금","1","0","0","0","0","경기","양평군","차량단독","전도전복","전도전복","안전운전 의무 불이행","단일로","기타단일로","사륜오토바이(ATV)","없음","984525","1949289","127.3248238","37.5427991","N"
"2017","2017-06-23 10","주","금","1","0","0","0","0","충남","홍성군","차대사람","횡단중","횡단중","안전운전 의무 불이행","단일로","기타단일로","화물차","보행자","933108","1846778","126.7519484","36.61651543","N"
"2017","2017-06-23 10","주","금","1","2","1","0","1","울산","북구","차대차","측면충돌","측면충돌","안전운전 의무 불이행","단일로","기타단일로","승용차","건설기계","1166347","1742939","129.337923","35.66865072","N"
"2017","2017-06-23 12","주","금","1","0","0","0","0","대구","달성군","차량단독","전도","전도","안전운전 의무 불이행","단일로","기타단일로","농기계","없음","1089390","1738232","128.4872853","35.63619398","N"
"2017","2017-06-23 16","주","금","1","0","0","0","0","대구","달성군","차대차","정면충돌","정면충돌","중앙선 침범","단일로","기타단일로","이륜차","승합차","1089114","1756242","128.4862361","35.79857965","N"
"2017","2017-06-23 19","야","금","1","0","0","0","0","서울","강동구","차대사람","횡단중","횡단중","신호위반","교차로","교차로내","화물차","보행자","967765","1950338","127.135058","37.55182032","Y"
"2017","2017-06-23 20","야","금","1","1","0","1","0","강원","철원군","차대차","기타","기타","안전운전 의무 불이행","단일로","기타단일로","화물차","사륜오토바이(ATV)","977386","2026216","127.2415995","38.23599298","N"
"2017","2017-06-24 05","야","토","1","2","2","0","0","강원","원주시","차대차","측면충돌","측면충돌","신호위반","교차로","교차로내","화물차","화물차","1039392.8","1931009","127.9449419","37.37732112","N"
"2017","2017-06-24 06","주","토","1","0","0","0","0","경남","진주시","차대차","추돌","추돌","안전운전 의무 불이행","단일로","기타단일로","화물차","농기계","1054428","1681234","128.0973653","35.12482448","N"
"2017","2017-06-24 08","주","토","1","0","0","0","0","부산","사하구","차대차","기타","기타","안전운전 의무 불이행","단일로","기타단일로","원동기장치자전거","승용차","1135902.5","1676049.7","128.9905354","35.07038803","N"
"2017","2017-06-24 08","주","토","1","0","0","0","0","강원","인제군","차대사람","기타","기타","중앙선 침범","교차로","교차로부근","건설기계","보행자","1061463","2024127","128.2021095","38.21535054","N"
"2017","2017-06-24 14","주","토","1","0","0","0","0","경남","밀양시","차대차","측면충돌","측면충돌","신호위반","교차로","교차로내","이륜차","승용차","1110701","1710015","128.7187655","35.37966924","N"
"2017","2017-06-24 16","주","토","1","0","0","0","0","경북","안동시","차량단독","전도전복","전도전복","안전운전 의무 불이행","단일로","기타단일로","사륜오토바이(ATV)","없음","1101824","1844161","128.6382907","36.58983545","N"
"2017","2017-06-24 16","주","토","1","0","0","0","0","경남","함양군","차대차","추돌","추돌","안전운전 의무 불이행","교차로","교차로부근","화물차","이륜차","1027818","1736311","127.8071935","35.62252778","N"
"2017","2017-06-24 23","야","토","1","1","1","0","0","인천","계양구","차대사람","기타","기타","안전운전 의무 불이행","단일로","기타단일로","승용차","보행자","932274.9","1948032","126.7335012","37.52911146","N"
"2017","2017-06-25 11","주","일","1","0","0","0","0","전북","무주군","차량단독","전도","전도","안전운전 의무 불이행","단일로","기타단일로","화물차","없음","1019989","1779787","127.7218265","36.01470331","N"
"2017","2017-06-25 13","주","일","1","0","0","0","0","경기","시흥시","차대사람","횡단중","횡단중","안전운전 의무 불이행","단일로","기타단일로","화물차","보행자","934106","1928147","126.7560001","37.35002073","Y"
"2017","2017-06-25 13","주","일","1","0","0","0","0","전남","여수시","차대차","추돌","추돌","안전운전 의무 불이행","단일로","기타단일로","이륜차","승용차","1010706","1647988","127.6170772","34.8264452","N"
"2017","2017-06-25 15","주","일","1","0","0","0","0","경남","합천군","차량단독","전도","전도","안전운전 의무 불이행","단일로","기타단일로","화물차","없음","1060268","1734888","128.165416","35.6082516","N"
"2017","2017-06-25 20","야","일","1","0","0","0","0","대전","대덕구","차대사람","횡단중","횡단중","안전운전 의무 불이행","교차로","교차로횡단보도내","승용차","보행자","991761","1817790","127.4081689","36.35749541","N"
"2017","2017-06-25 23","야","일","1","1","1","0","0","광주","서구","차대사람","횡단중","횡단중","과속","교차로","교차로부근","이륜차","보행자","942825.4","1683659.1","126.8723236","35.14653856","N"
"2017","2017-06-26 09","주","월","2","1","1","0","0","전북","고창군","차대차","정면충돌","정면충돌","중앙선 침범","단일로","기타단일로","승용차","화물차","915955","1727488","126.5728589","35.53980212","N"
"2017","2017-06-26 11","주","월","1","3","1","2","0","서울","중구","차대차","기타","기타","안전운전 의무 불이행","단일로","기타단일로","승합차","자전거","956705","1950843","127.0098183","37.55591863","N"
"2017","2017-06-26 12","주","월","1","0","0","0","0","전남","나주시","차량단독","공작물충돌","공작물충돌","안전운전 의무 불이행","단일로","기타단일로","승용차","없음","943291","1667504","126.8785402","35.00089764","N"
"2017","2017-06-26 14","주","월","1","1","1","0","0","충남","금산군","차대차","기타","기타","안전운전 의무 불이행","단일로","기타단일로","승용차","승용차","999462","1795479","127.4940189","36.15638446","N"
"2017","2017-06-26 16","주","월","1","0","0","0","0","강원","평창군","차량단독","전복","전복","안전운전 의무 불이행","단일로","기타단일로","사륜오토바이(ATV)","없음","1071482.4","1937712.9","128.3080171","37.4358239","N"
"2017","2017-06-26 19","야","월","1","0","0","0","0","부산","북구","차대사람","횡단중","횡단중","안전운전 의무 불이행","단일로","기타단일로","화물차","보행자","1137979.5","1691537.7","129.0158949","35.20971594","N"
"2017","2017-06-26 20","야","월","1","3","2","1","0","경북","영천시","차대차","측면충돌","측면충돌","안전운전 의무 불이행","단일로","기타단일로","승합차","농기계","1125414","1778675","128.891417","35.99681229","N"
"2017","2017-06-26 21","야","월","1","0","0","0","0","경남","김해시","차대차","측면충돌","측면충돌","신호위반","교차로","교차로내","이륜차","화물차","1123817","1694190","128.8607407","35.23547323","N"
"2017","2017-06-26 22","야","월","1","0","0","0","0","경남","진주시","차대사람","기타","기타","안전운전 의무 불이행","교차로","교차로내","승합차","보행자","1053420","1688621","128.0867808","35.1914851","N"
"2017","2017-06-27 03","야","화","1","0","0","0","0","경기","파주시","차량단독","전도전복","전도전복","안전운전 의무 불이행","단일로","기타단일로","이륜차","없음","929511","1969714","126.7001313","37.72431538","N"
"2017","2017-06-27 04","야","화","1","0","0","0","0","전남","목포시","차대사람","횡단중","횡단중","보행자 보호의무 위반","단일로","기타단일로","승용차","보행자","897093","1643465","126.3752929","34.78051834","N"
"2017","2017-06-27 11","주","화","1","3","0","3","0","대전","대덕구","차대차","추돌","추돌","안전운전 의무 불이행","단일로","기타단일로","화물차","화물차","992165","1821185","127.4126377","36.38810597","N"
"2017","2017-06-27 12","주","화","1","2","0","2","0","전북","군산시","차대차","측면충돌","측면충돌","신호위반","교차로","교차로내","승용차","승용차","914205","1773436","126.5486395","35.95387728","N"
"2017","2017-06-27 12","주","화","1","0","0","0","0","인천","서구","차대사람","기타","기타","과속","단일로","기타단일로","화물차","보행자","923649","1951447","126.6355293","37.55921545","N"
"2017","2017-06-27 15","주","화","1","0","0","0","0","충남","아산시","차대사람","횡단중","횡단중","신호위반","교차로","교차로내","화물차","보행자","944802","1876074","126.8805955","36.8813471","N"
"2017","2017-06-27 15","주","화","1","0","0","0","0","경남","고성군","차량단독","전도전복","전도전복","안전운전 의무 불이행","단일로","기타단일로","승용차","없음","1068170","1665999","128.2469261","34.9866196","N"
"2017","2017-06-27 16","주","화","1","2","0","2","0","경북","김천시","차대차","측면충돌","측면충돌","교차로 통행방법 위반","교차로","교차로내","이륜차","승합차","1061533","1802309","128.1845987","36.21600336","N"
"2017","2017-06-27 16","주","화","1","1","0","1","0","경기","고양시","차대차","기타","기타","중앙선 침범","교차로","교차로부근","승용차","화물차","938291","1970006","126.7997296","37.72758093","N"
"2017","2017-06-27 17","주","화","1","1","0","1","0","경남","밀양시","차대차","기타","기타","안전운전 의무 불이행","단일로","기타단일로","승용차","농기계","1113780","1720802","128.7541635","35.4765635","N"
"2017","2017-06-27 21","야","화","1","0","0","0","0","충남","금산군","차대사람","횡단중","횡단중","안전운전 의무 불이행","기타","기타","승용차","보행자","999134.5","1789990.7","127.490384","36.10690311","N"
"2017","2017-06-27 22","야","화","1","0","0","0","0","서울","서초구","차대사람","횡단중","횡단중","안전운전 의무 불이행","단일로","기타단일로","승용차","보행자","958918","1941952","127.03537","37.47588234","N"
"2017","2017-06-28 00","야","수","1","1","1","0","0","충북","충주시","차대차","기타","기타","신호위반","교차로","교차로내","승용차","원동기장치자전거","1037977.5","1884735.3","127.9266053","36.96027273","N"
"2017","2017-06-28 08","주","수","1","1","1","0","0","경기","화성시","차대차","측면충돌","측면충돌","기타","교차로","교차로내","승용차","농기계","944517","1906462","126.8751586","37.15524375","N"
"2017","2017-06-28 08","주","수","1","0","0","0","0","경북","의성군","차대차","기타","기타","중앙선 침범","단일로","기타단일로","승용차","이륜차","1096836","1819881","128.5794987","36.37150448","N"
"2017","2017-06-28 13","주","수","1","0","0","0","0","강원","춘천시","차량단독","도로이탈","도로이탈 추락","안전운전 의무 불이행","단일로","기타단일로","사륜오토바이(ATV)","없음","1019111.9","1979746.2","127.7171441","37.81725154","N"
"2017","2017-06-28 15","주","수","1","2","2","0","0","세종","세종시","차대차","추돌","추돌","안전운전 의무 불이행","단일로","기타단일로","화물차","화물차","980823","1826787","127.2860334","36.43845","N"
"2017","2017-06-28 16","주","수","1","0","0","0","0","충북","제천시","차대차","정면충돌","정면충돌","중앙선 침범","단일로","기타단일로","이륜차","화물차","1055144","1906210","128.1210053","37.15299238","N"
"2017","2017-06-28 17","주","수","1","2","1","1","0","전남","여수시","차대차","측면충돌","측면충돌","안전운전 의무 불이행","교차로","교차로내","승용차","승용차","1006331.8","1644065.3","127.5692129","34.79110802","N"
"2017","2017-06-28 17","주","수","1","2","0","2","0","인천","미추홀구","차대차","추돌","추돌","안전운전 의무 불이행","교차로","교차로부근","승용차","승용차","924166.7","1939741.6","126.6425977","37.45376163","N"
"2017","2017-06-28 19","야","수","1","4","1","3","0","충남","예산군","차대차","측면충돌","측면충돌","신호위반","교차로","교차로내","승용차","화물차","934902","1837831","126.7727659","36.53598835","Y"
"2017","2017-06-28 20","야","수","1","1","0","1","0","서울","동작구","차대차","정면충돌","정면충돌","중앙선 침범","단일로","고가도로위","이륜차","승용차","953998.9","1942068","126.9797306","37.47669602","N"
"2017","2017-06-28 20","야","수","1","0","0","0","0","부산","기장군","차대사람","횡단중","횡단중","안전운전 의무 불이행","교차로","교차로부근","승합차","보행자","1158325","1704284.7","129.24179","35.32159875","N"
"2017","2017-06-28 21","야","수","1","0","0","0","0","경기","남양주시","차대차","기타","기타","중앙선 침범","단일로","기타단일로","원동기장치자전거","승용차","977864","1960836","127.249073","37.64674131","N"
"2017","2017-06-28 22","야","수","1","0","0","0","0","경기","양평군","차량단독","공작물충돌","공작물충돌","안전운전 의무 불이행","교차로","교차로내","승용차","없음","1001018","1944482","127.5115171","37.49959993","N"
"2017","2017-06-28 23","야","수","1","1","0","1","0","서울","서대문구","차대차","측면충돌","측면충돌","안전운전 의무 불이행","단일로","기타단일로","이륜차","이륜차","949058","1953280","126.9230741","37.5774924","N"
"2017","2017-06-29 00","야","목","1","0","0","0","0","서울","광진구","차량단독","기타","기타","안전운전 의무 불이행","단일로","기타단일로","원동기장치자전거","없음","964892","1949694","127.1025634","37.5459107","N"
"2017","2017-06-29 01","야","목","1","0","0","0","0","부산","사상구","차량단독","공작물충돌","공작물충돌","안전운전 의무 불이행","기타","기타","승용차","없음","1134536","1685054","128.9770167","35.1517385","N"
"2017","2017-06-29 01","야","목","1","0","0","0","0","경기","고양시","차대사람","횡단중","횡단중","안전운전 의무 불이행","단일로","기타단일로","승용차","보행자","939903","1956444","126.8191388","37.60545695","N"
"2017","2017-06-29 02","야","목","1","0","0","0","0","경기","이천시","차대사람","기타","기타","안전운전 의무 불이행","단일로","기타단일로","화물차","보행자","991765","1922499","127.407079","37.30141324","N"
"2017","2017-06-29 03","야","목","1","0","0","0","0","서울","강서구","차대사람","횡단중","횡단중","안전운전 의무 불이행","단일로","기타단일로","승용차","보행자","941502","1949284","126.837825","37.54102735","N"
"2017","2017-06-29 03","야","목","1","1","1","0","0","경기","시흥시","차대차","측면충돌","측면충돌","안전운전 의무 불이행","단일로","기타단일로","화물차","화물차","944372","1931079","126.8716848","37.37712002","N"
"2017","2017-06-29 04","야","목","1","1","1","0","0","전남","목포시","차량단독","전도","전도","과속","단일로","기타단일로","승용차","없음","901908.3","1647456.3","126.4274467","34.81697936","N"
"2017","2017-06-29 08","주","목","1","7","0","7","0","경기","안산시","차대사람","횡단중","횡단중","안전운전 의무 불이행","교차로","교차로횡단보도내","승합차","보행자","944009","1922831","126.8682081","37.30275596","N"
"2017","2017-06-29 08","주","목","1","2","2","0","0","경남","고성군","차대사람","길가장자리구역통행중","길가장자리구역통행중","안전운전 의무 불이행","단일로","기타단일로","승용차","보행자","1070708","1682810","128.2761656","35.13802208","N"
"2017","2017-06-29 13","주","목","1","0","0","0","0","충남","논산시","차대차","추돌","추돌","과속","단일로","기타단일로","특수차","이륜차","959733","1797362","127.0522465","36.17252392","N"
"2017","2017-06-29 13","주","목","1","0","0","0","0","광주","동구","차대사람","기타","기타","안전운전 의무 불이행","단일로","기타단일로","화물차","보행자","948038.6","1685067.9","126.929464","35.15952432","N"
"2017","2017-06-29 14","주","목","1","0","0","0","0","경기","고양시","차량단독","전도","전도","안전운전 의무 불이행","단일로","기타단일로","자전거","없음","930200","1964377","126.7084606","37.67626846","N"
"2017","2017-06-29 18","야","목","1","0","0","0","0","강원","원주시","차대사람","횡단중","횡단중","안전운전 의무 불이행","단일로","기타단일로","승용차","보행자","1038959","1930411","127.9400107","37.37194932","N"
"2017","2017-06-29 22","야","목","1","0","0","0","0","경기","화성시","차량단독","전도","전도","안전운전 의무 불이행","단일로","기타단일로","승용차","없음","955923","1911190","127.0033274","37.1984687","N"
"2017","2017-06-30 00","야","금","1","0","0","0","0","충북","음성군","차량단독","도로이탈","도로이탈 기타","안전운전 의무 불이행","교차로","교차로부근","승용차","없음","1013426","1889385","127.6509001","37.00285765","N"
"2017","2017-06-30 02","야","금","1","0","0","0","0","부산","중구","차대사람","기타","기타","안전운전 의무 불이행","단일로","기타단일로","승용차","보행자","1139557.6","1680211.5","129.0313121","35.10740361","N"
"2017","2017-06-30 04","야","금","1","1","0","1","0","전남","광양시","차대차","기타","기타","안전운전 의무 불이행","단일로","기타단일로","화물차","승용차","1024580","1665614","127.769316","34.98514674","N"
"2017","2017-06-30 04","야","금","1","0","0","0","0","광주","광산구","차량단독","전도","전도","안전운전 의무 불이행","단일로","고가도로위","승용차","없음","939234.4","1688057.6","126.8325791","35.18598737","N"
"2017","2017-06-30 06","주","금","1","0","0","0","0","충남","서산시","차대차","측면충돌","측면충돌","안전운전 의무 불이행","단일로","기타단일로","화물차","이륜차","917238","1855415","126.5735613","36.6931212","N"
"2017","2017-06-30 08","주","금","1","0","0","0","0","경기","용인시","차대사람","횡단중","횡단중","신호위반","단일로","기타단일로","화물차","보행자","964452","1924850","127.0987797","37.3219613","N"
"2017","2017-06-30 09","주","금","1","2","2","0","0","대구","달성군","차대차","측면충돌","측면충돌","과속","교차로","교차로내","승용차","화물차","1086800","1742412","128.4591336","35.67410854","N"
"2017","2017-06-30 10","주","금","1","0","0","0","0","광주","서구","차대차","측면충돌","측면충돌","안전거리 미확보","단일로","기타단일로","이륜차","승용차","939085","1681915","126.8313916","35.13059301","N"
"2017","2017-06-30 17","주","금","1","1","1","0","0","서울","영등포구","차대차","측면충돌","측면충돌","중앙선 침범","단일로","교량위","이륜차","화물차","947576","1946355","126.9067859","37.51499339","N"
"2017","2017-06-30 19","야","금","1","0","0","0","0","대구","서구","차대차","측면충돌","측면충돌","안전운전 의무 불이행","교차로","교차로부근","승용차","이륜차","1095230","1764891","128.5549446","35.8759732","N"
"2017","2017-06-30 21","야","금","1","0","0","0","0","충남","서산시","차대사람","차도통행중","차도통행중","안전운전 의무 불이행","단일로","기타단일로","승용차","보행자","900057","1865697","126.3799216","36.78414229","N"
"2017","2017-06-30 21","야","금","1","3","2","1","0","전남","곡성군","차대차","추돌","추돌","안전운전 의무 불이행","단일로","기타단일로","승용차","승용차","966456","1696405","127.1312203","35.26253379","N"
"2017","2017-06-30 23","야","금","1","0","0","0","0","경기","성남시","차대사람","횡단중","횡단중","안전운전 의무 불이행","단일로","기타단일로","승용차","보행자","967633","1937456","127.1341305","37.43570389","N"
"2017","2017-07-01 04","야","토","1","0","0","0","0","광주","남구","차대사람","횡단중","횡단중","안전운전 의무 불이행","단일로","기타단일로","승용차","보행자","946194","1683482","126.9093146","35.14512761","N"
"2017","2017-07-01 11","주","토","1","0","0","0","0","강원","원주시","차대차","측면충돌","측면충돌","안전운전 의무 불이행","교차로","교차로내","승용차","이륜차","1038562","1926384","127.9353174","37.33566804","N"
"2017","2017-07-01 16","주","토","1","0","0","0","0","경남","밀양시","차량단독","전도","전도","안전운전 의무 불이행","단일로","기타단일로","화물차","없음","1104351","1717688","128.6498503","35.44952628","N"
"2017","2017-07-01 16","주","토","1","0","0","0","0","대구","수성구","차대차","측면충돌","측면충돌","안전거리 미확보","단일로","기타단일로","자전거","승용차","1100204","1761054","128.6095546","35.84088821","N"
"2017","2017-07-01 20","야","토","1","0","0","0","0","강원","강릉시","차대차","추돌","추돌","중앙선 침범","단일로","기타단일로","자전거","화물차","1121689.7","1972904.1","128.8812766","37.74768767","N"
"2017","2017-07-01 22","야","토","1","0","0","0","0","충남","천안시","차대사람","기타","기타","안전운전 의무 불이행","단일로","기타단일로","승용차","보행자","967125","1877226","127.1310368","36.89277332","N"
"2017","2017-07-01 22","야","토","1","0","0","0","0","경북","의성군","차대사람","기타","기타","안전운전 의무 불이행","교차로","교차로내","승용차","보행자","1096580","1810849","128.5755257","36.29011713","N"
"2017","2017-07-02 01","야","일","1","2","1","1","0","강원","홍천군","차대차","추돌","추돌","안전운전 의무 불이행","단일로","기타단일로","승용차","화물차","1079467","1970949","128.40187","37.73471024","N"
"2017","2017-07-02 01","야","일","1","0","0","0","0","충북","청주시","차량단독","전도전복","전도전복","중앙선 침범","단일로","기타단일로","승용차","없음","999978","1845644","127.499754","36.60864048","N"
"2017","2017-07-02 01","야","일","1","1","1","0","0","충남","예산군","차대차","추돌","추돌","과속","단일로","기타단일로","승용차","이륜차","939224","1854250","126.8197467","36.68428019","N"
"2017","2017-07-02 01","야","일","1","0","0","0","0","광주","북구","차대사람","기타","기타","안전운전 의무 불이행","단일로","기타단일로","승용차","보행자","944433","1687872","126.8896876","35.18461507","N"
"2017","2017-07-02 01","야","일","1","0","0","0","0","경기","포천시","차량단독","전도","전도","안전운전 의무 불이행","교차로","교차로내","승합차","없음","980004","2009283","127.2719897","38.08344497","N"
"2017","2017-07-02 02","야","일","1","1","0","1","0","대구","서구","차대차","측면충돌","측면충돌","신호위반","교차로","교차로내","이륜차","승용차","1096693","1764497","128.5711011","35.87227805","N"
"2017","2017-07-02 13","주","일","1","0","0","0","0","서울","서초구","차대사람","횡단중","횡단중","안전운전 의무 불이행","단일로","기타단일로","승용차","보행자","959337","1942272","127.040091","37.47878517","N"
"2017","2017-07-02 13","주","일","1","0","0","0","0","경북","군위군","차량단독","공작물충돌","공작물충돌","안전운전 의무 불이행","단일로","기타단일로","승용차","없음","1084842","1807575","128.4444715","36.26170858","N"
"2017","2017-07-03 00","야","월","1","0","0","0","0","서울","송파구","차대사람","횡단중","횡단중","안전운전 의무 불이행","교차로","교차로부근","승합차","보행자","967016","1941876","127.1269584","37.47552196","N"
"2017","2017-07-03 09","주","월","1","0","0","0","0","경기","여주시","차대차","측면충돌","측면충돌","안전운전 의무 불이행","단일로","고가도로위","승합차","자전거","1010218","1934912","127.6154678","37.41328268","N"
"2017","2017-07-03 09","주","월","1","2","0","2","0","충남","논산시","차대차","정면충돌","정면충돌","신호위반","교차로","교차로내","화물차","승합차","962673","1799941","127.0848147","36.19589251","N"
"2017","2017-07-03 09","주","월","1","0","0","0","0","전북","진안군","차량단독","전도전복","전도전복","안전운전 의무 불이행","교차로","교차로부근","화물차","없음","1007632","1761197","127.5845172","35.84727039","N"
"2017","2017-07-03 09","주","월","1","0","0","0","0","제주","서귀포시","차대사람","횡단중","횡단중","기타","기타","기타","승용차","보행자","883717","1470878","126.2521033","33.22290938","N"
"2017","2017-07-03 10","주","월","1","3","1","2","0","경기","광주시","차대차","추돌","추돌","안전운전 의무 불이행","단일로","터널안","화물차","화물차","980127","1931876","127.2755088","37.38576003","N"