"발생년","발생년월일시","주야","요일","사망자수","부상자수","중상자수","경상자수","부상신고자수","발생지시도","발생지시군구","사고유형_대분류","사고유형_중분류","사고유형","가해자법규위반","도로형태_대분류","도로형태","가해자_당사자종별","피해자_당사자종별","발생위치(X_UTMK)","발생위치(Y_UTMK)","경도","위도"," 어린이사고 여부"
"2017","2017-07-03 10","주","월","1","0","0","0","0","전북","익산시","차대차","측면충돌","측면충돌","신호위반","교차로","교차로내","원동기장치자전거","화물차","948184","1773237","126.925415","35.95447845","N"
"2017","2017-07-03 11","주","월","1","0","0","0","0","경기","수원시","차대사람","횡단중","횡단중","안전운전 의무 불이행","단일로","기타단일로","승용차","보행자","952940","1920332","126.9691378","37.28072605","N"
"2017","2017-07-03 12","주","월","1","0","0","0","0","충남","서천군","차량단독","공작물충돌","공작물충돌","안전운전 의무 불이행","단일로","기타단일로","이륜차","없음","928540","1784474","126.7065855","36.05454036","N"
"2017","2017-07-03 13","주","월","1","0","0","0","0","서울","종로구","차대사람","횡단중","횡단중","안전운전 의무 불이행","단일로","기타단일로","화물차","보행자","953362","1953332","126.9718123","37.57818924","N"
"2017","2017-07-03 13","주","월","1","0","0","0","0","경북","의성군","차대차","측면충돌","측면충돌","신호위반","교차로","교차로내","건설기계","승용차","1082127","1823569","128.4159377","36.40611791","N"
"2017","2017-07-03 18","야","월","1","1","0","1","0","경남","양산시","차대차","측면충돌","측면충돌","신호위반","교차로","교차로내","원동기장치자전거","화물차","1151191","1714060","129.1651453","35.41080932","N"
"2017","2017-07-03 20","야","월","1","0","0","0","0","경남","양산시","차대차","측면충돌","측면충돌","중앙선 침범","단일로","기타단일로","화물차","승용차","1150785","1713591","129.1605888","35.40664376","N"
"2017","2017-07-03 22","야","월","1","0","0","0","0","경북","청도군","차대사람","길가장자리구역통행중","길가장자리구역통행중","안전운전 의무 불이행","단일로","기타단일로","화물차","보행자","1097544","1737203","128.5772056","35.62614591","N"
"2017","2017-07-04 02","야","화","1","0","0","0","0","경남","창원시(통합)","차량단독","공작물충돌","공작물충돌","안전운전 의무 불이행","교차로","교차로내","승용차","없음","1081565","1680215","128.3950754","35.11380331","N"
"2017","2017-07-04 07","주","화","1","1","1","0","0","경남","밀양시","차대차","추돌","추돌","안전운전 의무 불이행","단일로","기타단일로","승용차","화물차","1114065","1717521","128.7568441","35.44695399","N"
"2017","2017-07-04 08","주","화","1","0","0","0","0","경남","양산시","차량단독","전도전복","전도전복","안전운전 의무 불이행","교차로","교차로부근","승합차","없음","1150324","1710793","129.1549982","35.38149485","N"
"2017","2017-07-04 13","주","화","1","0","0","0","0","경기","부천시","차대차","기타","기타","기타","교차로","교차로내","자전거","승용차","934389","1945090","126.757689","37.50274842","N"
"2017","2017-07-04 14","주","화","1","0","0","0","0","경기","수원시","차대사람","횡단중","횡단중","안전운전 의무 불이행","교차로","교차로내","승용차","보행자","958039","1921897","127.026567","37.29507643","N"
"2017","2017-07-04 19","야","화","1","0","0","0","0","경기","가평군","차대차","측면충돌","측면충돌","안전운전 의무 불이행","교차로","교차로내","화물차","화물차","1000631","1979678","127.5071692","37.81683676","N"
"2017","2017-07-04 22","야","화","1","0","0","0","0","대구","북구","차대사람","횡단중","횡단중","보행자 보호의무 위반","단일로","기타단일로","승용차","보행자","1094624","1768746","128.5486906","35.91078321","N"
"2017","2017-07-05 00","야","수","1","1","0","1","0","세종","세종시","차대차","정면충돌","정면충돌","중앙선 침범","단일로","기타단일로","승용차","승합차","986302","1829143","127.3471232","36.4597838","N"
"2017","2017-07-05 02","야","수","1","0","0","0","0","서울","노원구","차대사람","차도통행중","차도통행중","안전운전 의무 불이행","단일로","기타단일로","승용차","보행자","960753","1961749","127.0550629","37.65439833","N"
"2017","2017-07-05 02","야","수","1","0","0","0","0","광주","북구","차대차","측면충돌","측면충돌","신호위반","교차로","교차로내","이륜차","승용차","946268","1685933","126.9099674","35.16723157","N"
"2017","2017-07-05 03","야","수","1","1","1","0","0","경기","이천시","차대차","정면충돌","정면충돌","중앙선 침범","단일로","기타단일로","승용차","승용차","1011398","1903938","127.6283275","37.13406958","N"
"2017","2017-07-05 04","야","수","1","0","0","0","0","부산","북구","차량단독","공작물충돌","공작물충돌","안전운전 의무 불이행","단일로","기타단일로","승용차","없음","1136998","1692145","129.0052161","35.21532466","N"
"2017","2017-07-05 09","주","수","1","1","0","1","0","전북","정읍시","차대차","정면충돌","정면충돌","중앙선 침범","단일로","기타단일로","자전거","이륜차","947697","1746011","126.9217984","35.70899006","N"
"2017","2017-07-05 10","주","수","1","0","0","0","0","경기","포천시","차대사람","횡단중","횡단중","보행자 보호의무 위반","교차로","교차로내","승합차","보행자","973662","1989005","127.2004182","37.90052108","N"
"2017","2017-07-05 11","주","수","1","0","0","0","0","전남","신안군","차대차","정면충돌","정면충돌","중앙선 침범","단일로","기타단일로","화물차","이륜차","881915","1674543","126.2050481","35.05904911","N"
"2017","2017-07-05 12","주","수","2","10","1","9","0","충북","청주시","차대사람","기타","기타","기타","교차로","교차로내","승합차","보행자","996453","1848574","127.4603242","36.63504784","N"
"2017","2017-07-05 12","주","수","2","5","5","0","0","경북","영천시","차대차","추돌","추돌","안전운전 의무 불이행","단일로","기타단일로","화물차","승용차","1126139","1782068","128.8999992","36.02730062","N"
"2017","2017-07-05 17","주","수","1","0","0","0","0","경기","시흥시","차대차","측면충돌","측면충돌","신호위반","단일로","기타단일로","화물차","이륜차","930855","1924607","126.7196267","37.31787788","N"
"2017","2017-07-05 17","주","수","2","1","1","0","0","전남","완도군","차대차","정면충돌","정면충돌","중앙선 침범","단일로","기타단일로","화물차","화물차","937394","1601060","126.8188483","34.40140801","N"
"2017","2017-07-05 18","야","수","1","0","0","0","0","강원","양양군","차량단독","전도전복","전도전복","안전운전 의무 불이행","단일로","기타단일로","건설기계","없음","1095579","2007330","128.5895196","38.06101446","N"
"2017","2017-07-05 18","야","수","1","1","0","1","0","충남","천안시","차대차","추돌","추돌","안전운전 의무 불이행","단일로","기타단일로","화물차","화물차","982210.8","1859068.8","127.3007712","36.72949741","N"
"2017","2017-07-05 21","야","수","1","0","0","0","0","울산","울주군","차대사람","횡단중","횡단중","신호위반","교차로","교차로부근","승용차","보행자","1158629","1727753","129.2497029","35.53306089","N"
"2017","2017-07-05 22","야","수","1","0","0","0","0","서울","구로구","차대사람","횡단중","횡단중","안전운전 의무 불이행","단일로","기타단일로","화물차","보행자","942274","1944453","126.8469428","37.49753398","N"
"2017","2017-07-05 22","야","수","1","0","0","0","0","경기","평택시","차대사람","횡단중","횡단중","안전운전 의무 불이행","단일로","기타단일로","승합차","보행자","958302","1904091","127.0305298","37.13458857","N"
"2017","2017-07-05 23","야","수","1","0","0","0","0","충남","아산시","차대사람","횡단중","횡단중","안전운전 의무 불이행","단일로","기타단일로","승용차","보행자","957237","1863915","127.0208138","36.77238667","N"
"2017","2017-07-05 23","야","수","1","1","0","1","0","인천","옹진군","차량단독","공작물충돌","공작물충돌","안전운전 의무 불이행","단일로","기타단일로","승용차","없음","906498","1947253","126.441902","37.51983746","N"
"2017","2017-07-05 23","야","수","1","0","0","0","0","경기","남양주시","차대사람","횡단중","횡단중","안전운전 의무 불이행","교차로","교차로횡단보도내","승용차","보행자","972930","1969785","127.1928108","37.72726867","N"
"2017","2017-07-06 01","야","목","1","1","0","1","0","경남","함양군","차대차","추돌","추돌","안전운전 의무 불이행","단일로","기타단일로","화물차","화물차","1018465","1738722","127.7039645","35.64448548","N"
"2017","2017-07-06 04","야","목","1","1","0","1","0","경기","용인시","차대차","기타","기타","안전운전 의무 불이행","기타","기타","화물차","화물차","967786.6","1893519.8","127.1377667","37.03967336","N"
"2017","2017-07-06 05","야","목","1","0","0","0","0","경남","김해시","차대차","측면충돌","측면충돌","과속","교차로","교차로내","화물차","원동기장치자전거","1124568","1687384","128.8679626","35.1740271","N"
"2017","2017-07-06 11","주","목","1","0","0","0","0","충북","괴산군","차대차","추돌","추돌","안전운전 의무 불이행","단일로","기타단일로","화물차","농기계","1021521","1873012","127.7414165","36.8551134","N"
"2017","2017-07-06 12","주","목","1","0","0","0","0","경기","안성시","차대차","추돌","추돌","안전운전 의무 불이행","단일로","기타단일로","화물차","화물차","985170","1886972","127.3333673","36.98108478","N"
"2017","2017-07-06 13","주","목","1","0","0","0","0","충남","공주시","차대차","기타","기타","기타","교차로","교차로내","승용차","승용차","949721","1831734","126.9387033","36.48192005","N"
"2017","2017-07-06 15","주","목","1","2","0","2","0","전북","군산시","차대차","정면충돌","정면충돌","중앙선 침범","단일로","기타단일로","승용차","원동기장치자전거","939163","1781086","126.8247846","36.02471923","N"
"2017","2017-07-06 16","주","목","1","0","0","0","0","경기","군포시","차대사람","횡단중","횡단중","보행자 보호의무 위반","교차로","교차로횡단보도내","승합차","보행자","950580","1929867","126.9418816","37.36654747","N"
"2017","2017-07-06 20","야","목","1","0","0","0","0","경기","화성시","차대사람","횡단중","횡단중","과속","단일로","기타단일로","승용차","보행자","942763","1916021","126.8546734","37.24129854","N"
"2017","2017-07-06 21","야","목","1","0","0","0","0","서울","서대문구","차대차","측면충돌","측면충돌","신호위반","교차로","교차로내","승합차","이륜차","947556","1952942","126.9060887","37.57436163","N"
"2017","2017-07-06 22","야","목","1","0","0","0","0","강원","고성군","차대사람","차도통행중","차도통행중","안전운전 의무 불이행","기타","기타","승용차","보행자","1087923.7","2023425.1","128.5042543","38.20682879","N"
"2017","2017-07-07 00","야","금","1","2","1","1","0","경기","화성시","차대차","추돌","추돌","안전운전 의무 불이행","단일로","기타단일로","화물차","화물차","964038","1911806","127.0947376","37.20436933","N"
"2017","2017-07-07 00","야","금","1","0","0","0","0","경기","포천시","차대사람","횡단중","횡단중","안전운전 의무 불이행","교차로","교차로내","이륜차","보행자","968826","1980966","127.145759","37.82791324","N"
"2017","2017-07-07 02","야","금","1","0","0","0","0","전남","순천시","차대사람","횡단중","횡단중","안전운전 의무 불이행","교차로","교차로내","화물차","보행자","998919","1658205","127.4881653","34.91863409","N"
"2017","2017-07-07 15","주","금","1","7","1","6","0","경기","고양시","차대차","추돌","추돌","안전운전 의무 불이행","단일로","기타단일로","승용차","승용차","944963","1953650","126.8766722","37.58059146","N"
"2017","2017-07-07 21","야","금","1","0","0","0","0","경기","평택시","차대사람","횡단중","횡단중","안전운전 의무 불이행","교차로","교차로내","승합차","보행자","965641","1890780","127.1137654","37.0149002","N"
"2017","2017-07-07 21","야","금","1","2","0","2","0","경기","성남시","차대차","추돌","추돌","안전운전 의무 불이행","단일로","고가도로위","승용차","승용차","967736","1937231","127.1353046","37.43367943","Y"
"2017","2017-07-08 00","야","토","1","3","3","0","0","전남","해남군","차량단독","기타","기타","안전운전 의무 불이행","교차로","교차로부근","승용차","없음","893863.9","1634177.7","126.341177","34.69645309","Y"
"2017","2017-07-08 04","야","토","1","1","0","1","0","부산","영도구","차량단독","공작물충돌","공작물충돌","안전운전 의무 불이행","단일로","기타단일로","원동기장치자전거","없음","1141869","1676316.3","129.0559987","35.07196941","N"
"2017","2017-07-08 07","주","토","1","3","1","2","0","전북","남원시","차대차","정면충돌","정면충돌","안전운전 의무 불이행","단일로","기타단일로","승용차","승용차","985994","1704284","127.3458835","35.33404245","Y"
"2017","2017-07-08 08","주","토","1","0","0","0","0","경북","영덕군","차량단독","도로이탈","도로이탈 기타","안전운전 의무 불이행","단일로","기타단일로","농기계","없음","1161774","1824027","129.3040123","36.40013179","N"
"2017","2017-07-08 15","주","토","2","4","1","3","0","충남","예산군","차대차","측면충돌","측면충돌","신호위반","교차로","교차로내","승용차","화물차","944659","1848967","126.8809576","36.636989","N"
"2017","2017-07-08 16","주","토","1","0","0","0","0","경남","김해시","차대차","추돌","추돌","안전운전 의무 불이행","교차로","교차로부근","이륜차","승용차","1121971","1690818","128.8399585","35.20530223","N"
"2017","2017-07-08 17","주","토","1","0","0","0","0","경기","용인시","차대사람","횡단중","횡단중","보행자 보호의무 위반","교차로","교차로횡단보도내","승합차","보행자","976113","1916757","127.2306526","37.24938493","N"
"2017","2017-07-08 17","주","토","1","5","5","0","0","강원","양양군","차대차","정면충돌","정면충돌","중앙선 침범","기타","기타","승용차","승용차","1085112.1","2008804.6","128.4703981","38.07534814","N"
"2017","2017-07-08 17","주","토","1","0","0","0","0","경남","사천시","차대사람","기타","기타","안전운전 의무 불이행","교차로","교차로내","승용차","보행자","1052935","1660740","128.0796736","34.94011118","N"
"2017","2017-07-08 19","야","토","1","1","1","0","0","경기","안산시","차대차","정면충돌","정면충돌","안전운전 의무 불이행","교차로","교차로내","승합차","화물차","938242","1922862","126.8031359","37.30267011","N"
"2017","2017-07-08 19","야","토","1","0","0","0","0","강원","정선군","차대사람","차도통행중","차도통행중","안전운전 의무 불이행","단일로","기타단일로","승용차","보행자","1108067","1942168","128.722141","37.47242196","Y"
"2017","2017-07-08 21","야","토","1","0","0","0","0","경북","영양군","차량단독","전도전복","전도전복","안전운전 의무 불이행","단일로","교량위","승용차","없음","1154450","1862216","129.2300346","36.74545754","N"
"2017","2017-07-08 22","야","토","1","0","0","0","0","경기","수원시","차대사람","횡단중","횡단중","안전운전 의무 불이행","교차로","교차로내","승용차","보행자","958079","1918949","127.0271845","37.26850587","N"
"2017","2017-07-08 22","야","토","1","0","0","0","0","대전","동구","차대사람","횡단중","횡단중","과속","단일로","기타단일로","승용차","보행자","993946.2","1817289.1","127.4325288","36.35299583","N"
"2017","2017-07-09 00","야","일","1","0","0","0","0","경기","화성시","차대차","추돌","추돌","과속","단일로","기타단일로","승용차","이륜차","958149","1913572","127.0282762","37.22004209","N"
"2017","2017-07-09 03","야","일","1","0","0","0","0","부산","강서구","차량단독","전도전복","전도전복","안전운전 의무 불이행","기타","기타","이륜차","없음","1129305.5","1680229.8","128.9188544","35.10893723","N"
"2017","2017-07-09 08","주","일","1","0","0","0","0","충남","부여군","차대차","측면충돌","측면충돌","기타","교차로","교차로내","이륜차","화물차","940622","1792186","126.8401413","36.12487839","N"
"2017","2017-07-09 12","주","일","1","0","0","0","0","경북","영천시","차대차","추돌","추돌","안전거리 미확보","단일로","기타단일로","건설기계","이륜차","1131706","1772482","128.9601759","35.94016454","N"
"2017","2017-07-09 14","주","일","1","0","0","0","0","경기","양평군","차대차","기타","기타","중앙선 침범","단일로","기타단일로","이륜차","자전거","997169","1951622","127.4679442","37.56395337","N"
"2017","2017-07-09 14","주","일","2","14","4","9","1","서울","서초구","차대차","추돌","추돌","안전운전 의무 불이행","단일로","기타단일로","승합차","승용차","959978.9","1939704.6","127.0474904","37.45567211","N"
"2017","2017-07-09 16","주","일","1","0","0","0","0","전남","완도군","차대사람","기타","기타","안전운전 의무 불이행","단일로","기타단일로","승합차","보행자","919314","1579129","126.6242117","34.20239378","N"
"2017","2017-07-10 00","야","월","1","0","0","0","0","경기","김포시","차대차","측면충돌","측면충돌","기타","단일로","기타단일로","이륜차","승용차","931887","1957630","126.7282192","37.61558714","N"
"2017","2017-07-10 00","야","월","1","0","0","0","0","대구","달성군","차대사람","횡단중","횡단중","안전운전 의무 불이행","교차로","교차로내","화물차","보행자","1086123","1763339","128.453904","35.86282569","N"
"2017","2017-07-10 10","주","월","1","1","0","1","0","전북","순창군","차대차","측면충돌","측면충돌","안전운전 의무 불이행","단일로","기타단일로","농기계","승용차","975662","1717877","127.2317896","35.45640879","N"
"2017","2017-07-10 11","주","월","1","0","0","0","0","경북","상주시","차대차","기타","기타","안전운전 의무 불이행","단일로","기타단일로","화물차","이륜차","1063717","1830435","128.2111974","36.46941027","N"
"2017","2017-07-10 16","주","월","1","2","0","2","0","충남","공주시","차대차","추돌","추돌","기타","단일로","터널안","승용차","승용차","976358","1817845","127.2364881","36.35773598","N"
"2017","2017-07-10 17","주","월","1","0","0","0","0","전남","영광군","차대사람","기타","기타","안전운전 의무 불이행","교차로","교차로내","승용차","보행자","903426","1694524","126.4385666","35.24148","N"
"2017","2017-07-10 18","야","월","1","1","1","0","0","경기","여주시","차대차","측면충돌","측면충돌","중앙선 침범","단일로","기타단일로","승합차","승용차","1021739","1916047","127.7451062","37.24303763","N"
"2017","2017-07-10 19","야","월","1","1","0","1","0","강원","원주시","차대차","측면충돌","측면충돌","안전운전 의무 불이행","단일로","기타단일로","승용차","승용차","1034653","1909602","127.890409","37.18455219","N"
"2017","2017-07-10 19","야","월","1","0","0","0","0","전북","남원시","차량단독","도로이탈","도로이탈 추락","안전운전 의무 불이행","기타","기타","자전거","없음","982757","1701201","127.3103299","35.30619265","N"
"2017","2017-07-10 20","야","월","1","0","0","0","0","전남","목포시","차대차","측면충돌","측면충돌","안전운전 의무 불이행","단일로","기타단일로","승합차","자전거","896387.4","1646040.7","126.367265","34.80366932","N"
"2017","2017-07-10 21","야","월","1","0","0","0","0","인천","부평구","차대차","기타","기타","안전운전 의무 불이행","단일로","기타단일로","승용차","원동기장치자전거","932217.7","1947373.3","126.7329147","37.52317051","N"
"2017","2017-07-10 22","야","월","2","1","1","0","0","경기","성남시","차량단독","전도전복","전도전복","안전운전 의무 불이행","단일로","기타단일로","승용차","없음","962381","1932993","127.0749918","37.39527776","Y"
"2017","2017-07-10 22","야","월","1","8","3","5","0","경기","화성시","차대차","측면충돌","측면충돌","중앙선 침범","단일로","기타단일로","승용차","승합차","941319","1910633","126.8388178","37.19264398","N"
"2017","2017-07-11 04","야","화","1","0","0","0","0","경기","여주시","차량단독","공작물충돌","공작물충돌","안전운전 의무 불이행","기타","기타","승용차","없음","1006443","1922494","127.5727007","37.30138232","N"
"2017","2017-07-11 04","야","화","1","2","1","1","0","대구","수성구","차대차","측면충돌","측면충돌","중앙선 침범","단일로","기타단일로","승용차","승용차","1101960","1763923","128.6293621","35.86656946","N"
"2017","2017-07-11 07","주","화","1","0","0","0","0","강원","횡성군","차대차","추돌","추돌","안전운전 의무 불이행","단일로","기타단일로","화물차","농기계","1031847","1935733","127.8599173","37.42019151","N"
"2017","2017-07-11 08","주","화","1","0","0","0","0","전북","전주시","차대사람","횡단중","횡단중","안전운전 의무 불이행","교차로","교차로부근","승용차","보행자","966236","1755369","127.1263451","35.79417303","N"
"2017","2017-07-11 12","주","화","1","5","3","2","0","경남","함양군","차대차","측면충돌","측면충돌","신호위반","교차로","교차로내","화물차","승용차","1025465","1727628","127.7809361","35.54430129","N"
"2017","2017-07-11 17","주","화","1","0","0","0","0","충북","충주시","차량단독","전도전복","전도전복","안전운전 의무 불이행","단일로","기타단일로","화물차","없음","1027950","1890196","127.8141695","37.00984845","N"
"2017","2017-07-11 22","야","화","1","0","0","0","0","강원","고성군","차대사람","횡단중","횡단중","안전운전 의무 불이행","교차로","교차로내","화물차","보행자","1090606.1","2034492.4","128.5363034","38.3062905","N"
"2017","2017-07-11 22","야","화","1","0","0","0","0","경북","고령군","차대사람","차도통행중","차도통행중","안전운전 의무 불이행","교차로","교차로내","화물차","보행자","1067994","1745785","128.2516322","35.70599427","N"
"2017","2017-07-11 23","야","화","1","0","0","0","0","서울","영등포구","차대사람","횡단중","횡단중","과속","단일로","기타단일로","이륜차","보행자","946689","1947064","126.8966979","37.52133287","N"
"2017","2017-07-12 00","야","수","1","0","0","0","0","경기","화성시","차대사람","차도통행중","차도통행중","안전운전 의무 불이행","단일로","기타단일로","승용차","보행자","947997","1908455","126.9142093","37.17340821","N"
"2017","2017-07-12 00","야","수","1","3","1","2","0","충북","옥천군","차대차","추돌","추돌","안전운전 의무 불이행","단일로","기타단일로","화물차","특수차","1003250.7","1814879.6","127.5362198","36.33128672","N"
"2017","2017-07-12 02","야","수","1","1","1","0","0","강원","원주시","차대차","기타","기타","안전운전 의무 불이행","단일로","기타단일로","이륜차","화물차","1039822.5","1924674.8","127.9494547","37.32020869","N"
"2017","2017-07-12 03","야","수","1","0","0","0","0","부산","북구","차대차","측면충돌","측면충돌","안전운전 의무 불이행","교차로","교차로내","승용차","이륜차","1137303.5","1690289.8","129.0082623","35.19856011","N"
"2017","2017-07-12 04","야","수","1","0","0","0","0","경기","양주시","차대사람","횡단중","횡단중","안전운전 의무 불이행","단일로","기타단일로","화물차","보행자","953942","1971291","126.9772469","37.74008377","N"
"2017","2017-07-12 08","주","수","1","0","0","0","0","서울","강동구","차대사람","차도통행중","차도통행중","안전운전 의무 불이행","단일로","기타단일로","승용차","보행자","966582","1949741","127.1216924","37.54639717","N"
"2017","2017-07-12 09","주","수","1","0","0","0","0","전북","부안군","차대사람","횡단중","횡단중","안전운전 의무 불이행","교차로","교차로부근","승합차","보행자","930449","1748073","126.7309593","35.72651315","N"
"2017","2017-07-12 09","주","수","1","0","0","0","0","경북","포항시","차량단독","전도전복","전도전복","안전운전 의무 불이행","단일로","기타단일로","이륜차","없음","1168102","1771910","129.363393","35.92942484","N"
"2017","2017-07-12 09","주","수","1","0","0","0","0","경남","통영시","차대사람","횡단중","횡단중","안전운전 의무 불이행","교차로","교차로횡단보도내","화물차","보행자","1084507","1650464","128.4243372","34.84531696","N"
"2017","2017-07-12 10","주","수","1","0","0","0","0","충남","홍성군","철길건널목","철길건널목","철길건널목","기타","철길건널목","철길건널목","자전거","기타","921523","1833748","126.6237337","36.49817876","N"
"2017","2017-07-12 17","주","수","1","0","0","0","0","충북","청주시","차대사람","횡단중","횡단중","보행자 보호의무 위반","교차로","교차로횡단보도내","승용차","보행자","993809","1847195","127.4307602","36.62260265","Y"
"2017","2017-07-12 17","주","수","1","0","0","0","0","충남","금산군","차대사람","횡단중","횡단중","안전운전 의무 불이행","교차로","교차로내","화물차","보행자","998954","1788453","127.4883806","36.09303934","N"
"2017","2017-07-12 18","야","수","1","0","0","0","0","경기","수원시","차대차","기타","기타","기타","교차로","교차로부근","이륜차","승합차","958487","1921221","127.0316592","37.28900329","N"
"2017","2017-07-12 20","야","수","1","0","0","0","0","경기","파주시","차대사람","기타","기타","안전운전 의무 불이행","단일로","기타단일로","화물차","보행자","932121","1982251","126.7285721","37.83750129","N"
"2017","2017-07-12 21","야","수","1","1","1","0","0","서울","노원구","차대사람","횡단중","횡단중","안전운전 의무 불이행","단일로","기타단일로","승용차","보행자","961281","1963894","127.0609348","37.67375396","N"
"2017","2017-07-12 21","야","수","1","0","0","0","0","광주","북구","차대사람","횡단중","횡단중","안전운전 의무 불이행","교차로","교차로횡단보도내","화물차","보행자","948307","1687805","126.9322394","35.18421788","N"
"2017","2017-07-12 22","야","수","1","0","0","0","0","경기","성남시","차대사람","횡단중","횡단중","안전운전 의무 불이행","단일로","기타단일로","승용차","보행자","966934","1939714","127.126128","37.45603178","N"
"2017","2017-07-12 22","야","수","1","0","0","0","0","경기","양평군","차대사람","차도통행중","차도통행중","안전운전 의무 불이행","단일로","기타단일로","화물차","보행자","1003541","1935224","127.5400164","37.4161446","N"
"2017","2017-07-13 01","야","목","1","0","0","0","0","경기","화성시","차대사람","횡단중","횡단중","안전운전 의무 불이행","단일로","기타단일로","화물차","보행자","944587","1916230","126.8752216","37.24329265","N"
"2017","2017-07-13 02","야","목","1","1","1","0","0","경기","고양시","차대사람","기타","기타","안전운전 의무 불이행","단일로","기타단일로","승용차","보행자","944775","1953807","126.8745313","37.58199524","N"
"2017","2017-07-13 08","주","목","1","0","0","0","0","경기","화성시","차대차","기타","기타","안전운전 의무 불이행","단일로","기타단일로","원동기장치자전거","건설기계","943375","1919209","126.8613305","37.27007091","N"
"2017","2017-07-13 09","주","목","1","0","0","0","0","충북","영동군","차량단독","기타","기타","안전운전 의무 불이행","교차로","교차로내","농기계","없음","1023712","1792634","127.763528","36.13044498","N"
"2017","2017-07-13 10","주","목","1","0","0","0","0","제주","서귀포시","차대사람","차도통행중","차도통행중","안전운전 의무 불이행","단일로","기타단일로","승용차","보행자","945335","1495754","126.9118064","33.45215166","N"
"2017","2017-07-13 11","주","목","1","3","1","2","0","경기","남양주시","차대사람","횡단중","횡단중","안전운전 의무 불이행","기타","기타","승용차","보행자","982975","1961443","127.3069952","37.65232144","N"
"2017","2017-07-13 12","주","목","1","0","0","0","0","인천","옹진군","차대차","측면충돌","측면충돌","안전운전 의무 불이행","단일로","기타단일로","승용차","이륜차","913874","1916387","126.5289535","37.24237449","N"
"2017","2017-07-13 15","주","목","1","0","0","0","0","서울","성동구","차대차","측면충돌","측면충돌","안전운전 의무 불이행","교차로","교차로내","자전거","승용차","961297","1949361","127.0618852","37.54276527","N"
"2017","2017-07-13 16","주","목","1","1","1","0","0","전북","장수군","차대차","기타","기타","안전운전 의무 불이행","단일로","터널안","승용차","화물차","1005252","1747971","127.5580742","35.72803699","N"
"2017","2017-07-13 18","야","목","1","1","1","0","0","전북","익산시","차대차","측면충돌","측면충돌","신호위반","교차로","교차로내","승용차","승용차","955145.5","1779304.7","127.0022645","36.00952733","N"
"2017","2017-07-13 20","야","목","1","0","0","0","0","인천","남동구","차대사람","차도통행중","차도통행중","안전운전 의무 불이행","단일로","기타단일로","승합차","보행자","931541","1939365","126.7260022","37.45094283","N"
"2017","2017-07-14 02","야","금","1","0","0","0","0","경기","부천시","차대사람","횡단중","횡단중","과속","단일로","기타단일로","승용차","보행자","935653","1945173","126.7719813","37.50358549","N"
"2017","2017-07-14 02","야","금","1","1","1","0","0","강원","횡성군","차대차","정면충돌","정면충돌","중앙선 침범","단일로","기타단일로","승용차","승용차","1044667.5","1943297.2","128.0052616","37.48784067","N"
"2017","2017-07-14 07","주","금","1","2","0","2","0","부산","동래구","차대차","측면충돌","측면충돌","안전운전 의무 불이행","단일로","기타단일로","승용차","화물차","1142677","1691493","129.0674787","35.20865596","N"
"2017","2017-07-14 07","주","금","1","0","0","0","0","대구","수성구","차대사람","횡단중","횡단중","보행자 보호의무 위반","단일로","기타단일로","건설기계","보행자","1101472","1760703","128.6235481","35.83759369","Y"
"2017","2017-07-14 09","주","금","1","0","0","0","0","전북","익산시","차대사람","횡단중","횡단중","안전운전 의무 불이행","교차로","교차로횡단보도내","건설기계","보행자","953828","1772468","126.9880434","35.94782872","N"
"2017","2017-07-14 11","주","금","1","1","0","1","0","인천","계양구","차대차","추돌","추돌","안전운전 의무 불이행","단일로","기타단일로","화물차","승용차","933676","1949395.7","126.7492341","37.54150412","N"
"2017","2017-07-14 11","주","금","1","0","0","0","0","경기","남양주시","차량단독","전도","전도","안전운전 의무 불이행","단일로","기타단일로","이륜차","없음","971593","1959953","127.1780221","37.63860994","N"
"2017","2017-07-14 12","주","금","1","0","0","0","0","서울","은평구","차대차","측면충돌","측면충돌","안전운전 의무 불이행","교차로","교차로부근","이륜차","건설기계","946064","1954219","126.8890992","37.58578505","N"
"2017","2017-07-14 17","주","금","1","0","0","0","0","전남","담양군","차량단독","도로이탈","도로이탈 추락","안전운전 의무 불이행","단일로","기타단일로","승용차","없음","958107","1694690","127.039522","35.24675548","N"
"2017","2017-07-14 21","야","금","1","0","0","0","0","전북","익산시","차대사람","횡단중","횡단중","안전운전 의무 불이행","교차로","교차로횡단보도내","화물차","보행자","954304.9","1773835.1","126.9932523","35.96017646","N"
"2017","2017-07-14 22","야","금","1","0","0","0","0","서울","용산구","차대차","기타","기타","과속","단일로","교량위","이륜차","승용차","950984","1947652","126.9452615","37.5268709","N"
"2017","2017-07-14 22","야","금","1","0","0","0","0","서울","강동구","차대사람","횡단중","횡단중","안전운전 의무 불이행","단일로","기타단일로","승용차","보행자","966461","1949442","127.1203363","37.54369777","N"
"2017","2017-07-14 23","야","금","1","0","0","0","0","전북","진안군","차량단독","기타","기타","안전운전 의무 불이행","단일로","기타단일로","화물차","없음","990905","1744524","127.3994708","35.69692958","N"
"2017","2017-07-15 08","주","토","1","0","0","0","0","경남","창원시(통합)","차대차","기타","기타","안전운전 의무 불이행","교차로","교차로횡단보도내","화물차","원동기장치자전거","1105219","1692856","128.6562196","35.22557205","N"