"발생년","발생년월일시","주야","요일","사망자수","부상자수","중상자수","경상자수","부상신고자수","발생지시도","발생지시군구","사고유형_대분류","사고유형_중분류","사고유형","가해자법규위반","도로형태_대분류","도로형태","가해자_당사자종별","피해자_당사자종별","발생위치(X_UTMK)","발생위치(Y_UTMK)","경도","위도"," 어린이사고 여부"
"2017","2017-07-15 11","주","토","1","0","0","0","0","서울","양천구","차대사람","기타","기타","안전운전 의무 불이행","교차로","교차로내","화물차","보행자","943819","1949560","126.8640299","37.5436591","N"
"2017","2017-07-15 15","주","토","1","0","0","0","0","경북","예천군","차대사람","기타","기타","안전운전 의무 불이행","교차로","교차로부근","승용차","보행자","1088225","1850172","128.4869799","36.64537145","N"
"2017","2017-07-15 16","주","토","1","1","0","1","0","충남","아산시","차대차","정면충돌","정면충돌","중앙선 침범","단일로","기타단일로","화물차","화물차","961798","1876952","127.071266","36.89010272","N"
"2017","2017-07-15 18","야","토","1","0","0","0","0","전북","남원시","차량단독","전도전복","전도전복","안전운전 의무 불이행","교차로","교차로부근","화물차","없음","1014079","1715102","127.6551064","35.43158557","N"
"2017","2017-07-15 21","야","토","1","0","0","0","0","전남","여수시","차량단독","도로이탈","도로이탈 추락","안전운전 의무 불이행","교차로","교차로내","화물차","없음","1014122","1644011","127.6543664","34.79054015","N"
"2017","2017-07-15 21","야","토","1","0","0","0","0","대구","남구","차대사람","횡단중","횡단중","안전운전 의무 불이행","단일로","기타단일로","승용차","보행자","1099174","1762583","128.5983414","35.85477616","N"
"2017","2017-07-15 22","야","토","1","0","0","0","0","전북","익산시","차대사람","횡단중","횡단중","안전운전 의무 불이행","교차로","교차로부근","승합차","보행자","951214.7","1773083.1","126.9590303","35.95324713","N"
"2017","2017-07-16 04","야","일","1","0","0","0","0","경기","군포시","차대사람","횡단중","횡단중","과속","교차로","교차로횡단보도내","승용차","보행자","950417","1930307","126.9400113","37.37050468","N"
"2017","2017-07-16 04","야","일","1","0","0","0","0","대구","달성군","차량단독","공작물충돌","공작물충돌","과속","교차로","교차로내","승용차","없음","1090106","1756817","128.497278","35.80367265","N"
"2017","2017-07-16 08","주","일","2","0","0","0","0","충북","진천군","차량단독","공작물충돌","공작물충돌","안전운전 의무 불이행","단일로","기타단일로","승용차","없음","999320","1870021","127.4923746","36.82839542","N"
"2017","2017-07-16 13","주","일","2","0","0","0","0","전남","담양군","차대차","측면충돌","측면충돌","안전운전 의무 불이행","교차로","교차로내","승용차","승합차","949210.2","1701039.3","126.9413413","35.30359301","N"
"2017","2017-07-16 15","주","일","1","8","2","6","0","충북","충주시","차대차","추돌","추돌","안전운전 의무 불이행","단일로","기타단일로","승용차","승용차","1030777","1887137","127.8458208","36.98218543","N"
"2017","2017-07-16 15","주","일","1","3","0","3","0","충남","서천군","차대차","측면충돌","측면충돌","중앙선 침범","단일로","기타단일로","화물차","승합차","935088","1786521","126.7791136","36.07345343","N"
"2017","2017-07-16 16","주","일","1","0","0","0","0","전남","담양군","차대차","측면충돌","측면충돌","안전운전 의무 불이행","단일로","기타단일로","원동기장치자전거","승용차","952057","1701269","126.9726398","35.30580471","N"
"2017","2017-07-16 16","주","일","1","0","0","0","0","경기","포천시","차량단독","전도전복","전도전복","안전운전 의무 불이행","단일로","기타단일로","화물차","없음","975855","1993612","127.2252078","37.94210444","N"
"2017","2017-07-16 18","야","일","1","0","0","0","0","전북","군산시","차대사람","횡단중","횡단중","안전운전 의무 불이행","단일로","기타단일로","승용차","보행자","931267.5","1774989.8","126.73769","35.9692357","N"
"2017","2017-07-16 22","야","일","1","0","0","0","0","경남","창원시(통합)","차량단독","전도","전도","안전운전 의무 불이행","단일로","기타단일로","원동기장치자전거","없음","1109376","1688342","128.7012913","35.18443279","N"
"2017","2017-07-17 00","야","월","1","0","0","0","0","전북","군산시","차대차","측면충돌","측면충돌","안전운전 의무 불이행","교차로","교차로내","승용차","이륜차","930865.8","1775391.7","126.7332","35.97283052","N"
"2017","2017-07-17 02","야","월","1","0","0","0","0","경기","파주시","차대차","측면충돌","측면충돌","안전운전 의무 불이행","단일로","기타단일로","승용차","화물차","932895","1981277","126.737458","37.82878054","N"
"2017","2017-07-17 07","주","월","1","0","0","0","0","충남","홍성군","차대차","측면충돌","측면충돌","신호위반","교차로","교차로내","화물차","승용차","912972","1846573","126.5268173","36.61304137","N"
"2017","2017-07-17 09","주","월","1","0","0","0","0","제주","제주시","차량단독","전도","전도","안전운전 의무 불이행","단일로","기타단일로","농기계","없음","931276","1506465","126.7597201","33.54794322","N"
"2017","2017-07-17 09","주","월","1","0","0","0","0","경기","남양주시","차대사람","횡단중","횡단중","안전운전 의무 불이행","기타","기타","승용차","보행자","971979","1967655","127.1821011","37.70804195","N"
"2017","2017-07-17 11","주","월","1","0","0","0","0","충남","서산시","차대사람","횡단중","횡단중","안전운전 의무 불이행","교차로","교차로횡단보도내","화물차","보행자","907141","1865352","126.4593429","36.78175374","N"
"2017","2017-07-17 15","주","월","1","0","0","0","0","광주","남구","차대사람","횡단중","횡단중","안전운전 의무 불이행","단일로","기타단일로","승합차","보행자","945378","1682217.2","126.9004406","35.13367924","N"
"2017","2017-07-17 15","주","월","1","0","0","0","0","대전","동구","차대차","측면충돌","측면충돌","안전운전 의무 불이행","단일로","기타단일로","이륜차","승용차","995001","1814397","127.4443034","36.32692837","N"
"2017","2017-07-17 16","주","월","1","0","0","0","0","경기","용인시","차대차","측면충돌","측면충돌","교차로 통행방법 위반","교차로","교차로내","건설기계","자전거","974680","1915634","127.2145326","37.23922441","N"
"2017","2017-07-17 19","야","월","2","0","0","0","0","충남","공주시","차량단독","전도전복","전도전복","안전운전 의무 불이행","단일로","기타단일로","승용차","없음","957509","1833031","127.0255715","36.49398965","N"
"2017","2017-07-17 19","야","월","1","0","0","0","0","울산","남구","차대차","측면충돌","측면충돌","안전거리 미확보","교차로","교차로부근","승용차","승용차","1168840","1723408","129.361376","35.49221789","N"
"2017","2017-07-17 21","야","월","2","0","0","0","0","경기","이천시","차대차","정면충돌","정면충돌","안전운전 의무 불이행","단일로","기타단일로","승용차","원동기장치자전거","993650","1924278","127.4283334","37.31746384","N"
"2017","2017-07-18 01","야","화","1","0","0","0","0","강원","양양군","차대사람","횡단중","횡단중","안전운전 의무 불이행","교차로","교차로내","승용차","보행자","1098939","2011264","128.6283587","38.09610261","N"
"2017","2017-07-18 03","야","화","1","0","0","0","0","전남","담양군","차량단독","공작물충돌","공작물충돌","안전운전 의무 불이행","단일로","기타단일로","승용차","없음","956441","1704744","127.0206761","35.33733822","N"
"2017","2017-07-18 04","야","화","1","0","0","0","0","경북","경산시","차대차","기타","기타","안전운전 의무 불이행","단일로","기타단일로","승용차","농기계","1111306","1760429","128.7323752","35.83405661","N"
"2017","2017-07-18 10","주","화","1","0","0","0","0","경기","안성시","차대차","기타","기타","안전운전 의무 불이행","교차로","교차로내","화물차","농기계","971789","1892785","127.1827998","37.03317857","N"
"2017","2017-07-18 11","주","화","1","1","0","1","0","경북","경산시","차대차","정면충돌","정면충돌","안전운전 의무 불이행","교차로","교차로내","이륜차","승용차","1118511","1760591","128.8121545","35.83467245","N"
"2017","2017-07-18 12","주","화","1","1","1","0","0","서울","서초구","차대사람","횡단중","횡단중","보행자 보호의무 위반","단일로","기타단일로","승용차","보행자","955344","1944813","126.9947765","37.50150363","N"
"2017","2017-07-18 12","주","화","1","0","0","0","0","충북","옥천군","차대차","측면충돌","측면충돌","안전운전 의무 불이행","교차로","교차로내","원동기장치자전거","승용차","1005985","1811649","127.566661","36.30214825","N"
"2017","2017-07-18 12","주","화","1","0","0","0","0","경남","창녕군","차대차","측면충돌","측면충돌","안전운전 의무 불이행","단일로","기타단일로","화물차","이륜차","1091747","1721950","128.5114678","35.4891925","N"
"2017","2017-07-18 14","주","화","1","0","0","0","0","충북","청주시","차대차","측면충돌","측면충돌","안전운전 의무 불이행","단일로","기타단일로","승용차","화물차","993347.6","1830280.1","127.4257459","36.47010984","N"
"2017","2017-07-18 16","주","화","1","0","0","0","0","경기","안양시","차대사람","보도통행중","보도통행중","안전운전 의무 불이행","단일로","기타단일로","자전거","보행자","951625.2","1932076.8","126.9535404","37.38652049","N"
"2017","2017-07-18 17","주","화","1","2","0","2","0","충북","청주시","차대차","측면충돌","측면충돌","신호위반","교차로","교차로내","이륜차","승용차","993492","1857696","127.4271257","36.71726625","N"
"2017","2017-07-18 17","주","화","1","0","0","0","0","경남","거제시","차대차","측면충돌","측면충돌","중앙선 침범","기타","기타","화물차","이륜차","1105510","1658586","128.6550548","34.91658059","N"
"2017","2017-07-18 18","야","화","1","1","0","1","0","경기","양평군","차량단독","공작물충돌","공작물충돌","안전운전 의무 불이행","단일로","교량위","이륜차","없음","983873","1948567","127.3174591","37.53628013","N"
"2017","2017-07-18 19","야","화","1","0","0","0","0","경기","군포시","차대사람","기타","기타","안전운전 의무 불이행","교차로","교차로횡단보도내","화물차","보행자","950111","1926311","126.9368247","37.3344705","N"
"2017","2017-07-19 02","야","수","1","0","0","0","0","강원","춘천시","차대사람","차도통행중","차도통행중","안전운전 의무 불이행","단일로","기타단일로","화물차","보행자","1022991.3","1982762.7","127.7613163","37.84434995","N"
"2017","2017-07-19 05","야","수","1","0","0","0","0","경남","창원시(통합)","차량단독","전도전복","전도전복","안전운전 의무 불이행","단일로","기타단일로","화물차","없음","1105399","1697775","128.6588281","35.26989903","N"
"2017","2017-07-19 10","주","수","1","1","0","1","0","전북","완주군","차대차","측면충돌","측면충돌","신호위반","교차로","교차로내","승용차","화물차","965830","1774517","127.1210306","35.96679595","N"
"2017","2017-07-19 15","주","수","1","0","0","0","0","전남","진도군","차대사람","횡단중","횡단중","보행자 보호의무 위반","교차로","교차로횡단보도내","화물차","보행자","887940","1604199","126.2804629","34.42553185","N"
"2017","2017-07-19 17","주","수","1","0","0","0","0","경남","창원시(통합)","차대차","측면충돌","측면충돌","안전운전 의무 불이행","단일로","기타단일로","승용차","원동기장치자전거","1090673","1681106","128.4951095","35.12105732","N"
"2017","2017-07-19 17","주","수","1","0","0","0","0","경기","남양주시","차대차","측면충돌","측면충돌","기타","단일로","기타단일로","사륜오토바이(ATV)","화물차","971687","1966813","127.1788211","37.70044385","N"
"2017","2017-07-19 19","야","수","1","0","0","0","0","강원","원주시","차량단독","전도전복","전도전복","안전운전 의무 불이행","단일로","기타단일로","사륜오토바이(ATV)","없음","1029725","1920229","127.8353139","37.28051306","N"
"2017","2017-07-19 20","야","수","1","1","1","0","0","경남","창녕군","차대차","기타","기타","안전운전 의무 불이행","단일로","기타단일로","승용차","이륜차","1091614","1722492","128.5100629","35.49409107","N"
"2017","2017-07-20 00","야","목","1","0","0","0","0","서울","도봉구","차대차","측면충돌","측면충돌","안전운전 의무 불이행","교차로","교차로부근","승용차","자전거","959420","1963582","127.0398494","37.67086142","N"
"2017","2017-07-20 00","야","목","1","0","0","0","0","경기","평택시","차대사람","횡단중","횡단중","과속","교차로","교차로횡단보도내","승용차","보행자","965623","1888543","127.1136651","36.99473473","N"
"2017","2017-07-20 00","야","목","1","0","0","0","0","충북","청주시","차대차","기타","기타","중앙선 침범","교차로","교차로횡단보도내","자전거","승용차","1000107","1852758","127.5011975","36.67277301","N"
"2017","2017-07-20 03","야","목","1","0","0","0","0","강원","춘천시","차대사람","횡단중","횡단중","보행자 보호의무 위반","교차로","교차로부근","화물차","보행자","1021243.3","1987833","127.7415981","37.89009109","N"
"2017","2017-07-20 05","야","목","1","0","0","0","0","전북","고창군","차대사람","길가장자리구역통행중","길가장자리구역통행중","안전운전 의무 불이행","단일로","기타단일로","화물차","보행자","912062","1723711","126.5303284","35.50541329","N"
"2017","2017-07-20 08","주","목","1","0","0","0","0","경기","용인시","차대사람","횡단중","횡단중","안전운전 의무 불이행","교차로","교차로내","승용차","보행자","965613","1901971","127.1129384","37.11577624","N"
"2017","2017-07-20 08","주","목","1","0","0","0","0","전남","해남군","차량단독","전도전복","전도전복","안전운전 의무 불이행","단일로","기타단일로","농기계","없음","911232.7","1591928.2","126.5351885","34.31714992","N"
"2017","2017-07-20 10","주","목","1","0","0","0","0","경남","밀양시","차대차","추돌","추돌","안전거리 미확보","단일로","기타단일로","화물차","화물차","1115821","1721585","128.7767676","35.48338597","N"
"2017","2017-07-20 12","주","목","1","0","0","0","0","경북","예천군","차량단독","전도","전도","안전운전 의무 불이행","단일로","기타단일로","건설기계","없음","1076199","1841016","128.3515509","36.56387766","N"
"2017","2017-07-20 17","주","목","1","0","0","0","0","전북","장수군","차량단독","전도전복","전도전복","안전운전 의무 불이행","단일로","기타단일로","건설기계","없음","1001101","1749946","127.5121771","35.74585766","N"
"2017","2017-07-20 18","야","목","1","1","1","0","0","충남","천안시","차대차","정면충돌","정면충돌","중앙선 침범","단일로","기타단일로","승용차","승용차","983771","1861960","127.318183","36.75558889","N"
"2017","2017-07-20 21","야","목","1","2","1","0","1","경기","화성시","차대차","추돌","추돌","안전운전 의무 불이행","단일로","기타단일로","승용차","화물차","952784","1910146","126.9680236","37.18890478","N"
"2017","2017-07-20 21","야","목","1","0","0","0","0","경북","구미시","차량단독","전도전복","전도전복","안전운전 의무 불이행","단일로","기타단일로","이륜차","없음","1076529","1804458","128.351635","36.23430507","N"
"2017","2017-07-20 22","야","목","1","1","1","0","0","대구","북구","차대차","측면충돌","측면충돌","신호위반","교차로","교차로내","화물차","화물차","1098936","1767794.5","128.5963533","35.90177915","N"
"2017","2017-07-20 22","야","목","1","0","0","0","0","광주","서구","차대사람","횡단중","횡단중","안전운전 의무 불이행","교차로","교차로횡단보도내","승용차","보행자","944067","1683053","126.8859945","35.14114337","N"
"2017","2017-07-21 00","야","금","1","0","0","0","0","경남","하동군","차량단독","전도전복","전도전복","안전운전 의무 불이행","단일로","기타단일로","화물차","없음","1028400","1666796","127.8112104","34.99570517","N"
"2017","2017-07-21 01","야","금","1","2","2","0","0","경기","평택시","차량단독","전도전복","전도전복","안전운전 의무 불이행","단일로","기타단일로","승용차","없음","961995","1892510","127.0726938","37.03035421","N"
"2017","2017-07-21 05","야","금","1","1","0","1","0","경북","군위군","차량단독","공작물충돌","공작물충돌","안전운전 의무 불이행","단일로","기타단일로","화물차","없음","1095890","1806849","128.5673521","36.25413014","N"
"2017","2017-07-21 08","주","금","1","0","0","0","0","전남","고흥군","차대사람","횡단중","횡단중","안전운전 의무 불이행","단일로","기타단일로","건설기계","보행자","965968","1608878","127.1294134","34.47324727","N"
"2017","2017-07-21 09","주","금","1","0","0","0","0","전북","정읍시","차대사람","횡단중","횡단중","과속","단일로","기타단일로","화물차","보행자","946003","1743331","126.9032525","35.68473601","N"
"2017","2017-07-21 10","주","금","1","0","0","0","0","경기","파주시","차대사람","횡단중","횡단중","보행자 보호의무 위반","교차로","교차로횡단보도내","승합차","보행자","933860","1969575","126.7494898","37.72338713","N"
"2017","2017-07-21 12","주","금","1","0","0","0","0","경북","문경시","차량단독","공작물충돌","공작물충돌","안전운전 의무 불이행","단일로","기타단일로","화물차","없음","1058612","1847719","128.1555342","36.62554329","N"
"2017","2017-07-21 21","야","금","1","0","0","0","0","대구","북구","차대사람","기타","기타","안전운전 의무 불이행","단일로","기타단일로","자전거","보행자","1100766","1770151","128.6169275","35.92283465","N"
"2017","2017-07-21 23","야","금","1","0","0","0","0","경기","수원시","차대차","정면충돌","정면충돌","신호위반","교차로","교차로내","승용차","승합차","950577","1918875","126.9425798","37.26747072","N"
"2017","2017-07-22 01","야","토","1","2","2","0","0","경기","김포시","차대차","측면충돌","측면충돌","안전운전 의무 불이행","교차로","교차로내","승용차","특수차","922861","1960724","126.6256302","37.6427584","N"
"2017","2017-07-22 01","야","토","1","0","0","0","0","경기","화성시","차량단독","전도전복","전도전복","안전운전 의무 불이행","단일로","기타단일로","개인형이동수단(PM)","없음","947402","1901345","126.9080068","37.10928725","N"
"2017","2017-07-22 03","야","토","1","1","0","1","0","서울","용산구","차대사람","기타","기타","안전운전 의무 불이행","단일로","기타단일로","승용차","보행자","954630","1948816","126.9864516","37.53754894","N"
"2017","2017-07-22 03","야","토","1","0","0","0","0","서울","서초구","차대사람","횡단중","횡단중","안전운전 의무 불이행","단일로","기타단일로","승용차","보행자","957842","1945085","127.0230215","37.50407274","N"
"2017","2017-07-22 07","주","토","1","0","0","0","0","전남","영암군","차량단독","전도전복","전도전복","안전운전 의무 불이행","단일로","기타단일로","원동기장치자전거","없음","918544","1651874","126.608894","34.85827933","N"
"2017","2017-07-22 08","주","토","1","0","0","0","0","경남","통영시","차대사람","기타","기타","안전운전 의무 불이행","교차로","교차로부근","건설기계","보행자","1081620","1656885","128.3933888","34.90344796","N"
"2017","2017-07-22 10","주","토","1","0","0","0","0","전남","영암군","차량단독","전도","전도","안전운전 의무 불이행","단일로","기타단일로","자전거","없음","913594.1","1635738.1","126.5564082","34.71238066","N"
"2017","2017-07-22 12","주","토","1","3","1","2","0","서울","도봉구","차대차","추돌","추돌","안전운전 의무 불이행","단일로","기타단일로","승용차","승용차","958084","1961514","127.0248193","37.65216224","N"
"2017","2017-07-22 12","주","토","1","1","0","0","1","인천","옹진군","차량단독","공작물충돌","공작물충돌","안전운전 의무 불이행","교차로","교차로부근","자전거","없음","894639","1917454","126.3119719","37.25001366","Y"
"2017","2017-07-22 20","야","토","1","0","0","0","0","서울","서초구","차대사람","횡단중","횡단중","안전운전 의무 불이행","단일로","기타단일로","승용차","보행자","956336","1944106","127.0060412","37.49517867","N"
"2017","2017-07-22 20","야","토","1","0","0","0","0","강원","영월군","차대사람","기타","기타","안전운전 의무 불이행","단일로","기타단일로","승용차","보행자","1077816","1913301","128.3770419","37.21529151","N"
"2017","2017-07-22 23","야","토","1","2","2","0","0","강원","삼척시","차대차","추돌","추돌","과속","단일로","기타단일로","승용차","승합차","1151609","1934094","129.2127306","37.3935596","N"
"2017","2017-07-23 00","야","일","1","0","0","0","0","제주","서귀포시","차대사람","횡단중","횡단중","안전운전 의무 불이행","교차로","교차로내","승용차","보행자","944341","1498189","126.9009605","33.47406224","N"
"2017","2017-07-23 09","주","일","1","6","2","4","0","강원","인제군","차대차","기타","기타","과속","단일로","기타단일로","승합차","승합차","1059949","2008483","128.183499","38.07446845","N"
"2017","2017-07-23 09","주","일","1","0","0","0","0","충북","영동군","차량단독","도로이탈","도로이탈 기타","안전운전 의무 불이행","단일로","기타단일로","승용차","없음","1011750","1797754","127.630663","36.17682401","N"
"2017","2017-07-23 09","주","일","1","0","0","0","0","경북","의성군","차대차","측면충돌","측면충돌","기타","교차로","교차로내","특수차","이륜차","1083518","1819013","128.4309595","36.36492937","N"
"2017","2017-07-23 11","주","일","1","2","0","2","0","서울","송파구","차대차","정면충돌","정면충돌","신호위반","교차로","교차로내","승용차","승용차","967917","1941806","127.1371513","37.47492274","N"
"2017","2017-07-23 14","주","일","1","2","1","0","1","강원","양구군","차량단독","전도","전도","과속","단일로","터널안","승용차","없음","1044852.8","2011826.9","128.0115995","38.10547993","N"
"2017","2017-07-23 17","주","일","2","2","1","1","0","서울","은평구","차대차","기타","기타","신호위반","교차로","교차로내","이륜차","승용차","949808","1956754","126.9313294","37.60884504","Y"
"2017","2017-07-23 19","야","일","1","0","0","0","0","전북","고창군","차대사람","기타","기타","기타","교차로","교차로내","화물차","보행자","918915","1718901","126.6063664","35.46263183","N"
"2017","2017-07-23 21","야","일","2","0","0","0","0","충남","보령시","차대사람","길가장자리구역통행중","길가장자리구역통행중","안전운전 의무 불이행","단일로","기타단일로","승용차","보행자","915228","1832610","126.5535775","36.48738395","N"
"2017","2017-07-23 23","야","일","1","1","0","1","0","충남","천안시","차량단독","공작물충돌","공작물충돌","안전운전 의무 불이행","단일로","기타단일로","승용차","없음","964335","1866731","127.1002175","36.79806537","N"
"2017","2017-07-24 01","야","월","1","0","0","0","0","경기","고양시","차량단독","전도전복","전도전복","안전운전 의무 불이행","단일로","기타단일로","승용차","없음","940069","1956947","126.8209781","37.61000126","N"
"2017","2017-07-24 03","야","월","1","0","0","0","0","경기","성남시","차대사람","횡단중","횡단중","안전운전 의무 불이행","교차로","교차로부근","승용차","보행자","966994","1938879","127.1268438","37.44850761","N"
"2017","2017-07-24 08","주","월","1","0","0","0","0","전남","여수시","차량단독","기타","기타","기타","단일로","기타단일로","화물차","없음","1027097","1623177","127.7955252","34.60240139","N"
"2017","2017-07-24 10","주","월","1","0","0","0","0","전남","여수시","차대사람","횡단중","횡단중","안전운전 의무 불이행","교차로","교차로내","승용차","보행자","1015839.6","1640788.8","127.6730806","34.76145795","N"
"2017","2017-07-24 10","주","월","1","0","0","0","0","경기","연천군","차대사람","횡단중","횡단중","안전운전 의무 불이행","교차로","교차로내","화물차","보행자","962067","2002844","127.0678033","38.02483831","N"
"2017","2017-07-24 14","주","월","1","0","0","0","0","대구","동구","차량단독","기타","기타","안전운전 의무 불이행","단일로","기타단일로","화물차","없음","1112634","1764492","128.7476494","35.87052893","N"
"2017","2017-07-24 14","주","월","1","0","0","0","0","울산","중구","차대사람","횡단중","횡단중","보행자 보호의무 위반","교차로","교차로횡단보도내","화물차","보행자","1165000","1730305","129.3204648","35.55501987","N"
"2017","2017-07-24 15","주","월","1","0","0","0","0","강원","강릉시","차량단독","전도","전도","안전운전 의무 불이행","단일로","기타단일로","이륜차","없음","1127405","1954335","128.9428884","37.57959194","N"
"2017","2017-07-24 16","주","월","1","0","0","0","0","부산","사상구","차대사람","횡단중","횡단중","안전운전 의무 불이행","교차로","교차로부근","화물차","보행자","1134785","1689365.2","128.980454","35.19056703","N"
"2017","2017-07-24 22","야","월","1","0","0","0","0","대구","달서구","차대사람","횡단중","횡단중","안전운전 의무 불이행","교차로","교차로횡단보도내","화물차","보행자","1089548","1762593","128.4917507","35.85579348","N"
"2017","2017-07-24 23","야","월","1","0","0","0","0","경기","화성시","차량단독","공작물충돌","공작물충돌","안전운전 의무 불이행","단일로","기타단일로","승용차","없음","958311","1912832","127.0301435","37.21337913","N"
"2017","2017-07-25 00","야","화","1","0","0","0","0","경기","수원시","차대사람","횡단중","횡단중","과속","교차로","교차로부근","승용차","보행자","950869","1919591","126.9458257","37.27393991","N"
"2017","2017-07-25 04","야","화","1","0","0","0","0","충남","서산시","차량단독","공작물충돌","공작물충돌","안전운전 의무 불이행","교차로","교차로부근","승용차","없음","905803","1880022","126.4425309","36.91384417","N"
"2017","2017-07-25 05","야","화","1","1","1","0","0","부산","사상구","차대차","측면충돌","측면충돌","중앙선 침범","단일로","기타단일로","이륜차","승용차","1135755","1688901","128.9910286","35.18625199","N"
"2017","2017-07-25 05","야","화","1","0","0","0","0","경남","산청군","차량단독","전도전복","전도전복","안전운전 의무 불이행","단일로","기타단일로","화물차","없음","1044535","1699099","127.9897565","35.2863962","N"
"2017","2017-07-25 06","주","화","1","0","0","0","0","인천","미추홀구","차대차","정면충돌","정면충돌","중앙선 침범","단일로","기타단일로","기타","승용차","924082","1940080","126.6416053","37.45680458","N"
"2017","2017-07-25 12","주","화","1","0","0","0","0","경북","경주시","차대사람","횡단중","횡단중","안전운전 의무 불이행","단일로","기타단일로","화물차","보행자","1153623","1764802","129.2015895","35.8677505","N"
"2017","2017-07-25 14","주","화","1","0","0","0","0","서울","양천구","차대사람","차도통행중","차도통행중","안전운전 의무 불이행","단일로","기타단일로","승용차","보행자","942847","1946209","126.8532883","37.51339661","N"
"2017","2017-07-25 19","야","화","1","0","0","0","0","경북","의성군","차대차","측면충돌","측면충돌","안전운전 의무 불이행","교차로","교차로내","승용차","원동기장치자전거","1107623","1817696","128.6994241","36.35066318","N"
"2017","2017-07-25 20","야","화","1","0","0","0","0","경남","창녕군","차대차","추돌","추돌","안전운전 의무 불이행","단일로","기타단일로","특수차","이륜차","1091830","1714382","128.5115283","35.42095664","N"
"2017","2017-07-25 21","야","화","1","0","0","0","0","서울","강서구","차대사람","기타","기타","안전운전 의무 불이행","단일로","기타단일로","자전거","보행자","944374","1951189","126.8701886","37.55837502","N"
"2017","2017-07-25 21","야","화","1","0","0","0","0","충남","금산군","차대차","기타","기타","안전운전 의무 불이행","단일로","기타단일로","승용차","자전거","999780","1792079","127.4975551","36.1257311","N"
"2017","2017-07-25 22","야","화","1","0","0","0","0","경북","상주시","차대차","추돌","추돌","안전거리 미확보","단일로","기타단일로","화물차","화물차","1067451","1822735","128.2522024","36.39974292","N"
"2017","2017-07-25 22","야","화","1","0","0","0","0","경북","칠곡군","차대차","추돌","추돌","안전운전 의무 불이행","단일로","기타단일로","승용차","이륜차","1089443","1771068","128.4915403","35.93220308","N"
"2017","2017-07-26 04","야","수","1","0","0","0","0","서울","성북구","차대사람","기타","기타","안전운전 의무 불이행","단일로","기타단일로","승용차","보행자","957811","1955829","127.0220528","37.60090993","N"
"2017","2017-07-26 04","야","수","1","0","0","0","0","서울","영등포구","차대사람","길가장자리구역통행중","길가장자리구역통행중","안전운전 의무 불이행","단일로","기타단일로","화물차","보행자","947089","1948596","126.9011139","37.53516402","N"
"2017","2017-07-26 05","야","수","1","1","0","1","0","충남","서천군","차대차","추돌","추돌","안전운전 의무 불이행","단일로","기타단일로","승용차","화물차","921375","1793024","126.6261882","36.13106366","N"
"2017","2017-07-26 09","주","수","1","1","1","0","0","경기","남양주시","차대차","기타","기타","과속","단일로","기타단일로","승용차","화물차","966038","1964024","127.1148709","37.67511415","N"
"2017","2017-07-26 13","주","수","2","2","0","2","0","경북","경주시","차대차","측면충돌","측면충돌","안전운전 의무 불이행","단일로","기타단일로","승합차","화물차","1155503","1778406","129.2250665","35.9900525","N"
"2017","2017-07-26 14","주","수","1","0","0","0","0","충남","당진시","차량단독","공작물충돌","공작물충돌","안전운전 의무 불이행","단일로","기타단일로","승용차","없음","924758","1870893","126.6562044","36.83326218","N"
"2017","2017-07-26 16","주","수","1","0","0","0","0","강원","영월군","차대차","측면충돌","측면충돌","중앙선 침범","단일로","기타단일로","화물차","승용차","1099474","1903127","128.6197513","37.12154013","N"
"2017","2017-07-26 17","주","수","1","1","1","0","0","제주","서귀포시","차대차","측면충돌","측면충돌","안전운전 의무 불이행","단일로","기타단일로","화물차","승용차","923097","1482352","126.6736894","33.32991488","N"
"2017","2017-07-26 19","야","수","1","0","0","0","0","전북","익산시","차대사람","횡단중","횡단중","안전운전 의무 불이행","교차로","교차로내","승용차","보행자","945574","1779842","126.8960206","36.01388356","N"
"2017","2017-07-26 19","야","수","1","0","0","0","0","전남","해남군","차량단독","전도전복","전도전복","안전운전 의무 불이행","단일로","기타단일로","농기계","없음","909265.1","1621024.8","126.5107168","34.5793412","N"
"2017","2017-07-26 21","야","수","1","1","0","1","0","전남","강진군","차대차","정면충돌","정면충돌","중앙선 침범","단일로","기타단일로","승용차","승용차","925798.3","1620135.8","126.6910384","34.57265287","N"
"2017","2017-07-26 23","야","수","1","0","0","0","0","강원","강릉시","차대사람","횡단중","횡단중","안전운전 의무 불이행","교차로","교차로부근","승용차","보행자","1118271.9","1982764.5","128.8441006","37.83698535","N"
"2017","2017-07-27 02","야","목","1","0","0","0","0","경북","김천시","차대사람","횡단중","횡단중","안전운전 의무 불이행","단일로","기타단일로","승용차","보행자","1069016","1795788","128.2672725","36.1567123","N"
"2017","2017-07-27 04","야","목","1","0","0","0","0","부산","사상구","차량단독","주/정차차량 충돌","주/정차차량 충돌","안전운전 의무 불이행","단일로","기타단일로","승용차","승합차","1135938","1683691.2","128.9921798","35.13926542","N"
"2017","2017-07-27 06","주","목","1","0","0","0","0","인천","남동구","차량단독","전도","전도","안전운전 의무 불이행","단일로","기타단일로","화물차","없음","933125","1938669","126.7439726","37.44478574","N"
"2017","2017-07-27 07","주","목","2","1","1","0","0","충북","단양군","차대차","정면충돌","정면충돌","중앙선 침범","단일로","기타단일로","화물차","건설기계","1076246","1889232","128.3569011","36.99848122","N"