"발생년","발생년월일시","주야","요일","사망자수","부상자수","중상자수","경상자수","부상신고자수","발생지시도","발생지시군구","사고유형_대분류","사고유형_중분류","사고유형","가해자법규위반","도로형태_대분류","도로형태","가해자_당사자종별","피해자_당사자종별","발생위치(X_UTMK)","발생위치(Y_UTMK)","경도","위도"," 어린이사고 여부"
"2017","2017-08-08 16","주","화","1","0","0","0","0","전남","장흥군","차량단독","전도전복","전도전복","안전운전 의무 불이행","단일로","기타단일로","화물차","없음","953439","1638705","126.9913472","34.74172751","N"
"2017","2017-08-08 18","야","화","1","1","1","0","0","전북","군산시","차대차","기타","기타","신호위반","교차로","교차로내","원동기장치자전거","원동기장치자전거","930342","1772547","126.7276406","35.94714776","N"
"2017","2017-08-08 18","야","화","1","2","0","2","0","전북","김제시","차대차","추돌","추돌","안전운전 의무 불이행","단일로","기타단일로","화물차","승용차","954251","1746790","126.9942048","35.7163398","N"
"2017","2017-08-09 10","주","수","1","0","0","0","0","충북","영동군","차량단독","기타","기타","안전운전 의무 불이행","교차로","교차로부근","특수차","없음","1033828","1801233","127.8763227","36.20766913","N"
"2017","2017-08-09 11","주","수","1","0","0","0","0","경북","경산시","차대차","기타","기타","안전운전 의무 불이행","기타","기타","이륜차","화물차","1112512","1760259","128.7457012","35.83238657","N"
"2017","2017-08-09 12","주","수","1","0","0","0","0","전북","전주시","차대차","정면충돌","정면충돌","안전운전 의무 불이행","단일로","기타단일로","승용차","자전거","966924","1755559","127.1339509","35.79590951","N"
"2017","2017-08-09 13","주","수","1","1","1","0","0","충북","보은군","차대차","정면충돌","정면충돌","중앙선 침범","단일로","기타단일로","화물차","화물차","1008946.6","1834296.2","127.5999084","36.50629707","N"
"2017","2017-08-09 15","주","수","1","0","0","0","0","전북","남원시","차대차","추돌","추돌","안전운전 의무 불이행","단일로","기타단일로","승용차","이륜차","984741","1711659","127.3319583","35.40052339","N"
"2017","2017-08-09 15","주","수","1","0","0","0","0","전북","순창군","차대차","측면충돌","측면충돌","안전운전 의무 불이행","단일로","기타단일로","화물차","자전거","967360","1710625","127.1405916","35.39078224","N"
"2017","2017-08-09 15","주","수","2","10","0","10","0","전남","여수시","차대차","정면충돌","정면충돌","중앙선 침범","단일로","기타단일로","승용차","승합차","1023601.8","1630464.2","127.7576093","34.66820294","N"
"2017","2017-08-09 16","주","수","1","0","0","0","0","전남","곡성군","차량단독","전도","전도","안전운전 의무 불이행","단일로","기타단일로","기타","없음","985716","1690972","127.3430562","35.21400422","N"
"2017","2017-08-09 19","야","수","1","0","0","0","0","충남","아산시","차대차","측면충돌","측면충돌","안전운전 의무 불이행","단일로","기타단일로","이륜차","승용차","944427","1868552","126.8769381","36.81352083","N"
"2017","2017-08-09 20","야","수","1","3","2","1","0","충북","보은군","차대차","정면충돌","정면충돌","중앙선 침범","단일로","기타단일로","승용차","이륜차","1021077","1827147","127.7351754","36.4416556","N"
"2017","2017-08-09 23","야","수","1","4","2","2","0","인천","남동구","차대차","정면충돌","정면충돌","신호위반","교차로","교차로내","승용차","승용차","929958","1939610","126.7080831","37.45303243","N"
"2017","2017-08-10 00","야","목","1","0","0","0","0","경기","파주시","차대사람","기타","기타","안전운전 의무 불이행","단일로","기타단일로","승용차","보행자","941238","1992496","126.8313432","37.93046706","N"
"2017","2017-08-10 05","야","목","1","1","1","0","0","경남","진주시","차대차","추돌","추돌","과속","단일로","기타단일로","화물차","농기계","1049360","1684485","128.0419389","35.15439956","N"
"2017","2017-08-10 10","주","목","1","1","0","0","1","경기","군포시","차대사람","횡단중","횡단중","안전운전 의무 불이행","단일로","기타단일로","승용차","보행자","949086","1926464","126.9252439","37.33579392","N"
"2017","2017-08-10 10","주","목","1","1","0","1","0","충남","금산군","차대차","측면충돌","측면충돌","교차로 통행방법 위반","교차로","교차로내","화물차","승용차","1002891","1789285","127.5321176","36.10053675","N"
"2017","2017-08-10 13","주","목","1","0","0","0","0","인천","남동구","차대차","측면충돌","측면충돌","안전운전 의무 불이행","단일로","기타단일로","화물차","기타","930648.2","1939181.1","126.7159264","37.44921883","N"
"2017","2017-08-10 14","주","목","1","3","0","3","0","제주","제주시","차대차","기타","기타","중앙선 침범","단일로","기타단일로","승용차","화물차","912073.6","1502279.6","126.5533094","33.50878836","N"
"2017","2017-08-10 16","주","목","1","0","0","0","0","경남","사천시","차대사람","차도통행중","차도통행중","중앙선 침범","단일로","기타단일로","승합차","보행자","1052687","1659837","128.0769009","34.93198169","N"
"2017","2017-08-10 18","야","목","1","0","0","0","0","강원","강릉시","차대차","정면충돌","정면충돌","중앙선 침범","단일로","기타단일로","화물차","화물차","1120801.9","1978977","128.8722132","37.80252614","N"
"2017","2017-08-10 21","야","목","1","0","0","0","0","서울","동대문구","차대사람","횡단중","횡단중","안전운전 의무 불이행","단일로","기타단일로","승합차","보행자","953936","1952044","126.9783937","37.56660917","N"
"2017","2017-08-11 00","야","금","1","0","0","0","0","대전","서구","차대사람","횡단중","횡단중","안전운전 의무 불이행","교차로","교차로부근","승용차","보행자","989191","1817618","127.3795264","36.35591931","N"
"2017","2017-08-11 02","야","금","1","0","0","0","0","충북","제천시","차대사람","기타","기타","안전운전 의무 불이행","교차로","교차로부근","승용차","보행자","1063474","1905819","128.2147744","37.14893947","N"
"2017","2017-08-11 03","야","금","1","0","0","0","0","인천","남동구","차대사람","횡단중","횡단중","과속","단일로","기타단일로","승용차","보행자","930733","1939944","126.7168133","37.45610112","N"
"2017","2017-08-11 05","야","금","1","0","0","0","0","경북","경주시","차량단독","전도전복","전도전복","안전운전 의무 불이행","단일로","기타단일로","농기계","없음","1162434","1742661","129.2946524","35.66679744","N"
"2017","2017-08-11 07","주","금","1","0","0","0","0","충남","금산군","차대차","측면충돌","측면충돌","안전운전 의무 불이행","단일로","기타단일로","이륜차","화물차","1001472","1789254","127.5163531","36.10026045","N"
"2017","2017-08-11 09","주","금","1","0","0","0","0","경기","평택시","차대차","측면충돌","측면충돌","신호위반","교차로","교차로내","이륜차","승용차","948468","1887960","126.9209215","36.9886956","N"
"2017","2017-08-11 15","주","금","1","0","0","0","0","경남","통영시","차대사람","횡단중","횡단중","안전운전 의무 불이행","단일로","기타단일로","승용차","보행자","1083271","1658196","128.4115888","34.91513433","N"
"2017","2017-08-11 16","주","금","1","0","0","0","0","충남","태안군","차대사람","횡단중","횡단중","안전운전 의무 불이행","교차로","교차로내","화물차","보행자","900853","1827791","126.3937328","36.44256687","N"
"2017","2017-08-11 17","주","금","1","0","0","0","0","강원","원주시","차대차","측면충돌","측면충돌","안전운전 의무 불이행","단일로","기타단일로","기타","건설기계","1051706.6","1914869.7","128.0828965","37.23124455","N"
"2017","2017-08-11 18","야","금","1","0","0","0","0","경북","성주군","차대사람","기타","기타","안전운전 의무 불이행","단일로","기타단일로","화물차","보행자","1071103","1765547","128.2877541","35.88393709","N"
"2017","2017-08-11 20","야","금","1","0","0","0","0","강원","철원군","차대사람","횡단중","횡단중","안전운전 의무 불이행","단일로","기타단일로","승용차","보행자","992915","2027683","127.4190277","38.24947087","N"
"2017","2017-08-11 21","야","금","2","5","5","0","0","전남","함평군","차대차","측면충돌","측면충돌","안전운전 의무 불이행","교차로","교차로내","승용차","승용차","911910","1672606","126.5341384","35.04465046","N"
"2017","2017-08-11 23","야","금","1","0","0","0","0","인천","미추홀구","차대사람","횡단중","횡단중","안전운전 의무 불이행","단일로","기타단일로","승용차","보행자","924695","1938114","126.6487365","37.43913566","N"
"2017","2017-08-12 04","야","토","1","0","0","0","0","경기","성남시","차대사람","횡단중","횡단중","안전운전 의무 불이행","단일로","기타단일로","건설기계","보행자","967064","1937181","127.127711","37.43320507","N"
"2017","2017-08-12 05","야","토","1","0","0","0","0","충남","부여군","차대차","측면충돌","측면충돌","중앙선 침범","단일로","교량위","농기계","화물차","945387","1808913","126.8919261","36.2759545","N"
"2017","2017-08-12 05","야","토","1","0","0","0","0","제주","제주시","차대사람","횡단중","횡단중","안전운전 의무 불이행","단일로","기타단일로","승용차","보행자","910397","1500512.5","126.5354367","33.49271275","N"
"2017","2017-08-12 11","주","토","1","0","0","0","0","서울","강동구","차대차","측면충돌","측면충돌","기타","교차로","교차로내","자전거","화물차","967195","1948707","127.1286779","37.53709933","N"
"2017","2017-08-12 17","주","토","1","0","0","0","0","경북","청도군","차량단독","전도","전도","안전운전 의무 불이행","단일로","기타단일로","원동기장치자전거","없음","1105005","1740191","128.6599742","35.65231681","N"
"2017","2017-08-12 23","야","토","1","0","0","0","0","강원","인제군","차량단독","전도","전도","안전운전 의무 불이행","교차로","교차로부근","이륜차","없음","1059095","2007635","128.1736928","38.06688236","N"
"2017","2017-08-13 02","야","일","1","1","0","1","0","서울","동대문구","차대차","추돌","추돌","안전운전 의무 불이행","단일로","교량위","승용차","건설기계","959450","1955208","127.0406544","37.59538644","N"
"2017","2017-08-13 04","야","일","1","0","0","0","0","광주","서구","차량단독","전도","전도","안전운전 의무 불이행","단일로","기타단일로","이륜차","없음","942986","1681366","126.8742448","35.12587148","N"
"2017","2017-08-13 19","야","일","1","6","4","2","0","전남","구례군","차대차","측면충돌","측면충돌","신호위반","교차로","교차로내","승용차","화물차","995878","1692703","127.4547013","35.22970609","N"
"2017","2017-08-13 23","야","일","1","0","0","0","0","충남","당진시","차량단독","전도전복","전도전복","안전운전 의무 불이행","단일로","기타단일로","원동기장치자전거","없음","927300","1887568","126.6831077","36.98376371","N"
"2017","2017-08-14 01","야","월","1","0","0","0","0","부산","부산진구","차대차","기타","기타","과속","단일로","고가도로위","승용차","이륜차","1139738","1686025","129.0342738","35.15978149","N"
"2017","2017-08-14 05","야","월","1","0","0","0","0","경기","동두천시","차대사람","길가장자리구역통행중","길가장자리구역통행중","안전운전 의무 불이행","단일로","기타단일로","화물차","보행자","963119","1988365","127.0805321","37.89438659","N"
"2017","2017-08-14 09","주","월","1","1","1","0","0","충북","충주시","차량단독","전도","전도","안전운전 의무 불이행","교차로","교차로내","승용차","없음","1040772","1898010","127.9587141","37.07981541","N"
"2017","2017-08-14 12","주","월","1","0","0","0","0","경북","포항시","차량단독","전도전복","전도전복","안전운전 의무 불이행","단일로","기타단일로","승용차","없음","1166244","1800750","129.3488785","36.18962464","N"
"2017","2017-08-14 13","주","월","1","0","0","0","0","서울","강서구","차대차","정면충돌","정면충돌","안전운전 의무 불이행","단일로","기타단일로","이륜차","승용차","941878","1950765","126.8419636","37.55439938","N"
"2017","2017-08-14 13","주","월","1","1","0","1","0","경북","칠곡군","차대차","정면충돌","정면충돌","중앙선 침범","단일로","기타단일로","승용차","화물차","1088980","1789545","128.4884861","36.09880772","N"
"2017","2017-08-14 16","주","월","1","3","0","2","1","경기","양평군","차대차","기타","기타","중앙선 침범","단일로","기타단일로","건설기계","승용차","1013973","1938465","127.6579681","37.44525944","N"
"2017","2017-08-14 17","주","월","1","1","0","1","0","강원","삼척시","차량단독","도로이탈","도로이탈 기타","과속","단일로","기타단일로","승용차","없음","1147216.1","1937074","129.1637171","37.42111772","N"
"2017","2017-08-14 21","야","월","1","2","2","0","0","인천","중구","차대차","측면충돌","측면충돌","신호위반","교차로","교차로내","승용차","승용차","912017.7","1943417.1","126.5048147","37.48581022","N"
"2017","2017-08-14 21","야","월","1","0","0","0","0","광주","북구","차대사람","횡단중","횡단중","안전운전 의무 불이행","교차로","교차로부근","승용차","보행자","942942","1686723","126.8733918","35.17417133","N"
"2017","2017-08-14 23","야","월","1","0","0","0","0","전남","광양시","차대사람","횡단중","횡단중","안전운전 의무 불이행","단일로","기타단일로","승용차","보행자","1007347.2","1665336.4","127.5804991","34.98291549","N"
"2017","2017-08-15 06","주","화","1","0","0","0","0","경남","창녕군","차대사람","횡단중","횡단중","안전운전 의무 불이행","교차로","교차로내","승용차","보행자","1085987","1724883","128.4482853","35.51615037","N"
"2017","2017-08-15 08","주","화","1","0","0","0","0","인천","중구","차대차","측면충돌","측면충돌","안전운전 의무 불이행","단일로","기타단일로","승용차","특수차","913965","1946318","126.5264987","37.51213766","N"
"2017","2017-08-15 09","주","화","1","0","0","0","0","전북","완주군","차량단독","전도","전도","안전운전 의무 불이행","기타","기타","농기계","없음","979465","1783644","127.2720141","36.04946598","N"
"2017","2017-08-15 12","주","화","1","0","0","0","0","서울","금천구","차대사람","횡단중","횡단중","신호위반","교차로","교차로내","승용차","보행자","947195","1938965","126.903005","37.44836408","N"
"2017","2017-08-15 12","주","화","1","3","0","3","0","전남","신안군","차대차","측면충돌","측면충돌","안전운전 의무 불이행","단일로","기타단일로","승용차","승합차","862593","1641761","125.9986088","34.76109037","N"
"2017","2017-08-15 20","야","화","1","0","0","0","0","광주","광산구","차대사람","길가장자리구역통행중","길가장자리구역통행중","안전운전 의무 불이행","단일로","기타단일로","승합차","보행자","933699.8","1677691.5","126.7726257","35.09217114","N"
"2017","2017-08-15 20","야","화","1","0","0","0","0","경기","포천시","차대사람","횡단중","횡단중","보행자 보호의무 위반","단일로","기타단일로","화물차","보행자","975920","1976189","127.2265284","37.78507255","N"
"2017","2017-08-16 03","야","수","1","0","0","0","0","경남","하동군","차량단독","공작물충돌","공작물충돌","안전운전 의무 불이행","단일로","기타단일로","화물차","없음","1025528","1671284","127.7798769","35.03625145","N"
"2017","2017-08-16 15","주","수","1","0","0","0","0","충남","금산군","차대차","추돌","추돌","안전운전 의무 불이행","단일로","기타단일로","승합차","이륜차","999299","1790384","127.4922113","36.11044915","N"
"2017","2017-08-16 15","주","수","1","0","0","0","0","경북","김천시","차대차","정면충돌","정면충돌","중앙선 침범","단일로","기타단일로","승용차","화물차","1063094","1796963","128.2015348","36.16770868","N"
"2017","2017-08-16 21","야","수","1","0","0","0","0","충남","당진시","차량단독","공작물충돌","공작물충돌","안전운전 의무 불이행","교차로","교차로부근","승용차","없음","914952","1890731","126.5440191","37.01123665","N"
"2017","2017-08-16 23","야","수","3","0","0","0","0","경기","안산시","차대차","정면충돌","정면충돌","신호위반","교차로","교차로내","승용차","승용차","940656","1924235","126.8302635","37.31520268","N"
"2017","2017-08-17 00","야","목","1","1","0","1","0","경기","평택시","차량단독","공작물충돌","공작물충돌","과속","단일로","기타단일로","승용차","없음","966206","1888421","127.1202223","36.99365614","N"
"2017","2017-08-17 01","야","목","1","0","0","0","0","경기","오산시","차대사람","횡단중","횡단중","과속","단일로","기타단일로","승용차","보행자","962121","1904432","127.0735088","37.13782482","N"
"2017","2017-08-17 02","야","목","1","0","0","0","0","경남","창녕군","차량단독","공작물충돌","공작물충돌","안전운전 의무 불이행","교차로","교차로내","화물차","없음","1087741","1731955","128.4683927","35.5797532","N"
"2017","2017-08-17 04","야","목","1","1","1","0","0","경기","남양주시","차대차","기타","기타","중앙선 침범","교차로","교차로내","화물차","화물차","969387.3","1963656.8","127.1528667","37.67192239","N"
"2017","2017-08-17 08","주","목","1","2","2","0","0","인천","부평구","차대차","기타","기타","안전운전 의무 불이행","단일로","기타단일로","승용차","화물차","931677.3","1946791.6","126.7268536","37.51788788","N"
"2017","2017-08-17 09","주","목","1","0","0","0","0","경북","상주시","차대차","측면충돌","측면충돌","교차로 통행방법 위반","교차로","교차로내","화물차","이륜차","1042196","1828605","127.9708934","36.45410266","N"
"2017","2017-08-17 17","주","목","1","0","0","0","0","경기","양평군","차량단독","기타","기타","안전운전 의무 불이행","단일로","기타단일로","자전거","없음","1020378","1932910","127.7302243","37.39506929","N"
"2017","2017-08-17 18","야","목","1","1","1","0","0","충남","천안시","차대사람","횡단중","횡단중","안전운전 의무 불이행","단일로","기타단일로","화물차","보행자","980919","1860520","127.2862676","36.74255454","N"
"2017","2017-08-17 18","야","목","1","0","0","0","0","전북","전주시","차대사람","차도통행중","차도통행중","안전운전 의무 불이행","단일로","기타단일로","승용차","보행자","967871","1757326","127.1443601","35.81187234","N"
"2017","2017-08-17 18","야","목","1","0","0","0","0","전남","순천시","차량단독","도로이탈","도로이탈 추락","안전운전 의무 불이행","기타","기타","농기계","없음","977681","1658634","127.2556438","34.92225752","N"
"2017","2017-08-17 19","야","목","1","0","0","0","0","전남","광양시","차대차","측면충돌","측면충돌","중앙선 침범","단일로","기타단일로","자전거","승용차","1007454","1664268","127.5816596","34.97328045","N"
"2017","2017-08-18 01","야","금","1","2","0","1","1","경기","수원시","차대차","기타","기타","안전운전 의무 불이행","단일로","기타단일로","승용차","승용차","951270","1920954","126.9502593","37.28624652","N"
"2017","2017-08-18 10","주","금","1","0","0","0","0","전남","보성군","차량단독","전도","전도","안전운전 의무 불이행","단일로","기타단일로","원동기장치자전거","없음","986061.3","1649719.9","127.3475424","34.84202373","N"
"2017","2017-08-18 11","주","금","1","0","0","0","0","경북","군위군","차량단독","공작물충돌","공작물충돌","안전운전 의무 불이행","단일로","기타단일로","건설기계","없음","1094218","1795865","128.5474237","36.15528362","N"
"2017","2017-08-18 13","주","금","1","1","1","0","0","인천","서구","차대차","추돌","추돌","안전운전 의무 불이행","교차로","교차로내","화물차","이륜차","926983","1951702","126.6732488","37.56178402","N"
"2017","2017-08-18 15","주","금","1","0","0","0","0","경기","안양시","차대차","측면충돌","측면충돌","중앙선 침범","단일로","기타단일로","건설기계","이륜차","948187","1936563","126.9143884","37.42677027","N"
"2017","2017-08-18 15","주","금","1","0","0","0","0","충남","천안시","차대사람","길가장자리구역통행중","길가장자리구역통행중","안전운전 의무 불이행","단일로","기타단일로","화물차","보행자","974244","1875024","127.2110086","36.87314464","N"
"2017","2017-08-18 16","주","금","1","0","0","0","0","대전","동구","차량단독","공작물충돌","공작물충돌","안전운전 의무 불이행","단일로","기타단일로","특수차","없음","1000106","1817113","127.5011814","36.35142726","N"
"2017","2017-08-18 21","야","금","1","0","0","0","0","경기","광주시","차대사람","횡단중","횡단중","안전운전 의무 불이행","단일로","기타단일로","승용차","보행자","981625","1931973","127.2924281","37.38666528","N"
"2017","2017-08-19 00","야","토","1","0","0","0","0","전남","여수시","차대사람","횡단중","횡단중","안전운전 의무 불이행","교차로","교차로부근","화물차","보행자","1022069","1638824","127.7410978","34.74362414","N"
"2017","2017-08-19 06","주","토","1","0","0","0","0","부산","동래구","차대사람","횡단중","횡단중","안전운전 의무 불이행","교차로","교차로횡단보도내","자전거","보행자","1142910.5","1690609.2","129.0698898","35.20065638","N"
"2017","2017-08-19 08","주","토","1","0","0","0","0","충북","충주시","차대사람","횡단중","횡단중","안전운전 의무 불이행","교차로","교차로내","화물차","보행자","1036934","1886307","127.9149607","36.97448195","N"
"2017","2017-08-19 09","주","토","1","0","0","0","0","부산","연제구","차대사람","기타","기타","안전운전 의무 불이행","교차로","교차로부근","승용차","보행자","1144107.6","1689305.4","129.0828076","35.18873314","N"
"2017","2017-08-19 11","주","토","1","3","2","1","0","경기","평택시","차대차","정면충돌","정면충돌","안전운전 의무 불이행","교차로","교차로내","승용차","화물차","965246","1888358","127.109437","36.99305324","N"
"2017","2017-08-19 11","주","토","1","0","0","0","0","전남","무안군","차량단독","도로이탈","도로이탈 기타","안전운전 의무 불이행","단일로","기타단일로","이륜차","없음","910198","1653768","126.5173992","34.87465299","N"
"2017","2017-08-19 12","주","토","1","0","0","0","0","전남","순천시","차량단독","기타","기타","안전운전 의무 불이행","단일로","기타단일로","승용차","없음","998695","1664279","127.4857035","34.97340626","N"
"2017","2017-08-19 13","주","토","1","0","0","0","0","부산","강서구","차대사람","횡단중","횡단중","신호위반","교차로","교차로횡단보도내","화물차","보행자","1127912.5","1678015.7","128.9032312","35.08915596","N"
"2017","2017-08-19 16","주","토","1","0","0","0","0","경북","성주군","차량단독","공작물충돌","공작물충돌","안전운전 의무 불이행","교차로","교차로부근","사륜오토바이(ATV)","없음","1061387","1767491","128.1802673","35.90212087","N"
"2017","2017-08-19 17","주","토","2","2","0","2","0","전남","보성군","차량단독","공작물충돌","공작물충돌","안전운전 의무 불이행","단일로","기타단일로","승용차","없음","974024.2","1643878.6","127.2160658","34.78911293","N"
"2017","2017-08-19 17","주","토","1","0","0","0","0","경북","구미시","차대차","기타","기타","안전운전 의무 불이행","단일로","기타단일로","이륜차","승용차","1082069","1794881","128.4122768","36.14751843","N"
"2017","2017-08-19 18","야","토","2","1","0","1","0","강원","고성군","차량단독","공작물충돌","공작물충돌","안전운전 의무 불이행","기타","기타","승용차","없음","1074987.3","2029942.7","128.3572021","38.26673324","N"
"2017","2017-08-19 19","야","토","1","0","0","0","0","전북","무주군","차대사람","기타","기타","안전운전 의무 불이행","단일로","기타단일로","화물차","보행자","1023865","1779414","127.7648285","36.01125314","N"
"2017","2017-08-19 19","야","토","1","0","0","0","0","전남","순천시","차대사람","횡단중","횡단중","안전운전 의무 불이행","단일로","기타단일로","승용차","보행자","997482","1668284","127.4724028","35.00951887","N"
"2017","2017-08-19 19","야","토","1","0","0","0","0","인천","남동구","차대차","측면충돌","측면충돌","중앙선 침범","교차로","교차로횡단보도내","자전거","이륜차","932246","1934439","126.7344246","37.40659688","N"
"2017","2017-08-19 23","야","토","1","0","0","0","0","경기","화성시","차대사람","횡단중","횡단중","안전운전 의무 불이행","단일로","기타단일로","승용차","보행자","949151","1906472","126.9273428","37.15559753","N"
"2017","2017-08-19 23","야","토","1","1","1","0","0","경남","창원시(통합)","차량단독","전도","전도","안전운전 의무 불이행","기타","기타","이륜차","없음","1099907","1681466","128.5964776","35.12342867","N"
"2017","2017-08-20 01","야","일","1","0","0","0","0","경기","하남시","차량단독","공작물충돌","공작물충돌","안전운전 의무 불이행","단일로","지하차도(도로)내","승용차","없음","975174","1949924","127.2189505","37.54831819","N"
"2017","2017-08-20 02","야","일","1","0","0","0","0","강원","강릉시","차량단독","공작물충돌","공작물충돌","안전운전 의무 불이행","단일로","기타단일로","화물차","없음","1119971.2","1957526.5","128.8592445","37.60934946","N"
"2017","2017-08-20 05","야","일","1","1","1","0","0","전북","부안군","차량단독","공작물충돌","공작물충돌","과속","교차로","교차로내","승용차","없음","912050","1741268","126.5282856","35.66369333","N"
"2017","2017-08-20 08","주","일","1","1","0","1","0","충북","충주시","차대차","추돌","추돌","안전운전 의무 불이행","단일로","기타단일로","승용차","승용차","1030846","1894828","127.8469111","37.05151168","N"
"2017","2017-08-20 08","주","일","1","0","0","0","0","경기","가평군","차대차","측면충돌","측면충돌","안전운전 의무 불이행","단일로","기타단일로","화물차","이륜차","996416","1966431","127.4593452","37.69743115","N"
"2017","2017-08-20 13","주","일","1","1","1","0","0","충남","부여군","차대차","정면충돌","정면충돌","안전운전 의무 불이행","단일로","기타단일로","승합차","화물차","935277","1805590","126.7796415","36.2453729","N"
"2017","2017-08-20 14","주","일","1","0","0","0","0","충북","진천군","차량단독","전도전복","전도전복","안전운전 의무 불이행","단일로","기타단일로","승용차","없음","1005222","1865331","127.5585264","36.78610222","N"
"2017","2017-08-20 15","주","일","1","1","1","0","0","경기","파주시","차대차","측면충돌","측면충돌","교차로 통행방법 위반","교차로","교차로내","승용차","원동기장치자전거","934637","1969679","126.7582967","37.72438023","N"
"2017","2017-08-20 23","야","일","1","3","3","0","0","전북","임실군","차대차","정면충돌","정면충돌","중앙선 침범","단일로","기타단일로","화물차","승용차","983496","1733218","127.3178092","35.59489357","N"
"2017","2017-08-20 23","야","일","1","0","0","0","0","경북","김천시","차대차","추돌","추돌","안전운전 의무 불이행","단일로","기타단일로","화물차","화물차","1046243","1797919","128.0142348","36.17727851","N"
"2017","2017-08-21 00","야","월","1","0","0","0","0","울산","중구","차대사람","횡단중","횡단중","안전운전 의무 불이행","단일로","기타단일로","승용차","보행자","1163559","1730200","129.3045519","35.55431257","N"
"2017","2017-08-21 04","야","월","1","0","0","0","0","서울","동대문구","차대사람","보도통행중","보도통행중","안전운전 의무 불이행","교차로","교차로횡단보도내","화물차","보행자","960581","1953899","127.0535364","37.58363726","N"
"2017","2017-08-21 04","야","월","1","0","0","0","0","부산","부산진구","차대사람","기타","기타","안전운전 의무 불이행","단일로","기타단일로","승용차","보행자","1142363","1686420","129.0631541","35.16297357","N"
"2017","2017-08-21 04","야","월","1","0","0","0","0","경기","군포시","차대차","추돌","추돌","안전운전 의무 불이행","단일로","기타단일로","승용차","화물차","948382","1925029","126.9173969","37.32282073","N"
"2017","2017-08-21 08","주","월","1","0","0","0","0","경기","양평군","차대차","추돌","추돌","중앙선 침범","불명","불명","승용차","이륜차","1012436","1941746","127.6406473","37.47485534","N"
"2017","2017-08-21 09","주","월","1","0","0","0","0","서울","성북구","차대사람","횡단중","횡단중","보행자 보호의무 위반","단일로","기타단일로","승용차","보행자","959178","1957125","127.0374663","37.61265274","N"
"2017","2017-08-21 09","주","월","1","0","0","0","0","충남","서산시","차대사람","횡단중","횡단중","안전운전 의무 불이행","교차로","교차로내","화물차","보행자","907553","1865174","126.463981","36.78018968","N"
"2017","2017-08-21 10","주","월","1","0","0","0","0","경남","김해시","차량단독","전도전복","전도전복","안전운전 의무 불이행","단일로","기타단일로","화물차","없음","1121781","1698593","128.8390234","35.27541395","N"
"2017","2017-08-21 12","주","월","1","0","0","0","0","부산","수영구","차대사람","차도통행중","차도통행중","안전운전 의무 불이행","단일로","기타단일로","승합차","보행자","1146802.1","1686411.2","129.1118772","35.16225562","N"
"2017","2017-08-21 15","주","월","1","0","0","0","0","전남","무안군","차대사람","횡단중","횡단중","안전운전 의무 불이행","단일로","기타단일로","승합차","보행자","908619","1651989","126.5003185","34.85847221","N"
"2017","2017-08-21 17","주","월","1","0","0","0","0","경북","청도군","차량단독","전도","전도","안전운전 의무 불이행","단일로","기타단일로","승용차","없음","1123708","1744120","128.8671385","35.68556541","N"
"2017","2017-08-21 18","야","월","1","0","0","0","0","경북","군위군","차대차","측면충돌","측면충돌","안전운전 의무 불이행","기타","기타","이륜차","화물차","1104993","1789607","128.6663535","36.09776721","N"
"2017","2017-08-21 21","야","월","1","0","0","0","0","전북","전주시","차대사람","기타","기타","안전운전 의무 불이행","교차로","교차로부근","이륜차","보행자","965296.2","1759694.7","127.115757","35.83314087","N"
"2017","2017-08-21 21","야","월","1","0","0","0","0","제주","서귀포시","차대사람","기타","기타","보행자 보호의무 위반","단일로","기타단일로","승용차","보행자","900595","1474396","126.4328153","33.25632113","N"
"2017","2017-08-21 22","야","월","1","0","0","0","0","경남","창원시(통합)","차대사람","기타","기타","안전운전 의무 불이행","단일로","기타단일로","승용차","보행자","1101232","1696797","128.6129005","35.26151214","N"
"2017","2017-08-21 23","야","월","1","1","0","1","0","세종","세종시","차대차","추돌","추돌","안전운전 의무 불이행","단일로","기타단일로","화물차","화물차","978966","1827169","127.2653038","36.44185487","N"
"2017","2017-08-22 05","야","화","1","0","0","0","0","경기","고양시","차대사람","횡단중","횡단중","안전운전 의무 불이행","교차로","교차로부근","승용차","보행자","943956","1965549","126.8643551","37.68777525","N"
"2017","2017-08-22 08","주","화","1","0","0","0","0","부산","부산진구","차대사람","횡단중","횡단중","안전운전 의무 불이행","단일로","기타단일로","승합차","보행자","1140172","1687149","129.0392284","35.16985272","N"
"2017","2017-08-22 08","주","화","1","0","0","0","0","충북","청주시","차대사람","횡단중","횡단중","안전운전 의무 불이행","단일로","기타단일로","승용차","보행자","984626","1846811","127.328066","36.61903696","N"
"2017","2017-08-22 08","주","화","1","0","0","0","0","전남","곡성군","차량단독","공작물충돌","공작물충돌","안전운전 의무 불이행","단일로","기타단일로","승용차","없음","977744","1683742","127.2556606","35.14866544","N"
"2017","2017-08-22 09","주","화","1","0","0","0","0","경북","고령군","차량단독","도로이탈","도로이탈 추락","안전운전 의무 불이행","단일로","기타단일로","건설기계","없음","1074789","1749573","128.327093","35.73965219","N"
"2017","2017-08-22 11","주","화","1","0","0","0","0","전남","영암군","차량단독","공작물충돌","공작물충돌","안전운전 의무 불이행","단일로","기타단일로","이륜차","없음","922506.4","1647406.1","126.6526501","34.81830354","N"