"발생년","발생년월일시","주야","요일","사망자수","부상자수","중상자수","경상자수","부상신고자수","발생지시도","발생지시군구","사고유형_대분류","사고유형_중분류","사고유형","가해자법규위반","도로형태_대분류","도로형태","가해자_당사자종별","피해자_당사자종별","발생위치(X_UTMK)","발생위치(Y_UTMK)","경도","위도"," 어린이사고 여부"
"2017","2017-08-22 11","주","화","1","0","0","0","0","경남","창원시(통합)","차량단독","도로이탈","도로이탈 기타","안전운전 의무 불이행","단일로","기타단일로","이륜차","없음","1096910","1681335","128.5635754","35.12254068","N"
"2017","2017-08-22 12","주","화","1","0","0","0","0","전남","해남군","차량단독","전도전복","전도전복","안전운전 의무 불이행","단일로","기타단일로","승용차","없음","912643","1607893","126.5488883","34.46122594","N"
"2017","2017-08-22 15","주","화","1","0","0","0","0","대전","서구","차대사람","횡단중","횡단중","안전운전 의무 불이행","단일로","기타단일로","승용차","보행자","990601","1816705","127.3952528","36.34770307","N"
"2017","2017-08-22 17","주","화","1","0","0","0","0","대구","북구","차량단독","전도전복","전도전복","안전운전 의무 불이행","단일로","교량위","자전거","없음","1094779","1767087","128.5502106","35.89581303","N"
"2017","2017-08-22 18","야","화","1","0","0","0","0","경기","화성시","차량단독","도로이탈","도로이탈 추락","안전운전 의무 불이행","기타","기타","농기계","없음","938988","1920030","126.8117856","37.27719361","N"
"2017","2017-08-22 18","야","화","1","0","0","0","0","전북","군산시","차대사람","횡단중","횡단중","보행자 보호의무 위반","교차로","교차로횡단보도내","승용차","보행자","928038","1774693","126.7019017","35.96632714","N"
"2017","2017-08-22 21","야","화","1","0","0","0","0","부산","동구","차대사람","횡단중","횡단중","안전운전 의무 불이행","단일로","기타단일로","승용차","보행자","1140849.5","1681352.3","129.0456772","35.1175069","N"
"2017","2017-08-22 23","야","화","1","0","0","0","0","전남","담양군","차대사람","차도통행중","차도통행중","안전운전 의무 불이행","단일로","기타단일로","승용차","보행자","953647","1704471","126.9899474","35.33475089","N"
"2017","2017-08-22 23","야","화","1","0","0","0","0","경기","시흥시","차대차","추돌","추돌","안전운전 의무 불이행","단일로","기타단일로","승용차","화물차","944160","1932388","126.8691916","37.38890568","N"
"2017","2017-08-23 01","야","수","1","0","0","0","0","경기","평택시","차대사람","기타","기타","안전운전 의무 불이행","단일로","기타단일로","승용차","보행자","947344","1888272","126.9082696","36.99144567","N"
"2017","2017-08-23 01","야","수","1","2","0","2","0","제주","제주시","차대차","측면충돌","측면충돌","신호위반","교차로","교차로내","승용차","화물차","905675","1497374","126.484942","33.46400287","N"
"2017","2017-08-23 08","주","수","1","0","0","0","0","경기","이천시","차대차","측면충돌","측면충돌","안전운전 의무 불이행","단일로","기타단일로","자전거","화물차","1007291","1905366","127.5821017","37.14698291","N"
"2017","2017-08-23 12","주","수","1","0","0","0","0","경기","광주시","차대차","측면충돌","측면충돌","안전운전 의무 불이행","교차로","교차로내","화물차","이륜차","984357","1940731","127.3231042","37.46565773","N"
"2017","2017-08-23 15","주","수","1","0","0","0","0","전남","여수시","차대차","측면충돌","측면충돌","신호위반","교차로","교차로횡단보도내","화물차","자전거","1019923","1637421","127.7176204","34.73101637","N"
"2017","2017-08-23 15","주","수","1","1","1","0","0","제주","제주시","차대사람","보도통행중","보도통행중","과속","교차로","교차로내","승용차","보행자","889293.3","1496213.6","126.3088277","33.45197003","N"
"2017","2017-08-23 16","주","수","1","0","0","0","0","서울","성동구","차대차","측면충돌","측면충돌","안전운전 의무 불이행","교차로","교차로내","승용차","이륜차","959805","1949652","127.0449804","37.54532428","N"
"2017","2017-08-23 16","주","수","1","2","0","2","0","경기","부천시","차대차","측면충돌","측면충돌","교차로 통행방법 위반","교차로","교차로내","자전거","승용차","936800","1943167","126.7851299","37.48558473","N"
"2017","2017-08-23 18","야","수","1","0","0","0","0","경기","광주시","차대차","측면충돌","측면충돌","기타","교차로","교차로부근","자전거","승용차","974183","1927027","127.2085334","37.34190579","N"
"2017","2017-08-23 23","야","수","1","0","0","0","0","경기","과천시","차대사람","기타","기타","안전운전 의무 불이행","단일로","기타단일로","화물차","보행자","954496","1934822","126.9857998","37.41140964","N"
"2017","2017-08-24 01","야","목","1","0","0","0","0","경기","오산시","차대사람","기타","기타","안전운전 의무 불이행","단일로","기타단일로","승용차","보행자","962252","1906571","127.0748759","37.15711097","N"
"2017","2017-08-24 04","야","목","1","0","0","0","0","서울","동대문구","차대사람","기타","기타","안전운전 의무 불이행","단일로","기타단일로","화물차","보행자","962031","1954751","127.0699146","37.59137754","N"
"2017","2017-08-24 05","야","목","1","0","0","0","0","충북","제천시","차대사람","횡단중","횡단중","신호위반","교차로","교차로부근","화물차","보행자","1063405","1903431","128.2137952","37.12741987","N"
"2017","2017-08-24 05","야","목","1","0","0","0","0","경북","의성군","차량단독","전복","전복","안전운전 의무 불이행","단일로","기타단일로","이륜차","없음","1083171","1833351","128.4286302","36.49420376","N"
"2017","2017-08-24 07","주","목","1","0","0","0","0","경남","거창군","차대차","측면충돌","측면충돌","안전운전 의무 불이행","교차로","교차로내","승용차","이륜차","1038533","1743439","127.9258575","35.68643555","N"
"2017","2017-08-24 09","주","목","1","0","0","0","0","대구","북구","차대사람","횡단중","횡단중","안전운전 의무 불이행","교차로","교차로횡단보도내","건설기계","보행자","1094926","1766857","128.5518117","35.89372542","N"
"2017","2017-08-24 10","주","목","1","0","0","0","0","전남","영광군","차대사람","차도통행중","차도통행중","안전운전 의무 불이행","단일로","기타단일로","화물차","보행자","909031","1697848","126.4997938","35.27197269","N"
"2017","2017-08-24 13","주","목","1","2","2","0","0","전남","구례군","차량단독","기타","기타","안전운전 의무 불이행","단일로","기타단일로","화물차","없음","1007144","1689509","127.5784813","35.20088845","N"
"2017","2017-08-24 13","주","목","1","1","1","0","0","대구","달성군","차대차","추돌","추돌","안전운전 의무 불이행","단일로","기타단일로","특수차","건설기계","1087447","1771239","128.4694349","35.93392532","N"
"2017","2017-08-24 19","야","목","1","0","0","0","0","전남","여수시","차량단독","전도전복","전도전복","안전운전 의무 불이행","단일로","기타단일로","화물차","없음","1025009.9","1627196.3","127.7728817","34.63870005","N"
"2017","2017-08-24 19","야","목","1","2","1","1","0","제주","제주시","차대차","기타","기타","안전운전 의무 불이행","단일로","기타단일로","승용차","화물차","877240","1481088","126.1812272","33.3142625","N"
"2017","2017-08-24 20","야","목","1","0","0","0","0","전남","보성군","차대차","정면충돌","정면충돌","중앙선 침범","단일로","기타단일로","사륜오토바이(ATV)","화물차","960331","1649149","127.0661434","34.8361974","N"
"2017","2017-08-25 07","주","금","2","3","0","3","0","경기","남양주시","차대차","측면충돌","측면충돌","신호위반","교차로","교차로부근","화물차","승용차","973382","1967080","127.198039","37.70290118","N"
"2017","2017-08-25 09","주","금","1","0","0","0","0","강원","철원군","차대차","측면충돌","측면충돌","안전운전 의무 불이행","단일로","기타단일로","원동기장치자전거","화물차","977142","2019259","127.2390353","38.17328691","N"
"2017","2017-08-25 12","주","금","1","0","0","0","0","충남","태안군","차량단독","도로이탈","도로이탈 추락","안전운전 의무 불이행","단일로","기타단일로","승용차","없음","898600","1828428","126.3685151","36.44807289","N"
"2017","2017-08-25 13","주","금","1","0","0","0","0","강원","인제군","차대사람","횡단중","횡단중","안전운전 의무 불이행","단일로","기타단일로","화물차","보행자","1068698","1996064","128.282051","37.96192566","N"
"2017","2017-08-25 14","주","금","1","0","0","0","0","경기","부천시","차대차","측면충돌","측면충돌","신호위반","교차로","교차로내","승합차","이륜차","939767","1943330","126.8186747","37.48725215","N"
"2017","2017-08-25 14","주","금","1","3","3","0","0","경기","가평군","차대차","정면충돌","정면충돌","안전운전 의무 불이행","단일로","기타단일로","승합차","승용차","997347","1964967","127.4699112","37.68423874","N"
"2017","2017-08-25 15","주","금","1","0","0","0","0","서울","동작구","차대차","측면충돌","측면충돌","신호위반","교차로","교차로내","화물차","원동기장치자전거","948771","1944670","126.9204249","37.49987329","N"
"2017","2017-08-25 18","야","금","1","1","1","0","0","충남","천안시","차대차","정면충돌","정면충돌","중앙선 침범","교차로","교차로부근","화물차","화물차","974074","1863234","127.2095031","36.766858","N"
"2017","2017-08-25 19","야","금","1","1","0","1","0","충남","논산시","차대차","추돌","추돌","과속","단일로","고가도로위","화물차","이륜차","960598","1797582","127.0618537","36.1745429","N"
"2017","2017-08-25 19","야","금","1","0","0","0","0","전북","남원시","차대사람","횡단중","횡단중","안전운전 의무 불이행","교차로","교차로횡단보도내","승용차","보행자","989074","1711367","127.3796798","35.39794744","N"
"2017","2017-08-25 22","야","금","1","0","0","0","0","강원","원주시","차대차","측면충돌","측면충돌","신호위반","교차로","교차로내","승용차","이륜차","1040582","1924369","127.9580098","37.31741945","N"
"2017","2017-08-25 23","야","금","1","0","0","0","0","서울","노원구","차대사람","차도통행중","차도통행중","안전운전 의무 불이행","단일로","기타단일로","승용차","보행자","962730","1959930","127.0775682","37.63808573","N"
"2017","2017-08-25 23","야","금","1","1","1","0","0","대전","유성구","차대차","추돌","추돌","안전운전 의무 불이행","단일로","기타단일로","화물차","특수차","983117","1822080","127.311731","36.39605827","N"
"2017","2017-08-26 01","야","토","1","0","0","0","0","서울","강남구","차대차","정면충돌","정면충돌","신호위반","교차로","교차로부근","이륜차","승용차","963995","1942882","127.0927431","37.4844767","N"
"2017","2017-08-26 03","야","토","1","0","0","0","0","대구","동구","차대사람","횡단중","횡단중","과속","교차로","교차로부근","승용차","보행자","1107615.2","1764424.9","128.692058","35.87048855","N"
"2017","2017-08-26 04","야","토","1","0","0","0","0","부산","북구","차량단독","공작물충돌","공작물충돌","안전운전 의무 불이행","단일로","기타단일로","이륜차","없음","1136910.5","1691909.7","129.0042159","35.21321561","N"
"2017","2017-08-26 06","주","토","1","0","0","0","0","충남","논산시","차대사람","차도통행중","차도통행중","안전운전 의무 불이행","단일로","기타단일로","승용차","보행자","971569","1814602","127.1832294","36.32836976","N"
"2017","2017-08-26 07","주","토","1","0","0","0","0","서울","동대문구","차량단독","기타","기타","안전운전 의무 불이행","단일로","기타단일로","이륜차","없음","958673","1952444","127.0320089","37.57043927","N"
"2017","2017-08-26 10","주","토","1","0","0","0","0","경북","안동시","차대차","기타","기타","안전운전 의무 불이행","단일로","기타단일로","자전거","승용차","1110260","1840923","128.732114","36.55971356","N"
"2017","2017-08-26 10","주","토","1","2","2","0","0","경북","봉화군","차대차","정면충돌","정면충돌","중앙선 침범","단일로","기타단일로","화물차","화물차","1122149","1875174","128.8704087","36.86694678","N"
"2017","2017-08-26 12","주","토","1","0","0","0","0","경기","평택시","차대사람","기타","기타","안전운전 의무 불이행","교차로","교차로부근","화물차","보행자","964403","1888637","127.0999504","36.99553666","N"
"2017","2017-08-26 19","야","토","1","0","0","0","0","대전","동구","차대차","기타","기타","안전운전 의무 불이행","교차로","교차로부근","승용차","승용차","995735","1813377","127.4524869","36.31773614","N"
"2017","2017-08-26 20","야","토","1","0","0","0","0","제주","제주시","차대사람","차도통행중","차도통행중","안전운전 의무 불이행","기타","기타","승용차","보행자","886721","1494680","126.2813493","33.43787155","N"
"2017","2017-08-26 21","야","토","1","0","0","0","0","전남","순천시","차대사람","기타","기타","안전운전 의무 불이행","단일로","기타단일로","승용차","보행자","999381","1661227.6","127.493221","34.9458909","N"
"2017","2017-08-26 21","야","토","1","1","1","0","0","경남","진주시","차대차","정면충돌","정면충돌","중앙선 침범","단일로","기타단일로","승용차","승용차","1073216","1685126","128.3038991","35.15872446","N"
"2017","2017-08-26 22","야","토","1","0","0","0","0","인천","동구","차대사람","횡단중","횡단중","안전운전 의무 불이행","교차로","교차로부근","화물차","보행자","924473","1943407","126.6456846","37.48682188","N"
"2017","2017-08-26 23","야","토","1","0","0","0","0","강원","홍천군","차량단독","기타","기타","안전운전 의무 불이행","단일로","터널안","이륜차","없음","1026290.7","1960019.4","127.7979935","37.63927145","N"
"2017","2017-08-27 04","야","일","1","0","0","0","0","충남","아산시","차대차","추돌","추돌","안전운전 의무 불이행","기타","기타","승용차","화물차","952665","1869604","126.9692298","36.82345193","N"
"2017","2017-08-27 05","야","일","1","0","0","0","0","경북","경산시","차대차","정면충돌","정면충돌","안전운전 의무 불이행","교차로","교차로내","승용차","원동기장치자전거","1119391","1764941","128.8225467","35.87377552","N"
"2017","2017-08-27 15","주","일","1","0","0","0","0","서울","강동구","차대사람","기타","기타","기타","교차로","교차로횡단보도내","자전거","보행자","969607.7","1950360.9","127.1559185","37.55208936","N"
"2017","2017-08-27 15","주","일","1","0","0","0","0","대구","달성군","차량단독","공작물충돌","공작물충돌","안전운전 의무 불이행","단일로","기타단일로","자전거","없음","1086184","1761521","128.4543831","35.84643122","N"
"2017","2017-08-27 17","주","일","1","2","0","2","0","강원","춘천시","차대차","측면충돌","측면충돌","중앙선 침범","단일로","기타단일로","승용차","승합차","1009715","1970612","127.6102571","37.73507135","N"
"2017","2017-08-27 19","야","일","1","1","0","0","1","세종","세종시","차대사람","차도통행중","차도통행중","안전운전 의무 불이행","단일로","기타단일로","승용차","보행자","973317","1832883","127.2020762","36.49322669","N"
"2017","2017-08-27 21","야","일","1","0","0","0","0","경기","과천시","차대사람","차도통행중","차도통행중","안전운전 의무 불이행","단일로","기타단일로","승용차","보행자","956265","1938761","127.0055555","37.44699882","N"
"2017","2017-08-27 21","야","일","1","0","0","0","0","경남","창원시(통합)","차대차","기타","기타","안전운전 의무 불이행","단일로","기타단일로","화물차","이륜차","1095495","1693934","128.5495074","35.23626424","N"
"2017","2017-08-28 02","야","월","1","0","0","0","0","서울","광진구","차대차","측면충돌","측면충돌","안전거리 미확보","기타","기타","개인형이동수단(PM)","승용차","962376","1951370","127.073996","37.56091775","N"
"2017","2017-08-28 05","야","월","1","0","0","0","0","전북","전주시","차대사람","기타","기타","안전운전 의무 불이행","교차로","교차로내","승용차","보행자","964676","1759498","127.1088989","35.83134527","N"
"2017","2017-08-28 05","야","월","1","0","0","0","0","전남","순천시","차대사람","횡단중","횡단중","안전운전 의무 불이행","단일로","기타단일로","승용차","보행자","999618","1661265","127.4958165","34.94622828","N"
"2017","2017-08-28 07","주","월","1","18","9","9","0","경남","거제시","차대차","추돌","추돌","안전운전 의무 불이행","단일로","기타단일로","승합차","승용차","1098867","1653214","128.5817083","34.86881613","N"
"2017","2017-08-28 08","주","월","1","0","0","0","0","서울","동대문구","차대사람","기타","기타","안전운전 의무 불이행","교차로","교차로부근","승합차","보행자","961925","1953382","127.0687851","37.57903398","N"
"2017","2017-08-28 09","주","월","1","0","0","0","0","충북","괴산군","차량단독","공작물충돌","공작물충돌","기타","단일로","기타단일로","건설기계","없음","1037268","1873249","127.9180702","36.85675982","N"
"2017","2017-08-28 09","주","월","1","0","0","0","0","전북","익산시","차대차","측면충돌","측면충돌","안전운전 의무 불이행","단일로","기타단일로","승용차","원동기장치자전거","952254","1772268","126.9706035","35.94594988","N"
"2017","2017-08-28 10","주","월","1","0","0","0","0","강원","횡성군","차대차","기타","기타","안전운전 의무 불이행","기타","기타","특수차","자전거","1048631","1941172","128.0499529","37.4684854","N"
"2017","2017-08-28 10","주","월","1","0","0","0","0","경북","칠곡군","차량단독","공작물충돌","공작물충돌","안전운전 의무 불이행","단일로","기타단일로","농기계","없음","1078000","1777203","128.3653035","35.98849064","N"
"2017","2017-08-28 10","주","월","1","1","1","0","0","경북","경산시","차대차","측면충돌","측면충돌","교차로 통행방법 위반","교차로","교차로내","승합차","이륜차","1110931","1759045","128.7280319","35.82162356","N"
"2017","2017-08-28 13","주","월","1","0","0","0","0","경남","창원시(통합)","차대차","기타","기타","안전운전 의무 불이행","교차로","교차로횡단보도내","승용차","특수차","1120196","1677396","128.81851","35.08451942","N"
"2017","2017-08-28 16","주","월","1","0","0","0","0","경기","여주시","차량단독","공작물충돌","공작물충돌","안전운전 의무 불이행","단일로","기타단일로","원동기장치자전거","없음","1015301","1910438","127.6724034","37.19260578","N"
"2017","2017-08-28 16","주","월","1","0","0","0","0","충남","부여군","차량단독","도로이탈","도로이탈 기타","안전운전 의무 불이행","단일로","기타단일로","건설기계","없음","951250","1799959","126.957761","36.19554665","N"
"2017","2017-08-28 17","주","월","2","0","0","0","0","강원","삼척시","차량단독","공작물충돌","공작물충돌","안전운전 의무 불이행","단일로","기타단일로","승용차","없음","1147245.5","1938653.4","129.1643643","37.43534338","N"
"2017","2017-08-28 20","야","월","1","1","0","1","0","전남","신안군","차량단독","전도전복","전도전복","안전운전 의무 불이행","단일로","기타단일로","승합차","없음","871091","1622944","126.0943072","34.59256092","N"
"2017","2017-08-28 23","야","월","1","0","0","0","0","경북","청도군","차대차","기타","기타","안전운전 의무 불이행","단일로","터널안","이륜차","승용차","1106373","1747911","128.6761046","35.72176235","N"
"2017","2017-08-29 01","야","화","1","0","0","0","0","경남","창원시(통합)","차대차","정면충돌","정면충돌","안전운전 의무 불이행","교차로","교차로부근","원동기장치자전거","승용차","1104340","1695470","128.646894","35.24922985","N"
"2017","2017-08-29 03","야","화","1","0","0","0","0","경기","구리시","차대차","정면충돌","정면충돌","안전운전 의무 불이행","단일로","기타단일로","승용차","건설기계","965657","1958601","127.1108056","37.62622123","N"
"2017","2017-08-29 07","주","화","1","1","0","1","0","경남","진주시","차대차","기타","기타","신호위반","교차로","교차로내","화물차","건설기계","1065326","1681349","128.2169759","35.1252129","N"
"2017","2017-08-29 14","주","화","1","1","1","0","0","충남","아산시","차대차","정면충돌","정면충돌","중앙선 침범","단일로","기타단일로","화물차","승용차","956557","1863494","127.0132182","36.76856065","N"
"2017","2017-08-29 14","주","화","1","0","0","0","0","경기","남양주시","차대사람","기타","기타","안전운전 의무 불이행","교차로","교차로내","화물차","보행자","981184","1955648","127.2868408","37.60005375","N"
"2017","2017-08-29 19","야","화","1","0","0","0","0","세종","세종시","차대차","추돌","추돌","안전운전 의무 불이행","단일로","기타단일로","승용차","자전거","981474","1835831","127.2930802","36.51999592","N"
"2017","2017-08-29 19","야","화","1","0","0","0","0","경남","양산시","차대사람","횡단중","횡단중","보행자 보호의무 위반","단일로","기타단일로","승용차","보행자","1138650","1703271","129.0252399","35.31538571","N"
"2017","2017-08-29 23","야","화","1","0","0","0","0","전남","영암군","차대차","추돌","추돌","안전운전 의무 불이행","교차로","교차로부근","승용차","농기계","924961","1644663","126.6797325","34.7937535","N"
"2017","2017-08-30 04","야","수","1","4","2","2","0","강원","원주시","차대차","측면충돌","측면충돌","신호위반","교차로","교차로내","이륜차","승용차","1039623","1926032","127.9472756","37.33245056","N"
"2017","2017-08-30 05","야","수","1","0","0","0","0","서울","양천구","차대사람","기타","기타","안전운전 의무 불이행","단일로","기타단일로","화물차","보행자","943764","1947600","126.8635575","37.52599016","N"
"2017","2017-08-30 10","주","수","1","0","0","0","0","강원","정선군","차대사람","횡단중","횡단중","안전운전 의무 불이행","단일로","기타단일로","건설기계","보행자","1119384","1944792","128.8505208","37.49467438","N"
"2017","2017-08-30 10","주","수","1","0","0","0","0","전남","고흥군","차대사람","길가장자리구역통행중","길가장자리구역통행중","안전운전 의무 불이행","교차로","교차로내","화물차","보행자","985299.2","1619785.3","127.3397283","34.57206752","N"
"2017","2017-08-30 10","주","수","1","0","0","0","0","경남","김해시","차대차","측면충돌","측면충돌","안전운전 의무 불이행","교차로","교차로내","원동기장치자전거","화물차","1121074","1709993","128.8329377","35.37826514","N"
"2017","2017-08-30 11","주","수","1","0","0","0","0","충북","보은군","차대차","측면충돌","측면충돌","신호위반","교차로","교차로내","이륜차","승용차","1018492","1831390","127.7064337","36.47996038","N"
"2017","2017-08-30 13","주","수","1","0","0","0","0","서울","동대문구","차대사람","횡단중","횡단중","보행자 보호의무 위반","단일로","기타단일로","건설기계","보행자","959805.4","1953228.4","127.0447889","37.57755942","N"
"2017","2017-08-30 13","주","수","1","0","0","0","0","경남","함양군","차대차","측면충돌","측면충돌","신호위반","교차로","교차로내","사륜오토바이(ATV)","화물차","1016809","1711891","127.685116","35.40259034","N"
"2017","2017-08-30 15","주","수","1","1","1","0","0","충북","옥천군","차량단독","공작물충돌","공작물충돌","안전운전 의무 불이행","단일로","기타단일로","승용차","없음","1007726","1816194","127.5860974","36.34311108","N"
"2017","2017-08-30 15","주","수","1","0","0","0","0","전북","전주시","차대차","측면충돌","측면충돌","안전운전 의무 불이행","교차로","교차로내","승용차","이륜차","966519.2","1757354.8","127.1293959","35.81208681","N"
"2017","2017-08-30 18","야","수","1","3","3","0","0","대구","달성군","차대차","정면충돌","정면충돌","중앙선 침범","단일로","기타단일로","승용차","화물차","1085777","1754564","128.4491298","35.7837497","N"
"2017","2017-08-30 20","야","수","1","1","0","1","0","충북","청주시","차대차","정면충돌","정면충돌","중앙선 침범","단일로","기타단일로","이륜차","승용차","1015576","1846293","127.6741825","36.61436393","N"
"2017","2017-08-30 22","야","수","1","0","0","0","0","충남","아산시","차대차","측면충돌","측면충돌","안전운전 의무 불이행","단일로","기타단일로","승용차","건설기계","960613","1882143","127.0576972","36.93684718","N"
"2017","2017-08-31 00","야","목","1","1","1","0","0","광주","서구","차대차","측면충돌","측면충돌","안전운전 의무 불이행","단일로","기타단일로","승용차","이륜차","943458.9","1683934.4","126.8792591","35.14905668","N"
"2017","2017-08-31 02","야","목","1","0","0","0","0","인천","미추홀구","차대사람","횡단중","횡단중","안전운전 의무 불이행","기타","기타","승합차","보행자","927539","1939442","126.6807521","37.45133185","N"
"2017","2017-08-31 06","주","목","1","0","0","0","0","경기","평택시","차대사람","횡단중","횡단중","안전운전 의무 불이행","교차로","교차로부근","화물차","보행자","959427","1884739","127.0442398","36.96019776","N"
"2017","2017-08-31 14","주","목","1","0","0","0","0","서울","성북구","차대차","측면충돌","측면충돌","안전거리 미확보","단일로","기타단일로","건설기계","원동기장치자전거","958405","1956549","127.0287409","37.60742649","N"
"2017","2017-08-31 15","주","목","1","0","0","0","0","경기","남양주시","차대차","기타","기타","안전운전 의무 불이행","단일로","기타단일로","화물차","자전거","969323","1963515","127.1521435","37.67064217","N"
"2017","2017-08-31 16","주","목","1","0","0","0","0","경기","용인시","차량단독","기타","기타","신호위반","교차로","교차로부근","승합차","없음","964163","1924964","127.0955124","37.32297776","N"
"2017","2017-08-31 16","주","목","1","0","0","0","0","충남","태안군","차대차","측면충돌","측면충돌","안전거리 미확보","단일로","기타단일로","이륜차","승합차","894990","1843352","126.3262101","36.58219837","N"
"2017","2017-08-31 16","주","목","1","1","0","1","0","전북","남원시","차대차","측면충돌","측면충돌","신호위반","교차로","교차로내","승용차","이륜차","1009457","1718827","127.6042298","35.46522766","N"
"2017","2017-08-31 16","주","목","1","0","0","0","0","경기","남양주시","차대차","측면충돌","측면충돌","신호위반","교차로","교차로내","이륜차","승용차","971727.3","1962491.9","127.1794459","37.66149794","N"
"2017","2017-08-31 19","야","목","1","0","0","0","0","경북","김천시","차대사람","차도통행중","차도통행중","안전운전 의무 불이행","단일로","기타단일로","화물차","보행자","1056160","1791193","128.1240287","36.11611791","N"
"2017","2017-08-31 20","야","목","1","1","0","1","0","경기","수원시","차대차","측면충돌","측면충돌","중앙선 침범","교차로","교차로부근","승용차","이륜차","957877","1918357","127.0249398","37.26316063","N"
"2017","2017-08-31 20","야","목","1","0","0","0","0","경북","포항시","차대사람","횡단중","횡단중","신호위반","교차로","교차로내","승용차","보행자","1167747","1782264","129.3616502","36.02278795","N"
"2017","2017-08-31 21","야","목","1","0","0","0","0","전북","정읍시","차대사람","기타","기타","안전운전 의무 불이행","기타","기타","자전거","보행자","941645.9","1729652.6","126.8560921","35.56116408","N"
"2017","2017-08-31 22","야","목","1","0","0","0","0","경기","김포시","차량단독","기타","기타","안전운전 의무 불이행","단일로","기타단일로","승용차","없음","923297","1958021","126.6308555","37.61843433","N"
"2017","2017-09-01 00","야","금","1","0","0","0","0","울산","동구","차대차","기타","기타","안전운전 의무 불이행","단일로","기타단일로","승용차","승용차","1173338","1723491","129.4109576","35.49219084","N"
"2017","2017-09-01 03","야","금","2","2","0","2","0","경기","하남시","차대차","정면충돌","정면충돌","중앙선 침범","단일로","기타단일로","승용차","특수차","970148","1946369","127.1621976","37.51612621","N"
"2017","2017-09-01 05","야","금","1","2","2","0","0","대구","달성군","차량단독","공작물충돌","공작물충돌","중앙선 침범","교차로","교차로부근","승용차","없음","1087686","1762332","128.4711029","35.85360903","N"
"2017","2017-09-01 05","야","금","1","0","0","0","0","인천","중구","차대차","측면충돌","측면충돌","신호위반","교차로","교차로내","이륜차","승용차","914515","1943296","126.5330725","37.48495337","N"
"2017","2017-09-01 09","주","금","1","0","0","0","0","경기","남양주시","차대차","기타","기타","안전운전 의무 불이행","교차로","교차로내","자전거","승용차","977407","1961514","127.2438716","37.65284122","N"
"2017","2017-09-01 11","주","금","1","0","0","0","0","제주","제주시","차대사람","기타","기타","안전운전 의무 불이행","단일로","기타단일로","승용차","보행자","909747.1","1500864.2","126.528406","33.49582986","N"
"2017","2017-09-01 11","주","금","1","0","0","0","0","대구","중구","차대차","측면충돌","측면충돌","안전운전 의무 불이행","교차로","교차로횡단보도내","화물차","자전거","1098186","1763887","128.5875618","35.86663061","N"
"2017","2017-09-01 17","주","금","1","0","0","0","0","충남","청양군","차대차","추돌","추돌","과속","단일로","기타단일로","화물차","자전거","950726","1825343","126.9503289","36.42435843","N"
"2017","2017-09-01 18","야","금","1","0","0","0","0","충북","충주시","차대사람","기타","기타","안전운전 의무 불이행","단일로","기타단일로","화물차","보행자","1039257","1885693","127.9410275","36.96885314","N"
"2017","2017-09-01 19","야","금","1","0","0","0","0","경북","경산시","차대사람","횡단중","횡단중","보행자 보호의무 위반","단일로","기타단일로","승용차","보행자","1115942","1757940","128.7833322","35.81108365","N"
"2017","2017-09-02 00","야","토","1","0","0","0","0","강원","삼척시","차대차","측면충돌","측면충돌","안전운전 의무 불이행","단일로","기타단일로","승용차","승용차","1136816.1","1915849.7","129.0423105","37.23146854","N"
"2017","2017-09-02 01","야","토","1","0","0","0","0","경기","군포시","차대사람","횡단중","횡단중","안전운전 의무 불이행","교차로","교차로횡단보도내","승용차","보행자","948952","1929340","126.9235331","37.36170921","N"
"2017","2017-09-02 04","야","토","1","0","0","0","0","서울","용산구","차량단독","공작물충돌","공작물충돌","과속","단일로","고가도로위","승용차","없음","954784","1949631","126.9881445","37.5449023","N"
"2017","2017-09-02 05","야","토","1","0","0","0","0","대구","달서구","차대사람","기타","기타","안전운전 의무 불이행","교차로","교차로내","승용차","보행자","1095890","1762282","128.561941","35.8523897","N"
"2017","2017-09-02 05","야","토","2","0","0","0","0","인천","부평구","차대사람","횡단중","횡단중","안전운전 의무 불이행","단일로","기타단일로","승용차","보행자","932040","1945308","126.7310948","37.50454323","N"
"2017","2017-09-02 11","주","토","1","104","9","68","27","경기","용인시","차대차","기타","기타","안전운전 의무 불이행","단일로","기타단일로","승합차","승합차","966501","1899252","127.1230551","37.09129917","Y"
"2017","2017-09-02 11","주","토","1","0","0","0","0","전북","장수군","차량단독","전도전복","전도전복","안전운전 의무 불이행","단일로","기타단일로","농기계","없음","1012419","1747532","127.6373166","35.72401448","N"
"2017","2017-09-02 15","주","토","2","18","8","10","0","충남","천안시","차대차","추돌","추돌","안전운전 의무 불이행","단일로","기타단일로","승합차","승용차","965923","1855127.4","127.1185357","36.69352188","N"
"2017","2017-09-02 15","주","토","1","0","0","0","0","경남","거창군","차대사람","기타","기타","안전운전 의무 불이행","단일로","기타단일로","승용차","보행자","1032835","1742767","127.8628583","35.68058292","N"
"2017","2017-09-02 18","야","토","1","0","0","0","0","충남","보령시","차량단독","전도전복","전도전복","안전운전 의무 불이행","단일로","기타단일로","이륜차","없음","917806","1821011","126.5835859","36.38305387","N"