"발생년","발생년월일시","주야","요일","사망자수","부상자수","중상자수","경상자수","부상신고자수","발생지시도","발생지시군구","사고유형_대분류","사고유형_중분류","사고유형","가해자법규위반","도로형태_대분류","도로형태","가해자_당사자종별","피해자_당사자종별","발생위치(X_UTMK)","발생위치(Y_UTMK)","경도","위도"," 어린이사고 여부"
"2017","2017-09-02 19","야","토","1","1","1","0","0","제주","제주시","차대사람","횡단중","횡단중","안전운전 의무 불이행","단일로","기타단일로","이륜차","보행자","908299.4","1501517.7","126.5127563","33.50160015","N"
"2017","2017-09-02 20","야","토","1","0","0","0","0","경기","부천시","차대사람","횡단중","횡단중","과속","교차로","교차로부근","승용차","보행자","935525","1946500","126.7704168","37.5155367","N"
"2017","2017-09-02 22","야","토","1","0","0","0","0","대구","동구","차대사람","기타","기타","안전운전 의무 불이행","교차로","교차로부근","승용차","보행자","1102981","1766091","128.6409495","35.88600571","N"
"2017","2017-09-02 23","야","토","1","0","0","0","0","경기","오산시","차량단독","기타","기타","안전운전 의무 불이행","단일로","기타단일로","이륜차","없음","959464","1909933","127.0432955","37.18729885","N"
"2017","2017-09-03 05","야","일","1","0","0","0","0","부산","중구","차대사람","횡단중","횡단중","신호위반","단일로","기타단일로","승용차","보행자","1139169","1679720","129.0269668","35.10302697","N"
"2017","2017-09-03 05","야","일","1","0","0","0","0","인천","남동구","차대사람","차도통행중","차도통행중","안전운전 의무 불이행","교차로","교차로부근","승용차","보행자","929966","1941541","126.70799","37.47043687","N"
"2017","2017-09-03 09","주","일","1","0","0","0","0","서울","성북구","차대사람","기타","기타","안전운전 의무 불이행","단일로","기타단일로","승용차","보행자","957807","1954211","127.0221007","37.58632637","N"
"2017","2017-09-03 11","주","일","1","0","0","0","0","전북","완주군","차량단독","공작물충돌","공작물충돌","안전운전 의무 불이행","단일로","기타단일로","승용차","없음","970372.8","1771118.4","127.1715395","35.93630315","N"
"2017","2017-09-03 12","주","일","1","0","0","0","0","전북","남원시","차량단독","전복","전복","안전운전 의무 불이행","단일로","기타단일로","자전거","없음","990205","1723757","127.3919855","35.50967671","N"
"2017","2017-09-03 12","주","일","1","0","0","0","0","경북","구미시","차대차","측면충돌","측면충돌","기타","교차로","교차로내","승용차","이륜차","1072015","1804241","128.3013866","36.23269587","N"
"2017","2017-09-03 14","주","일","1","0","0","0","0","경북","안동시","차대사람","기타","기타","안전운전 의무 불이행","단일로","기타단일로","이륜차","보행자","1117578","1838031","128.8134299","36.53277569","N"
"2017","2017-09-03 17","주","일","1","1","0","1","0","경기","김포시","차대차","측면충돌","측면충돌","교차로 통행방법 위반","교차로","교차로내","승용차","이륜차","921016","1959768","126.6048229","37.63398575","N"
"2017","2017-09-03 19","야","일","1","0","0","0","0","충북","청주시","차대차","측면충돌","측면충돌","신호위반","교차로","교차로횡단보도내","승용차","자전거","999022","1847414","127.4890618","36.62459655","N"
"2017","2017-09-03 21","야","일","1","0","0","0","0","충남","당진시","차대사람","차도통행중","차도통행중","안전운전 의무 불이행","단일로","기타단일로","승용차","보행자","937753","1875919","126.8015129","36.87951134","N"
"2017","2017-09-03 22","야","일","1","0","0","0","0","경기","포천시","차대사람","길가장자리구역통행중","길가장자리구역통행중","안전운전 의무 불이행","단일로","기타단일로","승용차","보행자","976544","1977286","127.2335795","37.79497618","N"
"2017","2017-09-04 09","주","월","1","4","0","4","0","경기","구리시","차대차","측면충돌","측면충돌","안전운전 의무 불이행","단일로","기타단일로","이륜차","승용차","968328","1959000","127.141057","37.62991349","N"
"2017","2017-09-04 11","주","월","1","0","0","0","0","충북","진천군","차대차","측면충돌","측면충돌","교차로 통행방법 위반","교차로","교차로내","승용차","이륜차","994531","1887806","127.4385431","36.98870387","N"
"2017","2017-09-04 12","주","월","1","0","0","0","0","충북","보은군","차대차","측면충돌","측면충돌","신호위반","교차로","교차로내","승용차","승용차","1009745","1831153","127.6087846","36.47795275","N"
"2017","2017-09-04 14","주","월","1","3","3","0","0","강원","홍천군","차대사람","기타","기타","안전운전 의무 불이행","기타","기타","승용차","보행자","1042971","1977865","127.9881065","37.79948492","N"
"2017","2017-09-04 15","주","월","1","0","0","0","0","충북","괴산군","차대차","추돌","추돌","안전운전 의무 불이행","단일로","기타단일로","승용차","화물차","1042974","1863093","127.9815042","36.76496724","N"
"2017","2017-09-04 17","주","월","1","0","0","0","0","강원","동해시","차대차","측면충돌","측면충돌","신호위반","교차로","교차로부근","승용차","자전거","1143639","1947153","129.125272","37.51249232","N"
"2017","2017-09-04 19","야","월","2","1","0","1","0","전남","강진군","차대사람","차도통행중","차도통행중","안전운전 의무 불이행","단일로","기타단일로","원동기장치자전거","보행자","931301","1625466","126.7505936","34.62109953","N"
"2017","2017-09-04 19","야","월","1","0","0","0","0","인천","서구","차대사람","차도통행중","차도통행중","안전운전 의무 불이행","단일로","교량위","승용차","보행자","927062","1943100","126.6749974","37.48426309","N"
"2017","2017-09-04 20","야","월","1","1","1","0","0","경기","양평군","차대차","정면충돌","정면충돌","중앙선 침범","단일로","기타단일로","승합차","화물차","1002397","1943944","127.5271165","37.49474803","N"
"2017","2017-09-05 04","야","화","1","0","0","0","0","부산","서구","차대사람","횡단중","횡단중","안전운전 의무 불이행","단일로","기타단일로","승용차","보행자","1138974","1677994","129.0245382","35.08749556","N"
"2017","2017-09-05 04","야","화","1","0","0","0","0","부산","기장군","차대사람","기타","기타","안전운전 의무 불이행","교차로","교차로부근","승용차","보행자","1152865.9","1703828.8","129.1816708","35.31833984","N"
"2017","2017-09-05 08","주","화","1","0","0","0","0","서울","중랑구","차대사람","횡단중","횡단중","안전운전 의무 불이행","단일로","기타단일로","화물차","보행자","965204","1955758","127.1058073","37.60057943","N"
"2017","2017-09-05 09","주","화","1","0","0","0","0","강원","춘천시","차대차","측면충돌","측면충돌","안전운전 의무 불이행","단일로","기타단일로","승용차","자전거","1020232","1989701","127.7301492","37.90695039","N"
"2017","2017-09-05 10","주","화","1","1","0","1","0","경기","화성시","차대차","정면충돌","정면충돌","안전운전 의무 불이행","단일로","기타단일로","화물차","화물차","949253","1905363","126.9285667","37.14560683","N"
"2017","2017-09-05 11","주","화","1","1","1","0","0","경북","고령군","차대차","정면충돌","정면충돌","중앙선 침범","단일로","기타단일로","승용차","승용차","1068034","1746010","128.2520934","35.70802002","N"
"2017","2017-09-05 15","주","화","1","0","0","0","0","충남","보령시","차대사람","횡단중","횡단중","안전운전 의무 불이행","단일로","기타단일로","승용차","보행자","924606","1821689","126.6593283","36.38972318","N"
"2017","2017-09-05 16","주","화","1","0","0","0","0","울산","울주군","차대차","정면충돌","정면충돌","중앙선 침범","단일로","기타단일로","화물차","이륜차","1156003","1737739","129.2226761","35.62347636","N"
"2017","2017-09-05 20","야","화","2","0","0","0","0","전북","전주시","차대사람","횡단중","횡단중","안전운전 의무 불이행","교차로","교차로내","승합차","보행자","968293.6","1756509.1","127.1490702","35.80452087","N"
"2017","2017-09-06 03","야","수","1","0","0","0","0","경기","하남시","차대차","정면충돌","정면충돌","과속","단일로","기타단일로","승용차","화물차","968465","1946168","127.1431619","37.5142585","N"
"2017","2017-09-06 05","야","수","1","0","0","0","0","경북","경산시","차대차","측면충돌","측면충돌","안전운전 의무 불이행","교차로","교차로내","승용차","화물차","1112474","1759267","128.7451409","35.82344898","N"
"2017","2017-09-06 08","주","수","1","0","0","0","0","경기","화성시","차량단독","공작물충돌","공작물충돌","안전운전 의무 불이행","단일로","기타단일로","승용차","없음","925355","1908096","126.6592143","37.16863723","N"
"2017","2017-09-06 13","주","수","1","0","0","0","0","대전","대덕구","차대사람","횡단중","횡단중","안전운전 의무 불이행","교차로","교차로횡단보도내","특수차","보행자","993404","1826818","127.4264049","36.43889853","N"
"2017","2017-09-06 15","주","수","1","3","0","3","0","서울","강남구","차대차","추돌","추돌","안전운전 의무 불이행","단일로","기타단일로","화물차","화물차","965645","1942629","127.1114178","37.48225915","N"
"2017","2017-09-06 17","주","수","1","0","0","0","0","강원","춘천시","차대사람","차도통행중","차도통행중","안전운전 의무 불이행","교차로","교차로횡단보도내","화물차","보행자","1022207","1989765","127.7526176","37.90748114","N"
"2017","2017-09-06 22","야","수","1","0","0","0","0","경기","부천시","차대사람","차도통행중","차도통행중","안전운전 의무 불이행","단일로","기타단일로","승용차","보행자","938255","1942765","126.8016203","37.48205993","N"
"2017","2017-09-07 00","야","목","1","2","2","0","0","전남","광양시","차대차","정면충돌","정면충돌","중앙선 침범","단일로","기타단일로","승용차","화물차","1006978","1663080","127.576435","34.96257108","N"
"2017","2017-09-07 01","야","목","1","1","1","0","0","광주","광산구","차대차","정면충돌","정면충돌","중앙선 침범","단일로","기타단일로","승용차","승용차","942403","1688799","126.8673278","35.19285907","N"
"2017","2017-09-07 04","야","목","1","1","0","1","0","경기","부천시","차대차","정면충돌","정면충돌","안전운전 의무 불이행","교차로","교차로내","승용차","승합차","935929","1946473","126.7749904","37.5153215","N"
"2017","2017-09-07 04","야","목","1","1","1","0","0","충북","증평군","차량단독","공작물충돌","공작물충돌","안전운전 의무 불이행","단일로","기타단일로","승용차","없음","1006337","1864878","127.5710192","36.78201173","N"
"2017","2017-09-07 10","주","목","1","0","0","0","0","경남","통영시","차대차","측면충돌","측면충돌","중앙선 침범","교차로","교차로부근","승용차","사륜오토바이(ATV)","1075153","1657034","128.322623","34.90529111","N"
"2017","2017-09-07 11","주","목","1","0","0","0","0","충남","공주시","차량단독","도로이탈","도로이탈 추락","안전운전 의무 불이행","단일로","기타단일로","화물차","없음","963221","1824670","127.0897438","36.41885159","N"
"2017","2017-09-07 16","주","목","1","2","0","0","2","충북","충주시","차대차","기타","기타","안전운전 의무 불이행","교차로","교차로내","이륜차","승용차","1024538","1905751","127.7763261","37.1501597","N"
"2017","2017-09-07 16","주","목","1","0","0","0","0","광주","남구","차대차","정면충돌","정면충돌","안전운전 의무 불이행","단일로","기타단일로","승용차","자전거","945004.5","1679881.1","126.8964965","35.11259484","N"
"2017","2017-09-07 19","야","목","1","0","0","0","0","경북","포항시","차량단독","전도","전도","안전운전 의무 불이행","단일로","기타단일로","승용차","없음","1167233","1775764","129.3545764","35.96430346","N"
"2017","2017-09-07 20","야","목","1","0","0","0","0","서울","강동구","차대사람","기타","기타","안전운전 의무 불이행","단일로","기타단일로","승합차","보행자","970242","1950826","127.1630806","37.55630221","N"
"2017","2017-09-07 22","야","목","1","0","0","0","0","경북","김천시","차대차","추돌","추돌","안전운전 의무 불이행","단일로","기타단일로","화물차","승용차","1048702","1794341","128.0413567","36.1449012","N"
"2017","2017-09-08 07","주","금","1","0","0","0","0","경기","부천시","차대차","추돌","추돌","안전운전 의무 불이행","단일로","기타단일로","화물차","자전거","938576","1947352","126.8048676","37.52342396","N"
"2017","2017-09-08 07","주","금","1","0","0","0","0","경북","문경시","차대사람","횡단중","횡단중","안전운전 의무 불이행","교차로","교차로내","화물차","보행자","1067523","1854616","128.2557977","36.68712402","N"
"2017","2017-09-08 07","주","금","1","0","0","0","0","경북","영천시","차량단독","도로이탈","도로이탈 추락","안전운전 의무 불이행","단일로","기타단일로","화물차","없음","1137652","1771191","129.0258528","35.92770908","N"
"2017","2017-09-08 09","주","금","1","0","0","0","0","부산","서구","차량단독","공작물충돌","공작물충돌","안전운전 의무 불이행","단일로","기타단일로","자전거","없음","1138723","1677617.3","129.0217226","35.08413453","N"
"2017","2017-09-08 16","주","금","1","1","1","0","0","경기","이천시","차대차","측면충돌","측면충돌","안전거리 미확보","교차로","교차로부근","승용차","이륜차","994530","1919677","127.4382991","37.27599616","N"
"2017","2017-09-08 16","주","금","1","2","1","1","0","충북","충주시","차대차","추돌","추돌","안전운전 의무 불이행","단일로","기타단일로","화물차","화물차","1023934","1893539","127.7691348","37.04009414","N"
"2017","2017-09-08 19","야","금","1","0","0","0","0","충남","공주시","차대사람","차도통행중","차도통행중","신호위반","교차로","교차로내","이륜차","보행자","967525","1831148","127.1374808","36.47740662","N"
"2017","2017-09-08 22","야","금","1","0","0","0","0","경북","구미시","차대사람","횡단중","횡단중","안전운전 의무 불이행","교차로","교차로내","승용차","보행자","1074599","1801668","128.3298937","36.2093051","N"
"2017","2017-09-08 22","야","금","1","0","0","0","0","대전","서구","차대사람","기타","기타","안전운전 의무 불이행","교차로","교차로부근","승용차","보행자","990966","1815505","127.3993345","36.33688807","N"
"2017","2017-09-08 23","야","금","1","0","0","0","0","부산","사상구","차대사람","횡단중","횡단중","안전운전 의무 불이행","교차로","교차로횡단보도내","승용차","보행자","1134486","1687044","128.9767922","35.16968345","N"
"2017","2017-09-09 00","야","토","1","0","0","0","0","제주","서귀포시","차량단독","공작물충돌","공작물충돌","안전운전 의무 불이행","단일로","기타단일로","이륜차","없음","944899","1497493","126.9070085","33.46781375","N"
"2017","2017-09-09 02","야","토","1","0","0","0","0","부산","동구","차대사람","기타","기타","안전운전 의무 불이행","단일로","기타단일로","승용차","보행자","1140051.1","1681181.2","129.0368895","35.11607599","N"
"2017","2017-09-09 04","야","토","1","1","1","0","0","서울","성북구","차대사람","횡단중","횡단중","안전운전 의무 불이행","단일로","기타단일로","승용차","보행자","960550","1956684","127.0530351","37.60873782","N"
"2017","2017-09-09 04","야","토","1","1","0","0","1","경기","용인시","차대차","정면충돌","정면충돌","중앙선 침범","교차로","교차로부근","승용차","승용차","963833","1917291","127.0921613","37.25380238","N"
"2017","2017-09-09 04","야","토","1","1","0","1","0","전남","나주시","차대사람","보도통행중","보도통행중","기타","교차로","교차로부근","승용차","보행자","928490","1672273.4","126.7159413","35.04296256","N"
"2017","2017-09-09 08","주","토","1","2","0","2","0","경북","영주시","차대차","측면충돌","측면충돌","안전운전 의무 불이행","단일로","기타단일로","화물차","승용차","1099862.8","1870489.9","128.6198087","36.82734916","N"
"2017","2017-09-09 09","주","토","1","0","0","0","0","경남","함안군","차대차","측면충돌","측면충돌","교차로 통행방법 위반","교차로","교차로내","화물차","이륜차","1072504","1702090","128.297578","35.31172717","N"
"2017","2017-09-09 12","주","토","1","0","0","0","0","경북","안동시","차량단독","전도전복","전도전복","안전운전 의무 불이행","단일로","기타단일로","사륜오토바이(ATV)","없음","1086331","1838688","128.4645051","36.54203104","N"
"2017","2017-09-09 13","주","토","1","1","1","0","0","충북","괴산군","차대차","정면충돌","정면충돌","안전운전 의무 불이행","단일로","기타단일로","이륜차","승용차","1029621","1870840","127.8321942","36.83531461","N"
"2017","2017-09-09 14","주","토","1","0","0","0","0","경기","평택시","차량단독","전도","전도","안전운전 의무 불이행","단일로","기타단일로","기타","없음","953020","1890826","126.9718928","37.01476834","N"
"2017","2017-09-09 15","주","토","1","0","0","0","0","전남","장흥군","차대사람","기타","기타","교차로 통행방법 위반","교차로","교차로내","화물차","보행자","948519","1625160","126.9384263","34.61934941","N"
"2017","2017-09-09 19","야","토","1","0","0","0","0","경기","김포시","차대사람","횡단중","횡단중","안전운전 의무 불이행","기타","기타","승용차","보행자","935753","1955940","126.7721695","37.60063391","N"
"2017","2017-09-09 20","야","토","1","0","0","0","0","인천","옹진군","차대차","측면충돌","측면충돌","중앙선 침범","단일로","교량위","화물차","이륜차","912388","1917703","126.5120467","37.25409664","N"
"2017","2017-09-09 23","야","토","1","1","1","0","0","경기","양평군","차대차","정면충돌","정면충돌","중앙선 침범","교차로","교차로내","승용차","승용차","999530","1944906","127.4946824","37.50342217","N"
"2017","2017-09-10 00","야","일","1","0","0","0","0","부산","북구","차대사람","횡단중","횡단중","과속","단일로","기타단일로","승용차","보행자","1137725.5","1694099.7","129.013534","35.2328446","N"
"2017","2017-09-10 02","야","일","1","3","0","3","0","강원","강릉시","차대차","측면충돌","측면충돌","안전운전 의무 불이행","교차로","교차로내","승용차","이륜차","1123051","1975435","128.8971532","37.77031048","N"
"2017","2017-09-10 02","야","일","1","0","0","0","0","강원","강릉시","차량단독","기타","기타","안전운전 의무 불이행","교차로","교차로부근","승용차","없음","1122451","1969469.6","128.8893372","37.71663901","N"
"2017","2017-09-10 04","야","일","1","0","0","0","0","울산","동구","차량단독","기타","기타","안전운전 의무 불이행","단일로","기타단일로","이륜차","없음","1173550","1728093","129.4142781","35.53362533","N"
"2017","2017-09-10 05","야","일","1","0","0","0","0","전남","목포시","차대사람","횡단중","횡단중","안전운전 의무 불이행","단일로","기타단일로","승용차","보행자","898297","1645289","126.388229","34.79708448","N"
"2017","2017-09-10 07","주","일","1","0","0","0","0","세종","세종시","차대사람","기타","기타","안전운전 의무 불이행","단일로","기타단일로","화물차","보행자","989651","1836901","127.3843958","36.52976558","N"
"2017","2017-09-10 09","주","일","1","2","0","1","1","강원","원주시","차대차","정면충돌","정면충돌","교차로 통행방법 위반","교차로","교차로내","승용차","이륜차","1039339","1930853","127.9443259","37.37591729","N"
"2017","2017-09-10 09","주","일","1","0","0","0","0","전북","정읍시","차량단독","도로이탈","도로이탈 추락","안전운전 의무 불이행","단일로","기타단일로","승합차","없음","945521","1725090","126.8991566","35.52024784","N"
"2017","2017-09-10 12","주","일","1","0","0","0","0","부산","부산진구","차대차","기타","기타","기타","교차로","교차로내","승용차","이륜차","1141483","1686594","129.0535246","35.16466626","N"
"2017","2017-09-10 13","주","일","1","0","0","0","0","경남","창원시(통합)","차대사람","기타","기타","안전운전 의무 불이행","교차로","교차로내","승용차","보행자","1105513","1695047","128.6597308","35.24529354","N"
"2017","2017-09-10 16","주","일","1","3","3","0","0","충남","공주시","차대차","추돌","추돌","안전운전 의무 불이행","단일로","기타단일로","승용차","승용차","968153","1821827","127.144874","36.39339784","N"
"2017","2017-09-10 17","주","일","1","1","0","1","0","전북","익산시","차대차","정면충돌","정면충돌","중앙선 침범","단일로","기타단일로","승용차","승용차","956311","1782922","127.0149974","36.04219236","N"
"2017","2017-09-10 17","주","일","1","5","3","2","0","광주","동구","차대차","추돌","추돌","안전운전 의무 불이행","교차로","교차로부근","승용차","승용차","947691.9","1683361.2","126.9257656","35.14411742","Y"
"2017","2017-09-10 23","야","일","1","1","0","1","0","대구","동구","차대차","측면충돌","측면충돌","안전운전 의무 불이행","단일로","기타단일로","승용차","승용차","1107067","1764203","128.6859569","35.8685484","N"
"2017","2017-09-11 01","야","월","1","0","0","0","0","충북","청주시","차대사람","기타","기타","과속","단일로","기타단일로","화물차","보행자","999900","1845334","127.4988818","36.60584582","N"
"2017","2017-09-11 04","야","월","1","0","0","0","0","경기","부천시","차량단독","기타","기타","안전운전 의무 불이행","단일로","기타단일로","승용차","없음","939466","1941722","126.8154024","37.47273948","N"
"2017","2017-09-11 04","야","월","2","3","1","2","0","전북","군산시","차대차","기타","기타","안전운전 의무 불이행","단일로","기타단일로","승용차","화물차","937085","1778972","126.801891","36.00552892","N"
"2017","2017-09-11 05","야","월","1","1","1","0","0","경남","거제시","차량단독","공작물충돌","공작물충돌","과속","단일로","기타단일로","승용차","없음","1107483","1653614","128.6760108","34.87154736","N"
"2017","2017-09-11 05","야","월","1","1","0","1","0","경기","남양주시","차대차","기타","기타","신호위반","교차로","교차로내","승합차","화물차","972923","1966845","127.1928408","37.70076963","N"
"2017","2017-09-11 09","주","월","2","0","0","0","0","강원","영월군","차량단독","도로이탈","도로이탈 추락","안전운전 의무 불이행","단일로","기타단일로","승용차","없음","1090767","1910286","128.5226226","37.18694762","N"
"2017","2017-09-11 09","주","월","1","0","0","0","0","경북","의성군","차량단독","전도","전도","안전운전 의무 불이행","기타","기타","사륜오토바이(ATV)","없음","1113122","1807158","128.7591676","36.25505021","N"
"2017","2017-09-11 11","주","월","1","0","0","0","0","전북","전주시","차대사람","횡단중","횡단중","안전운전 의무 불이행","단일로","기타단일로","승용차","보행자","967983.7","1758995","127.1455407","35.8269238","N"
"2017","2017-09-11 11","주","월","1","0","0","0","0","울산","동구","차대차","측면충돌","측면충돌","안전운전 의무 불이행","단일로","기타단일로","화물차","화물차","1175246","1722404","129.4317471","35.48206035","N"
"2017","2017-09-11 13","주","월","1","1","1","0","0","충북","충주시","차대차","측면충돌","측면충돌","중앙선 침범","단일로","기타단일로","승용차","승용차","1025081","1886700","127.7818048","36.97841534","N"
"2017","2017-09-11 14","주","월","1","0","0","0","0","강원","춘천시","차량단독","전도전복","전도전복","안전운전 의무 불이행","단일로","기타단일로","화물차","없음","1024372.8","1986496.2","127.7771441","37.87796413","N"
"2017","2017-09-11 16","주","월","1","0","0","0","0","서울","송파구","차대사람","기타","기타","안전운전 의무 불이행","단일로","기타단일로","승용차","보행자","966504","1948897","127.1208479","37.53878702","N"
"2017","2017-09-11 19","야","월","1","0","0","0","0","경기","안성시","차대사람","기타","기타","안전운전 의무 불이행","단일로","기타단일로","화물차","보행자","994691","1891651","127.440314","37.02336521","N"
"2017","2017-09-11 19","야","월","1","0","0","0","0","경남","창원시(통합)","차대사람","길가장자리구역통행중","길가장자리구역통행중","안전운전 의무 불이행","단일로","기타단일로","승용차","보행자","1086390","1679458","128.4479385","35.10657567","N"
"2017","2017-09-11 20","야","월","1","0","0","0","0","경기","안성시","차대사람","기타","기타","안전운전 의무 불이행","단일로","기타단일로","승용차","보행자","977940","1891723","127.2519912","37.0237701","N"
"2017","2017-09-11 20","야","월","1","3","0","3","0","전북","전주시","차대차","추돌","추돌","안전운전 의무 불이행","단일로","기타단일로","화물차","승용차","966522","1765632","127.1290795","35.88671399","N"
"2017","2017-09-11 20","야","월","1","0","0","0","0","경남","거창군","차대차","추돌","추돌","안전운전 의무 불이행","단일로","기타단일로","화물차","화물차","1032677","1732455","127.8606944","35.58761194","N"
"2017","2017-09-11 23","야","월","1","0","0","0","0","경기","안산시","차대사람","횡단중","횡단중","안전운전 의무 불이행","단일로","기타단일로","승용차","보행자","946977","1922658","126.9017091","37.30137067","N"
"2017","2017-09-12 05","야","화","1","0","0","0","0","경기","광주시","차대사람","기타","기타","안전운전 의무 불이행","단일로","기타단일로","승용차","보행자","992726","1930695","127.4178421","37.37529921","N"
"2017","2017-09-12 05","야","화","1","0","0","0","0","경기","성남시","차대사람","횡단중","횡단중","안전운전 의무 불이행","단일로","기타단일로","화물차","보행자","968829","1934235","127.1477856","37.4067121","N"
"2017","2017-09-12 08","주","화","1","0","0","0","0","경기","고양시","차대사람","횡단중","횡단중","신호위반","교차로","교차로부근","승합차","보행자","937921","1969802","126.7955485","37.72571734","N"
"2017","2017-09-12 10","주","화","1","0","0","0","0","전북","김제시","차량단독","기타","기타","안전운전 의무 불이행","기타","기타","농기계","없음","950703","1763453","126.9539533","35.86639963","N"
"2017","2017-09-12 10","주","화","1","4","4","0","0","전남","영광군","차대차","측면충돌","측면충돌","신호위반","교차로","교차로내","승용차","승용차","913837","1701706","126.5522239","35.30718084","N"
"2017","2017-09-12 10","주","화","1","0","0","0","0","경북","상주시","차대차","추돌","추돌","안전운전 의무 불이행","교차로","교차로부근","승용차","자전거","1059808","1829967","128.1675325","36.46544345","N"
"2017","2017-09-12 12","주","화","1","0","0","0","0","경남","창녕군","차대사람","기타","기타","안전운전 의무 불이행","교차로","교차로내","화물차","보행자","1085087","1733349","128.439251","35.59255236","N"
"2017","2017-09-12 12","주","화","1","0","0","0","0","경남","고성군","차대사람","차도통행중","차도통행중","안전운전 의무 불이행","단일로","기타단일로","승용차","보행자","1058781","1658421","128.1435245","34.9188785","N"
"2017","2017-09-12 14","주","화","1","0","0","0","0","서울","강서구","차대차","기타","기타","신호위반","교차로","교차로내","승합차","이륜차","938048","1953819","126.7983464","37.58167512","N"
"2017","2017-09-12 14","주","화","1","1","1","0","0","부산","사하구","차대사람","기타","기타","안전운전 의무 불이행","교차로","교차로내","승용차","보행자","1133734","1673759.3","128.9663897","35.0500314","N"
"2017","2017-09-12 16","주","화","1","0","0","0","0","경기","용인시","차대차","기타","기타","안전운전 의무 불이행","교차로","교차로내","승합차","자전거","974368","1914269","127.211062","37.22691183","N"
"2017","2017-09-12 20","야","화","1","0","0","0","0","경기","가평군","차대사람","횡단중","횡단중","안전운전 의무 불이행","단일로","기타단일로","승용차","보행자","1000553","1983800","127.5062862","37.85398903","N"
"2017","2017-09-12 21","야","화","1","0","0","0","0","경기","안산시","차대사람","횡단중","횡단중","안전운전 의무 불이행","단일로","기타단일로","승용차","보행자","944649","1922812","126.8754307","37.30262304","N"
"2017","2017-09-12 21","야","화","1","0","0","0","0","충남","아산시","차대차","기타","기타","신호위반","교차로","교차로내","자전거","승용차","961718","1868781","127.0707802","36.81644282","N"
"2017","2017-09-12 22","야","화","1","4","0","2","2","경기","평택시","차대차","추돌","추돌","안전운전 의무 불이행","교차로","교차로부근","승용차","화물차","966522.7","1888172.6","127.1237924","36.99142833","N"
"2017","2017-09-12 22","야","화","1","1","0","1","0","경기","안산시","차대사람","횡단중","횡단중","과속","단일로","기타단일로","승용차","보행자","939564","1925727","126.8178188","37.32858013","N"
"2017","2017-09-13 03","야","수","1","0","0","0","0","전남","해남군","차량단독","도로이탈","도로이탈 추락","안전운전 의무 불이행","교차로","교차로부근","화물차","없음","918181.8","1615811.5","126.6084263","34.53308209","N"
"2017","2017-09-13 04","야","수","1","0","0","0","0","대구","달성군","차대차","추돌","추돌","안전운전 의무 불이행","단일로","기타단일로","화물차","화물차","1088227","1752337","128.4759905","35.76345635","N"
"2017","2017-09-13 06","주","수","1","0","0","0","0","경기","김포시","차대차","기타","기타","신호위반","교차로","교차로횡단보도내","승합차","자전거","923075","1961671","126.6279559","37.65131109","N"
"2017","2017-09-13 06","주","수","1","0","0","0","0","대구","동구","차대사람","횡단중","횡단중","안전운전 의무 불이행","단일로","기타단일로","화물차","보행자","1113497","1765135","128.7572984","35.87622525","N"
"2017","2017-09-13 09","주","수","1","0","0","0","0","경북","구미시","차대차","정면충돌","정면충돌","중앙선 침범","단일로","기타단일로","화물차","승용차","1077067","1799512","128.3571349","36.18967603","N"
"2017","2017-09-13 10","주","수","1","0","0","0","0","인천","강화군","차대차","측면충돌","측면충돌","중앙선 침범","단일로","기타단일로","자전거","화물차","892625","1976340","126.2806625","37.78044139","N"
"2017","2017-09-13 13","주","수","2","3","1","2","0","충남","홍성군","차대차","추돌","추돌","안전운전 의무 불이행","단일로","기타단일로","승용차","특수차","928640","1846072","126.7020527","36.60982732","N"
"2017","2017-09-13 18","야","수","1","0","0","0","0","경기","평택시","차량단독","기타","기타","안전운전 의무 불이행","단일로","기타단일로","이륜차","없음","955696","1890686","127.0019811","37.01363641","N"
"2017","2017-09-13 19","야","수","1","0","0","0","0","서울","구로구","차대사람","차도통행중","차도통행중","안전운전 의무 불이행","단일로","기타단일로","승용차","보행자","945507","1944682","126.8834989","37.49979452","N"
"2017","2017-09-13 19","야","수","1","0","0","0","0","대전","유성구","차대차","기타","기타","안전운전 의무 불이행","교차로","교차로내","승용차","이륜차","990243","1825899","127.3911476","36.43058654","N"
"2017","2017-09-13 20","야","수","1","0","0","0","0","경남","하동군","차대사람","길가장자리구역통행중","길가장자리구역통행중","안전운전 의무 불이행","단일로","기타단일로","승용차","보행자","1011679","1689158","127.628296","35.1976809","N"
"2017","2017-09-14 00","야","목","1","0","0","0","0","경북","포항시","차량단독","공작물충돌","공작물충돌","안전운전 의무 불이행","단일로","기타단일로","화물차","없음","1166866","1786618","129.3527968","36.06217388","N"
"2017","2017-09-14 00","야","목","1","0","0","0","0","울산","동구","차대사람","횡단중","횡단중","보행자 보호의무 위반","교차로","교차로내","승합차","보행자","1174012","1723175","129.4183166","35.48922527","N"
"2017","2017-09-14 05","야","목","1","0","0","0","0","대전","유성구","차량단독","기타","기타","안전운전 의무 불이행","단일로","기타단일로","화물차","없음","983733","1814983","127.3187486","36.33208697","N"
"2017","2017-09-14 06","주","목","1","1","1","0","0","경북","울진군","차량단독","공작물충돌","공작물충돌","안전운전 의무 불이행","단일로","기타단일로","원동기장치자전거","없음","1169832","1898197","129.4103179","37.06700187","N"