"발생년","발생년월일시","주야","요일","사망자수","부상자수","중상자수","경상자수","부상신고자수","발생지시도","발생지시군구","사고유형_대분류","사고유형_중분류","사고유형","가해자법규위반","도로형태_대분류","도로형태","가해자_당사자종별","피해자_당사자종별","발생위치(X_UTMK)","발생위치(Y_UTMK)","경도","위도"," 어린이사고 여부"
"2017","2017-09-14 06","주","목","1","1","1","0","0","경북","구미시","차대차","기타","기타","중앙선 침범","단일로","기타단일로","승용차","승용차","1070101","1803510","128.2800239","36.22624684","N"
"2017","2017-09-14 07","주","목","1","0","0","0","0","경기","안양시","차대차","측면충돌","측면충돌","신호위반","교차로","교차로내","승합차","자전거","952090","1929653","126.9589477","37.36469782","N"
"2017","2017-09-14 09","주","목","1","0","0","0","0","광주","광산구","차대사람","횡단중","횡단중","안전운전 의무 불이행","단일로","기타단일로","이륜차","보행자","932576","1680898","126.7600362","35.12100806","N"
"2017","2017-09-14 11","주","목","1","0","0","0","0","전북","군산시","차대차","측면충돌","측면충돌","기타","교차로","교차로내","승용차","화물차","924176","1767292","126.6597803","35.8993141","N"
"2017","2017-09-14 12","주","목","1","0","0","0","0","경기","안산시","차대사람","기타","기타","안전운전 의무 불이행","단일로","기타단일로","승용차","보행자","943706","1928783","126.8643374","37.35638525","N"
"2017","2017-09-14 14","주","목","1","2","2","0","0","경기","양주시","차량단독","전도전복","전도전복","안전운전 의무 불이행","단일로","기타단일로","승용차","없음","958088","1976781","127.0239849","37.78976415","N"
"2017","2017-09-14 15","주","목","1","3","3","0","0","경북","문경시","차량단독","공작물충돌","공작물충돌","안전운전 의무 불이행","단일로","기타단일로","승용차","없음","1056872","1868097","128.137591","36.80934219","N"
"2017","2017-09-14 15","주","목","1","0","0","0","0","대전","대덕구","차대사람","기타","기타","안전운전 의무 불이행","교차로","교차로부근","화물차","보행자","993304","1827297","127.425285","36.44321615","N"
"2017","2017-09-14 17","주","목","1","0","0","0","0","경기","안산시","차대차","측면충돌","측면충돌","안전운전 의무 불이행","교차로","교차로내","승합차","이륜차","939005","1923509","126.8116917","37.30855211","N"
"2017","2017-09-14 19","야","목","1","0","0","0","0","충북","충주시","차대사람","기타","기타","안전운전 의무 불이행","단일로","기타단일로","승용차","보행자","1038124.4","1888080.5","127.9284244","36.99042114","N"
"2017","2017-09-14 22","야","목","1","1","1","0","0","광주","광산구","차대차","기타","기타","신호위반","교차로","교차로내","승용차","이륜차","936662","1687073","126.8044025","35.17695073","N"
"2017","2017-09-14 23","야","목","1","0","0","0","0","경남","사천시","차대사람","횡단중","횡단중","안전운전 의무 불이행","교차로","교차로내","승용차","보행자","1052850","1675445","128.0796774","35.07271016","N"
"2017","2017-09-15 05","야","금","1","2","2","0","0","부산","강서구","차대차","측면충돌","측면충돌","신호위반","교차로","교차로내","건설기계","화물차","1126776.5","1690513.8","128.8926906","35.20196436","N"
"2017","2017-09-15 21","야","금","1","1","0","1","0","전남","무안군","차량단독","공작물충돌","공작물충돌","안전운전 의무 불이행","교차로","교차로내","승용차","없음","908926","1650231","126.5038676","34.84264912","N"
"2017","2017-09-16 05","야","토","1","0","0","0","0","전북","전주시","차대사람","횡단중","횡단중","안전운전 의무 불이행","단일로","기타단일로","승용차","보행자","965868","1761002","127.1220319","35.84494754","N"
"2017","2017-09-16 06","주","토","1","0","0","0","0","전남","여수시","차대사람","횡단중","횡단중","안전운전 의무 불이행","단일로","기타단일로","승용차","보행자","1015014.3","1643850.8","127.6641172","34.78908275","N"
"2017","2017-09-16 07","주","토","1","0","0","0","0","대구","수성구","차량단독","공작물충돌","공작물충돌","기타","단일로","기타단일로","화물차","없음","1102453","1763796","128.6348056","35.86537318","N"
"2017","2017-09-16 10","주","토","1","1","0","1","0","경남","밀양시","차량단독","공작물충돌","공작물충돌","안전운전 의무 불이행","단일로","기타단일로","승용차","없음","1108716","1726889","128.6991712","35.53200316","N"
"2017","2017-09-16 12","주","토","1","0","0","0","0","부산","부산진구","차대사람","차도통행중","차도통행중","중앙선 침범","교차로","교차로부근","승용차","보행자","1138422","1684918","129.0196436","35.14998507","N"
"2017","2017-09-16 12","주","토","1","0","0","0","0","경기","군포시","차대차","기타","기타","신호위반","교차로","교차로내","이륜차","승용차","950139","1930267","126.9368745","37.37012924","N"
"2017","2017-09-16 17","주","토","1","0","0","0","0","강원","동해시","차대차","측면충돌","측면충돌","기타","교차로","교차로내","원동기장치자전거","승용차","1143801","1943479","129.1263861","37.47936423","N"
"2017","2017-09-16 18","야","토","1","0","0","0","0","서울","영등포구","차량단독","기타","기타","안전운전 의무 불이행","단일로","기타단일로","자전거","없음","945497","1950448","126.8829579","37.55176348","N"
"2017","2017-09-16 19","야","토","1","1","1","0","0","충남","당진시","차대차","정면충돌","정면충돌","중앙선 침범","단일로","기타단일로","승용차","승용차","934089","1883616","126.7597311","36.94864186","N"
"2017","2017-09-16 19","야","토","1","0","0","0","0","충남","당진시","차대사람","차도통행중","차도통행중","안전운전 의무 불이행","단일로","기타단일로","승용차","보행자","911281","1878432","126.5042053","36.90004463","N"
"2017","2017-09-16 22","야","토","1","0","0","0","0","경기","하남시","차대차","측면충돌","측면충돌","안전운전 의무 불이행","교차로","교차로내","승합차","이륜차","975764","1945909","127.2257622","37.51214463","N"
"2017","2017-09-16 22","야","토","1","0","0","0","0","충남","태안군","차량단독","공작물충돌","공작물충돌","안전운전 의무 불이행","단일로","기타단일로","승용차","없음","893238.3","1852839","126.3053145","36.66751065","N"
"2017","2017-09-17 02","야","일","1","0","0","0","0","경기","평택시","차대차","측면충돌","측면충돌","안전운전 의무 불이행","단일로","기타단일로","승용차","승용차","965837","1887569","127.1161142","36.98596267","N"
"2017","2017-09-17 05","야","일","1","0","0","0","0","경기","부천시","차대사람","횡단중","횡단중","안전운전 의무 불이행","단일로","기타단일로","승용차","보행자","934961","1943513","126.7642995","37.48857552","N"
"2017","2017-09-17 11","주","일","1","1","1","0","0","강원","춘천시","차대차","측면충돌","측면충돌","안전운전 의무 불이행","단일로","기타단일로","승용차","이륜차","1018612","1990856","127.7117508","37.91739497","N"
"2017","2017-09-17 13","주","일","1","4","2","1","1","부산","기장군","차대차","정면충돌","정면충돌","과속","교차로","교차로내","화물차","승용차","1154527.2","1697254.1","129.1987009","35.25882632","Y"
"2017","2017-09-17 17","주","일","1","0","0","0","0","전북","남원시","차량단독","공작물충돌","공작물충돌","안전운전 의무 불이행","단일로","터널안","승용차","없음","953936","1952044","126.9783937","37.56660917","N"
"2017","2017-09-17 19","야","일","1","0","0","0","0","충남","아산시","차대사람","기타","기타","안전거리 미확보","단일로","교량위","승용차","보행자","957891","1864273","127.0281222","36.77564314","N"
"2017","2017-09-17 22","야","일","1","0","0","0","0","전북","전주시","차량단독","공작물충돌","공작물충돌","안전운전 의무 불이행","단일로","기타단일로","원동기장치자전거","없음","965024","1760782","127.1126956","35.84293427","N"
"2017","2017-09-18 00","야","월","1","0","0","0","0","전북","전주시","차대차","측면충돌","측면충돌","신호위반","교차로","교차로횡단보도내","자전거","승용차","964829","1758840","127.1106218","35.82541825","N"
"2017","2017-09-18 02","야","월","1","0","0","0","0","경기","수원시","차량단독","기타","기타","안전운전 의무 불이행","단일로","터널안","승합차","없음","958812","1923415","127.035204","37.30879375","N"
"2017","2017-09-18 05","야","월","1","0","0","0","0","경남","밀양시","차대차","추돌","추돌","안전운전 의무 불이행","단일로","기타단일로","화물차","화물차","1115501","1719160","128.7728962","35.46156307","N"
"2017","2017-09-18 06","주","월","1","0","0","0","0","경북","상주시","차대차","추돌","추돌","안전운전 의무 불이행","단일로","교량위","화물차","자전거","1040534","1821209","127.95196","36.38749924","N"
"2017","2017-09-18 07","주","월","1","0","0","0","0","부산","금정구","차대사람","횡단중","횡단중","안전운전 의무 불이행","단일로","기타단일로","건설기계","보행자","1144940","1694632.2","129.0928849","35.23662713","N"
"2017","2017-09-18 09","주","월","1","1","1","0","0","충북","보은군","차대차","정면충돌","정면충돌","중앙선 침범","단일로","기타단일로","화물차","화물차","1028788","1823953","127.8210944","36.41266069","N"
"2017","2017-09-18 11","주","월","1","5","1","4","0","전남","구례군","차대차","정면충돌","정면충돌","중앙선 침범","단일로","기타단일로","승합차","화물차","1009563","1690965","127.6050724","35.21399723","N"
"2017","2017-09-18 12","주","월","1","1","1","0","0","전남","영암군","차대사람","기타","기타","안전운전 의무 불이행","단일로","기타단일로","승용차","보행자","915855.7","1636999.7","126.5809772","34.72394488","N"
"2017","2017-09-18 12","주","월","1","0","0","0","0","울산","울주군","차대차","추돌","추돌","안전운전 의무 불이행","교차로","교차로부근","화물차","화물차","1148082","1734344","129.1346178","35.59409657","N"
"2017","2017-09-18 13","주","월","1","2","0","0","2","경기","고양시","차대차","추돌","추돌","안전운전 의무 불이행","단일로","기타단일로","화물차","화물차","930144","1965818","126.7076875","37.68925125","N"
"2017","2017-09-18 16","주","월","1","1","1","0","0","충남","청양군","차대차","추돌","추돌","안전운전 의무 불이행","단일로","기타단일로","화물차","건설기계","958933","1827894","127.0417432","36.44774205","N"
"2017","2017-09-18 18","야","월","1","1","1","0","0","서울","동대문구","차대차","측면충돌","측면충돌","안전운전 의무 불이행","교차로","교차로부근","이륜차","승용차","960259","1953943","127.0498871","37.58401999","N"
"2017","2017-09-18 19","야","월","1","0","0","0","0","전북","익산시","차대사람","기타","기타","보행자 보호의무 위반","교차로","교차로횡단보도내","승용차","보행자","953234","1772876","126.9814333","35.95147883","N"
"2017","2017-09-18 19","야","월","1","1","0","1","0","경남","하동군","차대차","추돌","추돌","과속","단일로","기타단일로","승용차","농기계","1033997","1669591","127.8726562","35.02073564","N"
"2017","2017-09-18 19","야","월","1","0","0","0","0","제주","서귀포시","차대차","기타","기타","과속","단일로","기타단일로","승용차","승용차","923400","1476708","126.6774228","33.27903324","N"
"2017","2017-09-18 20","야","월","1","0","0","0","0","충남","아산시","차대사람","횡단중","횡단중","안전운전 의무 불이행","단일로","기타단일로","승용차","보행자","949428","1865914","126.9331799","36.79002168","N"
"2017","2017-09-18 20","야","월","1","0","0","0","0","전북","전주시","차대차","측면충돌","측면충돌","신호위반","교차로","교차로내","이륜차","승용차","965100","1762393","127.1134666","35.8574617","N"
"2017","2017-09-18 21","야","월","1","0","0","0","0","경북","안동시","차대사람","횡단중","횡단중","안전운전 의무 불이행","단일로","기타단일로","승용차","보행자","1106091.6","1842480.7","128.6857575","36.57422557","N"
"2017","2017-09-18 23","야","월","1","1","1","0","0","경북","경주시","차대사람","횡단중","횡단중","중앙선 침범","단일로","기타단일로","승용차","보행자","1146223","1761077","129.1189715","35.83531161","N"
"2017","2017-09-19 00","야","화","1","0","0","0","0","경북","성주군","차대사람","기타","기타","안전운전 의무 불이행","단일로","기타단일로","승용차","보행자","1071687","1769103","128.2945441","35.91595262","N"
"2017","2017-09-19 04","야","화","2","1","0","1","0","전남","장성군","차량단독","전도","전도","과속","단일로","기타단일로","승용차","없음","923490.3","1696758.9","126.6588589","35.26336313","N"
"2017","2017-09-19 05","야","화","1","0","0","0","0","충북","청주시","차대차","추돌","추돌","안전운전 의무 불이행","단일로","기타단일로","화물차","농기계","983047","1845110","127.310445","36.60367571","N"
"2017","2017-09-19 08","주","화","1","0","0","0","0","광주","북구","차대사람","횡단중","횡단중","안전운전 의무 불이행","교차로","교차로내","화물차","보행자","945072","1693143","126.8963539","35.23217689","N"
"2017","2017-09-19 11","주","화","1","0","0","0","0","경기","안산시","차량단독","공작물충돌","공작물충돌","안전운전 의무 불이행","단일로","터널안","승용차","없음","945567","1929775","126.8852775","37.36543756","N"
"2017","2017-09-19 11","주","화","1","0","0","0","0","충북","단양군","차대차","측면충돌","측면충돌","기타","교차로","교차로내","이륜차","승용차","1075146","1881021","128.3437228","36.92455991","N"
"2017","2017-09-19 11","주","화","1","1","1","0","0","경남","진주시","차대차","추돌","추돌","안전운전 의무 불이행","단일로","기타단일로","화물차","건설기계","1055958","1684999","128.1144118","35.15868847","N"
"2017","2017-09-19 13","주","화","1","0","0","0","0","부산","강서구","차대사람","차도통행중","차도통행중","중앙선 침범","단일로","기타단일로","승합차","보행자","1128408.9","1691542.4","128.9107788","35.211029","N"
"2017","2017-09-19 18","야","화","1","0","0","0","0","경기","가평군","차대사람","횡단중","횡단중","안전운전 의무 불이행","단일로","기타단일로","승용차","보행자","1001330","1979222","127.5151102","37.812726","N"
"2017","2017-09-19 19","야","화","1","0","0","0","0","서울","구로구","차대사람","기타","기타","안전운전 의무 불이행","단일로","기타단일로","승용차","보행자","942375.5","1945041.8","126.8480449","37.50284723","N"
"2017","2017-09-19 19","야","화","1","0","0","0","0","전북","정읍시","차량단독","기타","기타","안전운전 의무 불이행","단일로","기타단일로","농기계","없음","947566","1739664","126.920764","35.65175878","N"
"2017","2017-09-19 19","야","화","1","0","0","0","0","전북","고창군","차대차","추돌","추돌","안전운전 의무 불이행","단일로","기타단일로","화물차","농기계","908216","1714671","126.4889458","35.42356633","N"
"2017","2017-09-19 22","야","화","1","0","0","0","0","부산","사상구","차대차","측면충돌","측면충돌","기타","단일로","기타단일로","이륜차","승용차","1135908.5","1684860.2","128.9920484","35.14980696","N"
"2017","2017-09-20 01","야","수","1","0","0","0","0","경남","통영시","차대사람","횡단중","횡단중","보행자 보호의무 위반","단일로","기타단일로","이륜차","보행자","1083858","1648875","128.4170803","34.83104344","N"
"2017","2017-09-20 04","야","수","1","0","0","0","0","대구","서구","차대사람","기타","기타","안전운전 의무 불이행","단일로","기타단일로","승용차","보행자","1096509","1763279","128.5689158","35.86131646","N"
"2017","2017-09-20 05","야","수","1","0","0","0","0","부산","북구","차대사람","횡단중","횡단중","보행자 보호의무 위반","교차로","교차로횡단보도내","화물차","보행자","1136625","1691128.1","129.0009504","35.20620917","N"
"2017","2017-09-20 09","주","수","1","0","0","0","0","강원","원주시","차대차","측면충돌","측면충돌","안전운전 의무 불이행","단일로","기타단일로","승용차","화물차","1038402","1927950","127.9335924","37.34979004","N"
"2017","2017-09-20 11","주","수","1","0","0","0","0","경북","청도군","차대차","추돌","추돌","안전운전 의무 불이행","단일로","기타단일로","화물차","농기계","1133187","1753431","128.9734093","35.76825385","N"
"2017","2017-09-20 13","주","수","1","0","0","0","0","경북","문경시","차량단독","공작물충돌","공작물충돌","안전운전 의무 불이행","단일로","기타단일로","이륜차","없음","1050658","1860839","128.0674468","36.7442693","N"
"2017","2017-09-20 16","주","수","1","0","0","0","0","강원","홍천군","차량단독","전복","전복","안전운전 의무 불이행","단일로","기타단일로","화물차","없음","1053939","1978949","128.1127666","37.80867265","N"
"2017","2017-09-20 19","야","수","1","0","0","0","0","충북","청주시","차대사람","길가장자리구역통행중","길가장자리구역통행중","안전운전 의무 불이행","교차로","교차로내","승합차","보행자","996629","1848560","127.4622929","36.63492227","N"
"2017","2017-09-20 19","야","수","1","0","0","0","0","전남","보성군","차대사람","횡단중","횡단중","안전운전 의무 불이행","단일로","기타단일로","승용차","보행자","961106","1641259","127.0749846","34.76507935","N"
"2017","2017-09-20 19","야","수","1","0","0","0","0","경남","창원시(통합)","차대사람","횡단중","횡단중","안전운전 의무 불이행","단일로","기타단일로","승용차","보행자","1096857","1687341","128.5636983","35.17669385","N"
"2017","2017-09-20 20","야","수","1","0","0","0","0","경기","남양주시","차대사람","횡단중","횡단중","안전운전 의무 불이행","단일로","기타단일로","승용차","보행자","965167","1964727","127.1049604","37.68141775","N"
"2017","2017-09-20 21","야","수","1","0","0","0","0","경기","평택시","차대사람","보도통행중","보도통행중","보행자 보호의무 위반","교차로","교차로횡단보도내","승합차","보행자","965802","1889313","127.1156418","37.00168222","N"
"2017","2017-09-20 22","야","수","1","1","0","1","0","부산","중구","차대사람","횡단중","횡단중","안전운전 의무 불이행","단일로","기타단일로","이륜차","보행자","1138994","1679183","129.0249571","35.09821057","N"
"2017","2017-09-20 23","야","수","1","0","0","0","0","경기","수원시","차대사람","기타","기타","안전운전 의무 불이행","교차로","교차로부근","승합차","보행자","957140","1919734","127.0165489","37.27553885","N"
"2017","2017-09-20 23","야","수","1","1","0","1","0","충북","보은군","차대차","추돌","추돌","안전운전 의무 불이행","단일로","기타단일로","화물차","화물차","1025297","1828674","127.7823112","36.4553197","N"
"2017","2017-09-21 02","야","목","1","0","0","0","0","경기","화성시","차대차","기타","기타","안전운전 의무 불이행","단일로","기타단일로","승용차","화물차","945998","1906383","126.8918422","37.15461843","N"
"2017","2017-09-21 02","야","목","2","0","0","0","0","광주","광산구","차대사람","횡단중","횡단중","안전운전 의무 불이행","기타","기타","승용차","보행자","936802.9","1685396.3","126.8060783","35.1618416","N"
"2017","2017-09-21 04","야","목","1","1","1","0","0","충남","아산시","차대차","추돌","추돌","안전운전 의무 불이행","단일로","기타단일로","이륜차","승합차","964899","1866587","127.1065461","36.79678836","N"
"2017","2017-09-21 05","야","목","1","0","0","0","0","대구","서구","차대사람","횡단중","횡단중","안전운전 의무 불이행","단일로","기타단일로","승용차","보행자","1096786","1765292","128.5722277","35.87943543","N"
"2017","2017-09-21 06","주","목","1","0","0","0","0","경기","안산시","차대사람","기타","기타","안전운전 의무 불이행","교차로","교차로내","화물차","보행자","939875","1926824","126.8212401","37.3384879","N"
"2017","2017-09-21 06","주","목","1","0","0","0","0","대구","동구","차대차","측면충돌","측면충돌","신호위반","교차로","교차로내","승용차","승용차","1102906","1769995","128.6406236","35.92120542","N"
"2017","2017-09-21 08","주","목","1","0","0","0","0","경기","화성시","차대사람","차도통행중","차도통행중","보행자 보호의무 위반","교차로","교차로내","승용차","보행자","932554","1913093","126.7398441","37.21422447","N"
"2017","2017-09-21 08","주","목","1","1","1","0","0","강원","원주시","차량단독","전도전복","전도전복","안전운전 의무 불이행","단일로","기타단일로","화물차","없음","1028259","1937364","127.8194308","37.43500925","N"
"2017","2017-09-21 14","주","목","1","0","0","0","0","경기","용인시","차대차","측면충돌","측면충돌","기타","단일로","기타단일로","원동기장치자전거","승용차","988514","1907937","127.3706203","37.17011619","N"
"2017","2017-09-21 14","주","목","1","3","2","1","0","전남","해남군","차대차","측면충돌","측면충돌","안전거리 미확보","단일로","기타단일로","화물차","화물차","912711","1609379","126.5494767","34.47463094","N"
"2017","2017-09-21 14","주","목","1","0","0","0","0","대구","수성구","차대차","추돌","추돌","안전운전 의무 불이행","단일로","기타단일로","승용차","자전거","1100067","1761442","128.6080865","35.84439983","N"
"2017","2017-09-21 15","주","목","1","0","0","0","0","경북","경주시","차량단독","전도전복","전도전복","안전운전 의무 불이행","단일로","기타단일로","화물차","없음","1173924","1743118","129.4216366","35.66895708","N"
"2017","2017-09-21 16","주","목","1","0","0","0","0","경기","광주시","차대사람","길가장자리구역통행중","길가장자리구역통행중","안전운전 의무 불이행","교차로","교차로내","승용차","보행자","976484","1933567","127.234303","37.40091697","N"
"2017","2017-09-21 16","주","목","1","0","0","0","0","강원","양구군","차량단독","도로이탈","도로이탈 기타","안전운전 의무 불이행","단일로","기타단일로","이륜차","없음","1032160","2024556","127.8674016","38.22074164","N"
"2017","2017-09-21 19","야","목","1","0","0","0","0","경남","창녕군","차량단독","기타","기타","안전운전 의무 불이행","단일로","기타단일로","농기계","없음","1084280","1728095","128.4297964","35.54525453","N"
"2017","2017-09-21 20","야","목","1","0","0","0","0","경북","청도군","차대차","추돌","추돌","안전운전 의무 불이행","단일로","기타단일로","승용차","자전거","1106551","1740648","128.6771098","35.65627077","N"
"2017","2017-09-21 23","야","목","1","0","0","0","0","경북","칠곡군","차대사람","기타","기타","안전운전 의무 불이행","단일로","기타단일로","승용차","보행자","1076111","1785512","128.3451493","36.06354494","N"
"2017","2017-09-22 05","야","금","1","2","0","2","0","충남","천안시","차대사람","기타","기타","안전운전 의무 불이행","단일로","기타단일로","승용차","보행자","966969","1868416","127.1296693","36.81335044","N"
"2017","2017-09-22 05","야","금","1","1","0","1","0","전북","정읍시","차대차","추돌","추돌","안전운전 의무 불이행","교차로","교차로부근","화물차","화물차","941958","1732632","126.8593219","35.58804475","N"
"2017","2017-09-22 06","주","금","1","0","0","0","0","광주","광산구","차대사람","횡단중","횡단중","신호위반","교차로","교차로부근","승합차","보행자","937758.4","1686482.9","126.8164873","35.17169862","N"
"2017","2017-09-22 07","주","금","1","0","0","0","0","대구","서구","차대사람","기타","기타","안전운전 의무 불이행","기타","기타","자전거","보행자","1095236","1765399","128.5550718","35.88055203","N"
"2017","2017-09-22 09","주","금","1","0","0","0","0","서울","성동구","차량단독","기타","기타","안전운전 의무 불이행","단일로","기타단일로","화물차","없음","961193","1949572","127.0606968","37.54466271","N"
"2017","2017-09-22 11","주","금","1","1","0","1","0","전북","김제시","차대차","측면충돌","측면충돌","기타","교차로","교차로내","화물차","원동기장치자전거","949965","1754965","126.9463109","35.78983626","N"
"2017","2017-09-22 11","주","금","1","1","0","1","0","전남","무안군","차대차","측면충돌","측면충돌","신호위반","교차로","교차로내","이륜차","승용차","896212","1667588","126.3626725","34.99791785","N"
"2017","2017-09-22 12","주","금","1","0","0","0","0","경기","고양시","차대차","측면충돌","측면충돌","안전운전 의무 불이행","교차로","교차로내","승합차","이륜차","946130","1961608","126.8893022","37.65238577","N"
"2017","2017-09-22 13","주","금","1","0","0","0","0","대구","달성군","차대차","측면충돌","측면충돌","안전운전 의무 불이행","교차로","교차로내","원동기장치자전거","건설기계","1082704","1740518","128.4136838","35.65738559","N"
"2017","2017-09-22 13","주","금","1","0","0","0","0","대전","동구","차대차","정면충돌","정면충돌","중앙선 침범","단일로","기타단일로","승용차","이륜차","1002490","1824454","127.5277747","36.41760582","N"
"2017","2017-09-22 16","주","금","1","0","0","0","0","인천","강화군","차대차","추돌","추돌","교차로 통행방법 위반","교차로","교차로내","자전거","화물차","910841","1972210","126.4879958","37.74518143","N"
"2017","2017-09-22 17","주","금","1","0","0","0","0","경기","파주시","차대사람","길가장자리구역통행중","길가장자리구역통행중","안전운전 의무 불이행","단일로","기타단일로","건설기계","보행자","948699","1975338","126.9174562","37.77627967","N"
"2017","2017-09-22 18","야","금","1","1","0","1","0","경기","안양시","차대차","측면충돌","측면충돌","안전운전 의무 불이행","교차로","교차로횡단보도내","승합차","자전거","951797","1931143","126.9555419","37.37811269","N"
"2017","2017-09-22 18","야","금","1","3","1","2","0","전북","임실군","차대차","추돌","추돌","안전운전 의무 불이행","단일로","기타단일로","승용차","농기계","973260","1730902","127.2048898","35.57378768","N"
"2017","2017-09-22 19","야","금","1","0","0","0","0","광주","남구","차대사람","횡단중","횡단중","과속","단일로","기타단일로","승합차","보행자","944407","1679580","126.8899602","35.10984708","N"
"2017","2017-09-22 22","야","금","1","0","0","0","0","서울","관악구","차대사람","기타","기타","안전운전 의무 불이행","기타","기타","승용차","보행자","949244","1940653","126.9260529","37.46369324","N"
"2017","2017-09-22 23","야","금","1","2","2","0","0","전북","전주시","차대차","측면충돌","측면충돌","신호위반","교차로","교차로내","이륜차","이륜차","964981.3","1758121.7","127.1123394","35.8189475","N"
"2017","2017-09-22 23","야","금","1","0","0","0","0","경북","안동시","차대사람","길가장자리구역통행중","길가장자리구역통행중","안전운전 의무 불이행","단일로","기타단일로","승용차","보행자","1111367","1844211","128.7449574","36.58921965","N"
"2017","2017-09-23 03","야","토","1","2","1","1","0","경남","김해시","차량단독","전복","전복","과속","단일로","기타단일로","승용차","없음","1124377","1697134","128.8673391","35.26194257","N"
"2017","2017-09-23 04","야","토","1","1","1","0","0","경기","안산시","차량단독","전도전복","전도전복","안전운전 의무 불이행","교차로","교차로부근","승용차","없음","937784","1926432","126.797669","37.33481693","N"
"2017","2017-09-23 04","야","토","1","0","0","0","0","전북","익산시","차대사람","횡단중","횡단중","신호위반","교차로","교차로횡단보도내","승용차","보행자","954713","1773884","126.9977751","35.96063635","N"
"2017","2017-09-23 05","야","토","1","0","0","0","0","경기","화성시","차대사람","횡단중","횡단중","안전운전 의무 불이행","교차로","교차로부근","화물차","보행자","961394","1914960","127.0647793","37.23269329","N"
"2017","2017-09-23 06","주","토","1","0","0","0","0","경기","안산시","차대사람","횡단중","횡단중","신호위반","단일로","기타단일로","화물차","보행자","918307","1921619","126.5783537","37.28992903","N"
"2017","2017-09-23 08","주","토","1","0","0","0","0","광주","광산구","차량단독","기타","기타","안전운전 의무 불이행","기타","기타","자전거","없음","941441","1691478","126.8565708","35.21695878","N"
"2017","2017-09-23 09","주","토","1","0","0","0","0","대구","남구","차대사람","횡단중","횡단중","안전운전 의무 불이행","단일로","기타단일로","건설기계","보행자","1096744","1762002","128.5713633","35.84978166","N"
"2017","2017-09-23 10","주","토","1","4","2","2","0","서울","금천구","차대사람","기타","기타","안전운전 의무 불이행","교차로","교차로내","승용차","보행자","946981","1940878","126.9004481","37.46559416","N"
"2017","2017-09-23 12","주","토","1","4","0","4","0","강원","평창군","차대차","측면충돌","측면충돌","중앙선 침범","단일로","기타단일로","이륜차","승합차","1081048","1937302","128.416087","37.43133206","N"
"2017","2017-09-23 13","주","토","1","0","0","0","0","서울","성동구","차대차","기타","기타","안전운전 의무 불이행","교차로","교차로부근","승합차","자전거","959178","1952572","127.0377202","37.5716155","N"
"2017","2017-09-23 13","주","토","1","2","1","1","0","경기","안성시","차대차","정면충돌","정면충돌","중앙선 침범","단일로","기타단일로","화물차","건설기계","978973","1898256","127.2634218","37.08268404","Y"
"2017","2017-09-23 15","주","토","1","0","0","0","0","충남","아산시","차대차","측면충돌","측면충돌","신호위반","교차로","교차로내","승용차","이륜차","954005","1865430","126.984507","36.7858921","N"
"2017","2017-09-23 15","주","토","1","0","0","0","0","대구","북구","차대사람","기타","기타","안전운전 의무 불이행","단일로","기타단일로","자전거","보행자","1096284","1767801","128.5669707","35.90210242","N"
"2017","2017-09-23 17","주","토","1","0","0","0","0","경기","하남시","차대사람","횡단중","횡단중","신호위반","교차로","교차로횡단보도내","이륜차","보행자","972098","1950487","127.1841068","37.55330475","N"
"2017","2017-09-23 18","야","토","1","0","0","0","0","대구","남구","차대사람","기타","기타","안전운전 의무 불이행","단일로","기타단일로","승용차","보행자","1097746","1761917","128.5824474","35.84891598","N"
"2017","2017-09-23 19","야","토","1","0","0","0","0","전남","고흥군","차대사람","횡단중","횡단중","안전운전 의무 불이행","단일로","기타단일로","승용차","보행자","986006","1617592","127.3474701","34.55229808","N"
"2017","2017-09-23 19","야","토","1","0","0","0","0","경남","하동군","차대사람","횡단중","횡단중","안전운전 의무 불이행","기타","기타","승용차","보행자","1034380","1673896","127.8770327","35.05954166","N"
"2017","2017-09-23 19","야","토","1","0","0","0","0","제주","서귀포시","차대차","측면충돌","측면충돌","과속","단일로","기타단일로","특수차","이륜차","944527","1490405","126.9034429","33.40386605","N"
"2017","2017-09-23 19","야","토","1","0","0","0","0","대전","동구","차대사람","횡단중","횡단중","신호위반","단일로","기타단일로","승용차","보행자","995770","1811985","127.4528844","36.30518676","N"
"2017","2017-09-24 01","야","일","1","1","1","0","0","경남","진주시","차대차","정면충돌","정면충돌","중앙선 침범","단일로","기타단일로","이륜차","승용차","1054963","1689666","128.1037985","35.20082419","N"
"2017","2017-09-24 03","야","일","2","1","1","0","0","서울","송파구","차대사람","기타","기타","안전운전 의무 불이행","단일로","기타단일로","승용차","보행자","965851","1947554","127.113519","37.52665805","N"
"2017","2017-09-24 05","야","일","1","1","1","0","0","전북","진안군","차대차","추돌","추돌","안전운전 의무 불이행","단일로","기타단일로","승합차","농기계","993168.3","1750502.1","127.4244367","35.75084852","N"
"2017","2017-09-24 09","주","일","1","0","0","0","0","전북","완주군","차대차","추돌","추돌","안전운전 의무 불이행","단일로","기타단일로","승용차","자전거","963951","1769325","127.1004273","35.91991825","N"