"발생년","발생년월일시","주야","요일","사망자수","부상자수","중상자수","경상자수","부상신고자수","발생지시도","발생지시군구","사고유형_대분류","사고유형_중분류","사고유형","가해자법규위반","도로형태_대분류","도로형태","가해자_당사자종별","피해자_당사자종별","발생위치(X_UTMK)","발생위치(Y_UTMK)","경도","위도"," 어린이사고 여부"
"2017","2017-09-24 10","주","일","1","0","0","0","0","전북","남원시","차량단독","공작물충돌","공작물충돌","안전운전 의무 불이행","단일로","기타단일로","승용차","없음","989757.5","1712078.9","127.3871977","35.40437378","N"
"2017","2017-09-24 11","주","일","1","0","0","0","0","서울","노원구","차대사람","기타","기타","안전운전 의무 불이행","교차로","교차로내","승용차","보행자","963856","1958353","127.0904084","37.62391686","N"
"2017","2017-09-24 11","주","일","1","3","2","1","0","전남","화순군","차대차","정면충돌","정면충돌","중앙선 침범","단일로","교량위","승용차","승용차","968311","1664670","127.1528298","34.97643666","N"
"2017","2017-09-24 13","주","일","1","0","0","0","0","충북","청주시","차대사람","기타","기타","안전운전 의무 불이행","단일로","기타단일로","화물차","보행자","992589","1851678","127.4170725","36.66300802","N"
"2017","2017-09-24 13","주","일","1","0","0","0","0","대구","수성구","차대차","측면충돌","측면충돌","안전거리 미확보","단일로","기타단일로","승용차","이륜차","1103888","1762847.4","128.6505737","35.85667101","N"
"2017","2017-09-24 15","주","일","1","0","0","0","0","전북","완주군","차량단독","기타","기타","안전운전 의무 불이행","단일로","기타단일로","자전거","없음","968059","1747520","127.1468321","35.72346639","N"
"2017","2017-09-24 15","주","일","1","0","0","0","0","충남","당진시","차량단독","공작물충돌","공작물충돌","안전운전 의무 불이행","단일로","기타단일로","승용차","없음","939197","1882971","126.8171488","36.94317166","N"
"2017","2017-09-24 15","주","일","1","1","1","0","0","전남","완도군","차대사람","기타","기타","안전운전 의무 불이행","교차로","교차로부근","승용차","보행자","914411","1576379","126.571271","34.17720433","Y"
"2017","2017-09-24 16","주","일","1","0","0","0","0","경북","경주시","차량단독","공작물충돌","공작물충돌","안전운전 의무 불이행","단일로","기타단일로","이륜차","없음","1157465","1775312","129.2462084","35.96185515","N"
"2017","2017-09-24 19","야","일","1","0","0","0","0","경북","안동시","차량단독","전도전복","전도전복","안전운전 의무 불이행","단일로","기타단일로","이륜차","없음","1123467","1865792","128.8836682","36.78222426","N"
"2017","2017-09-24 22","야","일","1","0","0","0","0","전남","목포시","차대사람","기타","기타","안전운전 의무 불이행","단일로","기타단일로","승합차","보행자","900192","1645335","126.4089354","34.79768667","N"
"2017","2017-09-25 00","야","월","1","0","0","0","0","서울","송파구","차대사람","기타","기타","안전운전 의무 불이행","단일로","기타단일로","승용차","보행자","964589","1946952","127.0992657","37.52118438","N"
"2017","2017-09-25 04","야","월","1","0","0","0","0","강원","춘천시","차대사람","횡단중","횡단중","과속","단일로","기타단일로","승합차","보행자","1021219.7","1986615.8","127.7412939","37.87912102","N"
"2017","2017-09-25 05","야","월","1","0","0","0","0","전북","익산시","차대사람","횡단중","횡단중","보행자 보호의무 위반","교차로","교차로횡단보도내","승용차","보행자","951699","1771046","126.9645243","35.93490547","N"
"2017","2017-09-25 05","야","월","1","0","0","0","0","울산","울주군","차대차","정면충돌","정면충돌","신호위반","교차로","교차로내","승용차","이륜차","1166828","1721044","129.3387196","35.47125345","N"
"2017","2017-09-25 07","주","월","1","2","1","1","0","전북","김제시","차대차","추돌","추돌","안전운전 의무 불이행","단일로","기타단일로","승용차","화물차","958500","1754856","127.0407622","35.78925132","Y"
"2017","2017-09-25 08","주","월","1","0","0","0","0","충남","천안시","차대사람","차도통행중","차도통행중","안전운전 의무 불이행","단일로","기타단일로","승용차","보행자","967424","1881209","127.1342211","36.92868798","N"
"2017","2017-09-25 09","주","월","1","0","0","0","0","충북","청주시","차대사람","기타","기타","안전운전 의무 불이행","단일로","기타단일로","승용차","보행자","999158","1847685","127.4905826","36.62703975","N"
"2017","2017-09-25 11","주","월","1","0","0","0","0","서울","종로구","차대사람","횡단중","횡단중","신호위반","교차로","교차로부근","건설기계","보행자","954998","1953236","126.9903456","37.57740542","N"
"2017","2017-09-25 12","주","월","1","0","0","0","0","충북","충주시","차대차","기타","기타","안전운전 의무 불이행","교차로","교차로부근","화물차","자전거","1037211","1885922","127.9180538","36.97100055","N"
"2017","2017-09-25 13","주","월","1","0","0","0","0","경기","성남시","차대사람","횡단중","횡단중","안전운전 의무 불이행","기타","기타","화물차","보행자","966235","1934706","127.1184539","37.41086657","N"
"2017","2017-09-25 14","주","월","1","0","0","0","0","서울","성북구","차대차","측면충돌","측면충돌","신호위반","교차로","교차로내","원동기장치자전거","승용차","957949","1954216","127.0237088","37.58637794","N"
"2017","2017-09-25 15","주","월","1","0","0","0","0","전남","여수시","차대차","측면충돌","측면충돌","중앙선 침범","단일로","기타단일로","이륜차","승용차","1010790","1631581","127.6177855","34.67848943","N"
"2017","2017-09-25 18","야","월","1","1","1","0","0","경기","파주시","차대차","추돌","추돌","안전운전 의무 불이행","단일로","기타단일로","승용차","농기계","937105","1971960","126.7861028","37.74511085","N"
"2017","2017-09-25 19","야","월","1","0","0","0","0","충북","괴산군","차대사람","기타","기타","안전운전 의무 불이행","단일로","기타단일로","승용차","보행자","1025660","1848630","127.7870265","36.63521353","N"
"2017","2017-09-25 20","야","월","1","0","0","0","0","경기","남양주시","차대차","측면충돌","측면충돌","안전운전 의무 불이행","단일로","기타단일로","승용차","자전거","970090","1960960","127.1609454","37.64763861","N"
"2017","2017-09-25 21","야","월","1","0","0","0","0","전남","신안군","차대사람","횡단중","횡단중","안전운전 의무 불이행","단일로","기타단일로","화물차","보행자","886458","1674188","126.2549058","35.05637029","N"
"2017","2017-09-26 00","야","화","1","0","0","0","0","경기","성남시","차대사람","차도통행중","차도통행중","안전운전 의무 불이행","단일로","기타단일로","승용차","보행자","967155","1934798","127.1288457","37.41172891","N"
"2017","2017-09-26 01","야","화","1","0","0","0","0","서울","강서구","차대차","추돌","추돌","안전운전 의무 불이행","단일로","기타단일로","승용차","화물차","942775","1952474","126.8519851","37.56985875","N"
"2017","2017-09-26 05","야","화","1","0","0","0","0","서울","영등포구","차대사람","횡단중","횡단중","안전운전 의무 불이행","단일로","기타단일로","화물차","보행자","947908","1945765","126.9105843","37.50969442","N"
"2017","2017-09-26 07","주","화","1","1","1","0","0","경북","안동시","차량단독","전도","전도","안전운전 의무 불이행","단일로","기타단일로","이륜차","없음","1127520","1830150","128.9231588","36.4604743","N"
"2017","2017-09-26 09","주","화","1","0","0","0","0","전남","고흥군","차대차","측면충돌","측면충돌","중앙선 침범","교차로","교차로부근","원동기장치자전거","화물차","967596","1614422","127.1469303","34.52329561","N"
"2017","2017-09-26 09","주","화","1","0","0","0","0","전남","영암군","차량단독","기타","기타","기타","단일로","기타단일로","농기계","없음","924153","1646494","126.6707355","34.81020339","N"
"2017","2017-09-26 10","주","화","1","0","0","0","0","전북","순창군","차대차","정면충돌","정면충돌","중앙선 침범","단일로","기타단일로","이륜차","화물차","971475","1710523","127.1859059","35.38998884","N"
"2017","2017-09-26 11","주","화","1","0","0","0","0","부산","영도구","차대사람","기타","기타","안전운전 의무 불이행","단일로","기타단일로","승용차","보행자","1141529.5","1678777.3","129.0526967","35.09420057","N"
"2017","2017-09-26 12","주","화","2","1","1","0","0","강원","철원군","차대차","측면충돌","측면충돌","안전운전 의무 불이행","단일로","기타단일로","화물차","농기계","973901","2028367","127.2016991","38.25528423","N"
"2017","2017-09-26 12","주","화","1","1","1","0","0","충남","서천군","차대차","측면충돌","측면충돌","안전운전 의무 불이행","교차로","교차로부근","승용차","승용차","925174","1788973","126.6687898","36.09484516","N"
"2017","2017-09-26 14","주","화","1","0","0","0","0","제주","서귀포시","차대차","기타","기타","안전거리 미확보","단일로","기타단일로","이륜차","승용차","911937","1473834","126.5546191","33.2522379","N"
"2017","2017-09-26 15","주","화","1","0","0","0","0","부산","금정구","차대차","추돌","추돌","안전운전 의무 불이행","단일로","기타단일로","화물차","화물차","1145089","1695874","129.0947411","35.24779863","N"
"2017","2017-09-26 15","주","화","2","1","0","1","0","서울","서초구","차대차","추돌","추돌","안전운전 의무 불이행","단일로","기타단일로","승용차","승용차","960273","1939315","127.0508366","37.45217315","N"
"2017","2017-09-26 15","주","화","1","0","0","0","0","경기","파주시","차대차","측면충돌","측면충돌","중앙선 침범","단일로","기타단일로","자전거","승용차","930053","1975426","126.7057309","37.77583586","N"
"2017","2017-09-26 16","주","화","1","0","0","0","0","부산","강서구","차대사람","보도통행중","보도통행중","신호위반","단일로","기타단일로","승용차","보행자","1129504","1678281.6","128.9207272","35.09134965","N"
"2017","2017-09-26 18","야","화","1","0","0","0","0","충북","제천시","차량단독","전도전복","전도전복","안전운전 의무 불이행","교차로","교차로내","건설기계","없음","1069445","1910440","128.282437","37.19016552","N"
"2017","2017-09-26 18","야","화","1","0","0","0","0","충남","아산시","차대사람","길가장자리구역통행중","길가장자리구역통행중","안전운전 의무 불이행","단일로","기타단일로","승용차","보행자","946061","1874327","126.8948469","36.86567223","N"
"2017","2017-09-26 18","야","화","1","0","0","0","0","경기","의정부시","차대사람","횡단중","횡단중","안전운전 의무 불이행","단일로","기타단일로","이륜차","보행자","965812","1972924","127.1118899","37.75532261","N"
"2017","2017-09-26 21","야","화","1","1","1","0","0","서울","동작구","차대사람","보도통행중","보도통행중","기타","단일로","기타단일로","승용차","보행자","952792","1945425.4","126.9658658","37.50689634","N"
"2017","2017-09-26 22","야","화","1","0","0","0","0","울산","울주군","차대사람","횡단중","횡단중","안전운전 의무 불이행","교차로","교차로부근","승용차","보행자","1147842","1732408","129.1316154","35.57668349","N"
"2017","2017-09-26 23","야","화","1","1","1","0","0","서울","영등포구","차대사람","기타","기타","안전운전 의무 불이행","단일로","기타단일로","건설기계","보행자","948651","1948004","126.9188344","37.52991656","N"
"2017","2017-09-27 02","야","수","1","0","0","0","0","경기","용인시","차대차","추돌","추돌","안전거리 미확보","단일로","기타단일로","화물차","화물차","980165","1916115","127.2763593","37.24369307","N"
"2017","2017-09-27 04","야","수","1","0","0","0","0","경기","안산시","차대사람","횡단중","횡단중","보행자 보호의무 위반","교차로","교차로횡단보도내","승용차","보행자","938148","1926457","126.8017756","37.33506658","N"
"2017","2017-09-27 04","야","수","1","0","0","0","0","강원","태백시","차량단독","공작물충돌","공작물충돌","안전운전 의무 불이행","단일로","기타단일로","승용차","없음","1132277","1907546","128.9896868","37.15729853","N"
"2017","2017-09-27 05","야","수","1","0","0","0","0","전북","고창군","차대차","추돌","추돌","안전운전 의무 불이행","단일로","기타단일로","승합차","자전거","914830","1713078","126.5619603","35.40979244","N"
"2017","2017-09-27 10","주","수","1","0","0","0","0","경기","연천군","차량단독","도로이탈","도로이탈 기타","안전운전 의무 불이행","단일로","기타단일로","사륜오토바이(ATV)","없음","965067","2003658","127.1019439","38.03229526","N"
"2017","2017-09-27 11","주","수","1","0","0","0","0","경북","영천시","차량단독","전도","전도","안전운전 의무 불이행","단일로","기타단일로","승용차","없음","1127000","1777055","128.9087486","35.9820055","N"
"2017","2017-09-27 13","주","수","1","0","0","0","0","강원","원주시","차대사람","횡단중","횡단중","보행자 보호의무 위반","단일로","기타단일로","화물차","보행자","1039338.1","1927990.4","127.9441636","37.35011498","N"
"2017","2017-09-27 14","주","수","1","0","0","0","0","전남","영광군","차량단독","도로이탈","도로이탈 추락","안전운전 의무 불이행","교차로","교차로부근","화물차","없음","898898","1692458","126.3890621","35.22240754","N"
"2017","2017-09-27 14","주","수","1","0","0","0","0","경남","밀양시","차대차","기타","기타","안전운전 의무 불이행","단일로","기타단일로","화물차","화물차","1116259","1724551","128.7820196","35.51007162","N"
"2017","2017-09-27 16","주","수","1","0","0","0","0","경기","김포시","차대사람","기타","기타","신호위반","교차로","교차로내","화물차","보행자","927591","1960794","126.6792326","37.64377443","Y"
"2017","2017-09-27 18","야","수","1","0","0","0","0","전북","완주군","차대사람","횡단중","횡단중","안전운전 의무 불이행","교차로","교차로내","승용차","보행자","969357.9","1771336.9","127.1602796","35.93824181","N"
"2017","2017-09-27 18","야","수","1","0","0","0","0","경남","창녕군","차대차","기타","기타","안전운전 의무 불이행","단일로","기타단일로","승용차","승용차","1100110","1716017","128.6029209","35.43489807","N"
"2017","2017-09-27 20","야","수","1","0","0","0","0","경북","영주시","차대사람","차도통행중","차도통행중","안전운전 의무 불이행","단일로","기타단일로","화물차","보행자","1099280","1868523","128.6130178","36.80968285","N"
"2017","2017-09-27 21","야","수","1","0","0","0","0","서울","중구","차대사람","보도통행중","보도통행중","안전운전 의무 불이행","단일로","기타단일로","승용차","보행자","955436","1951483","126.9954124","37.56162657","N"
"2017","2017-09-27 22","야","수","1","0","0","0","0","인천","연수구","차량단독","공작물충돌","공작물충돌","안전운전 의무 불이행","단일로","기타단일로","승용차","없음","928948.1","1937739.6","126.6968461","37.43609771","N"
"2017","2017-09-28 02","야","목","1","0","0","0","0","경북","봉화군","차량단독","공작물충돌","공작물충돌","안전운전 의무 불이행","단일로","기타단일로","화물차","없음","1108062","1876270","128.7125548","36.87854171","N"
"2017","2017-09-28 03","야","목","1","1","0","1","0","충남","당진시","차량단독","공작물충돌","공작물충돌","안전운전 의무 불이행","단일로","기타단일로","이륜차","없음","922958","1878496","126.6352485","36.90164764","N"
"2017","2017-09-28 05","야","목","1","1","0","1","0","경기","평택시","차대차","측면충돌","측면충돌","신호위반","교차로","교차로내","승용차","승용차","959200","1894252","127.0411749","37.04593942","N"
"2017","2017-09-28 09","주","목","1","0","0","0","0","전남","장성군","차대차","추돌","추돌","과속","단일로","기타단일로","승용차","이륜차","936643.8","1703757.3","126.802916","35.32738187","N"
"2017","2017-09-28 17","주","목","1","0","0","0","0","경기","의정부시","차대차","측면충돌","측면충돌","안전운전 의무 불이행","단일로","기타단일로","원동기장치자전거","승합차","959808","1971385","127.0438181","37.74120745","N"
"2017","2017-09-28 20","야","목","1","0","0","0","0","경기","화성시","차대사람","기타","기타","안전운전 의무 불이행","단일로","기타단일로","화물차","보행자","941063","1892122","126.8373888","37.02577603","N"
"2017","2017-09-28 20","야","목","1","0","0","0","0","경북","김천시","차량단독","공작물충돌","공작물충돌","안전운전 의무 불이행","단일로","기타단일로","화물차","없음","1046828","1767118","128.0189149","35.89956354","N"
"2017","2017-09-28 21","야","목","1","1","0","0","1","경북","울진군","차대차","기타","기타","안전운전 의무 불이행","단일로","기타단일로","승용차","화물차","1167829","1881853","129.3841614","36.92011055","N"
"2017","2017-09-28 22","야","목","1","0","0","0","0","경기","용인시","차대사람","보도통행중","보도통행중","보행자 보호의무 위반","교차로","교차로횡단보도내","화물차","보행자","963939","1917447","127.093349","37.25521265","N"
"2017","2017-09-28 23","야","목","1","0","0","0","0","경북","경주시","차대사람","길가장자리구역통행중","길가장자리구역통행중","안전운전 의무 불이행","단일로","기타단일로","화물차","보행자","1166232","1743055","129.3366769","35.66971548","N"
"2017","2017-09-29 01","야","금","1","0","0","0","0","서울","강남구","차대사람","기타","기타","안전운전 의무 불이행","단일로","기타단일로","승용차","보행자","958007","1945041","127.0248908","37.50368368","N"
"2017","2017-09-29 05","야","금","1","0","0","0","0","서울","강남구","차대사람","보도통행중","보도통행중","신호위반","교차로","교차로부근","승용차","보행자","958912","1946342","127.0350569","37.51545079","N"
"2017","2017-09-29 06","주","금","1","0","0","0","0","서울","강남구","차대차","추돌","추돌","과속","단일로","기타단일로","승용차","이륜차","960095","1941705","127.0486947","37.47370762","N"
"2017","2017-09-29 06","주","금","1","0","0","0","0","경남","창녕군","차대차","측면충돌","측면충돌","신호위반","교차로","교차로내","자전거","승용차","1093171","1718206","128.5267353","35.45530667","N"
"2017","2017-09-29 07","주","금","1","0","0","0","0","경기","안산시","차대차","측면충돌","측면충돌","안전운전 의무 불이행","단일로","기타단일로","이륜차","화물차","941570","1927749","126.8403011","37.34693344","N"
"2017","2017-09-29 10","주","금","1","0","0","0","0","부산","사하구","차대사람","횡단중","횡단중","안전운전 의무 불이행","교차로","교차로횡단보도내","승용차","보행자","1136696.5","1678173.1","128.9995914","35.08942152","N"
"2017","2017-09-29 10","주","금","1","0","0","0","0","강원","평창군","차대차","정면충돌","정면충돌","중앙선 침범","단일로","기타단일로","승용차","건설기계","1091707","1960970","128.5395058","37.64363605","N"
"2017","2017-09-29 11","주","금","1","0","0","0","0","전북","익산시","차대차","기타","기타","안전운전 의무 불이행","교차로","교차로부근","승용차","이륜차","951837.5","1773931","126.9658847","35.9609224","N"
"2017","2017-09-29 11","주","금","1","1","0","1","0","전북","순창군","차대차","측면충돌","측면충돌","신호위반","교차로","교차로내","승합차","승용차","967731","1706891","127.1448242","35.35712593","N"
"2017","2017-09-29 14","주","금","1","0","0","0","0","경기","이천시","차량단독","전도전복","전도전복","안전운전 의무 불이행","단일로","기타단일로","사륜오토바이(ATV)","없음","996323","1917518","127.4585346","37.2565437","N"
"2017","2017-09-29 15","주","금","1","1","0","1","0","부산","기장군","차대차","측면충돌","측면충돌","신호위반","교차로","교차로내","이륜차","승용차","1152036","1703929.7","129.1725634","35.31937588","N"
"2017","2017-09-29 15","주","금","1","0","0","0","0","전북","군산시","차대사람","횡단중","횡단중","보행자 보호의무 위반","단일로","기타단일로","승용차","보행자","929963","1775805","126.723151","35.97649208","N"
"2017","2017-09-29 16","주","금","1","0","0","0","0","강원","홍천군","차대차","측면충돌","측면충돌","기타","교차로","교차로내","이륜차","승용차","1038112.6","1964802.5","127.9322365","37.68196779","N"
"2017","2017-09-29 19","야","금","1","0","0","0","0","전북","고창군","차량단독","도로이탈","도로이탈 추락","안전운전 의무 불이행","단일로","기타단일로","농기계","없음","924812","1722728","126.6709965","35.49759885","N"
"2017","2017-09-29 19","야","금","2","0","0","0","0","전남","해남군","차대차","추돌","추돌","안전운전 의무 불이행","단일로","기타단일로","화물차","농기계","909253","1605380","126.5122508","34.43827372","N"
"2017","2017-09-29 20","야","금","1","0","0","0","0","경기","오산시","차대차","측면충돌","측면충돌","안전운전 의무 불이행","단일로","기타단일로","승용차","이륜차","959058","1905516","127.0389633","37.14746682","N"
"2017","2017-09-29 21","야","금","1","1","0","1","0","경북","경산시","차대사람","길가장자리구역통행중","길가장자리구역통행중","안전운전 의무 불이행","단일로","기타단일로","이륜차","보행자","1111465","1759985","128.7340733","35.83003629","N"
"2017","2017-09-30 01","야","토","1","0","0","0","0","충북","충주시","차량단독","공작물충돌","공작물충돌","안전운전 의무 불이행","교차로","교차로내","승용차","없음","1035633","1882858","127.9001814","36.94344191","N"
"2017","2017-09-30 04","야","토","1","0","0","0","0","서울","강남구","차대차","기타","기타","안전운전 의무 불이행","단일로","교량위","승용차","이륜차","960749","1947669","127.0557725","37.52749152","N"
"2017","2017-09-30 04","야","토","1","0","0","0","0","광주","서구","차대사람","횡단중","횡단중","과속","교차로","교차로횡단보도내","승용차","보행자","941242","1684239","126.8549004","35.15167602","N"
"2017","2017-09-30 06","주","토","1","0","0","0","0","경기","용인시","차대사람","기타","기타","안전운전 의무 불이행","단일로","기타단일로","화물차","보행자","991171","1903751","127.4005985","37.13241171","N"
"2017","2017-09-30 12","주","토","1","0","0","0","0","전남","곡성군","차량단독","기타","기타","안전운전 의무 불이행","교차로","교차로부근","이륜차","없음","981242","1698104","127.2937361","35.27823988","N"
"2017","2017-09-30 13","주","토","1","0","0","0","0","전남","해남군","차량단독","공작물충돌","공작물충돌","안전운전 의무 불이행","단일로","기타단일로","승용차","없음","923306","1607139","126.6650393","34.45527502","N"
"2017","2017-09-30 14","주","토","1","0","0","0","0","충남","천안시","차대차","측면충돌","측면충돌","신호위반","교차로","교차로부근","이륜차","화물차","976007","1879566","127.2306461","36.91413491","N"
"2017","2017-09-30 14","주","토","1","6","0","6","0","경북","청도군","차대차","측면충돌","측면충돌","신호위반","교차로","교차로내","이륜차","승합차","1125376","1747281","128.8860605","35.71384715","N"
"2017","2017-09-30 14","주","토","1","0","0","0","0","울산","남구","차대차","기타","기타","중앙선 침범","단일로","지하차도(도로)내","특수차","승용차","1168100","1729103","129.3544021","35.54366641","N"
"2017","2017-09-30 15","주","토","1","0","0","0","0","전남","무안군","차량단독","기타","기타","안전운전 의무 불이행","단일로","기타단일로","농기계","없음","906204","1652215","126.4738775","34.86028984","N"
"2017","2017-09-30 16","주","토","1","1","1","0","0","전북","고창군","차대차","측면충돌","측면충돌","기타","교차로","교차로부근","화물차","이륜차","923795","1710736","126.6609072","35.38940371","N"
"2017","2017-09-30 17","주","토","1","0","0","0","0","부산","사상구","차대사람","횡단중","횡단중","보행자 보호의무 위반","단일로","기타단일로","승용차","보행자","1134244.5","1682937.9","128.9734735","35.13270244","N"
"2017","2017-09-30 17","주","토","1","0","0","0","0","전북","김제시","차량단독","도로이탈","도로이탈 기타","안전운전 의무 불이행","단일로","기타단일로","화물차","없음","938403","1760406","126.8179534","35.83823286","N"
"2017","2017-09-30 18","야","토","1","0","0","0","0","경북","상주시","차대사람","횡단중","횡단중","안전운전 의무 불이행","교차로","교차로부근","승용차","보행자","1040587","1827464","127.9528782","36.44388604","N"
"2017","2017-09-30 18","야","토","1","0","0","0","0","경남","합천군","차대차","측면충돌","측면충돌","신호위반","교차로","교차로내","자전거","승용차","1060759","1730377","128.1704975","35.56755062","Y"
"2017","2017-09-30 19","야","토","1","1","0","0","1","경북","칠곡군","차대차","측면충돌","측면충돌","안전운전 의무 불이행","단일로","기타단일로","승용차","화물차","1092505","1790409","128.5277415","36.10626669","N"
"2017","2017-09-30 19","야","토","1","2","1","1","0","경북","성주군","차대사람","길가장자리구역통행중","길가장자리구역통행중","안전운전 의무 불이행","기타","기타","화물차","보행자","1077285","1768212","128.356497","35.90749362","N"
"2017","2017-09-30 20","야","토","1","0","0","0","0","충북","옥천군","차대사람","차도통행중","차도통행중","안전운전 의무 불이행","교차로","교차로내","이륜차","보행자","1006190","1811734","127.568945","36.30291328","N"
"2017","2017-09-30 21","야","토","1","1","1","0","0","경기","안산시","차대차","측면충돌","측면충돌","신호위반","교차로","교차로내","원동기장치자전거","승용차","944556","1922833","126.8743798","37.30280678","N"
"2017","2017-10-01 02","야","일","1","0","0","0","0","부산","동구","차대사람","횡단중","횡단중","안전운전 의무 불이행","단일로","기타단일로","승용차","보행자","1142058","1683640.7","129.0593282","35.13796449","N"
"2017","2017-10-01 03","야","일","1","2","2","0","0","경남","김해시","차대차","측면충돌","측면충돌","중앙선 침범","단일로","기타단일로","승용차","승용차","1135064","1699054","128.9851088","35.27786494","N"
"2017","2017-10-01 04","야","일","1","0","0","0","0","경남","진주시","차대사람","기타","기타","과속","단일로","기타단일로","승용차","보행자","1070526","1694428","128.2751623","35.2427866","N"
"2017","2017-10-01 07","주","일","1","1","0","1","0","대구","동구","차대차","측면충돌","측면충돌","신호위반","기타","기타","이륜차","승용차","1101380","1764936","128.6230677","35.87576127","N"
"2017","2017-10-01 11","주","일","1","2","1","1","0","경기","남양주시","차대차","추돌","추돌","안전운전 의무 불이행","기타","기타","승용차","화물차","971599","1957345","127.1781914","37.61510337","N"
"2017","2017-10-01 13","주","일","1","0","0","0","0","충남","서천군","차량단독","기타","기타","안전운전 의무 불이행","교차로","교차로내","승용차","없음","928733","1779179","126.7092055","36.00681991","N"
"2017","2017-10-01 15","주","일","1","0","0","0","0","전북","군산시","차량단독","공작물충돌","공작물충돌","안전운전 의무 불이행","교차로","교차로부근","화물차","없음","931893","1777173","126.7444392","35.98896153","N"
"2017","2017-10-01 16","주","일","1","0","0","0","0","경기","김포시","차대차","기타","기타","안전운전 의무 불이행","단일로","기타단일로","승합차","자전거","916869","1968616","126.5568191","37.71335956","N"
"2017","2017-10-01 18","야","일","1","0","0","0","0","충남","천안시","차량단독","공작물충돌","공작물충돌","안전운전 의무 불이행","단일로","기타단일로","화물차","없음","972342","1867038","127.1899585","36.80110067","N"
"2017","2017-10-01 19","야","일","1","1","1","0","0","경기","의왕시","차대차","측면충돌","측면충돌","안전운전 의무 불이행","단일로","기타단일로","승용차","승용차","952635","1929044","126.9651411","37.3592366","N"
"2017","2017-10-01 19","야","일","1","1","1","0","0","경기","고양시","차대사람","횡단중","횡단중","보행자 보호의무 위반","교차로","교차로내","승용차","보행자","941444","1958563","126.8364266","37.62465468","N"
"2017","2017-10-01 20","야","일","3","1","1","0","0","충남","논산시","차대차","정면충돌","정면충돌","중앙선 침범","단일로","교량위","승용차","승용차","957440","1795973","127.0268253","36.15990349","N"
"2017","2017-10-01 22","야","일","1","0","0","0","0","광주","북구","차대사람","차도통행중","차도통행중","안전운전 의무 불이행","단일로","기타단일로","승용차","보행자","947135","1688079","126.91935","35.18662743","N"
"2017","2017-10-02 00","야","월","1","0","0","0","0","충남","논산시","차대사람","횡단중","횡단중","안전운전 의무 불이행","단일로","기타단일로","화물차","보행자","964675","1792690","127.1074084","36.13059639","N"
"2017","2017-10-02 04","야","월","1","0","0","0","0","서울","동대문구","차량단독","공작물충돌","공작물충돌","안전운전 의무 불이행","교차로","교차로내","이륜차","없음","961892","1952689","127.0684474","37.5727864","N"
"2017","2017-10-02 04","야","월","1","1","1","0","0","경남","거제시","차량단독","기타","기타","안전운전 의무 불이행","단일로","기타단일로","승용차","없음","1099682","1655857","128.5909387","34.89256572","N"
"2017","2017-10-02 04","야","월","1","1","1","0","0","경기","의정부시","차대차","추돌","추돌","안전운전 의무 불이행","단일로","기타단일로","이륜차","승용차","962573","1972870","127.0751237","37.75470909","N"
"2017","2017-10-02 05","야","월","1","0","0","0","0","서울","서대문구","차대사람","횡단중","횡단중","보행자 보호의무 위반","단일로","기타단일로","승합차","보행자","950350","1954550","126.9376194","37.58900964","N"
"2017","2017-10-02 05","야","월","1","0","0","0","0","경기","안양시","차대차","측면충돌","측면충돌","안전운전 의무 불이행","교차로","교차로내","화물차","원동기장치자전거","952998","1931616","126.9690767","37.38243773","N"
"2017","2017-10-02 09","주","월","1","0","0","0","0","광주","동구","차대사람","기타","기타","안전운전 의무 불이행","단일로","기타단일로","승용차","보행자","947643","1682295","126.9252963","35.13450119","N"
"2017","2017-10-02 10","주","월","1","0","0","0","0","전남","장성군","차대사람","기타","기타","안전운전 의무 불이행","교차로","교차로내","화물차","보행자","934129","1705232","126.7751298","35.3405154","N"
"2017","2017-10-02 11","주","월","1","0","0","0","0","충남","논산시","차대사람","횡단중","횡단중","보행자 보호의무 위반","교차로","교차로횡단보도내","화물차","보행자","963830.2","1789813","127.098152","36.10462753","N"
"2017","2017-10-02 14","주","월","1","0","0","0","0","광주","북구","차대사람","횡단중","횡단중","안전운전 의무 불이행","교차로","교차로내","승용차","보행자","945084.2","1690020.4","126.8966964","35.20402227","N"
"2017","2017-10-02 19","야","월","1","0","0","0","0","전북","남원시","차대차","추돌","추돌","안전운전 의무 불이행","단일로","기타단일로","화물차","자전거","988786.6","1712491","127.3764994","35.40807915","N"
"2017","2017-10-02 20","야","월","1","0","0","0","0","경기","용인시","차대차","추돌","추돌","안전운전 의무 불이행","교차로","교차로횡단보도내","승용차","이륜차","965611","1917458","127.1122028","37.25537506","N"
"2017","2017-10-03 01","야","화","1","0","0","0","0","경북","경산시","차대사람","기타","기타","안전운전 의무 불이행","교차로","교차로부근","승용차","보행자","1114046","1758419","128.7624189","35.81562356","N"
"2017","2017-10-03 01","야","화","1","0","0","0","0","경기","가평군","차량단독","기타","기타","안전운전 의무 불이행","단일로","교량위","사륜오토바이(ATV)","없음","1002912","1967818","127.5330376","37.70993505","N"
"2017","2017-10-03 07","주","화","1","1","1","0","0","부산","사상구","차대차","추돌","추돌","안전운전 의무 불이행","단일로","기타단일로","승용차","특수차","1135561","1686989","128.9885842","35.1690432","N"
"2017","2017-10-03 08","주","화","1","2","1","1","0","충남","아산시","차대차","측면충돌","측면충돌","중앙선 침범","불명","불명","승용차","승용차","954357","1852191","126.9892429","36.66656635","N"