"발생년","발생년월일시","주야","요일","사망자수","부상자수","중상자수","경상자수","부상신고자수","발생지시도","발생지시군구","사고유형_대분류","사고유형_중분류","사고유형","가해자법규위반","도로형태_대분류","도로형태","가해자_당사자종별","피해자_당사자종별","발생위치(X_UTMK)","발생위치(Y_UTMK)","경도","위도"," 어린이사고 여부"
"2017","2017-10-15 22","야","일","1","0","0","0","0","충북","청주시","차대사람","횡단중","횡단중","안전운전 의무 불이행","단일로","기타단일로","승용차","보행자","998701","1846150","127.4854738","36.6132012","N"
"2017","2017-10-15 23","야","일","1","0","0","0","0","경기","성남시","차대차","추돌","추돌","안전운전 의무 불이행","단일로","기타단일로","승용차","건설기계","970115","1936219","127.1622361","37.42463756","N"
"2017","2017-10-16 07","주","월","1","0","0","0","0","대전","유성구","차량단독","기타","기타","안전운전 의무 불이행","단일로","기타단일로","이륜차","없음","987778","1818657","127.3637613","36.36526937","N"
"2017","2017-10-16 12","주","월","1","3","3","0","0","전북","김제시","차대차","추돌","추돌","안전거리 미확보","교차로","교차로부근","화물차","화물차","953515","1754587","126.9856158","35.78660272","N"
"2017","2017-10-16 14","주","월","1","0","0","0","0","전남","나주시","차량단독","공작물충돌","공작물충돌","안전운전 의무 불이행","단일로","기타단일로","화물차","없음","931656","1658267","126.7518014","34.91689042","N"
"2017","2017-10-16 16","주","월","1","1","1","0","0","경기","평택시","차대차","기타","기타","안전운전 의무 불이행","단일로","기타단일로","화물차","특수차","954562","1895748","126.9889287","37.05921118","N"
"2017","2017-10-16 16","주","월","1","0","0","0","0","경남","거제시","차량단독","공작물충돌","공작물충돌","안전운전 의무 불이행","단일로","기타단일로","승용차","없음","1092117","1656922","128.5082751","34.90288277","N"
"2017","2017-10-16 18","야","월","1","0","0","0","0","경기","광주시","차대사람","횡단중","횡단중","보행자 보호의무 위반","교차로","교차로횡단보도내","승합차","보행자","978513","1936371","127.257146","37.42624073","N"
"2017","2017-10-16 19","야","월","1","0","0","0","0","인천","서구","차대사람","횡단중","횡단중","안전운전 의무 불이행","교차로","교차로부근","승합차","보행자","927018.3","1942901.7","126.6745228","37.48247241","N"
"2017","2017-10-16 19","야","월","1","1","1","0","0","대전","서구","차대사람","횡단중","횡단중","보행자 보호의무 위반","교차로","교차로횡단보도내","승용차","보행자","989393","1814959","127.3818141","36.3319496","Y"
"2017","2017-10-16 20","야","월","1","1","0","1","0","강원","철원군","차대사람","차도통행중","차도통행중","과속","단일로","기타단일로","화물차","보행자","984850","2019655","127.3270269","38.17701848","N"
"2017","2017-10-16 21","야","월","1","0","0","0","0","서울","은평구","차대차","측면충돌","측면충돌","신호위반","교차로","교차로횡단보도내","원동기장치자전거","승용차","949049","1956510","126.9227474","37.60660411","N"
"2017","2017-10-16 21","야","월","1","1","0","1","0","경북","경주시","차대사람","차도통행중","차도통행중","안전운전 의무 불이행","교차로","교차로내","승용차","보행자","1166127","1743380","129.3355844","35.672662","N"
"2017","2017-10-17 00","야","화","1","0","0","0","0","서울","마포구","차대사람","횡단중","횡단중","과속","단일로","기타단일로","승용차","보행자","947710","1951820","126.9079127","37.56425771","N"
"2017","2017-10-17 01","야","화","1","0","0","0","0","대전","대덕구","차대사람","횡단중","횡단중","안전운전 의무 불이행","단일로","기타단일로","승합차","보행자","992630","1819713","127.4178365","36.37483904","N"
"2017","2017-10-17 02","야","화","1","0","0","0","0","부산","해운대구","차량단독","공작물충돌","공작물충돌","안전운전 의무 불이행","단일로","기타단일로","이륜차","없음","1148458.5","1692642.8","129.1311803","35.2181808","N"
"2017","2017-10-17 05","야","화","1","1","1","0","0","서울","동작구","차대차","측면충돌","측면충돌","신호위반","교차로","교차로내","승용차","원동기장치자전거","948222","1944303","126.91424","37.49653482","N"
"2017","2017-10-17 06","주","화","1","0","0","0","0","부산","수영구","차대사람","횡단중","횡단중","신호위반","단일로","기타단일로","화물차","보행자","1146990.5","1685839.8","129.1138433","35.1570777","N"
"2017","2017-10-17 06","주","화","1","0","0","0","0","경기","평택시","차대차","추돌","추돌","안전운전 의무 불이행","단일로","기타단일로","화물차","이륜차","960849","1899406","127.0594499","37.09246813","N"
"2017","2017-10-17 06","주","화","1","3","3","0","0","강원","평창군","차대차","측면충돌","측면충돌","중앙선 침범","단일로","기타단일로","승용차","화물차","1079038","1932105","128.3928144","37.38466689","N"
"2017","2017-10-17 08","주","화","1","1","0","1","0","전북","정읍시","차대차","추돌","추돌","안전운전 의무 불이행","교차로","교차로부근","화물차","승합차","933278","1728857","126.7638286","35.55346259","N"
"2017","2017-10-17 09","주","화","1","0","0","0","0","전남","해남군","차량단독","기타","기타","안전운전 의무 불이행","단일로","기타단일로","화물차","없음","908941","1618621","126.5074412","34.5576381","N"
"2017","2017-10-17 09","주","화","1","0","0","0","0","경북","경산시","차대차","측면충돌","측면충돌","안전운전 의무 불이행","교차로","교차로내","화물차","이륜차","1120602","1753497","128.8342306","35.77047366","N"
"2017","2017-10-17 10","주","화","1","0","0","0","0","전남","광양시","차대사람","보도통행중","보도통행중","안전운전 의무 불이행","단일로","기타단일로","화물차","보행자","1007070","1664700","127.5774565","34.97717875","N"
"2017","2017-10-17 15","주","화","1","12","3","9","0","경기","평택시","차대차","추돌","추돌","안전운전 의무 불이행","단일로","기타단일로","승합차","화물차","968908","1889527","127.1505413","37.00371918","Y"
"2017","2017-10-17 16","주","화","1","0","0","0","0","강원","영월군","차대사람","기타","기타","안전운전 의무 불이행","단일로","기타단일로","승용차","보행자","1076291","1909417","128.3594589","37.1804106","N"
"2017","2017-10-17 17","주","화","1","1","0","1","0","경북","김천시","차대차","정면충돌","정면충돌","중앙선 침범","단일로","기타단일로","이륜차","승용차","1067924","1797605","128.2552904","36.17316956","N"
"2017","2017-10-17 18","야","화","1","1","1","0","0","전남","순천시","차대차","정면충돌","정면충돌","중앙선 침범","단일로","기타단일로","승용차","화물차","992061","1651357","127.4131498","34.85685108","N"
"2017","2017-10-17 18","야","화","1","2","0","2","0","경기","가평군","차대차","추돌","추돌","안전운전 의무 불이행","교차로","교차로부근","승합차","농기계","1000517","1983004","127.5058764","37.8468146","N"
"2017","2017-10-18 00","야","수","1","1","1","0","0","경기","안성시","차대사람","차도통행중","차도통행중","안전운전 의무 불이행","단일로","기타단일로","승용차","보행자","969096","1888854","127.1526819","36.99765878","N"
"2017","2017-10-18 00","야","수","1","0","0","0","0","충남","천안시","차대사람","차도통행중","차도통행중","안전운전 의무 불이행","단일로","기타단일로","승용차","보행자","966614.2","1884926.5","127.1249642","36.96217036","N"
"2017","2017-10-18 01","야","수","1","0","0","0","0","전남","화순군","차량단독","공작물충돌","공작물충돌","안전운전 의무 불이행","교차로","교차로내","승용차","없음","945992","1670378","126.9079516","35.02696024","N"
"2017","2017-10-18 04","야","수","1","0","0","0","0","경기","수원시","차대사람","횡단중","횡단중","과속","단일로","기타단일로","승용차","보행자","953381","1920365","126.9741102","37.2810457","N"
"2017","2017-10-18 08","주","수","1","0","0","0","0","경북","김천시","차대차","측면충돌","측면충돌","안전운전 의무 불이행","단일로","기타단일로","기타","자전거","1067220","1796065","128.247331","36.1593357","N"
"2017","2017-10-18 09","주","수","1","2","0","0","2","경기","하남시","차대차","추돌","추돌","안전운전 의무 불이행","단일로","기타단일로","화물차","화물차","972126","1953439","127.1843115","37.57991323","N"
"2017","2017-10-18 09","주","수","1","0","0","0","0","강원","동해시","차대사람","기타","기타","안전운전 의무 불이행","단일로","기타단일로","승합차","보행자","1143777","1945186","129.1264482","37.49474812","N"
"2017","2017-10-18 10","주","수","1","3","0","3","0","충북","충주시","차대차","추돌","추돌","안전운전 의무 불이행","단일로","기타단일로","화물차","화물차","1030783","1887107","127.845887","36.9819148","N"
"2017","2017-10-18 10","주","수","1","0","0","0","0","경남","거창군","차대사람","차도통행중","차도통행중","신호위반","단일로","기타단일로","승용차","보행자","1030399","1761638","127.8366548","35.85080464","N"
"2017","2017-10-18 10","주","수","1","0","0","0","0","광주","동구","차대사람","횡단중","횡단중","안전운전 의무 불이행","교차로","교차로내","승합차","보행자","948708.4","1683762.4","126.9368992","35.14778732","N"
"2017","2017-10-18 13","주","수","1","0","0","0","0","경기","평택시","차대사람","보도통행중","보도통행중","보행자 보호의무 위반","교차로","교차로횡단보도내","승합차","보행자","963144","1889294","127.0857696","37.00141046","N"
"2017","2017-10-18 14","주","수","1","1","1","0","0","전북","고창군","차대차","추돌","추돌","안전운전 의무 불이행","단일로","기타단일로","화물차","농기계","908059","1716521","126.4870077","35.4402303","N"
"2017","2017-10-18 18","야","수","1","0","0","0","0","경기","안성시","차대차","측면충돌","측면충돌","교차로 통행방법 위반","교차로","교차로내","이륜차","승용차","981137","1892322","127.2879181","37.02923935","N"
"2017","2017-10-18 18","야","수","1","0","0","0","0","전남","순천시","차대사람","횡단중","횡단중","보행자 보호의무 위반","단일로","기타단일로","승용차","보행자","1000886.6","1655156.8","127.5097032","34.89114689","N"
"2017","2017-10-18 22","야","수","1","1","0","1","0","충북","단양군","차대사람","횡단중","횡단중","신호위반","단일로","기타단일로","승합차","보행자","1071480","1893004","128.3037007","37.03285479","N"
"2017","2017-10-19 00","야","목","1","2","1","1","0","경기","안성시","차대차","측면충돌","측면충돌","신호위반","교차로","교차로내","승용차","승용차","981743","1890397","127.2947781","37.01189873","N"
"2017","2017-10-19 06","주","목","1","3","2","1","0","경기","김포시","차대차","기타","기타","안전운전 의무 불이행","단일로","기타단일로","승용차","승용차","929537","1961441","126.7012264","37.64975696","N"
"2017","2017-10-19 06","주","목","1","0","0","0","0","전남","여수시","차대사람","기타","기타","안전운전 의무 불이행","교차로","교차로횡단보도내","승용차","보행자","1022299","1639166","127.7436196","34.74670321","N"
"2017","2017-10-19 09","주","목","1","0","0","0","0","경기","안양시","차대사람","횡단중","횡단중","보행자 보호의무 위반","교차로","교차로부근","승합차","보행자","951408","1932555","126.9510555","37.39081934","N"
"2017","2017-10-19 12","주","목","1","0","0","0","0","광주","광산구","차대차","측면충돌","측면충돌","안전운전 의무 불이행","교차로","교차로내","건설기계","자전거","938549","1686706","126.8251522","35.17375889","N"
"2017","2017-10-19 14","주","목","1","0","0","0","0","충남","태안군","차량단독","전도전복","전도전복","안전운전 의무 불이행","단일로","기타단일로","농기계","없음","891078","1860078","126.2801146","36.73250966","N"
"2017","2017-10-19 15","주","목","1","0","0","0","0","충남","공주시","차대차","추돌","추돌","안전운전 의무 불이행","단일로","기타단일로","화물차","화물차","961402","1818100","127.0697805","36.35955094","N"
"2017","2017-10-19 16","주","목","1","0","0","0","0","대구","달성군","차대사람","횡단중","횡단중","안전운전 의무 불이행","기타","기타","승용차","보행자","1085211","1755203","128.4429358","35.78955958","N"
"2017","2017-10-19 18","야","목","1","0","0","0","0","전북","완주군","차대사람","횡단중","횡단중","안전운전 의무 불이행","교차로","교차로부근","승용차","보행자","972065","1784015","127.1898449","36.05262644","N"
"2017","2017-10-19 18","야","목","2","3","2","1","0","전북","익산시","차대차","측면충돌","측면충돌","안전운전 의무 불이행","단일로","기타단일로","승용차","승용차","964469","1784229","127.1055004","36.05430795","N"
"2017","2017-10-19 21","야","목","1","0","0","0","0","부산","강서구","차대차","측면충돌","측면충돌","중앙선 침범","단일로","기타단일로","이륜차","승용차","1132816.5","1687817.1","128.9585892","35.17687445","N"
"2017","2017-10-19 23","야","목","1","0","0","0","0","경남","김해시","차량단독","전도전복","전도전복","안전운전 의무 불이행","단일로","기타단일로","승용차","없음","1119929","1687707","128.8170779","35.17750345","N"
"2017","2017-10-20 00","야","금","1","0","0","0","0","광주","광산구","차량단독","기타","기타","안전운전 의무 불이행","단일로","교량위","승용차","없음","932369","1680647","126.7577852","35.11873103","N"
"2017","2017-10-20 05","야","금","1","1","0","1","0","경기","부천시","차대차","추돌","추돌","안전운전 의무 불이행","교차로","교차로부근","승용차","승용차","934166","1944115","126.7552535","37.49394496","N"
"2017","2017-10-20 06","주","금","1","0","0","0","0","서울","성북구","차대사람","차도통행중","차도통행중","안전운전 의무 불이행","교차로","교차로횡단보도내","승용차","보행자","960409","1957437","127.0513969","37.61551871","N"
"2017","2017-10-20 06","주","금","1","0","0","0","0","충남","서산시","차대차","측면충돌","측면충돌","중앙선 침범","단일로","기타단일로","자전거","승용차","906021","1864879","126.4468515","36.77738002","N"
"2017","2017-10-20 11","주","금","1","0","0","0","0","부산","부산진구","차대차","측면충돌","측면충돌","신호위반","교차로","교차로내","승용차","이륜차","1138609.5","1685517.1","129.0218019","35.15535954","N"
"2017","2017-10-20 11","주","금","1","0","0","0","0","경기","구리시","차대사람","횡단중","횡단중","안전운전 의무 불이행","단일로","기타단일로","승용차","보행자","968109","1955748","127.138717","37.60059463","N"
"2017","2017-10-20 12","주","금","2","0","0","0","0","서울","동대문구","차대사람","기타","기타","중앙선 침범","단일로","기타단일로","승용차","보행자","959661","1953328","127.0431481","37.57845082","N"
"2017","2017-10-20 13","주","금","1","0","0","0","0","충남","예산군","차대차","정면충돌","정면충돌","중앙선 침범","단일로","기타단일로","이륜차","화물차","941183","1859633","126.841258","36.73292727","N"
"2017","2017-10-20 14","주","금","1","0","0","0","0","전북","장수군","차대차","추돌","추돌","안전운전 의무 불이행","단일로","기타단일로","화물차","농기계","1002206","1746751","127.5243896","35.71704857","N"
"2017","2017-10-20 15","주","금","1","0","0","0","0","대전","대덕구","차대차","측면충돌","측면충돌","기타","교차로","교차로내","이륜차","승합차","992661","1816564","127.4182118","36.34644981","N"
"2017","2017-10-20 15","주","금","1","5","2","3","0","경기","고양시","차대차","정면충돌","정면충돌","중앙선 침범","단일로","기타단일로","화물차","승용차","947168","1965800","126.9007651","37.69022822","N"
"2017","2017-10-20 17","주","금","1","1","0","0","1","경기","양평군","차량단독","공작물충돌","공작물충돌","안전운전 의무 불이행","단일로","기타단일로","화물차","없음","1020528","1949522","127.732382","37.54480054","N"
"2017","2017-10-20 18","야","금","1","1","0","1","0","서울","노원구","차대차","추돌","추돌","안전운전 의무 불이행","단일로","기타단일로","이륜차","승용차","960910","1963366","127.0567561","37.66897929","N"
"2017","2017-10-20 18","야","금","1","0","0","0","0","세종","세종시","차량단독","도로이탈","도로이탈 기타","안전운전 의무 불이행","교차로","교차로부근","승용차","없음","981103","1841535","127.2887967","36.57141055","N"
"2017","2017-10-20 18","야","금","1","0","0","0","0","전북","임실군","차대사람","횡단중","횡단중","안전운전 의무 불이행","교차로","교차로부근","승용차","보행자","979986","1743123","127.2788159","35.68413639","N"
"2017","2017-10-20 18","야","금","1","0","0","0","0","경북","경주시","차대차","측면충돌","측면충돌","안전운전 의무 불이행","교차로","교차로부근","화물차","자전거","1154165","1760950","129.2068462","35.83295051","N"
"2017","2017-10-20 18","야","금","1","0","0","0","0","경남","산청군","차대사람","길가장자리구역통행중","길가장자리구역통행중","안전운전 의무 불이행","단일로","기타단일로","승용차","보행자","1030019","1697402","127.8300632","35.27163554","N"
"2017","2017-10-20 18","야","금","1","0","0","0","0","경남","창원시(통합)","차대사람","횡단중","횡단중","안전운전 의무 불이행","단일로","기타단일로","화물차","보행자","1098923","1692099","128.5869552","35.21938833","N"
"2017","2017-10-20 19","야","금","1","0","0","0","0","강원","횡성군","차대사람","차도통행중","차도통행중","안전운전 의무 불이행","단일로","기타단일로","승용차","보행자","1058838","1935888","128.1649526","37.42026639","N"
"2017","2017-10-20 21","야","금","1","0","0","0","0","경기","부천시","차대차","추돌","추돌","안전운전 의무 불이행","단일로","기타단일로","이륜차","화물차","939197","1946934","126.8119295","37.51969768","N"
"2017","2017-10-20 21","야","금","1","0","0","0","0","대구","달서구","차대사람","횡단중","횡단중","신호위반","교차로","교차로내","승용차","보행자","1095468","1760615.5","128.5570689","35.83740801","N"
"2017","2017-10-20 22","야","금","1","0","0","0","0","제주","서귀포시","차대사람","횡단중","횡단중","안전운전 의무 불이행","단일로","기타단일로","승용차","보행자","904232","1473969","126.4719007","33.25279915","N"
"2017","2017-10-20 22","야","금","1","5","3","2","0","광주","동구","차대차","기타","기타","중앙선 침범","단일로","고가도로위","승용차","승용차","947382.8","1682780.2","126.9224095","35.13886255","Y"
"2017","2017-10-21 01","야","토","1","0","0","0","0","충남","태안군","차량단독","전도전복","전도전복","안전운전 의무 불이행","교차로","교차로부근","승용차","없음","896151","1834651","126.3403572","36.50390099","N"
"2017","2017-10-21 05","야","토","1","10","0","0","10","경기","의왕시","차대차","추돌","추돌","안전운전 의무 불이행","단일로","기타단일로","화물차","화물차","951864","1925335","126.9566761","37.32576584","Y"
"2017","2017-10-21 07","주","토","1","0","0","0","0","대구","북구","차대차","측면충돌","측면충돌","신호위반","단일로","기타단일로","화물차","자전거","1097822.3","1766449.2","128.5838485","35.88976399","N"
"2017","2017-10-21 08","주","토","1","0","0","0","0","충북","청주시","차대차","측면충돌","측면충돌","안전운전 의무 불이행","교차로","교차로내","건설기계","자전거","982563.1","1845055.4","127.3050357","36.60317476","N"
"2017","2017-10-21 10","주","토","1","0","0","0","0","전북","전주시","차대사람","횡단중","횡단중","보행자 보호의무 위반","교차로","교차로내","승용차","보행자","965980.8","1759945.4","127.1233261","35.83542517","N"
"2017","2017-10-21 10","주","토","1","0","0","0","0","전남","곡성군","차대사람","기타","기타","안전운전 의무 불이행","단일로","기타단일로","화물차","보행자","967163","1697078","127.1389659","35.26862559","N"
"2017","2017-10-21 14","주","토","1","0","0","0","0","경북","구미시","차량단독","전도전복","전도전복","안전운전 의무 불이행","단일로","기타단일로","농기계","없음","1078126","1801930","128.3691528","36.21138843","N"
"2017","2017-10-21 16","주","토","2","0","0","0","0","경기","구리시","차대차","기타","기타","중앙선 침범","단일로","기타단일로","승용차","승용차","968313","1959008","127.1408867","37.62998508","Y"
"2017","2017-10-21 16","주","토","1","1","1","0","0","경기","포천시","차량단독","기타","기타","안전운전 의무 불이행","단일로","기타단일로","승용차","없음","976874","2001137","127.2365625","38.00995258","N"
"2017","2017-10-21 17","주","토","1","2","2","0","0","전남","순천시","차량단독","공작물충돌","공작물충돌","안전운전 의무 불이행","교차로","교차로부근","화물차","없음","993370.9","1678076.1","127.427267","35.0977991","N"
"2017","2017-10-21 18","야","토","1","0","0","0","0","부산","부산진구","차대사람","횡단중","횡단중","안전운전 의무 불이행","단일로","기타단일로","화물차","보행자","1142019","1685256","129.0591779","35.15253012","N"
"2017","2017-10-21 18","야","토","1","0","0","0","0","충남","논산시","차량단독","전도전복","전도전복","안전운전 의무 불이행","단일로","기타단일로","이륜차","없음","956224","1797161","127.0132402","36.17055956","N"
"2017","2017-10-21 18","야","토","1","0","0","0","0","경북","예천군","차대차","추돌","추돌","안전운전 의무 불이행","단일로","기타단일로","화물차","농기계","1089774","1856960","128.5051019","36.70641048","N"
"2017","2017-10-21 19","야","토","1","0","0","0","0","전북","순창군","차량단독","도로이탈","도로이탈 추락","안전운전 의무 불이행","단일로","기타단일로","화물차","없음","969386","1709473","127.1629433","35.3804593","N"
"2017","2017-10-21 19","야","토","1","0","0","0","0","인천","강화군","차대차","추돌","추돌","안전운전 의무 불이행","단일로","기타단일로","승용차","자전거","902192","1970890","126.3900187","37.73240241","N"
"2017","2017-10-21 21","야","토","1","0","0","0","0","경북","구미시","차대차","추돌","추돌","안전운전 의무 불이행","단일로","기타단일로","이륜차","화물차","1075882","1790627","128.343099","36.10967372","N"
"2017","2017-10-21 22","야","토","1","1","0","1","0","전남","영암군","차대차","추돌","추돌","안전운전 의무 불이행","교차로","교차로부근","승용차","자전거","896858","1639983","126.3731517","34.74910073","N"
"2017","2017-10-22 01","야","일","1","0","0","0","0","경기","시흥시","차대사람","횡단중","횡단중","과속","단일로","기타단일로","승용차","보행자","932411","1929516","126.7367387","37.36223774","N"
"2017","2017-10-22 01","야","일","1","0","0","0","0","경북","영천시","차량단독","공작물충돌","공작물충돌","안전운전 의무 불이행","교차로","교차로부근","화물차","없음","1125315","1785095","128.8913362","36.05469004","N"
"2017","2017-10-22 03","야","일","1","0","0","0","0","대전","동구","차량단독","기타","기타","안전운전 의무 불이행","단일로","기타단일로","승용차","없음","997770","1819062","127.475141","36.36899569","N"
"2017","2017-10-22 04","야","일","1","1","0","1","0","경기","군포시","차대차","측면충돌","측면충돌","안전거리 미확보","단일로","기타단일로","이륜차","승합차","950063","1925047","126.936368","37.32307487","N"
"2017","2017-10-22 04","야","일","1","0","0","0","0","경남","김해시","차량단독","전도전복","전도전복","안전운전 의무 불이행","단일로","기타단일로","원동기장치자전거","없음","1120395","1688491","128.8223088","35.18451527","N"
"2017","2017-10-22 08","주","일","1","0","0","0","0","전남","곡성군","차량단독","기타","기타","안전운전 의무 불이행","교차로","교차로부근","농기계","없음","978579","1686270","127.264762","35.17147888","N"
"2017","2017-10-22 13","주","일","1","0","0","0","0","충북","괴산군","차량단독","기타","기타","안전운전 의무 불이행","단일로","기타단일로","이륜차","없음","1033181","1853082","127.8713458","36.67511488","N"
"2017","2017-10-22 13","주","일","1","0","0","0","0","전북","익산시","차대사람","차도통행중","차도통행중","안전운전 의무 불이행","단일로","기타단일로","승용차","보행자","950835.6","1773245","126.9548167","35.95468774","N"
"2017","2017-10-22 14","주","일","2","2","2","0","0","경기","수원시","차대차","측면충돌","측면충돌","신호위반","교차로","교차로내","승용차","승용차","952600","1917534","126.9654808","37.25548866","N"
"2017","2017-10-22 15","주","일","1","0","0","0","0","충북","청주시","차대차","정면충돌","정면충돌","중앙선 침범","단일로","기타단일로","화물차","이륜차","1016423","1845875","127.6836454","36.61058145","N"
"2017","2017-10-22 15","주","일","1","0","0","0","0","충남","금산군","차량단독","기타","기타","안전운전 의무 불이행","단일로","기타단일로","자전거","없음","999162","1778263","127.4907019","36.0011678","N"
"2017","2017-10-22 16","주","일","1","1","0","1","0","제주","제주시","차량단독","공작물충돌","공작물충돌","안전운전 의무 불이행","단일로","기타단일로","승용차","없음","895940","1496917","126.3802505","33.45897968","N"
"2017","2017-10-22 18","야","일","1","0","0","0","0","강원","강릉시","차대사람","기타","기타","안전운전 의무 불이행","단일로","교량위","승용차","보행자","1122517","1969424","128.8900782","37.71621929","N"
"2017","2017-10-22 18","야","일","1","0","0","0","0","전남","무안군","차량단독","도로이탈","도로이탈 추락","안전운전 의무 불이행","단일로","기타단일로","이륜차","없음","888952","1680079","126.2814597","35.10975687","N"
"2017","2017-10-22 23","야","일","1","2","2","0","0","경북","구미시","차량단독","전도전복","전도전복","안전운전 의무 불이행","단일로","기타단일로","승용차","없음","1074632","1793294","128.3294649","36.13381315","N"
"2017","2017-10-23 00","야","월","1","0","0","0","0","서울","동작구","차대사람","기타","기타","안전운전 의무 불이행","단일로","기타단일로","승용차","보행자","949391","1945824","126.9273595","37.51030874","N"
"2017","2017-10-23 09","주","월","1","2","0","2","0","경기","파주시","차대차","정면충돌","정면충돌","중앙선 침범","단일로","기타단일로","승용차","승용차","936842","1979973","126.7824199","37.81731012","N"
"2017","2017-10-23 11","주","월","1","0","0","0","0","부산","강서구","차대사람","차도통행중","차도통행중","안전운전 의무 불이행","단일로","기타단일로","승용차","보행자","1134902.4","1691637.5","128.9821152","35.21103405","N"
"2017","2017-10-23 12","주","월","2","0","0","0","0","대구","달성군","차대차","기타","기타","안전운전 의무 불이행","단일로","기타단일로","화물차","화물차","1081754","1752671","128.4044268","35.76702711","N"
"2017","2017-10-23 14","주","월","1","2","0","0","2","전남","나주시","차대차","측면충돌","측면충돌","교차로 통행방법 위반","교차로","교차로내","승합차","건설기계","919849","1660888","126.6223046","34.93965812","N"
"2017","2017-10-23 16","주","월","1","0","0","0","0","전남","담양군","차량단독","전도","전도","안전운전 의무 불이행","단일로","기타단일로","농기계","없음","955111","1693080","127.0066796","35.23210874","N"
"2017","2017-10-23 17","주","월","1","0","0","0","0","전북","진안군","차대차","측면충돌","측면충돌","중앙선 침범","단일로","기타단일로","승용차","승합차","998807","1758939","127.486792","35.82694083","N"
"2017","2017-10-23 17","주","월","1","0","0","0","0","경남","하동군","차대사람","차도통행중","차도통행중","보행자 보호의무 위반","기타","기타","화물차","보행자","1024657","1672960","127.7703776","35.05138606","N"
"2017","2017-10-23 18","야","월","1","0","0","0","0","경기","용인시","차대사람","횡단중","횡단중","안전운전 의무 불이행","단일로","기타단일로","승용차","보행자","971155","1926928","127.1743525","37.34092427","N"
"2017","2017-10-23 18","야","월","1","0","0","0","0","충남","보령시","차대사람","길가장자리구역통행중","길가장자리구역통행중","안전운전 의무 불이행","단일로","기타단일로","화물차","보행자","924064","1816517","126.6537904","36.343058","N"
"2017","2017-10-23 18","야","월","1","0","0","0","0","대구","달성군","차대사람","기타","기타","보행자 보호의무 위반","교차로","교차로횡단보도내","승용차","보행자","1106153","1748281","128.6737216","35.72512144","N"
"2017","2017-10-23 19","야","월","1","0","0","0","0","부산","부산진구","차대사람","기타","기타","안전운전 의무 불이행","단일로","기타단일로","승합차","보행자","1140584.6","1687757.5","129.0438614","35.17528003","N"
"2017","2017-10-23 21","야","월","1","0","0","0","0","경남","창원시(통합)","차대사람","기타","기타","안전운전 의무 불이행","단일로","기타단일로","이륜차","보행자","1097037","1687812","128.5657302","35.18092282","N"
"2017","2017-10-23 23","야","월","1","0","0","0","0","부산","북구","차대사람","횡단중","횡단중","안전운전 의무 불이행","단일로","기타단일로","승용차","보행자","1137638.5","1695666.3","129.0128405","35.24697778","N"
"2017","2017-10-23 23","야","월","1","0","0","0","0","대전","서구","차량단독","공작물충돌","공작물충돌","안전운전 의무 불이행","단일로","기타단일로","이륜차","없음","989498","1814094","127.3829957","36.3241524","N"
"2017","2017-10-24 00","야","화","1","0","0","0","0","서울","강남구","차대사람","횡단중","횡단중","과속","단일로","기타단일로","승용차","보행자","959865","1944132","127.0459612","37.49557319","N"
"2017","2017-10-24 02","야","화","1","0","0","0","0","대구","남구","차대사람","횡단중","횡단중","과속","단일로","기타단일로","승용차","보행자","1098311","1761423","128.5886424","35.84440627","N"
"2017","2017-10-24 03","야","화","1","0","0","0","0","충남","아산시","차대차","기타","기타","안전운전 의무 불이행","단일로","기타단일로","화물차","승용차","961674","1865244","127.0704649","36.78455682","N"
"2017","2017-10-24 05","야","화","1","3","1","2","0","충북","진천군","차대차","기타","기타","안전운전 의무 불이행","단일로","기타단일로","승용차","화물차","998972","1872603","127.4884687","36.85167099","N"
"2017","2017-10-24 07","주","화","1","0","0","0","0","충남","부여군","차대차","측면충돌","측면충돌","신호위반","교차로","교차로내","건설기계","화물차","931084","1799749","126.7334915","36.19242733","N"
"2017","2017-10-24 07","주","화","1","0","0","0","0","전북","익산시","차대사람","횡단중","횡단중","안전운전 의무 불이행","단일로","기타단일로","화물차","보행자","951107","1772140","126.9578942","35.94473912","N"
"2017","2017-10-24 09","주","화","1","0","0","0","0","전북","전주시","차대사람","횡단중","횡단중","안전운전 의무 불이행","단일로","기타단일로","승합차","보행자","960265","1764670","127.0598046","35.87780665","N"
"2017","2017-10-24 11","주","화","1","0","0","0","0","서울","서대문구","차대사람","횡단중","횡단중","안전운전 의무 불이행","단일로","기타단일로","건설기계","보행자","951159","1954923","126.9467576","37.59241484","N"
"2017","2017-10-24 11","주","화","1","0","0","0","0","전북","익산시","차대사람","차도통행중","차도통행중","안전운전 의무 불이행","단일로","기타단일로","승용차","보행자","951899","1770923","126.9667489","35.93380642","N"
"2017","2017-10-24 11","주","화","1","0","0","0","0","인천","부평구","차대차","추돌","추돌","안전운전 의무 불이행","단일로","기타단일로","이륜차","승용차","929962.2","1941576.2","126.7079437","37.47075383","N"
"2017","2017-10-24 12","주","화","1","1","1","0","0","충북","제천시","차대차","측면충돌","측면충돌","중앙선 침범","교차로","교차로내","원동기장치자전거","화물차","1061427","1907601","128.1918712","37.16513835","N"
"2017","2017-10-24 16","주","화","1","0","0","0","0","충북","청주시","차대사람","길가장자리구역통행중","길가장자리구역통행중","안전운전 의무 불이행","단일로","기타단일로","화물차","보행자","1006200","1842249","127.5693006","36.57801425","N"