"발생년","발생년월일시","주야","요일","사망자수","부상자수","중상자수","경상자수","부상신고자수","발생지시도","발생지시군구","사고유형_대분류","사고유형_중분류","사고유형","가해자법규위반","도로형태_대분류","도로형태","가해자_당사자종별","피해자_당사자종별","발생위치(X_UTMK)","발생위치(Y_UTMK)","경도","위도"," 어린이사고 여부"
"2017","2017-10-24 16","주","화","1","0","0","0","0","인천","미추홀구","차대사람","차도통행중","차도통행중","안전운전 의무 불이행","교차로","교차로내","화물차","보행자","927681","1937801","126.6825184","37.43655291","N"
"2017","2017-10-24 18","야","화","1","1","1","0","0","충남","아산시","차량단독","도로이탈","도로이탈 추락","안전운전 의무 불이행","단일로","기타단일로","화물차","없음","951416","1857122","126.9560206","36.71087115","N"
"2017","2017-10-24 19","야","화","1","0","0","0","0","강원","춘천시","차대사람","차도통행중","차도통행중","안전운전 의무 불이행","단일로","기타단일로","승합차","보행자","1022772","1980366","127.7587483","37.82275385","N"
"2017","2017-10-24 20","야","화","1","0","0","0","0","경기","포천시","차대사람","횡단중","횡단중","보행자 보호의무 위반","교차로","교차로횡단보도내","승용차","보행자","984233","1995688","127.320511","37.96099932","N"
"2017","2017-10-24 22","야","화","1","0","0","0","0","부산","서구","차대사람","기타","기타","안전운전 의무 불이행","교차로","교차로횡단보도내","승용차","보행자","1138985","1677749","129.0246178","35.08528559","N"
"2017","2017-10-25 00","야","수","1","5","3","1","1","서울","서대문구","차대사람","기타","기타","안전운전 의무 불이행","교차로","교차로내","화물차","보행자","952949.5","1951506.5","126.967258","37.5617147","N"
"2017","2017-10-25 01","야","수","1","0","0","0","0","충남","천안시","차대사람","기타","기타","안전운전 의무 불이행","단일로","기타단일로","승용차","보행자","971455","1872016","127.1798286","36.8459488","N"
"2017","2017-10-25 05","야","수","1","0","0","0","0","충북","충주시","차대사람","횡단중","횡단중","안전운전 의무 불이행","단일로","기타단일로","승용차","보행자","1040712","1878645","127.9569935","36.90525895","N"
"2017","2017-10-25 05","야","수","1","0","0","0","0","대구","수성구","차대차","기타","기타","안전운전 의무 불이행","단일로","기타단일로","승용차","승용차","1100289","1763240","128.6107705","35.86058515","N"
"2017","2017-10-25 08","주","수","1","1","0","1","0","경남","밀양시","차대차","측면충돌","측면충돌","안전운전 의무 불이행","교차로","교차로내","승용차","승용차","1110425","1709476","128.7156546","35.37484085","N"
"2017","2017-10-25 10","주","수","1","0","0","0","0","충북","보은군","차대차","측면충돌","측면충돌","교차로 통행방법 위반","교차로","교차로내","이륜차","화물차","1020465","1838901","127.7286581","36.54763263","N"
"2017","2017-10-25 11","주","수","1","1","1","0","0","전북","익산시","차대차","정면충돌","정면충돌","중앙선 침범","단일로","기타단일로","화물차","화물차","952956.9","1783377.7","126.9777369","36.04614433","N"
"2017","2017-10-25 11","주","수","1","0","0","0","0","경남","합천군","차대사람","기타","기타","안전운전 의무 불이행","단일로","기타단일로","화물차","보행자","1050453","1725325","128.0564576","35.52257965","N"
"2017","2017-10-25 11","주","수","1","0","0","0","0","인천","서구","차대차","측면충돌","측면충돌","안전거리 미확보","교차로","교차로내","승용차","이륜차","926103","1953492","126.6631053","37.57784638","N"
"2017","2017-10-25 14","주","수","1","0","0","0","0","전북","완주군","차대사람","횡단중","횡단중","안전운전 의무 불이행","단일로","기타단일로","승용차","보행자","968911","1772539","127.155278","35.94906566","N"
"2017","2017-10-25 15","주","수","1","0","0","0","0","전남","담양군","차대차","기타","기타","안전운전 의무 불이행","교차로","교차로내","화물차","자전거","952122","1692111","126.9738888","35.22323321","N"
"2017","2017-10-25 17","주","수","1","0","0","0","0","경북","경산시","차대차","측면충돌","측면충돌","안전운전 의무 불이행","단일로","기타단일로","승용차","자전거","1111649","1756946","128.7356854","35.80262146","N"
"2017","2017-10-25 18","야","수","1","0","0","0","0","경기","평택시","차대사람","기타","기타","안전운전 의무 불이행","교차로","교차로부근","승합차","보행자","958403","1882734","127.0328478","36.94207958","N"
"2017","2017-10-25 18","야","수","1","0","0","0","0","전북","진안군","차대차","추돌","추돌","안전운전 의무 불이행","단일로","기타단일로","화물차","농기계","1005527.4","1760661.4","127.5612071","35.84245546","N"
"2017","2017-10-25 19","야","수","1","0","0","0","0","강원","평창군","차량단독","공작물충돌","공작물충돌","안전운전 의무 불이행","단일로","기타단일로","이륜차","없음","1079640","1954824","128.4020728","37.58937192","N"
"2017","2017-10-25 19","야","수","1","0","0","0","0","충남","예산군","차대사람","기타","기타","안전운전 의무 불이행","단일로","기타단일로","승용차","보행자","931041","1854602","126.7281315","36.68689472","N"
"2017","2017-10-25 20","야","수","1","0","0","0","0","충남","보령시","차대차","기타","기타","안전운전 의무 불이행","단일로","기타단일로","자전거","건설기계","919455","1804018","126.603724","36.23001225","N"
"2017","2017-10-25 23","야","수","1","1","1","0","0","강원","평창군","차량단독","공작물충돌","공작물충돌","안전운전 의무 불이행","단일로","기타단일로","승용차","없음","1082258","1952162","128.4314241","37.5651507","N"
"2017","2017-10-26 02","야","목","1","0","0","0","0","충북","제천시","차량단독","기타","기타","안전운전 의무 불이행","단일로","기타단일로","승용차","없음","1062158","1901270","128.1995785","37.10802523","N"
"2017","2017-10-26 04","야","목","1","0","0","0","0","경기","양주시","차량단독","공작물충돌","공작물충돌","안전운전 의무 불이행","단일로","기타단일로","이륜차","없음","960201","1980184","127.0477956","37.82052962","N"
"2017","2017-10-26 06","주","목","1","0","0","0","0","인천","계양구","차대사람","횡단중","횡단중","안전운전 의무 불이행","교차로","교차로횡단보도내","화물차","보행자","932797","1949368","126.7392874","37.54119078","N"
"2017","2017-10-26 07","주","목","1","2","1","1","0","부산","수영구","차대차","추돌","추돌","안전운전 의무 불이행","교차로","교차로부근","승합차","승용차","1148397","1686231.8","129.1293506","35.16040435","N"
"2017","2017-10-26 17","주","목","1","0","0","0","0","경기","광주시","차대사람","횡단중","횡단중","안전운전 의무 불이행","단일로","기타단일로","승용차","보행자","985803","1927094","127.339718","37.34276019","N"
"2017","2017-10-26 18","야","목","1","0","0","0","0","전남","담양군","차대차","기타","기타","안전운전 의무 불이행","단일로","기타단일로","화물차","농기계","953702","1700795","126.9907605","35.30160838","N"
"2017","2017-10-26 20","야","목","1","0","0","0","0","전북","익산시","차대사람","횡단중","횡단중","안전운전 의무 불이행","교차로","교차로부근","승용차","보행자","949267.9","1771929.7","126.9375173","35.94274932","N"
"2017","2017-10-26 21","야","목","1","1","1","0","0","충북","충주시","차대차","추돌","추돌","안전운전 의무 불이행","단일로","기타단일로","화물차","특수차","1031022","1890052","127.8486936","37.00845397","N"
"2017","2017-10-26 23","야","목","1","0","0","0","0","경남","창원시(통합)","차대차","기타","기타","안전운전 의무 불이행","단일로","기타단일로","승용차","승용차","1106597","1684730","128.6703082","35.15216838","N"
"2017","2017-10-27 02","야","금","1","1","1","0","0","울산","남구","차대차","기타","기타","안전운전 의무 불이행","단일로","교량위","승용차","이륜차","1160698","1730144","129.2729889","35.55427611","N"
"2017","2017-10-27 03","야","금","1","0","0","0","0","울산","남구","차대차","측면충돌","측면충돌","신호위반","교차로","교차로내","이륜차","승용차","1160210","1729904","129.2675596","35.55219219","N"
"2017","2017-10-27 07","주","금","1","1","0","1","0","경남","창원시(통합)","차대차","추돌","추돌","안전운전 의무 불이행","단일로","기타단일로","화물차","건설기계","1093130","1695331","128.5236777","35.24908165","N"
"2017","2017-10-27 09","주","금","1","0","0","0","0","충남","당진시","차대사람","기타","기타","기타","단일로","기타단일로","승용차","보행자","935208","1876502","126.7729071","36.88459516","N"
"2017","2017-10-27 09","주","금","1","0","0","0","0","경북","영덕군","차대사람","기타","기타","안전운전 의무 불이행","단일로","기타단일로","승용차","보행자","1168709","1819414","129.3803095","36.35737336","N"
"2017","2017-10-27 10","주","금","1","1","1","0","0","충남","금산군","차대차","기타","기타","안전운전 의무 불이행","단일로","기타단일로","승용차","승용차","993970","1797351","127.4329479","36.17324322","N"
"2017","2017-10-27 10","주","금","1","0","0","0","0","전남","장흥군","차대차","기타","기타","안전운전 의무 불이행","교차로","교차로내","자전거","승합차","945283.7","1611866.4","126.9039918","34.4993054","N"
"2017","2017-10-27 16","주","금","1","0","0","0","0","강원","양양군","차대차","측면충돌","측면충돌","안전운전 의무 불이행","기타","기타","화물차","승용차","1090866.6","1999963.8","128.5348763","37.99512043","N"
"2017","2017-10-27 17","주","금","2","1","1","0","0","전남","무안군","차대차","정면충돌","정면충돌","중앙선 침범","단일로","기타단일로","승용차","화물차","890141","1676327","126.2950019","35.07606189","N"
"2017","2017-10-27 18","야","금","1","0","0","0","0","전북","군산시","차대차","추돌","추돌","안전운전 의무 불이행","교차로","교차로내","승용차","자전거","931823","1776441","126.7437257","35.98235753","N"
"2017","2017-10-27 18","야","금","1","0","0","0","0","전남","보성군","차대사람","횡단중","횡단중","안전운전 의무 불이행","단일로","기타단일로","화물차","보행자","984379.9","1649242.3","127.3291607","34.83769246","N"
"2017","2017-10-27 19","야","금","1","0","0","0","0","전북","전주시","차대차","정면충돌","정면충돌","안전운전 의무 불이행","교차로","교차로내","화물차","이륜차","966853.4","1761721.6","127.1329139","35.85146927","N"
"2017","2017-10-27 21","야","금","1","0","0","0","0","경북","상주시","차량단독","도로이탈","도로이탈 기타","안전운전 의무 불이행","단일로","기타단일로","이륜차","없음","1067809","1827883","128.2566445","36.44612445","N"
"2017","2017-10-27 21","야","금","1","0","0","0","0","경기","고양시","차량단독","공작물충돌","공작물충돌","안전운전 의무 불이행","단일로","기타단일로","승용차","없음","942484","1963424","126.8478285","37.66853187","N"
"2017","2017-10-27 23","야","금","1","0","0","0","0","경기","파주시","차대사람","기타","기타","안전운전 의무 불이행","단일로","기타단일로","승용차","보행자","939052","1981349","126.8074116","37.82986161","N"
"2017","2017-10-28 05","야","토","1","0","0","0","0","충남","홍성군","차대사람","차도통행중","차도통행중","안전운전 의무 불이행","교차로","교차로내","승합차","보행자","925252","1846487","126.6641313","36.61330847","N"
"2017","2017-10-28 11","주","토","1","0","0","0","0","충남","아산시","차량단독","기타","기타","안전운전 의무 불이행","단일로","기타단일로","이륜차","없음","955299","1859334","126.9993664","36.73100197","N"
"2017","2017-10-28 13","주","토","1","0","0","0","0","경남","김해시","차대사람","횡단중","횡단중","안전운전 의무 불이행","단일로","기타단일로","화물차","보행자","1119030","1700650","128.8090808","35.29428808","N"
"2017","2017-10-28 15","주","토","1","0","0","0","0","강원","양양군","차량단독","전도","전도","안전운전 의무 불이행","단일로","기타단일로","이륜차","없음","1104864","2004757","128.6949635","38.03680091","N"
"2017","2017-10-28 18","야","토","1","5","3","2","0","전남","영광군","차대차","측면충돌","측면충돌","안전운전 의무 불이행","단일로","기타단일로","화물차","승합차","908055","1689720","126.489973","35.19860402","N"
"2017","2017-10-28 18","야","토","1","0","0","0","0","전남","화순군","차량단독","전도전복","전도전복","안전운전 의무 불이행","교차로","교차로내","농기계","없음","970337","1687872","127.1741947","35.18571458","N"
"2017","2017-10-28 18","야","토","1","0","0","0","0","경북","상주시","차대차","측면충돌","측면충돌","안전운전 의무 불이행","단일로","기타단일로","승용차","이륜차","1061035","1841846","128.1821658","36.57244956","N"
"2017","2017-10-28 18","야","토","1","0","0","0","0","경북","의성군","차대사람","횡단중","횡단중","신호위반","단일로","기타단일로","승용차","보행자","1096534","1810929","128.5750234","36.29084285","N"
"2017","2017-10-28 20","야","토","1","0","0","0","0","경남","창원시(통합)","차대사람","기타","기타","안전운전 의무 불이행","교차로","교차로부근","승합차","보행자","1108917","1699266","128.6976979","35.28296385","N"
"2017","2017-10-28 20","야","토","1","0","0","0","0","울산","울주군","차대사람","차도통행중","차도통행중","안전운전 의무 불이행","단일로","기타단일로","승용차","보행자","1163462","1714860","129.3003954","35.41608073","N"
"2017","2017-10-28 21","야","토","2","0","0","0","0","경기","양평군","차량단독","공작물충돌","공작물충돌","안전운전 의무 불이행","단일로","기타단일로","화물차","없음","997917","1947614","127.4764253","37.52782888","N"
"2017","2017-10-29 03","야","일","1","2","1","1","0","광주","북구","차량단독","공작물충돌","공작물충돌","안전운전 의무 불이행","단일로","기타단일로","승용차","없음","945999","1684660","126.907097","35.15573887","N"
"2017","2017-10-29 09","주","일","1","0","0","0","0","경북","상주시","차대차","측면충돌","측면충돌","안전운전 의무 불이행","단일로","기타단일로","이륜차","화물차","1054178","1816593","128.1037644","36.34521403","N"
"2017","2017-10-29 10","주","일","1","2","2","0","0","경북","문경시","차대차","기타","기타","기타","교차로","교차로내","화물차","농기계","1066627","1848275","128.2452182","36.63002831","N"
"2017","2017-10-29 14","주","일","1","0","0","0","0","경북","문경시","차량단독","공작물충돌","공작물충돌","안전운전 의무 불이행","단일로","기타단일로","이륜차","없음","1061328","1844998","128.1856917","36.6008442","N"
"2017","2017-10-29 18","야","일","1","2","1","1","0","전북","부안군","차대차","추돌","추돌","안전운전 의무 불이행","교차로","교차로부근","승용차","농기계","927381","1745172","126.697301","35.70013765","N"
"2017","2017-10-29 18","야","일","1","0","0","0","0","전남","영암군","차대사람","횡단중","횡단중","안전운전 의무 불이행","단일로","기타단일로","승용차","보행자","924736.5","1644617.4","126.6772827","34.79332577","N"
"2017","2017-10-29 20","야","일","1","0","0","0","0","강원","정선군","차대사람","차도통행중","차도통행중","안전운전 의무 불이행","단일로","기타단일로","화물차","보행자","1096972","1934027","128.5956185","37.40028549","N"
"2017","2017-10-30 00","야","월","1","0","0","0","0","경기","용인시","차량단독","공작물충돌","공작물충돌","안전운전 의무 불이행","단일로","기타단일로","화물차","없음","964282","1917358","127.0972211","37.25442364","N"
"2017","2017-10-30 00","야","월","1","0","0","0","0","대구","수성구","차대사람","기타","기타","안전운전 의무 불이행","단일로","기타단일로","화물차","보행자","1104331","1764891","128.6557466","35.87504557","N"
"2017","2017-10-30 01","야","월","1","0","0","0","0","서울","광진구","차대사람","횡단중","횡단중","안전운전 의무 불이행","교차로","교차로내","화물차","보행자","963625","1950866","127.0881627","37.5564252","N"
"2017","2017-10-30 06","주","월","1","0","0","0","0","강원","속초시","차대사람","횡단중","횡단중","안전운전 의무 불이행","단일로","기타단일로","승용차","보행자","1096755","2019811","128.6046158","38.17335628","N"
"2017","2017-10-30 06","주","월","1","0","0","0","0","충남","서산시","차대사람","횡단중","횡단중","안전운전 의무 불이행","교차로","교차로부근","승용차","보행자","904867.3","1888461.6","126.4309656","36.98981574","N"
"2017","2017-10-30 07","주","월","1","1","1","0","0","경기","용인시","차대차","측면충돌","측면충돌","안전운전 의무 불이행","단일로","기타단일로","화물차","건설기계","975992","1914931","127.2293471","37.23292233","N"
"2017","2017-10-30 07","주","월","1","0","0","0","0","경남","진주시","차대차","정면충돌","정면충돌","안전운전 의무 불이행","단일로","기타단일로","자전거","승용차","1055346","1686137","128.1077688","35.16898336","N"
"2017","2017-10-30 11","주","월","1","0","0","0","0","서울","강북구","차대사람","횡단중","횡단중","안전운전 의무 불이행","교차로","교차로부근","건설기계","보행자","959345","1958899","127.0392598","37.62864954","N"
"2017","2017-10-30 11","주","월","1","0","0","0","0","전남","순천시","차량단독","전복","전복","안전운전 의무 불이행","단일로","기타단일로","농기계","없음","984968","1673128","127.3351623","35.05309028","N"
"2017","2017-10-30 15","주","월","1","0","0","0","0","서울","은평구","차대사람","횡단중","횡단중","보행자 보호의무 위반","교차로","교차로내","승용차","보행자","950164","1959937","126.9351456","37.63755291","N"
"2017","2017-10-30 16","주","월","1","0","0","0","0","서울","강남구","차대차","측면충돌","측면충돌","안전운전 의무 불이행","단일로","기타단일로","승용차","승용차","960990","1946503","127.0585619","37.51699216","N"
"2017","2017-10-30 16","주","월","1","0","0","0","0","충북","청주시","차대차","측면충돌","측면충돌","신호위반","교차로","교차로내","이륜차","승용차","1000519","1847955","127.505805","36.62947402","N"
"2017","2017-10-30 18","야","월","1","0","0","0","0","충남","논산시","차대사람","횡단중","횡단중","안전운전 의무 불이행","단일로","기타단일로","승용차","보행자","972491","1802184","127.1939392","36.21644325","N"
"2017","2017-10-30 19","야","월","1","0","0","0","0","전북","군산시","차대사람","횡단중","횡단중","안전운전 의무 불이행","단일로","기타단일로","승용차","보행자","927715","1777208","126.6980904","35.98897622","N"
"2017","2017-10-30 19","야","월","1","0","0","0","0","경남","진주시","차량단독","전도","전도","안전운전 의무 불이행","교차로","교차로부근","원동기장치자전거","없음","1060930","1681943","128.1687751","35.13084457","N"
"2017","2017-10-30 20","야","월","1","0","0","0","0","충북","청주시","차대차","측면충돌","측면충돌","안전운전 의무 불이행","교차로","교차로내","승합차","자전거","983645","1843613","127.3171632","36.59019071","N"
"2017","2017-10-30 20","야","월","1","0","0","0","0","경남","거창군","차량단독","전복","전복","안전운전 의무 불이행","단일로","기타단일로","승합차","없음","1030255","1762306","127.8350854","35.85683179","N"
"2017","2017-10-31 03","야","화","1","0","0","0","0","경기","안산시","차대사람","횡단중","횡단중","안전운전 의무 불이행","단일로","기타단일로","승용차","보행자","944690","1929290","126.8754101","37.3610142","N"
"2017","2017-10-31 04","야","화","1","0","0","0","0","서울","동작구","차대사람","횡단중","횡단중","보행자 보호의무 위반","교차로","교차로부근","화물차","보행자","950739","1944161","126.9427228","37.49539269","N"
"2017","2017-10-31 04","야","화","1","0","0","0","0","부산","기장군","차량단독","공작물충돌","공작물충돌","안전운전 의무 불이행","교차로","교차로내","승용차","없음","1155953","1689643.7","129.2129259","35.19001229","N"
"2017","2017-10-31 04","야","화","1","0","0","0","0","인천","남동구","차대사람","횡단중","횡단중","과속","단일로","기타단일로","승용차","보행자","930231","1942520","126.7108938","37.4792805","N"
"2017","2017-10-31 05","야","화","1","3","2","1","0","경기","부천시","차대차","측면충돌","측면충돌","기타","단일로","교량위","화물차","승용차","933711.1","1946426.2","126.7498994","37.51474299","N"
"2017","2017-10-31 05","야","화","1","0","0","0","0","대전","대덕구","차대사람","횡단중","횡단중","과속","단일로","기타단일로","승용차","보행자","993276","1819547","127.4250398","36.37334722","N"
"2017","2017-10-31 06","주","화","1","0","0","0","0","전북","군산시","차대사람","기타","기타","안전운전 의무 불이행","단일로","기타단일로","승합차","보행자","929422.4","1776188.1","126.717121","35.9799068","N"
"2017","2017-10-31 07","주","화","1","0","0","0","0","충남","아산시","차대사람","횡단중","횡단중","보행자 보호의무 위반","교차로","교차로횡단보도내","화물차","보행자","955244","1865084","126.998413","36.78283248","N"
"2017","2017-10-31 10","주","화","1","0","0","0","0","전남","순천시","차대사람","횡단중","횡단중","안전운전 의무 불이행","단일로","기타단일로","화물차","보행자","979075","1674667","127.2705025","35.06686286","N"
"2017","2017-10-31 10","주","화","1","0","0","0","0","경북","예천군","차량단독","도로이탈","도로이탈 추락","안전운전 의무 불이행","단일로","기타단일로","이륜차","없음","1076596","1845775","128.3564609","36.60674375","N"
"2017","2017-10-31 11","주","화","1","5","2","3","0","전남","함평군","차대차","추돌","추돌","안전운전 의무 불이행","단일로","기타단일로","화물차","농기계","911844","1674105","126.5332556","35.05815979","N"
"2017","2017-10-31 11","주","화","1","1","0","1","0","전남","장성군","차대차","기타","기타","안전운전 의무 불이행","단일로","기타단일로","이륜차","건설기계","939627.4","1697400.2","126.8362096","35.27024859","N"
"2017","2017-10-31 12","주","화","1","0","0","0","0","경북","의성군","차량단독","도로이탈","도로이탈 추락","안전운전 의무 불이행","단일로","기타단일로","농기계","없음","1079379","1819231","128.3848502","36.36724507","N"
"2017","2017-10-31 13","주","화","1","0","0","0","0","경남","의령군","차대차","측면충돌","측면충돌","안전운전 의무 불이행","단일로","기타단일로","이륜차","화물차","1071754","1704348","128.2895262","35.33213967","N"
"2017","2017-10-31 14","주","화","1","0","0","0","0","제주","서귀포시","차대사람","횡단중","횡단중","안전운전 의무 불이행","교차로","교차로내","화물차","보행자","944793","1494960","126.9060236","33.44496258","N"
"2017","2017-10-31 15","주","화","1","0","0","0","0","충남","부여군","차대사람","기타","기타","안전운전 의무 불이행","단일로","기타단일로","건설기계","보행자","944885","1806130","126.8865332","36.25083713","N"
"2017","2017-10-31 15","주","화","1","0","0","0","0","전남","보성군","차대차","측면충돌","측면충돌","기타","교차로","교차로내","이륜차","승용차","974653","1642378","127.2229842","34.77559687","N"
"2017","2017-10-31 18","야","화","1","0","0","0","0","서울","구로구","차대차","기타","기타","신호위반","교차로","교차로횡단보도내","승용차","자전거","942333","1944944","126.8475717","37.50196309","N"
"2017","2017-10-31 19","야","화","1","0","0","0","0","경북","성주군","차량단독","도로이탈","도로이탈 추락","안전운전 의무 불이행","단일로","기타단일로","이륜차","없음","1062099","1760708","128.1876283","35.84092388","N"
"2017","2017-10-31 20","야","화","1","0","0","0","0","경기","포천시","차대사람","차도통행중","차도통행중","안전운전 의무 불이행","단일로","기타단일로","승용차","보행자","977097","1994758","127.2393063","37.95246537","N"
"2017","2017-10-31 21","야","화","1","0","0","0","0","강원","양양군","차대사람","차도통행중","차도통행중","안전운전 의무 불이행","단일로","기타단일로","화물차","보행자","1097560","2009030","128.6123294","38.07612185","N"
"2017","2017-10-31 21","야","화","1","1","0","1","0","경북","포항시","차대사람","기타","기타","안전운전 의무 불이행","단일로","기타단일로","승합차","보행자","1175250","1778568","129.444058","35.98816302","N"
"2017","2017-11-01 04","야","수","1","0","0","0","0","경기","수원시","차대차","추돌","추돌","안전운전 의무 불이행","기타","기타","이륜차","화물차","957755","1915263","127.0237395","37.2352666","N"
"2017","2017-11-01 09","주","수","1","1","0","1","0","전남","장성군","차대차","후진중충돌","후진중충돌","기타","교차로","교차로부근","승용차","화물차","937137","1704452","126.8082888","35.33367665","N"
"2017","2017-11-01 13","주","수","1","1","1","0","0","경북","영천시","차대사람","횡단중","횡단중","안전운전 의무 불이행","단일로","기타단일로","이륜차","보행자","1129106","1774188","128.9316363","35.95588821","N"
"2017","2017-11-01 14","주","수","1","0","0","0","0","경기","안산시","차대차","측면충돌","측면충돌","안전운전 의무 불이행","단일로","기타단일로","원동기장치자전거","승용차","943437","1920627","126.8619219","37.28285575","N"
"2017","2017-11-01 15","주","수","1","0","0","0","0","경북","안동시","차량단독","도로이탈","도로이탈 추락","안전운전 의무 불이행","교차로","교차로내","농기계","없음","1120682","1858518","128.851315","36.71702774","N"
"2017","2017-11-01 16","주","수","1","0","0","0","0","경북","상주시","차량단독","전도","전도","안전운전 의무 불이행","단일로","기타단일로","이륜차","없음","1052589","1810702","128.0856598","36.29219487","N"
"2017","2017-11-01 18","야","수","1","0","0","0","0","전남","진도군","차대사람","횡단중","횡단중","안전운전 의무 불이행","단일로","기타단일로","승용차","보행자","893352","1611997","126.3383767","34.49641469","N"
"2017","2017-11-01 18","야","수","1","0","0","0","0","경북","상주시","차대사람","횡단중","횡단중","안전운전 의무 불이행","교차로","교차로내","승합차","보행자","1055413","1840573","128.1192427","36.56131701","N"
"2017","2017-11-01 20","야","수","1","2","0","2","0","전북","김제시","차대차","추돌","추돌","안전운전 의무 불이행","단일로","기타단일로","화물차","화물차","954625","1752287","126.9980286","35.76591799","N"
"2017","2017-11-01 21","야","수","1","0","0","0","0","경남","진주시","차대차","추돌","추돌","안전운전 의무 불이행","단일로","기타단일로","승용차","건설기계","1063638","1687570","128.1989303","35.18141297","N"
"2017","2017-11-01 22","야","수","1","0","0","0","0","경남","거제시","차대사람","횡단중","횡단중","안전운전 의무 불이행","단일로","기타단일로","승용차","보행자","1102783","1655828","128.6248673","34.89199497","N"
"2017","2017-11-02 00","야","목","1","0","0","0","0","경기","이천시","차대차","기타","기타","보행자 보호의무 위반","교차로","교차로내","승용차","승용차","995328","1920378","127.447296","37.28231932","N"
"2017","2017-11-02 05","야","목","1","0","0","0","0","부산","북구","차대사람","횡단중","횡단중","신호위반","단일로","기타단일로","승합차","보행자","1137515","1691720","129.0108237","35.21142297","N"
"2017","2017-11-02 06","주","목","1","0","0","0","0","경남","김해시","차대사람","차도통행중","차도통행중","안전운전 의무 불이행","단일로","기타단일로","승용차","보행자","1128378","1695123","128.9109982","35.24330978","N"
"2017","2017-11-02 07","주","목","1","0","0","0","0","제주","제주시","차대차","추돌","추돌","안전운전 의무 불이행","단일로","기타단일로","승용차","농기계","941545.4","1503303.3","126.8705402","33.52003962","N"
"2017","2017-11-02 08","주","목","1","0","0","0","0","전남","무안군","차대차","측면충돌","측면충돌","안전운전 의무 불이행","교차로","교차로부근","승용차","이륜차","897393","1673566","126.3748736","35.05193403","N"
"2017","2017-11-02 09","주","목","1","0","0","0","0","세종","세종시","차량단독","전도","전도","안전운전 의무 불이행","단일로","기타단일로","이륜차","없음","981133","1847851","127.2889769","36.62834973","N"
"2017","2017-11-02 09","주","목","1","0","0","0","0","충남","부여군","차량단독","도로이탈","도로이탈 추락","안전운전 의무 불이행","단일로","기타단일로","건설기계","없음","942449","1788536","126.86071","36.09208296","N"
"2017","2017-11-02 12","주","목","1","0","0","0","0","전남","보성군","차대사람","기타","기타","안전운전 의무 불이행","단일로","기타단일로","승합차","보행자","971700","1657423","127.1902035","34.91118808","N"
"2017","2017-11-02 13","주","목","3","7","3","4","0","경남","창원시(통합)","차대차","기타","기타","안전운전 의무 불이행","단일로","기타단일로","화물차","화물차","1110541.3","1689431.4","128.7142335","35.19412626","N"
"2017","2017-11-02 14","주","목","1","0","0","0","0","강원","원주시","차대사람","기타","기타","안전운전 의무 불이행","단일로","기타단일로","승용차","보행자","1038785","1931573","127.9381065","37.38243041","N"
"2017","2017-11-02 17","주","목","1","0","0","0","0","서울","중랑구","차대사람","차도통행중","차도통행중","안전운전 의무 불이행","단일로","기타단일로","승용차","보행자","963644","1956073","127.0881194","37.60335827","N"
"2017","2017-11-02 18","야","목","1","0","0","0","0","경남","산청군","차대차","측면충돌","측면충돌","안전운전 의무 불이행","단일로","기타단일로","승용차","승용차","1043001","1701940","127.9730365","35.31207973","N"
"2017","2017-11-02 19","야","목","1","0","0","0","0","충북","괴산군","차대사람","차도통행중","차도통행중","안전운전 의무 불이행","단일로","기타단일로","화물차","보행자","1020914","1857246","127.7341746","36.71300155","N"
"2017","2017-11-02 19","야","목","1","0","0","0","0","충북","청주시","차대사람","횡단중","횡단중","안전운전 의무 불이행","교차로","교차로부근","승용차","보행자","1005327","1849742","127.5595946","36.64556903","N"
"2017","2017-11-02 20","야","목","1","1","1","0","0","경북","성주군","차대차","측면충돌","측면충돌","신호위반","교차로","교차로내","화물차","승용차","1076963","1762276","128.3523553","35.85400525","N"
"2017","2017-11-02 22","야","목","1","0","0","0","0","충북","단양군","차량단독","전도전복","전도전복","안전운전 의무 불이행","기타","기타","승용차","없음","1080444","1887119","128.4038503","36.97908612","N"
"2017","2017-11-02 22","야","목","1","0","0","0","0","경북","칠곡군","차량단독","전도","전도","안전운전 의무 불이행","교차로","교차로부근","승용차","없음","1083027","1770581","128.420372","35.92837921","N"
"2017","2017-11-03 00","야","금","1","0","0","0","0","서울","노원구","차대차","기타","기타","안전운전 의무 불이행","단일로","지하차도(도로)내","승용차","이륜차","962137","1959011","127.0708947","37.62977833","N"
"2017","2017-11-03 00","야","금","1","1","0","1","0","광주","서구","차대차","추돌","추돌","안전운전 의무 불이행","단일로","기타단일로","승용차","화물차","941602","1680913","126.8590876","35.12170755","N"
"2017","2017-11-03 05","야","금","1","0","0","0","0","전남","장흥군","차대사람","기타","기타","안전운전 의무 불이행","단일로","기타단일로","승용차","보행자","951181","1618268","126.9678596","34.5573299","N"
"2017","2017-11-03 12","주","금","1","0","0","0","0","경기","양주시","차량단독","기타","기타","안전운전 의무 불이행","단일로","기타단일로","화물차","없음","952740","1974394","126.9634029","37.76798945","N"
"2017","2017-11-03 13","주","금","1","0","0","0","0","경기","용인시","차량단독","전복","전복","안전운전 의무 불이행","교차로","교차로부근","승용차","없음","965471","1925122","127.110268","37.32445148","N"