"발생년","발생년월일시","주야","요일","사망자수","부상자수","중상자수","경상자수","부상신고자수","발생지시도","발생지시군구","사고유형_대분류","사고유형_중분류","사고유형","가해자법규위반","도로형태_대분류","도로형태","가해자_당사자종별","피해자_당사자종별","발생위치(X_UTMK)","발생위치(Y_UTMK)","경도","위도"," 어린이사고 여부"
"2017","2017-11-03 15","주","금","1","0","0","0","0","강원","영월군","차량단독","전도전복","전도전복","안전운전 의무 불이행","단일로","기타단일로","화물차","없음","1085054","1918140","128.4591618","37.25827238","N"
"2017","2017-11-03 17","주","금","1","1","1","0","0","경북","김천시","차대차","측면충돌","측면충돌","교차로 통행방법 위반","교차로","교차로내","승용차","건설기계","1069419","1785618","128.2708559","36.06500139","N"
"2017","2017-11-03 18","야","금","1","0","0","0","0","서울","종로구","차대차","추돌","추돌","안전운전 의무 불이행","교차로","교차로내","승용차","기타","955155","1952469","126.9921705","37.57049996","N"
"2017","2017-11-03 18","야","금","1","0","0","0","0","경북","안동시","차대차","기타","기타","안전운전 의무 불이행","교차로","교차로부근","승용차","농기계","1107633","1829798","128.7012136","36.45974161","N"
"2017","2017-11-03 23","야","금","1","1","0","1","0","충북","보은군","차대차","추돌","추돌","안전운전 의무 불이행","단일로","기타단일로","화물차","화물차","1024225","1828594","127.7703454","36.45462618","N"
"2017","2017-11-04 01","야","토","1","0","0","0","0","인천","서구","차대사람","보도통행중","보도통행중","안전운전 의무 불이행","단일로","기타단일로","승용차","보행자","922728","1954808","126.6247481","37.58942965","N"
"2017","2017-11-04 06","주","토","1","1","0","1","0","울산","북구","차대차","측면충돌","측면충돌","신호위반","교차로","교차로내","이륜차","승용차","1168630","1732114","129.3608733","35.57071103","N"
"2017","2017-11-04 09","주","토","1","0","0","0","0","강원","태백시","차량단독","공작물충돌","공작물충돌","안전운전 의무 불이행","단일로","기타단일로","화물차","없음","1133535","1904282","129.0032675","37.12770739","N"
"2017","2017-11-04 10","주","토","1","0","0","0","0","대구","수성구","차대차","측면충돌","측면충돌","안전운전 의무 불이행","단일로","기타단일로","승용차","자전거","1100440","1760731","128.6121268","35.83795238","N"
"2017","2017-11-04 10","주","토","1","0","0","0","0","경기","남양주시","차대차","기타","기타","안전운전 의무 불이행","기타","기타","화물차","이륜차","976836","1950615","127.2377436","37.5545898","N"
"2017","2017-11-04 11","주","토","1","0","0","0","0","서울","동대문구","차대사람","차도통행중","차도통행중","안전운전 의무 불이행","단일로","기타단일로","승용차","보행자","959812.7","1953237.6","127.044871","37.57764266","N"
"2017","2017-11-04 11","주","토","1","0","0","0","0","전남","고흥군","차량단독","전도전복","전도전복","안전운전 의무 불이행","단일로","기타단일로","이륜차","없음","985948","1647411","127.3463418","34.82120129","N"
"2017","2017-11-04 13","주","토","1","0","0","0","0","경기","의정부시","차대사람","기타","기타","안전운전 의무 불이행","단일로","기타단일로","승용차","보행자","960473","1968243","127.0515365","37.71291744","N"
"2017","2017-11-04 16","주","토","1","0","0","0","0","경남","거창군","차대차","기타","기타","기타","단일로","기타단일로","자전거","화물차","1037905","1743501","127.9189201","35.68701891","N"
"2017","2017-11-04 23","야","토","1","0","0","0","0","서울","영등포구","차대사람","횡단중","횡단중","안전운전 의무 불이행","단일로","기타단일로","승용차","보행자","947591.2","1946867.8","126.9069213","37.5196162","N"
"2017","2017-11-04 23","야","토","1","0","0","0","0","경북","구미시","차대차","기타","기타","안전운전 의무 불이행","단일로","기타단일로","화물차","화물차","1072618","1815059","128.3091022","36.33017089","N"
"2017","2017-11-05 00","야","일","1","0","0","0","0","충남","천안시","차대사람","횡단중","횡단중","안전운전 의무 불이행","단일로","기타단일로","승용차","보행자","970690","1883668","127.1707974","36.95096159","N"
"2017","2017-11-05 01","야","일","1","1","1","0","0","경북","구미시","차량단독","공작물충돌","공작물충돌","안전운전 의무 불이행","기타","기타","승용차","없음","1076673","1787028","128.3515366","36.07716727","N"
"2017","2017-11-05 13","주","일","1","0","0","0","0","경북","경산시","차량단독","공작물충돌","공작물충돌","안전운전 의무 불이행","단일로","기타단일로","이륜차","없음","1118567","1758600","128.8124788","35.81671914","N"
"2017","2017-11-05 16","주","일","1","0","0","0","0","경북","의성군","차대사람","길가장자리구역통행중","길가장자리구역통행중","안전운전 의무 불이행","단일로","기타단일로","승용차","보행자","1108536","1801240","128.7073107","36.2022342","N"
"2017","2017-11-05 18","야","일","1","0","0","0","0","경기","고양시","차대사람","기타","기타","안전운전 의무 불이행","교차로","교차로내","승용차","보행자","942261","1958384","126.8456986","37.62309308","N"
"2017","2017-11-05 19","야","일","1","0","0","0","0","충북","단양군","차량단독","전도전복","전도전복","안전운전 의무 불이행","교차로","교차로부근","화물차","없음","1069316","1892006","128.2792795","37.02402156","N"
"2017","2017-11-05 19","야","일","1","0","0","0","0","전북","김제시","차대사람","횡단중","횡단중","안전운전 의무 불이행","교차로","교차로부근","화물차","보행자","950472","1767909","126.9511175","35.90656194","N"
"2017","2017-11-05 23","야","일","1","0","0","0","0","서울","영등포구","차대사람","횡단중","횡단중","안전운전 의무 불이행","교차로","교차로부근","승용차","보행자","948423","1946681","126.9163469","37.51797943","N"
"2017","2017-11-05 23","야","일","1","0","0","0","0","부산","강서구","차대사람","횡단중","횡단중","안전운전 의무 불이행","단일로","기타단일로","승용차","보행자","1132934","1691813.7","128.960524","35.21288512","N"
"2017","2017-11-06 01","야","월","1","0","0","0","0","경남","양산시","차량단독","공작물충돌","공작물충돌","안전운전 의무 불이행","단일로","기타단일로","승용차","없음","1139036","1707063","129.030129","35.34951211","N"
"2017","2017-11-06 02","야","월","1","0","0","0","0","충남","아산시","차량단독","공작물충돌","공작물충돌","안전운전 의무 불이행","교차로","교차로내","승용차","없음","956700","1865832","127.0146876","36.78964296","N"
"2017","2017-11-06 03","야","월","1","0","0","0","0","서울","동대문구","차량단독","기타","기타","안전운전 의무 불이행","단일로","기타단일로","이륜차","없음","959100","1954476","127.0367307","37.58877326","N"
"2017","2017-11-06 07","주","월","1","0","0","0","0","경남","창녕군","차대사람","횡단중","횡단중","안전운전 의무 불이행","교차로","교차로내","승용차","보행자","1093498","1718619","128.5303857","35.45899928","N"
"2017","2017-11-06 11","주","월","1","0","0","0","0","서울","영등포구","차대사람","횡단중","횡단중","안전운전 의무 불이행","단일로","기타단일로","승합차","보행자","947084","1946315","126.9012217","37.51460477","N"
"2017","2017-11-06 14","주","월","1","0","0","0","0","전남","무안군","차대사람","기타","기타","안전운전 의무 불이행","단일로","기타단일로","승용차","보행자","906519","1666451","126.4757292","34.98867222","N"
"2017","2017-11-06 15","주","월","1","0","0","0","0","서울","구로구","차대차","기타","기타","안전운전 의무 불이행","교차로","교차로내","승용차","자전거","940293","1943530","126.824608","37.48908892","N"
"2017","2017-11-06 15","주","월","1","0","0","0","0","충남","서산시","차대차","측면충돌","측면충돌","안전운전 의무 불이행","교차로","교차로내","승용차","이륜차","908265","1864013","126.4720987","36.76979444","N"
"2017","2017-11-06 15","주","월","1","0","0","0","0","전북","김제시","차대사람","횡단중","횡단중","보행자 보호의무 위반","단일로","기타단일로","승용차","보행자","945953","1757053","126.9017749","35.80844853","N"
"2017","2017-11-06 18","야","월","1","1","0","0","1","전북","전주시","차대사람","횡단중","횡단중","보행자 보호의무 위반","교차로","교차로내","자전거","보행자","967117","1757005","127.1360273","35.80895321","N"
"2017","2017-11-06 18","야","월","1","0","0","0","0","경북","영천시","차대사람","횡단중","횡단중","보행자 보호의무 위반","교차로","교차로내","화물차","보행자","1119239","1775262","128.8224113","35.96682402","N"
"2017","2017-11-07 05","야","화","1","0","0","0","0","인천","남동구","차대차","측면충돌","측면충돌","안전운전 의무 불이행","교차로","교차로내","승합차","이륜차","932229","1939075","126.7338068","37.44837977","N"
"2017","2017-11-07 06","주","화","1","0","0","0","0","부산","영도구","차대사람","횡단중","횡단중","과속","단일로","기타단일로","승용차","보행자","1141345.8","1678842.6","129.0506932","35.09481497","N"
"2017","2017-11-07 06","주","화","1","0","0","0","0","부산","부산진구","차대사람","횡단중","횡단중","안전운전 의무 불이행","단일로","기타단일로","승용차","보행자","1139962.5","1686152.8","129.0367597","35.16090224","N"
"2017","2017-11-07 07","주","화","1","1","1","0","0","경기","김포시","차대사람","횡단중","횡단중","신호위반","단일로","기타단일로","승합차","보행자","923268","1960608","126.6302553","37.64174706","N"
"2017","2017-11-07 08","주","화","1","0","0","0","0","전북","남원시","차대사람","횡단중","횡단중","과속","교차로","교차로내","승용차","보행자","988165","1712360","127.3696552","35.40689075","N"
"2017","2017-11-07 08","주","화","1","0","0","0","0","전남","구례군","차량단독","전도","전도","안전운전 의무 불이행","단일로","기타단일로","농기계","없음","993491.8","1702440.5","127.4284009","35.31749673","N"
"2017","2017-11-07 08","주","화","1","0","0","0","0","경북","안동시","차대사람","보도통행중","보도통행중","안전운전 의무 불이행","단일로","기타단일로","승합차","보행자","1109726.2","1841550.7","128.7262396","36.56543252","N"
"2017","2017-11-07 09","주","화","1","0","0","0","0","충남","서산시","차대차","추돌","추돌","안전운전 의무 불이행","단일로","기타단일로","이륜차","화물차","910499","1870155","126.4964054","36.82536807","N"
"2017","2017-11-07 10","주","화","1","0","0","0","0","전남","나주시","차대차","추돌","추돌","안전운전 의무 불이행","단일로","기타단일로","승용차","건설기계","927640","1663757","126.7073635","34.96611327","N"
"2017","2017-11-07 13","주","화","1","2","2","0","0","경북","예천군","차대차","측면충돌","측면충돌","신호위반","교차로","교차로내","승용차","화물차","1077912","1837351","128.3703218","36.53070282","N"
"2017","2017-11-07 13","주","화","1","0","0","0","0","대구","달서구","차대사람","횡단중","횡단중","과속","교차로","교차로부근","승용차","보행자","1093368","1759924","128.5337392","35.83137659","N"
"2017","2017-11-07 15","주","화","1","0","0","0","0","전남","여수시","차량단독","전도","전도","안전운전 의무 불이행","교차로","교차로부근","농기계","없음","1011916.7","1643162.7","127.6302485","34.78291859","N"
"2017","2017-11-07 17","주","화","1","0","0","0","0","서울","구로구","차대사람","횡단중","횡단중","안전운전 의무 불이행","단일로","기타단일로","승합차","보행자","945623","1943361","126.8849089","37.48789498","N"
"2017","2017-11-07 17","주","화","1","0","0","0","0","경남","하동군","차대차","기타","기타","안전운전 의무 불이행","기타","기타","승용차","자전거","1023017","1675474","127.752464","35.0740942","N"
"2017","2017-11-07 18","야","화","1","0","0","0","0","경기","성남시","차대사람","횡단중","횡단중","안전운전 의무 불이행","교차로","교차로부근","승합차","보행자","970372","1939113","127.1650245","37.4507312","Y"
"2017","2017-11-07 18","야","화","1","0","0","0","0","충북","제천시","차대사람","차도통행중","차도통행중","안전운전 의무 불이행","단일로","기타단일로","승용차","보행자","1059771","1897182","128.1723893","37.0713328","N"
"2017","2017-11-07 19","야","화","1","0","0","0","0","충북","음성군","차대사람","기타","기타","안전운전 의무 불이행","교차로","교차로내","승용차","보행자","1015372","1881231","127.6726059","36.92932408","N"
"2017","2017-11-07 22","야","화","1","4","0","4","0","충북","옥천군","차대차","기타","기타","안전운전 의무 불이행","단일로","기타단일로","승용차","승용차","1007831","1808164","127.5871868","36.270716","N"
"2017","2017-11-08 02","야","수","1","1","0","1","0","강원","춘천시","차대차","정면충돌","정면충돌","중앙선 침범","단일로","기타단일로","승용차","화물차","1022064","1983405","127.7507964","37.85016195","N"
"2017","2017-11-08 04","야","수","1","0","0","0","0","서울","용산구","차량단독","공작물충돌","공작물충돌","안전운전 의무 불이행","단일로","기타단일로","승용차","없음","951708","1947518","126.9534638","37.52570133","N"
"2017","2017-11-08 04","야","수","1","0","0","0","0","서울","성북구","차대차","측면충돌","측면충돌","중앙선 침범","교차로","교차로횡단보도내","자전거","화물차","961190","1957126","127.0602626","37.6127489","N"
"2017","2017-11-08 06","주","수","1","0","0","0","0","전북","군산시","차대사람","횡단중","횡단중","보행자 보호의무 위반","교차로","교차로부근","승용차","보행자","925946","1776044","126.6785762","35.97834994","N"
"2017","2017-11-08 10","주","수","1","0","0","0","0","서울","송파구","차대사람","횡단중","횡단중","안전운전 의무 불이행","단일로","기타단일로","건설기계","보행자","966981","1942338","127.1265418","37.47968495","N"
"2017","2017-11-08 11","주","수","1","0","0","0","0","전남","영암군","차량단독","전도전복","전도전복","안전운전 의무 불이행","단일로","기타단일로","승용차","없음","921122.6","1649203.4","126.6373516","34.8344029","N"
"2017","2017-11-08 13","주","수","1","0","0","0","0","경북","영천시","차량단독","공작물충돌","공작물충돌","안전운전 의무 불이행","단일로","기타단일로","화물차","없음","1138623","1794192","129.0406452","36.13487148","N"
"2017","2017-11-08 15","주","수","1","0","0","0","0","전북","남원시","차대차","측면충돌","측면충돌","안전운전 의무 불이행","교차로","교차로내","이륜차","화물차","981720.7","1702529.5","127.2989012","35.31815321","N"
"2017","2017-11-08 16","주","수","1","0","0","0","0","충북","청주시","차대사람","횡단중","횡단중","안전운전 의무 불이행","교차로","교차로내","승용차","보행자","997718","1847913","127.4744761","36.6290928","N"
"2017","2017-11-08 18","야","수","1","0","0","0","0","전남","순천시","차대사람","기타","기타","안전운전 의무 불이행","단일로","기타단일로","승용차","보행자","999461","1666279","127.4940939","34.99144189","N"
"2017","2017-11-08 19","야","수","1","0","0","0","0","경북","구미시","차대차","측면충돌","측면충돌","신호위반","교차로","교차로부근","자전거","승용차","1084679","1788866","128.440639","36.09307144","N"
"2017","2017-11-09 00","야","목","1","3","1","2","0","충북","청주시","차대차","기타","기타","안전운전 의무 불이행","단일로","기타단일로","승용차","승용차","1000241","1853800","127.5026974","36.68216653","N"
"2017","2017-11-09 00","야","목","1","1","1","0","0","충북","괴산군","차대차","추돌","추돌","안전운전 의무 불이행","단일로","기타단일로","화물차","승용차","1043272","1863114","127.9848443","36.76514298","N"
"2017","2017-11-09 00","야","목","1","6","6","0","0","충북","괴산군","차대차","추돌","추돌","안전운전 의무 불이행","단일로","기타단일로","화물차","승용차","1043447","1862839","127.9867893","36.762656","N"
"2017","2017-11-09 01","야","목","1","0","0","0","0","광주","서구","차대사람","횡단중","횡단중","과속","교차로","교차로부근","승용차","보행자","943805","1683408","126.8830944","35.14432969","N"
"2017","2017-11-09 03","야","목","1","0","0","0","0","경북","울진군","차량단독","공작물충돌","공작물충돌","안전운전 의무 불이행","기타","기타","화물차","없음","1172759","1853633","129.4330797","36.66496947","N"
"2017","2017-11-09 09","주","목","1","0","0","0","0","서울","동작구","차대사람","차도통행중","차도통행중","안전운전 의무 불이행","단일로","기타단일로","건설기계","보행자","954193","1942737","126.9818842","37.48273559","N"
"2017","2017-11-09 13","주","목","1","0","0","0","0","전남","영암군","차량단독","전도전복","전도전복","안전운전 의무 불이행","단일로","기타단일로","농기계","없음","931928","1653013","126.7552066","34.86953426","N"
"2017","2017-11-09 14","주","목","1","0","0","0","0","경북","경산시","차량단독","전도전복","전도전복","안전운전 의무 불이행","교차로","교차로부근","건설기계","없음","1124622","1753249","128.8786543","35.76773672","N"
"2017","2017-11-09 18","야","목","1","0","0","0","0","서울","송파구","차대사람","횡단중","횡단중","안전운전 의무 불이행","교차로","교차로횡단보도내","승용차","보행자","965258","1945244","127.1069171","37.50581488","N"
"2017","2017-11-09 18","야","목","1","0","0","0","0","서울","송파구","차대사람","횡단중","횡단중","안전운전 의무 불이행","단일로","기타단일로","승합차","보행자","965141","1945371","127.1055874","37.50695517","N"
"2017","2017-11-09 21","야","목","1","1","0","1","0","경남","창원시(통합)","차대차","추돌","추돌","안전운전 의무 불이행","단일로","기타단일로","화물차","화물차","1110034","1707804","128.7111258","35.35981121","N"
"2017","2017-11-09 22","야","목","1","0","0","0","0","경북","청송군","차대사람","기타","기타","안전운전 의무 불이행","단일로","기타단일로","화물차","보행자","1125624","1808968","128.8985835","36.26981784","N"
"2017","2017-11-10 02","야","금","1","0","0","0","0","경기","광주시","차대사람","횡단중","횡단중","안전운전 의무 불이행","교차로","교차로부근","화물차","보행자","984550","1928583","127.3255408","37.35616181","N"
"2017","2017-11-10 03","야","금","1","0","0","0","0","전남","목포시","차대사람","기타","기타","안전운전 의무 불이행","단일로","기타단일로","승용차","보행자","898044","1644521","126.3855569","34.79013487","N"
"2017","2017-11-10 06","주","금","1","0","0","0","0","부산","기장군","차대사람","횡단중","횡단중","보행자 보호의무 위반","교차로","교차로횡단보도내","건설기계","보행자","1153151","1703671","129.1847765","35.31687393","N"
"2017","2017-11-10 07","주","금","1","0","0","0","0","경남","합천군","차량단독","도로이탈","도로이탈 추락","안전운전 의무 불이행","단일로","기타단일로","이륜차","없음","1054539","1713730","128.1007429","35.41782001","N"
"2017","2017-11-10 08","주","금","1","0","0","0","0","충북","충주시","차대차","기타","기타","기타","교차로","교차로내","특수차","승용차","1037287","1889039","127.9190617","36.99909484","N"
"2017","2017-11-10 08","주","금","1","1","0","1","0","경북","김천시","차대차","정면충돌","정면충돌","교차로 통행방법 위반","교차로","교차로내","화물차","이륜차","1063534","1797794","128.206494","36.17517138","N"
"2017","2017-11-10 10","주","금","1","0","0","0","0","충남","논산시","차대차","측면충돌","측면충돌","신호위반","교차로","교차로내","이륜차","화물차","973059","1801769","127.2002729","36.21271782","N"
"2017","2017-11-10 11","주","금","1","1","1","0","0","경기","여주시","차량단독","전복","전복","안전운전 의무 불이행","교차로","교차로내","승용차","없음","995830","1931078","127.4528988","37.37877068","N"
"2017","2017-11-10 18","야","금","1","1","0","0","1","전남","나주시","차대차","추돌","추돌","안전운전 의무 불이행","단일로","기타단일로","승용차","원동기장치자전거","935210","1664069","126.7902555","34.96943939","N"
"2017","2017-11-10 21","야","금","1","1","1","0","0","전남","순천시","차대차","측면충돌","측면충돌","안전운전 의무 불이행","단일로","기타단일로","승용차","승용차","989068","1668728","127.3801798","35.0134666","N"
"2017","2017-11-10 22","야","금","1","0","0","0","0","경기","광주시","차대사람","기타","기타","안전운전 의무 불이행","단일로","기타단일로","승용차","보행자","983338","1941244","127.3115695","37.47026393","N"
"2017","2017-11-11 03","야","토","2","1","1","0","0","충남","당진시","차대차","정면충돌","정면충돌","중앙선 침범","단일로","기타단일로","승용차","화물차","929114","1878248","126.7043629","36.89989504","N"
"2017","2017-11-11 05","야","토","1","0","0","0","0","경기","남양주시","차대차","추돌","추돌","안전운전 의무 불이행","교차로","교차로부근","원동기장치자전거","화물차","983622","1961386","127.3143312","37.65181944","N"
"2017","2017-11-11 06","주","토","2","0","0","0","0","전북","전주시","차대차","추돌","추돌","안전운전 의무 불이행","기타","기타","화물차","화물차","970149","1760470","127.1694577","35.84029077","N"
"2017","2017-11-11 09","주","토","1","0","0","0","0","경북","포항시","차대사람","횡단중","횡단중","보행자 보호의무 위반","단일로","기타단일로","승용차","보행자","1168676","1782841","129.3720783","36.02782688","N"
"2017","2017-11-11 12","주","토","1","0","0","0","0","대구","북구","차대차","측면충돌","측면충돌","기타","교차로","교차로부근","자전거","승용차","1097565","1766399","128.580992","35.88933715","N"
"2017","2017-11-11 12","주","토","1","0","0","0","0","경기","고양시","차대차","측면충돌","측면충돌","안전운전 의무 불이행","교차로","교차로내","승용차","이륜차","944219","1961212","126.8676695","37.64870253","N"
"2017","2017-11-11 16","주","토","1","0","0","0","0","경남","진주시","차대차","기타","기타","신호위반","교차로","교차로내","승합차","이륜차","1054210","1686293","128.0953049","35.1704519","N"
"2017","2017-11-11 16","주","토","1","0","0","0","0","인천","미추홀구","차대사람","기타","기타","안전운전 의무 불이행","교차로","교차로부근","승용차","보행자","923888","1939662","126.6394552","37.45302131","N"
"2017","2017-11-11 18","야","토","1","0","0","0","0","전남","영광군","차대사람","횡단중","횡단중","안전운전 의무 불이행","교차로","교차로내","승용차","보행자","905651.9","1699217.5","126.4624884","35.28400664","N"
"2017","2017-11-11 19","야","토","1","2","1","1","0","충북","충주시","차대차","기타","기타","안전운전 의무 불이행","단일로","기타단일로","승용차","승용차","1030113.3","1891608.9","127.838542","37.02251783","N"
"2017","2017-11-11 22","야","토","1","0","0","0","0","경북","포항시","차대사람","기타","기타","안전운전 의무 불이행","단일로","기타단일로","승용차","보행자","1167012","1781683","129.3533744","36.01767878","N"
"2017","2017-11-12 03","야","일","1","0","0","0","0","대구","달성군","차량단독","기타","기타","기타","기타","기타","화물차","없음","1104281","1753444","128.6536984","35.77186335","N"
"2017","2017-11-12 04","야","일","1","10","4","4","2","충북","충주시","차대차","추돌","추돌","안전운전 의무 불이행","단일로","기타단일로","승합차","화물차","1028807","1892573","127.8238933","37.03124944","N"
"2017","2017-11-12 06","주","일","1","0","0","0","0","경기","김포시","차대차","기타","기타","안전운전 의무 불이행","단일로","기타단일로","승용차","화물차","933295","1956774","126.7442499","37.60797552","N"
"2017","2017-11-12 06","주","일","1","0","0","0","0","인천","남동구","차대사람","횡단중","횡단중","안전운전 의무 불이행","교차로","교차로부근","승용차","보행자","932281.7","1939184.5","126.7343925","37.44937054","N"
"2017","2017-11-12 07","주","일","1","0","0","0","0","경기","파주시","차대차","정면충돌","정면충돌","중앙선 침범","단일로","기타단일로","승용차","건설기계","942520","1981350","126.846818","37.83009577","N"
"2017","2017-11-12 09","주","일","1","0","0","0","0","전남","해남군","차대사람","기타","기타","안전운전 의무 불이행","교차로","교차로내","승합차","보행자","912633.8","1606170.4","126.5489643","34.44569247","N"
"2017","2017-11-12 13","주","일","1","0","0","0","0","전남","나주시","차대차","기타","기타","기타","단일로","기타단일로","원동기장치자전거","승용차","923459","1661778","126.6617504","34.94796201","N"
"2017","2017-11-12 17","주","일","1","0","0","0","0","충남","서산시","차대차","추돌","추돌","안전거리 미확보","단일로","기타단일로","이륜차","농기계","903466.7","1887363.9","126.4153697","36.97977958","N"
"2017","2017-11-12 18","야","일","1","0","0","0","0","경북","경주시","차대사람","차도통행중","차도통행중","안전운전 의무 불이행","단일로","기타단일로","화물차","보행자","1142094","1759206","129.0729383","35.81905576","N"
"2017","2017-11-12 18","야","일","1","0","0","0","0","광주","서구","차대차","측면충돌","측면충돌","신호위반","단일로","기타단일로","승합차","이륜차","941444","1684064","126.8571304","35.1501099","N"
"2017","2017-11-12 23","야","일","1","0","0","0","0","경기","성남시","차대사람","기타","기타","안전운전 의무 불이행","교차로","교차로내","이륜차","보행자","968461","1938154","127.14346","37.44202397","N"
"2017","2017-11-12 23","야","일","1","0","0","0","0","충북","청주시","차대사람","기타","기타","안전운전 의무 불이행","단일로","교량위","승용차","보행자","1003735","1858936","127.5418293","36.72845963","N"
"2017","2017-11-13 00","야","월","1","0","0","0","0","서울","강남구","차대차","측면충돌","측면충돌","신호위반","교차로","교차로내","승합차","이륜차","960395","1946386","127.0518354","37.51591224","N"
"2017","2017-11-13 03","야","월","1","1","0","1","0","전북","고창군","차대차","추돌","추돌","안전운전 의무 불이행","단일로","기타단일로","화물차","농기계","930736","1727209","126.7359248","35.53843002","N"
"2017","2017-11-13 06","주","월","2","1","1","0","0","충남","보령시","차대차","추돌","추돌","안전운전 의무 불이행","단일로","기타단일로","승용차","화물차","915998","1801958","126.5654812","36.21114825","N"
"2017","2017-11-13 06","주","월","1","0","0","0","0","전남","영암군","차대사람","횡단중","횡단중","안전운전 의무 불이행","교차로","교차로내","승용차","보행자","926102.5","1649947","126.6917441","34.84148179","N"
"2017","2017-11-13 09","주","월","1","0","0","0","0","경남","진주시","차대사람","기타","기타","안전운전 의무 불이행","기타","기타","화물차","보행자","1052433","1696343","128.076432","35.26116369","N"
"2017","2017-11-13 10","주","월","1","0","0","0","0","경기","성남시","차대사람","횡단중","횡단중","안전운전 의무 불이행","단일로","기타단일로","화물차","보행자","971019","1939930","127.1723072","37.45811581","N"
"2017","2017-11-13 22","야","월","1","0","0","0","0","전남","해남군","차량단독","기타","기타","안전운전 의무 불이행","단일로","기타단일로","화물차","없음","918042","1600231","126.6083981","34.39257939","N"
"2017","2017-11-13 22","야","월","1","1","0","1","0","경북","군위군","차대차","추돌","추돌","안전운전 의무 불이행","단일로","기타단일로","승용차","농기계","1096142","1799648","128.5692727","36.18919502","N"
"2017","2017-11-13 23","야","월","1","0","0","0","0","대구","중구","차대사람","차도통행중","차도통행중","안전운전 의무 불이행","단일로","기타단일로","승용차","보행자","1098558","1764888","128.5918054","35.87561676","N"
"2017","2017-11-14 01","야","화","1","0","0","0","0","부산","수영구","차대사람","횡단중","횡단중","안전운전 의무 불이행","교차로","교차로내","승용차","보행자","1146658.4","1687325.4","129.1104624","35.17051685","N"
"2017","2017-11-14 01","야","화","1","1","0","0","1","대전","대덕구","차량단독","공작물충돌","공작물충돌","안전운전 의무 불이행","단일로","기타단일로","승용차","없음","996770","1817726","127.463999","36.35694829","N"
"2017","2017-11-14 03","야","화","1","0","0","0","0","전북","군산시","차량단독","공작물충돌","공작물충돌","안전운전 의무 불이행","단일로","기타단일로","승용차","없음","924964.7","1769423.1","126.6683182","35.91858707","N"
"2017","2017-11-14 04","야","화","1","0","0","0","0","광주","남구","차대사람","횡단중","횡단중","안전운전 의무 불이행","교차로","교차로부근","승용차","보행자","945129","1681379","126.8977632","35.12610785","N"
"2017","2017-11-14 05","야","화","1","0","0","0","0","전남","순천시","차대차","추돌","추돌","과속","단일로","기타단일로","승용차","이륜차","1002844","1657987","127.531135","34.91666485","N"
"2017","2017-11-14 05","야","화","1","0","0","0","0","경기","남양주시","차대차","기타","기타","안전운전 의무 불이행","단일로","기타단일로","자전거","승용차","967023","1961857","127.1261385","37.65561844","N"
"2017","2017-11-14 08","주","화","2","0","0","0","0","서울","성동구","차량단독","공작물충돌","공작물충돌","안전운전 의무 불이행","단일로","기타단일로","원동기장치자전거","없음","961129","1949480","127.0599772","37.54383079","N"
"2017","2017-11-14 08","주","화","1","0","0","0","0","강원","강릉시","차대사람","횡단중","횡단중","보행자 보호의무 위반","단일로","기타단일로","승용차","보행자","1124042","1973073","128.9079986","37.74889366","Y"
"2017","2017-11-14 09","주","화","1","0","0","0","0","전북","부안군","차대차","측면충돌","측면충돌","안전운전 의무 불이행","단일로","기타단일로","승용차","이륜차","924767","1735605","126.6693034","35.61369013","N"
"2017","2017-11-14 09","주","화","1","0","0","0","0","전남","화순군","차대사람","기타","기타","안전운전 의무 불이행","단일로","기타단일로","화물차","보행자","952037","1661240","126.9747422","34.94486734","N"
"2017","2017-11-14 10","주","화","1","0","0","0","0","충남","공주시","차대차","추돌","추돌","안전운전 의무 불이행","단일로","기타단일로","승합차","이륜차","966369","1847108","127.1238801","36.62124484","N"
"2017","2017-11-14 13","주","화","2","1","1","0","0","경기","용인시","차대차","정면충돌","정면충돌","중앙선 침범","단일로","기타단일로","화물차","승합차","983501","1906700","127.3141808","37.15889061","N"
"2017","2017-11-14 14","주","화","1","0","0","0","0","부산","서구","차대차","측면충돌","측면충돌","신호위반","교차로","교차로부근","특수차","이륜차","1138663","1680645","129.0215717","35.1114348","N"
"2017","2017-11-14 14","주","화","1","3","3","0","0","강원","강릉시","차대차","측면충돌","측면충돌","과속","교차로","교차로내","건설기계","승용차","1132972","1965953","129.0080306","37.68348668","N"
"2017","2017-11-14 17","주","화","1","0","0","0","0","경기","고양시","차대차","측면충돌","측면충돌","신호위반","교차로","교차로내","승합차","이륜차","939444","1964881","126.8132392","37.68146782","N"
"2017","2017-11-14 19","야","화","1","0","0","0","0","경기","안산시","차대차","측면충돌","측면충돌","신호위반","교차로","교차로내","승용차","이륜차","939279","1924006","126.8147429","37.31304966","N"
"2017","2017-11-14 19","야","화","1","0","0","0","0","울산","동구","차대차","기타","기타","안전운전 의무 불이행","교차로","교차로내","화물차","이륜차","1174820","1724860","129.4275824","35.50426788","N"
"2017","2017-11-14 21","야","화","1","0","0","0","0","경북","경주시","차대사람","길가장자리구역통행중","길가장자리구역통행중","안전운전 의무 불이행","단일로","기타단일로","화물차","보행자","1146218","1761077","129.1189161","35.83531235","N"