"발생년","발생년월일시","주야","요일","사망자수","부상자수","중상자수","경상자수","부상신고자수","발생지시도","발생지시군구","사고유형_대분류","사고유형_중분류","사고유형","가해자법규위반","도로형태_대분류","도로형태","가해자_당사자종별","피해자_당사자종별","발생위치(X_UTMK)","발생위치(Y_UTMK)","경도","위도"," 어린이사고 여부"
"2017","2017-11-14 23","야","화","1","0","0","0","0","경기","수원시","차대차","정면충돌","정면충돌","안전운전 의무 불이행","단일로","기타단일로","화물차","승용차","958121","1920826","127.0275525","37.28542648","N"
"2017","2017-11-14 23","야","화","1","0","0","0","0","전북","전주시","차대사람","차도통행중","차도통행중","과속","단일로","기타단일로","승용차","보행자","965929","1757777","127.122845","35.81587306","N"
"2017","2017-11-15 00","야","수","1","0","0","0","0","충남","천안시","차량단독","도로이탈","도로이탈 추락","안전운전 의무 불이행","단일로","기타단일로","화물차","없음","980098","1856504","127.277176","36.70633431","N"
"2017","2017-11-15 00","야","수","1","0","0","0","0","경남","양산시","차대사람","횡단중","횡단중","안전운전 의무 불이행","교차로","교차로부근","승용차","보행자","1151147","1713571","129.1645703","35.40640864","N"
"2017","2017-11-15 14","주","수","1","0","0","0","0","경기","부천시","차대사람","횡단중","횡단중","보행자 보호의무 위반","교차로","교차로내","화물차","보행자","935951","1946986","126.7751946","37.51994665","N"
"2017","2017-11-15 15","주","수","1","0","0","0","0","부산","북구","차대차","기타","기타","기타","교차로","교차로부근","자전거","화물차","1135724","1690109","128.9908872","35.19714521","N"
"2017","2017-11-15 17","주","수","1","0","0","0","0","인천","서구","차대차","측면충돌","측면충돌","기타","교차로","교차로내","승용차","자전거","925363","1951355","126.6549432","37.55852679","N"
"2017","2017-11-15 18","야","수","1","0","0","0","0","강원","횡성군","차대사람","횡단중","횡단중","안전운전 의무 불이행","단일로","기타단일로","승용차","보행자","1057383.8","1934528.6","128.1484135","37.40810512","N"
"2017","2017-11-15 18","야","수","1","1","1","0","0","경남","창녕군","차대사람","횡단중","횡단중","보행자 보호의무 위반","교차로","교차로횡단보도내","화물차","보행자","1093173","1718242","128.5267614","35.45563103","N"
"2017","2017-11-15 22","야","수","1","0","0","0","0","대구","달서구","차대사람","횡단중","횡단중","안전운전 의무 불이행","교차로","교차로내","승합차","보행자","1094141","1758061","128.5420768","35.81450827","N"
"2017","2017-11-15 23","야","수","1","0","0","0","0","충북","진천군","차대사람","차도통행중","차도통행중","안전운전 의무 불이행","교차로","교차로부근","승용차","보행자","994807","1881719","127.4416865","36.93383427","N"
"2017","2017-11-15 23","야","수","1","0","0","0","0","제주","서귀포시","차대사람","횡단중","횡단중","안전운전 의무 불이행","단일로","기타단일로","승용차","보행자","912182","1475151","126.5571214","33.26413559","N"
"2017","2017-11-16 00","야","목","1","0","0","0","0","경기","김포시","차대차","정면충돌","정면충돌","중앙선 침범","단일로","터널안","승용차","이륜차","925888","1960587","126.6599517","37.64177298","N"
"2017","2017-11-16 01","야","목","1","2","2","0","0","경남","양산시","차대차","측면충돌","측면충돌","신호위반","교차로","교차로내","승용차","승용차","1138955","1705419","129.0289586","35.33470485","N"
"2017","2017-11-16 03","야","목","1","0","0","0","0","충남","청양군","차량단독","공작물충돌","공작물충돌","안전운전 의무 불이행","교차로","교차로내","승용차","없음","937084","1829676","126.7978043","36.46262116","N"
"2017","2017-11-16 04","야","목","1","1","1","0","0","경기","남양주시","차대차","기타","기타","중앙선 침범","단일로","고가도로위","승용차","승용차","973383","1971637","127.1978835","37.74397436","N"
"2017","2017-11-16 06","주","목","1","0","0","0","0","서울","은평구","차대사람","횡단중","횡단중","안전운전 의무 불이행","단일로","기타단일로","승합차","보행자","945652","1954633","126.8844022","37.5894922","N"
"2017","2017-11-16 06","주","목","1","0","0","0","0","충남","당진시","차대사람","횡단중","횡단중","안전운전 의무 불이행","교차로","교차로횡단보도내","화물차","보행자","919490.1","1886213.6","126.5955059","36.9709198","N"
"2017","2017-11-16 06","주","목","1","0","0","0","0","광주","남구","차대사람","기타","기타","안전운전 의무 불이행","교차로","교차로부근","화물차","보행자","945727.1","1679060.5","126.9044795","35.10523488","N"
"2017","2017-11-16 10","주","목","1","1","0","1","0","전북","순창군","차대차","측면충돌","측면충돌","기타","단일로","교량위","승용차","이륜차","966702","1708865","127.1334181","35.3748911","N"
"2017","2017-11-16 10","주","목","1","0","0","0","0","전남","곡성군","차량단독","전도전복","전도전복","안전운전 의무 불이행","단일로","기타단일로","화물차","없음","979245","1692918","127.2719082","35.23143834","N"
"2017","2017-11-16 11","주","목","1","0","0","0","0","전남","무안군","차대차","기타","기타","기타","교차로","교차로내","승용차","건설기계","887224","1674996","126.2631941","35.06374052","N"
"2017","2017-11-16 17","주","목","1","0","0","0","0","전북","익산시","차량단독","공작물충돌","공작물충돌","안전운전 의무 불이행","단일로","기타단일로","이륜차","없음","949868","1771711","126.9441843","35.9408086","N"
"2017","2017-11-16 18","야","목","1","0","0","0","0","전남","무안군","차대사람","횡단중","횡단중","안전운전 의무 불이행","교차로","교차로부근","승용차","보행자","897935","1673304","126.380848","35.0496269","N"
"2017","2017-11-16 21","야","목","1","0","0","0","0","부산","북구","차량단독","기타","기타","안전운전 의무 불이행","단일로","기타단일로","승용차","없음","1136150","1691031.2","128.9957177","35.20540028","N"
"2017","2017-11-16 22","야","목","1","0","0","0","0","경기","파주시","차량단독","전도","전도","안전운전 의무 불이행","단일로","기타단일로","승용차","없음","950103","1994357","126.9320846","37.94776936","N"
"2017","2017-11-16 23","야","목","1","0","0","0","0","강원","강릉시","차대차","측면충돌","측면충돌","안전운전 의무 불이행","교차로","교차로내","승용차","자전거","1123463","1973645.9","128.9015256","37.75413414","N"
"2017","2017-11-16 23","야","목","1","0","0","0","0","경기","남양주시","차대차","기타","기타","안전운전 의무 불이행","교차로","교차로내","승용차","승합차","976807","1950717","127.237412","37.55550845","N"
"2017","2017-11-17 06","주","금","1","0","0","0","0","전남","여수시","차대사람","차도통행중","차도통행중","안전운전 의무 불이행","교차로","교차로내","승용차","보행자","1017596","1639905","127.6922544","34.75345927","N"
"2017","2017-11-17 10","주","금","1","0","0","0","0","부산","북구","차대사람","횡단중","횡단중","안전운전 의무 불이행","교차로","교차로내","화물차","보행자","1139562","1691867.7","129.0333312","35.21247162","N"
"2017","2017-11-17 11","주","금","1","1","0","1","0","전남","여수시","차량단독","전도","전도","안전운전 의무 불이행","단일로","기타단일로","농기계","없음","1007287.9","1634764.3","127.5795835","34.70722702","N"
"2017","2017-11-17 11","주","금","1","0","0","0","0","경북","안동시","차량단독","전도","전도","안전운전 의무 불이행","단일로","기타단일로","건설기계","없음","1095607","1830201","128.5670723","36.46464935","N"
"2017","2017-11-17 16","주","금","1","0","0","0","0","전북","고창군","차대사람","차도통행중","차도통행중","안전운전 의무 불이행","단일로","기타단일로","화물차","보행자","907865","1715776","126.4849549","35.4334959","N"
"2017","2017-11-17 16","주","금","1","0","0","0","0","경북","경주시","차량단독","공작물충돌","공작물충돌","안전운전 의무 불이행","단일로","기타단일로","농기계","없음","1174321","1760683","129.4298391","35.82716881","N"
"2017","2017-11-17 17","주","금","1","0","0","0","0","충북","단양군","차대차","추돌","추돌","안전운전 의무 불이행","교차로","교차로내","승용차","건설기계","1073979","1891135","128.3316125","37.01581503","N"
"2017","2017-11-17 18","야","금","1","1","0","1","0","전북","진안군","차대차","기타","기타","신호위반","교차로","교차로내","승용차","원동기장치자전거","986252","1760171","127.3477716","35.8379531","N"
"2017","2017-11-17 20","야","금","1","0","0","0","0","충북","청주시","차대사람","횡단중","횡단중","과속","교차로","교차로부근","화물차","보행자","998349","1846722","127.4815363","36.61835724","N"
"2017","2017-11-18 00","야","토","1","0","0","0","0","부산","사상구","차대사람","기타","기타","안전운전 의무 불이행","단일로","기타단일로","승용차","보행자","1137016","1684975.3","129.0042223","35.15069416","N"
"2017","2017-11-18 02","야","토","1","1","1","0","0","경기","김포시","차대차","기타","기타","안전운전 의무 불이행","단일로","기타단일로","승용차","승용차","924533","1963729","126.6442696","37.66997965","N"
"2017","2017-11-18 07","주","토","1","0","0","0","0","강원","정선군","차량단독","기타","기타","안전운전 의무 불이행","단일로","기타단일로","화물차","없음","1123977","1912843","128.8971184","37.20617026","N"
"2017","2017-11-18 07","주","토","1","1","0","1","0","강원","정선군","차량단독","도로이탈","도로이탈 추락","안전운전 의무 불이행","단일로","기타단일로","승용차","없음","1118322.7","1913661.9","128.8335451","37.21428423","N"
"2017","2017-11-18 07","주","토","1","0","0","0","0","전북","완주군","차량단독","도로이탈","도로이탈 추락","안전운전 의무 불이행","단일로","기타단일로","화물차","없음","968979.8","1766982.3","127.1562577","35.89896922","N"
"2017","2017-11-18 13","주","토","1","0","0","0","0","경기","안성시","차대차","측면충돌","측면충돌","신호위반","교차로","교차로내","이륜차","화물차","976567","1892072","127.2365445","37.02688283","N"
"2017","2017-11-18 14","주","토","1","2","2","0","0","전남","강진군","차량단독","공작물충돌","공작물충돌","안전운전 의무 불이행","단일로","교량위","승용차","없음","935412.3","1628009.5","126.7952449","34.64430231","N"
"2017","2017-11-18 15","주","토","1","0","0","0","0","경남","합천군","차대차","정면충돌","정면충돌","중앙선 침범","단일로","기타단일로","건설기계","화물차","1056497","1750376","128.1248705","35.74811244","N"
"2017","2017-11-18 16","주","토","1","0","0","0","0","광주","남구","차대차","측면충돌","측면충돌","신호위반","교차로","교차로내","이륜차","승용차","945710","1679819","126.9042421","35.1120732","N"
"2017","2017-11-18 18","야","토","1","1","0","1","0","경기","포천시","차대차","추돌","추돌","안전운전 의무 불이행","단일로","기타단일로","화물차","화물차","983953","1996556","127.3173042","37.96881762","N"
"2017","2017-11-18 20","야","토","1","0","0","0","0","충북","옥천군","차대사람","횡단중","횡단중","안전운전 의무 불이행","교차로","교차로내","화물차","보행자","1006136","1810547","127.5683342","36.29221224","N"
"2017","2017-11-18 23","야","토","1","0","0","0","0","충북","청주시","차량단독","기타","기타","안전운전 의무 불이행","단일로","기타단일로","화물차","없음","1015030","1849428","127.6681382","36.64263458","N"
"2017","2017-11-19 02","야","일","1","0","0","0","0","경남","창원시(통합)","차대차","추돌","추돌","안전운전 의무 불이행","단일로","기타단일로","이륜차","승용차","1108843","1693293","128.6960928","35.22912478","N"
"2017","2017-11-19 02","야","일","1","2","2","0","0","대구","달서구","차대차","기타","기타","안전운전 의무 불이행","기타","기타","승용차","화물차","1094129","1760830","128.5422703","35.83947115","N"
"2017","2017-11-19 06","주","일","1","0","0","0","0","대구","수성구","차대사람","횡단중","횡단중","안전운전 의무 불이행","단일로","기타단일로","화물차","보행자","1100131","1762383","128.6089132","35.85287592","N"
"2017","2017-11-19 07","주","일","1","0","0","0","0","강원","원주시","차량단독","전도전복","전도전복","안전운전 의무 불이행","단일로","기타단일로","화물차","없음","1057145","1916958","128.1443613","37.24974982","N"
"2017","2017-11-19 10","주","일","1","1","0","1","0","경남","산청군","차량단독","도로이탈","도로이탈 추락","안전운전 의무 불이행","단일로","기타단일로","승용차","없음","1037286","1709621","127.9105199","35.38156652","N"
"2017","2017-11-19 15","주","일","1","0","0","0","0","부산","금정구","차대사람","기타","기타","안전운전 의무 불이행","단일로","기타단일로","승용차","보행자","1145391","1692597","129.09748","35.21821736","N"
"2017","2017-11-19 18","야","일","1","0","0","0","0","경기","안성시","차대차","추돌","추돌","안전운전 의무 불이행","단일로","기타단일로","승용차","승용차","987909","1894701","127.3640191","37.05079613","N"
"2017","2017-11-19 18","야","일","1","0","0","0","0","경기","오산시","차대차","측면충돌","측면충돌","교차로 통행방법 위반","교차로","교차로내","승용차","이륜차","961643","1907561","127.0679666","37.16600996","N"
"2017","2017-11-19 18","야","일","1","0","0","0","0","충남","천안시","차량단독","전도전복","전도전복","기타","단일로","기타단일로","화물차","없음","965418","1857516","127.1127748","36.71503608","N"
"2017","2017-11-20 05","야","월","1","0","0","0","0","대전","대덕구","차대차","추돌","추돌","안전운전 의무 불이행","교차로","교차로내","원동기장치자전거","화물차","990331","1826554","127.3921212","36.43649244","N"
"2017","2017-11-20 06","주","월","1","0","0","0","0","경기","평택시","차대사람","차도통행중","차도통행중","안전운전 의무 불이행","단일로","기타단일로","승용차","보행자","961770.2","1888727.3","127.0703584","36.99624723","N"
"2017","2017-11-20 06","주","월","1","0","0","0","0","경기","안산시","차대사람","보도통행중","보도통행중","과속","단일로","기타단일로","승용차","보행자","943387","1919626","126.8614341","37.27383025","N"
"2017","2017-11-20 06","주","월","1","1","1","0","0","충남","아산시","차대차","추돌","추돌","안전운전 의무 불이행","단일로","기타단일로","승용차","농기계","942992","1860886","126.8614238","36.74433256","N"
"2017","2017-11-20 08","주","월","1","0","0","0","0","강원","고성군","차량단독","전도전복","전도전복","안전운전 의무 불이행","기타","기타","승용차","없음","1093791","2026816","128.5717076","38.23679178","N"
"2017","2017-11-20 10","주","월","1","0","0","0","0","경북","영양군","차대사람","보도통행중","보도통행중","기타","단일로","기타단일로","승용차","보행자","1144179","1852804","129.1132553","36.66226007","N"
"2017","2017-11-20 13","주","월","1","0","0","0","0","전남","해남군","차대사람","기타","기타","안전운전 의무 불이행","단일로","기타단일로","화물차","보행자","913934","1616505","126.5620732","34.53898866","N"
"2017","2017-11-20 14","주","월","1","0","0","0","0","강원","춘천시","차량단독","전도전복","전도전복","안전운전 의무 불이행","단일로","기타단일로","건설기계","없음","1022629","1973507","127.7569094","37.76093635","N"
"2017","2017-11-20 15","주","월","1","1","1","0","0","제주","서귀포시","차량단독","기타","기타","안전운전 의무 불이행","교차로","교차로내","승용차","없음","923029","1476260","126.6734772","33.27496629","N"
"2017","2017-11-20 17","주","월","1","0","0","0","0","광주","남구","차대사람","횡단중","횡단중","보행자 보호의무 위반","단일로","기타단일로","승용차","보행자","944310","1679496","126.8889015","35.10908431","N"
"2017","2017-11-20 19","야","월","1","0","0","0","0","충남","보령시","차대사람","횡단중","횡단중","안전운전 의무 불이행","단일로","기타단일로","승용차","보행자","919361","1815022","126.601542","36.32919901","N"
"2017","2017-11-20 20","야","월","1","0","0","0","0","경남","고성군","차량단독","공작물충돌","공작물충돌","과속","단일로","기타단일로","승용차","없음","1085390","1672617","128.4362622","35.04498169","N"
"2017","2017-11-21 01","야","화","1","0","0","0","0","서울","용산구","차대사람","기타","기타","안전운전 의무 불이행","단일로","기타단일로","승용차","보행자","953230","1948206","126.9706443","37.53198089","N"
"2017","2017-11-21 04","야","화","1","0","0","0","0","경북","문경시","차량단독","기타","기타","안전운전 의무 불이행","교차로","교차로부근","승합차","없음","1061625","1844197","128.1889479","36.59360452","N"
"2017","2017-11-21 05","야","화","1","0","0","0","0","서울","성북구","차대사람","횡단중","횡단중","안전운전 의무 불이행","교차로","교차로내","승용차","보행자","956821","1956482","127.0107992","37.60674958","N"
"2017","2017-11-21 06","주","화","1","1","1","0","0","경남","창원시(통합)","차대차","추돌","추돌","안전운전 의무 불이행","단일로","기타단일로","승용차","이륜차","1093645","1694820","128.5292795","35.24442666","N"
"2017","2017-11-21 06","주","화","1","3","0","0","3","경기","고양시","차대차","추돌","추돌","안전운전 의무 불이행","단일로","기타단일로","승합차","화물차","934720","1960274","126.7600809","37.63962233","N"
"2017","2017-11-21 08","주","화","1","0","0","0","0","경북","포항시","차량단독","기타","기타","기타","단일로","기타단일로","화물차","없음","1143534","1797096","129.0957371","36.16032856","N"
"2017","2017-11-21 13","주","화","1","5","0","5","0","경기","평택시","차대차","기타","기타","안전거리 미확보","단일로","기타단일로","승용차","승용차","966993","1888323","127.1290708","36.99280071","N"
"2017","2017-11-21 14","주","화","1","4","0","4","0","경기","화성시","차대차","기타","기타","안전거리 미확보","단일로","기타단일로","승용차","승합차","964104","1909433","127.0955954","37.18298187","N"
"2017","2017-11-21 15","주","화","1","2","1","1","0","경기","의정부시","차대차","측면충돌","측면충돌","안전운전 의무 불이행","교차로","교차로내","승용차","승용차","961605","1969773","127.0642987","37.72675559","N"
"2017","2017-11-21 16","주","화","1","0","0","0","0","전남","함평군","차대차","측면충돌","측면충돌","안전운전 의무 불이행","교차로","교차로내","이륜차","화물차","910859","1674264","126.5224381","35.05950678","N"
"2017","2017-11-21 16","주","화","1","0","0","0","0","인천","미추홀구","차대사람","횡단중","횡단중","안전운전 의무 불이행","교차로","교차로부근","승용차","보행자","928781","1940767","126.6946649","37.46337036","N"
"2017","2017-11-21 17","주","화","1","10","2","8","0","충남","서산시","차대차","기타","기타","안전운전 의무 불이행","단일로","기타단일로","화물차","승용차","917181","1868049","126.5715521","36.80699437","N"
"2017","2017-11-21 17","주","화","1","0","0","0","0","전남","곡성군","차대사람","횡단중","횡단중","안전운전 의무 불이행","교차로","교차로내","승합차","보행자","966880","1697344","127.1358437","35.27101474","N"
"2017","2017-11-21 18","야","화","1","0","0","0","0","경기","하남시","차대사람","횡단중","횡단중","중앙선 침범","단일로","기타단일로","화물차","보행자","973521","1947068","127.2003405","37.52252965","N"
"2017","2017-11-21 18","야","화","1","0","0","0","0","충남","천안시","차대사람","횡단중","횡단중","안전운전 의무 불이행","단일로","기타단일로","승용차","보행자","980308","1858697","127.2794707","36.72610813","N"
"2017","2017-11-21 21","야","화","1","1","0","1","0","충북","음성군","차대차","측면충돌","측면충돌","중앙선 침범","단일로","기타단일로","승용차","화물차","1012288","1900500","127.6382914","37.10306742","N"
"2017","2017-11-21 22","야","화","1","0","0","0","0","경기","평택시","차대사람","기타","기타","안전운전 의무 불이행","교차로","교차로부근","승용차","보행자","960728","1897672","127.0581791","37.07683273","N"
"2017","2017-11-21 22","야","화","1","0","0","0","0","경기","포천시","차량단독","전도","전도","안전운전 의무 불이행","단일로","기타단일로","승용차","없음","966522","1975880","127.1198134","37.78199147","N"
"2017","2017-11-21 23","야","화","1","0","0","0","0","경북","포항시","차대사람","기타","기타","안전운전 의무 불이행","단일로","기타단일로","승용차","보행자","1168715","1785547","129.3730885","36.05220404","N"
"2017","2017-11-22 00","야","수","1","0","0","0","0","경북","경산시","차량단독","공작물충돌","공작물충돌","안전운전 의무 불이행","단일로","기타단일로","승용차","없음","1110866","1752462","128.7264002","35.76229054","N"
"2017","2017-11-22 02","야","수","1","0","0","0","0","경남","남해군","차량단독","공작물충돌","공작물충돌","안전운전 의무 불이행","단일로","기타단일로","원동기장치자전거","없음","1038392","1649074","127.9198871","34.8355701","N"
"2017","2017-11-22 05","야","수","1","0","0","0","0","전남","목포시","차대차","기타","기타","안전운전 의무 불이행","교차로","교차로내","건설기계","자전거","902054","1647254","126.4290631","34.81516942","N"
"2017","2017-11-22 06","주","수","1","1","1","0","0","부산","부산진구","차대사람","기타","기타","안전운전 의무 불이행","단일로","기타단일로","승용차","보행자","1139836","1686614","129.0354493","35.16507708","N"
"2017","2017-11-22 06","주","수","1","0","0","0","0","인천","연수구","차대차","측면충돌","측면충돌","안전운전 의무 불이행","단일로","기타단일로","승용차","승용차","923884","1932292","126.6401698","37.38659686","N"
"2017","2017-11-22 07","주","수","1","0","0","0","0","경기","여주시","차량단독","기타","기타","안전운전 의무 불이행","단일로","기타단일로","승합차","없음","1000049","1930867","127.5005535","37.37687813","N"
"2017","2017-11-22 08","주","수","1","0","0","0","0","경기","용인시","차대사람","횡단중","횡단중","신호위반","교차로","교차로내","승합차","보행자","961577","1925420","127.0663017","37.32698463","N"
"2017","2017-11-22 08","주","수","1","0","0","0","0","전남","강진군","차대차","측면충돌","측면충돌","기타","교차로","교차로내","원동기장치자전거","승용차","933779","1627573","126.7774584","34.64026198","N"
"2017","2017-11-22 09","주","수","1","1","1","0","0","충남","당진시","차대차","추돌","추돌","안전운전 의무 불이행","단일로","기타단일로","승용차","화물차","936628","1883998","126.7882134","36.95225946","N"
"2017","2017-11-22 09","주","수","1","1","0","0","1","전남","나주시","차대차","측면충돌","측면충돌","교차로 통행방법 위반","교차로","교차로내","승용차","건설기계","929309","1661204","126.7258608","34.94321162","N"
"2017","2017-11-22 10","주","수","1","0","0","0","0","대전","중구","차대사람","길가장자리구역통행중","길가장자리구역통행중","안전운전 의무 불이행","단일로","기타단일로","화물차","보행자","994421","1813203","127.4378499","36.31616073","N"
"2017","2017-11-22 11","주","수","1","0","0","0","0","전남","완도군","차량단독","도로이탈","도로이탈 추락","안전운전 의무 불이행","교차로","교차로내","이륜차","없음","935036","1594146","126.7937185","34.33891419","N"
"2017","2017-11-22 11","주","수","1","1","1","0","0","경북","문경시","차대차","측면충돌","측면충돌","중앙선 침범","교차로","교차로부근","승용차","화물차","1052823","1850915","128.0910116","36.65469224","N"
"2017","2017-11-22 13","주","수","1","0","0","0","0","광주","서구","차대차","측면충돌","측면충돌","과속","단일로","기타단일로","승용차","자전거","943249","1684979","126.876883","35.15846367","N"
"2017","2017-11-22 13","주","수","1","0","0","0","0","경기","포천시","차량단독","기타","기타","안전운전 의무 불이행","단일로","기타단일로","화물차","없음","973885","1974321","127.2034849","37.76818013","N"
"2017","2017-11-22 17","주","수","1","0","0","0","0","경남","창원시(통합)","차대사람","횡단중","횡단중","안전운전 의무 불이행","교차로","교차로횡단보도내","승합차","보행자","1088054","1680286","128.4662831","35.11389677","N"
"2017","2017-11-22 17","주","수","1","0","0","0","0","인천","강화군","차대사람","횡단중","횡단중","안전운전 의무 불이행","단일로","기타단일로","승용차","보행자","906887","1967785","126.4436891","37.70491043","N"
"2017","2017-11-22 18","야","수","2","4","1","3","0","경기","이천시","차대차","기타","기타","신호위반","교차로","교차로부근","승용차","승용차","1009110","1901768","127.6025411","37.1145338","Y"
"2017","2017-11-22 19","야","수","1","0","0","0","0","전북","정읍시","차대사람","횡단중","횡단중","안전운전 의무 불이행","단일로","기타단일로","화물차","보행자","934419","1729615","126.7763554","35.56037284","N"
"2017","2017-11-22 22","야","수","1","2","2","0","0","충남","아산시","차대사람","횡단중","횡단중","신호위반","교차로","교차로횡단보도내","승용차","보행자","957076","1864617","127.0189702","36.77870754","N"
"2017","2017-11-23 06","주","목","1","0","0","0","0","경기","안양시","차대사람","횡단중","횡단중","안전운전 의무 불이행","단일로","기타단일로","승용차","보행자","950054.1","1931571.9","126.9358276","37.38188628","N"
"2017","2017-11-23 06","주","목","1","0","0","0","0","경남","통영시","차대사람","횡단중","횡단중","안전운전 의무 불이행","단일로","기타단일로","화물차","보행자","1083885","1644841","128.4169725","34.7946684","N"
"2017","2017-11-23 13","주","목","1","0","0","0","0","대전","동구","차대사람","보도통행중","보도통행중","안전운전 의무 불이행","교차로","교차로내","화물차","보행자","996887","1814450","127.4653162","36.32741414","N"
"2017","2017-11-23 16","주","목","1","0","0","0","0","경남","함안군","차대사람","횡단중","횡단중","보행자 보호의무 위반","단일로","기타단일로","승용차","보행자","1093937","1702806","128.5334028","35.31639753","N"
"2017","2017-11-23 17","주","목","1","0","0","0","0","경기","화성시","차대사람","횡단중","횡단중","안전운전 의무 불이행","단일로","기타단일로","승용차","보행자","957157","1911975","127.017187","37.20560201","N"
"2017","2017-11-23 17","주","목","1","0","0","0","0","전남","진도군","차대사람","길가장자리구역통행중","길가장자리구역통행중","안전운전 의무 불이행","단일로","기타단일로","승용차","보행자","887841","1604943","126.2792882","34.43222918","N"
"2017","2017-11-23 18","야","목","1","0","0","0","0","강원","영월군","차대사람","횡단중","횡단중","보행자 보호의무 위반","교차로","교차로횡단보도내","승용차","보행자","1085731","1909662","128.4658206","37.1817997","N"
"2017","2017-11-23 18","야","목","1","0","0","0","0","경남","하동군","차대차","추돌","추돌","안전운전 의무 불이행","단일로","기타단일로","승용차","자전거","1036957","1670455","127.9051399","35.02842252","N"
"2017","2017-11-23 19","야","목","1","0","0","0","0","서울","관악구","차대사람","차도통행중","차도통행중","안전운전 의무 불이행","단일로","기타단일로","승용차","보행자","947462","1942505","126.905771","37.48028614","N"
"2017","2017-11-23 21","야","목","1","0","0","0","0","경기","수원시","차량단독","기타","기타","안전운전 의무 불이행","단일로","기타단일로","개인형이동수단(PM)","없음","958005","1916573","127.026484","37.24708592","N"
"2017","2017-11-23 21","야","목","1","0","0","0","0","경북","경산시","차대사람","기타","기타","안전운전 의무 불이행","단일로","기타단일로","화물차","보행자","1111495","1760516","128.7344795","35.83481937","N"
"2017","2017-11-23 21","야","목","1","0","0","0","0","경남","창녕군","차대사람","차도통행중","차도통행중","안전운전 의무 불이행","단일로","기타단일로","승용차","보행자","1088826","1711098","128.4780852","35.39162229","N"
"2017","2017-11-24 01","야","금","1","0","0","0","0","경기","수원시","차대사람","기타","기타","안전운전 의무 불이행","교차로","교차로부근","승합차","보행자","958269","1921522","127.029183","37.29170666","N"
"2017","2017-11-24 02","야","금","1","0","0","0","0","세종","세종시","차대차","추돌","추돌","안전운전 의무 불이행","단일로","기타단일로","화물차","승용차","974718","1838487","127.2175351","36.54378507","N"
"2017","2017-11-24 03","야","금","1","0","0","0","0","충북","옥천군","차대차","측면충돌","측면충돌","안전운전 의무 불이행","단일로","기타단일로","화물차","화물차","1002012","1816287","127.5224217","36.34397842","N"
"2017","2017-11-24 06","주","금","1","1","0","1","0","서울","구로구","차대사람","기타","기타","신호위반","교차로","교차로내","화물차","보행자","941617","1943339","126.839599","37.48745209","N"
"2017","2017-11-24 07","주","금","1","0","0","0","0","경북","경주시","차대사람","횡단중","횡단중","안전운전 의무 불이행","단일로","기타단일로","승합차","보행자","1175357","1756994","129.4404932","35.79374241","N"
"2017","2017-11-24 08","주","금","1","0","0","0","0","경기","화성시","차대사람","차도통행중","차도통행중","안전운전 의무 불이행","단일로","기타단일로","승합차","보행자","952221","1905900","126.961952","37.15060365","N"
"2017","2017-11-24 09","주","금","1","0","0","0","0","전북","김제시","차대사람","차도통행중","차도통행중","안전운전 의무 불이행","단일로","기타단일로","화물차","보행자","944288","1756771","126.8833663","35.80581298","N"
"2017","2017-11-24 09","주","금","1","0","0","0","0","경북","구미시","차대사람","기타","기타","보행자 보호의무 위반","교차로","교차로부근","승합차","보행자","1077035","1788412","128.3556918","36.08961514","N"
"2017","2017-11-24 17","주","금","1","0","0","0","0","강원","춘천시","차대사람","횡단중","횡단중","중앙선 침범","단일로","기타단일로","승합차","보행자","1020460","1999841","127.7330313","37.99833608","N"
"2017","2017-11-24 17","주","금","1","0","0","0","0","경기","남양주시","차대차","기타","기타","중앙선 침범","단일로","기타단일로","이륜차","승용차","982513","1969767","127.3015579","37.72733964","N"
"2017","2017-11-24 18","야","금","1","0","0","0","0","경기","안성시","차대사람","횡단중","횡단중","안전운전 의무 불이행","교차로","교차로부근","승용차","보행자","993952","1897753","127.4319568","37.07836628","N"
"2017","2017-11-24 18","야","금","1","0","0","0","0","충북","괴산군","차대차","측면충돌","측면충돌","안전운전 의무 불이행","단일로","기타단일로","승용차","자전거","1027547","1867852","127.8088267","36.80844179","N"
"2017","2017-11-24 18","야","금","1","0","0","0","0","경북","영주시","차대사람","횡단중","횡단중","안전운전 의무 불이행","단일로","기타단일로","건설기계","보행자","1099961","1869524","128.6207827","36.81863316","N"
"2017","2017-11-24 18","야","금","1","0","0","0","0","경남","진주시","차대차","추돌","추돌","안전운전 의무 불이행","단일로","기타단일로","화물차","자전거","1060464","1700522","128.1650254","35.2983905","N"
"2017","2017-11-25 00","야","토","1","0","0","0","0","부산","부산진구","차대사람","횡단중","횡단중","안전운전 의무 불이행","단일로","기타단일로","승용차","보행자","1141726","1685811","129.0560575","35.15757416","N"
"2017","2017-11-25 02","야","토","1","2","0","2","0","광주","서구","차대차","기타","기타","안전운전 의무 불이행","교차로","교차로부근","승용차","승용차","942005","1685198","126.8632094","35.1603673","N"
"2017","2017-11-25 06","주","토","1","0","0","0","0","경남","거제시","차대사람","차도통행중","차도통행중","안전운전 의무 불이행","교차로","교차로부근","승용차","보행자","1102686","1654337","128.6236229","34.87856212","N"