"발생년","발생년월일시","주야","요일","사망자수","부상자수","중상자수","경상자수","부상신고자수","발생지시도","발생지시군구","사고유형_대분류","사고유형_중분류","사고유형","가해자법규위반","도로형태_대분류","도로형태","가해자_당사자종별","피해자_당사자종별","발생위치(X_UTMK)","발생위치(Y_UTMK)","경도","위도"," 어린이사고 여부"
"2018","2018-01-29 23","야","월","1","0","0","0","0","경기","오산시","차량단독","공작물충돌","공작물충돌","안전운전 의무 불이행","교차로","교차로부근","화물차","없음","959452","1910659","127.0431209","37.19384239","N"
"2018","2018-01-29 23","야","월","1","2","1","1","0","경기","양주시","차대차","측면충돌","측면충돌","교차로 통행방법 위반","교차로","교차로내","승합차","승용차","964110","1981640","127.0921372","37.83381459","N"
"2018","2018-01-30 01","야","화","1","0","0","0","0","전북","전주시","차대차","추돌","추돌","과속","단일로","기타단일로","승용차","승용차","962153.8","1761666.4","127.0808714","35.85080133","N"
"2018","2018-01-30 06","주","화","1","0","0","0","0","대전","대덕구","차대사람","횡단중","횡단중","안전운전 의무 불이행","단일로","기타단일로","승용차","보행자","994893","1817242","127.4430815","36.3525767","N"
"2018","2018-01-30 08","주","화","1","1","0","1","0","경북","칠곡군","차대차","추돌","추돌","안전운전 의무 불이행","단일로","기타단일로","승용차","건설기계","1082809","1777066","128.4186324","35.98685899","N"
"2018","2018-01-30 15","주","화","1","0","0","0","0","충북","충주시","차량단독","기타","기타","안전운전 의무 불이행","기타","기타","건설기계","없음","1025869","1886419","127.7906489","36.97586096","N"
"2018","2018-01-30 18","야","화","1","1","1","0","0","전남","함평군","차량단독","도로이탈","도로이탈 추락","안전운전 의무 불이행","단일로","기타단일로","화물차","없음","918762","1681252","126.6084107","35.12317952","N"
"2018","2018-01-30 23","야","화","1","2","1","1","0","충북","청주시","차대차","추돌","추돌","안전운전 의무 불이행","교차로","교차로부근","승용차","승용차","1001395","1854820","127.5156155","36.69136075","N"
"2018","2018-01-31 04","야","수","1","0","0","0","0","울산","중구","차대차","기타","기타","안전운전 의무 불이행","단일로","기타단일로","승용차","승합차","1161113","1730273","129.2775914","35.55537128","N"
"2018","2018-01-31 06","주","수","1","2","2","0","0","전남","장흥군","차대차","정면충돌","정면충돌","중앙선 침범","단일로","기타단일로","사륜오토바이(ATV)","승용차","949186","1609933","126.9466117","34.48207038","N"
"2018","2018-01-31 11","주","수","1","0","0","0","0","경남","창원시(통합)","차량단독","기타","기타","안전운전 의무 불이행","기타","기타","화물차","없음","1116855","1681830","128.7824947","35.12488495","N"
"2018","2018-01-31 12","주","수","1","2","2","0","0","전북","군산시","차대차","정면충돌","정면충돌","중앙선 침범","교차로","교차로부근","승용차","승용차","933239.9","1779684.8","126.7591685","36.01169905","N"
"2018","2018-01-31 14","주","수","1","1","0","0","1","경기","안산시","차대차","추돌","추돌","안전운전 의무 불이행","단일로","기타단일로","화물차","화물차","932346","1924228","126.7364874","37.31457167","N"
"2018","2018-01-31 16","주","수","1","0","0","0","0","경북","칠곡군","차대차","기타","기타","안전운전 의무 불이행","단일로","기타단일로","화물차","승용차","1089128.1","1769195.9","128.48784","35.91535542","N"
"2018","2018-01-31 18","야","수","1","0","0","0","0","충북","음성군","차대차","추돌","추돌","안전운전 의무 불이행","단일로","기타단일로","화물차","승합차","1013908","1889485","127.6563193","37.00375207","N"
"2018","2018-01-31 18","야","수","1","0","0","0","0","경기","남양주시","차대사람","차도통행중","차도통행중","안전운전 의무 불이행","단일로","기타단일로","승용차","보행자","973770","1971923","127.2022658","37.74656331","N"
"2018","2018-01-31 20","야","수","1","0","0","0","0","전북","김제시","차대사람","횡단중","횡단중","안전운전 의무 불이행","단일로","기타단일로","승합차","보행자","935871.5","1757336","126.7901711","35.81039289","N"
"2018","2018-01-31 22","야","수","1","0","0","0","0","경남","함안군","차량단독","전복","전복","안전운전 의무 불이행","단일로","기타단일로","승용차","없음","1086608","1690006","128.4514369","35.20165736","N"
"2018","2018-02-01 00","야","목","1","2","0","2","0","제주","제주시","차량단독","공작물충돌","공작물충돌","과속","단일로","기타단일로","화물차","없음","928766","1494188","126.733661","33.43705417","N"
"2018","2018-02-01 01","야","목","1","0","0","0","0","제주","서귀포시","차대사람","기타","기타","안전운전 의무 불이행","단일로","기타단일로","승용차","보행자","945106","1497106","126.9092598","33.46433394","N"
"2018","2018-02-01 03","야","목","1","0","0","0","0","경남","사천시","차량단독","공작물충돌","공작물충돌","안전운전 의무 불이행","교차로","교차로내","승합차","없음","1053320","1675403","128.0848296","35.0723067","N"
"2018","2018-02-01 08","주","목","1","0","0","0","0","충남","아산시","차량단독","기타","기타","안전운전 의무 불이행","단일로","기타단일로","이륜차","없음","958208","1866212","127.0315681","36.79313621","N"
"2018","2018-02-01 10","주","목","1","0","0","0","0","인천","부평구","차대사람","횡단중","횡단중","보행자 보호의무 위반","교차로","교차로내","화물차","보행자","933299.1","1947226.2","126.7451651","37.52192357","N"
"2018","2018-02-01 12","주","목","1","0","0","0","0","제주","서귀포시","차대사람","기타","기타","안전운전 의무 불이행","단일로","기타단일로","화물차","보행자","927115","1476714","126.7173129","33.27934492","N"
"2018","2018-02-01 16","주","목","1","0","0","0","0","경기","안양시","차대사람","기타","기타","안전운전 의무 불이행","단일로","기타단일로","건설기계","보행자","945772","1934208","126.8872674","37.40540564","N"
"2018","2018-02-01 18","야","목","1","0","0","0","0","경기","여주시","차대차","측면충돌","측면충돌","중앙선 침범","교차로","교차로내","화물차","이륜차","1002671","1913283","127.5301056","37.21837255","N"
"2018","2018-02-01 18","야","목","1","0","0","0","0","전남","화순군","차대사람","기타","기타","안전운전 의무 불이행","단일로","기타단일로","승용차","보행자","952829","1660733","126.983444","34.94033283","N"
"2018","2018-02-01 18","야","목","1","3","0","3","0","광주","광산구","차대차","기타","기타","안전운전 의무 불이행","단일로","기타단일로","승용차","승용차","937940","1685472","126.8185575","35.16259502","Y"
"2018","2018-02-01 20","야","목","1","1","0","1","0","경남","통영시","차대차","추돌","추돌","안전운전 의무 불이행","단일로","기타단일로","승용차","승용차","1083124","1656706","128.4098315","34.9017119","N"
"2018","2018-02-01 21","야","목","1","0","0","0","0","대구","수성구","차대사람","횡단중","횡단중","안전운전 의무 불이행","교차로","교차로부근","화물차","보행자","1109929","1760491","128.7171408","35.83477085","N"
"2018","2018-02-01 22","야","목","3","1","1","0","0","경북","울진군","차대차","정면충돌","정면충돌","중앙선 침범","단일로","기타단일로","승용차","승용차","1166875","1898809","129.3772091","37.07304659","Y"
"2018","2018-02-01 23","야","목","1","0","0","0","0","전북","군산시","차량단독","공작물충돌","공작물충돌","중앙선 침범","단일로","기타단일로","승용차","없음","938389","1771869","126.8169113","35.94157629","N"
"2018","2018-02-01 23","야","목","1","1","0","1","0","대구","달서구","차대사람","횡단중","횡단중","안전운전 의무 불이행","단일로","기타단일로","승용차","보행자","1094381.6","1762377.1","128.5452499","35.85339346","N"
"2018","2018-02-01 23","야","목","1","0","0","0","0","광주","북구","차대사람","횡단중","횡단중","안전운전 의무 불이행","단일로","기타단일로","화물차","보행자","943924","1686124","126.8842162","35.16882566","N"
"2018","2018-02-02 05","야","금","1","0","0","0","0","부산","북구","차대사람","횡단중","횡단중","신호위반","교차로","교차로내","승용차","보행자","1137180.9","1690142.5","129.0068915","35.19724911","N"
"2018","2018-02-02 12","주","금","1","0","0","0","0","전북","완주군","차량단독","전도","전도","안전운전 의무 불이행","단일로","기타단일로","특수차","없음","970599.7","1765046.4","127.1742795","35.88156525","N"
"2018","2018-02-02 17","주","금","1","0","0","0","0","충남","천안시","차대사람","횡단중","횡단중","안전운전 의무 불이행","교차로","교차로부근","승합차","보행자","967336","1870896","127.1336773","36.83571918","N"
"2018","2018-02-02 21","야","금","1","0","0","0","0","경기","군포시","차대사람","횡단중","횡단중","안전운전 의무 불이행","단일로","기타단일로","승용차","보행자","948141","1924333","126.9147255","37.31653393","N"
"2018","2018-02-02 22","야","금","1","0","0","0","0","광주","서구","차대사람","기타","기타","안전운전 의무 불이행","교차로","교차로부근","승합차","보행자","942231.7","1684920.1","126.8657179","35.15787463","N"
"2018","2018-02-03 00","야","토","1","5","1","4","0","충북","음성군","차대차","추돌","추돌","안전거리 미확보","단일로","기타단일로","특수차","화물차","998474","1891553","127.4828443","37.02249557","N"
"2018","2018-02-03 00","야","토","1","0","0","0","0","전북","군산시","차량단독","공작물충돌","공작물충돌","안전운전 의무 불이행","기타","기타","승용차","없음","926805.1","1774749.5","126.6882241","35.96674478","N"
"2018","2018-02-03 00","야","토","2","0","0","0","0","전북","정읍시","차량단독","공작물충돌","공작물충돌","안전운전 의무 불이행","단일로","기타단일로","승용차","없음","941082.7","1731598.5","126.8497361","35.57867498","N"
"2018","2018-02-03 03","야","토","1","0","0","0","0","대전","중구","차대사람","횡단중","횡단중","과속","단일로","기타단일로","승용차","보행자","994467","1812704","127.4383659","36.31166228","N"
"2018","2018-02-03 08","주","토","1","2","0","2","0","전북","익산시","차대차","측면충돌","측면충돌","기타","단일로","기타단일로","승용차","승용차","945399","1783254","126.893843","36.04463429","N"
"2018","2018-02-03 14","주","토","1","0","0","0","0","경기","용인시","차대차","측면충돌","측면충돌","중앙선 침범","단일로","기타단일로","건설기계","원동기장치자전거","962272","1918828","127.0744811","37.26759463","N"
"2018","2018-02-03 19","야","토","1","0","0","0","0","경기","안산시","차대차","추돌","추돌","안전운전 의무 불이행","교차로","교차로부근","승용차","화물차","940628","1925817","126.8298209","37.32945996","N"
"2018","2018-02-03 21","야","토","1","0","0","0","0","경기","가평군","차대차","정면충돌","정면충돌","중앙선 침범","단일로","기타단일로","승용차","승용차","1000491","1988419","127.5055845","37.89562054","N"
"2018","2018-02-03 23","야","토","1","0","0","0","0","경북","안동시","차대사람","횡단중","횡단중","안전운전 의무 불이행","단일로","기타단일로","승용차","보행자","1111592","1841144","128.7470274","36.56155069","N"
"2018","2018-02-04 02","야","일","1","0","0","0","0","서울","영등포구","차대차","측면충돌","측면충돌","안전운전 의무 불이행","교차로","교차로내","자전거","승용차","948884","1947371","126.9215154","37.52422418","N"
"2018","2018-02-04 04","야","일","1","0","0","0","0","경북","경산시","차량단독","전복","전복","안전운전 의무 불이행","교차로","교차로내","승용차","없음","1117870","1756660","128.8044792","35.79931618","N"
"2018","2018-02-04 05","야","일","1","0","0","0","0","서울","중구","차대차","추돌","추돌","안전운전 의무 불이행","단일로","기타단일로","승용차","기타","957086","1951854","127.0140727","37.56504885","N"
"2018","2018-02-04 05","야","일","1","0","0","0","0","서울","성북구","차대사람","횡단중","횡단중","안전운전 의무 불이행","단일로","기타단일로","승용차","보행자","956568","1954537","127.0080483","37.58920702","N"
"2018","2018-02-04 05","야","일","1","0","0","0","0","경기","군포시","차대사람","횡단중","횡단중","과속","단일로","기타단일로","승용차","보행자","949845","1930300","126.933552","37.37041082","N"
"2018","2018-02-04 07","주","일","1","0","0","0","0","서울","영등포구","차대사람","횡단중","횡단중","신호위반","교차로","교차로내","승합차","보행자","946952.7","1944165.6","126.8998911","37.49522433","N"
"2018","2018-02-04 08","주","일","1","0","0","0","0","인천","중구","차대차","측면충돌","측면충돌","안전운전 의무 불이행","교차로","교차로내","이륜차","승합차","923184","1942153","126.6312366","37.47541368","N"
"2018","2018-02-04 09","주","일","1","0","0","0","0","서울","마포구","차대사람","횡단중","횡단중","안전운전 의무 불이행","단일로","기타단일로","승합차","보행자","950602","1950921","126.9407184","37.55631458","N"
"2018","2018-02-04 12","주","일","1","0","0","0","0","대전","서구","차대사람","횡단중","횡단중","안전운전 의무 불이행","단일로","기타단일로","승용차","보행자","989920","1814344","127.387694","36.32641077","N"
"2018","2018-02-04 14","주","일","1","1","1","0","0","경북","경주시","차량단독","공작물충돌","공작물충돌","중앙선 침범","단일로","기타단일로","승용차","없음","1154538","1759837","129.2107589","35.82286125","N"
"2018","2018-02-04 18","야","일","1","0","0","0","0","충남","서천군","차대사람","차도통행중","차도통행중","안전운전 의무 불이행","교차로","교차로내","승용차","보행자","927365","1779336","126.6940128","36.00813424","N"
"2018","2018-02-04 19","야","일","1","5","2","3","0","충북","진천군","차대차","기타","기타","안전거리 미확보","단일로","기타단일로","승합차","승용차","995449","1880162","127.448905","36.91980195","Y"
"2018","2018-02-04 20","야","일","1","0","0","0","0","경기","수원시","차대사람","기타","기타","과속","단일로","기타단일로","승용차","보행자","956935","1917142","127.0143867","37.25216587","N"
"2018","2018-02-05 07","주","월","1","0","0","0","0","충북","청주시","차대사람","기타","기타","안전운전 의무 불이행","단일로","기타단일로","화물차","보행자","998254","1848096","127.4804708","36.63074368","N"
"2018","2018-02-05 14","주","월","1","0","0","0","0","대구","북구","차대사람","횡단중","횡단중","안전운전 의무 불이행","단일로","기타단일로","승용차","보행자","1094440.9","1769726.2","128.5467781","35.91963699","N"
"2018","2018-02-05 15","주","월","1","0","0","0","0","경기","광명시","차대차","기타","기타","신호위반","교차로","교차로내","화물차","자전거","944558","1940561","126.8730735","37.46259479","N"
"2018","2018-02-05 19","야","월","1","0","0","0","0","경남","함양군","차대사람","길가장자리구역통행중","길가장자리구역통행중","안전운전 의무 불이행","단일로","기타단일로","승용차","보행자","1025597","1728141","127.7824085","35.54892336","N"
"2018","2018-02-05 19","야","월","1","0","0","0","0","경기","파주시","차대사람","횡단중","횡단중","안전운전 의무 불이행","단일로","기타단일로","승용차","보행자","944479","1983127","126.8689417","37.84623251","N"
"2018","2018-02-06 02","야","화","1","1","1","0","0","강원","철원군","차량단독","공작물충돌","공작물충돌","안전운전 의무 불이행","교차로","교차로내","승용차","없음","994424.1","2026783.9","127.4362818","38.24137834","N"
"2018","2018-02-06 03","야","화","1","0","0","0","0","경기","이천시","차량단독","공작물충돌","공작물충돌","안전운전 의무 불이행","단일로","기타단일로","승합차","없음","996687","1923224","127.4626139","37.30797893","N"
"2018","2018-02-06 05","야","화","1","0","0","0","0","충남","보령시","차대사람","횡단중","횡단중","안전운전 의무 불이행","단일로","기타단일로","승용차","보행자","924783","1821777","126.6612932","36.39053032","N"
"2018","2018-02-06 07","주","화","1","0","0","0","0","경북","김천시","차량단독","공작물충돌","공작물충돌","안전운전 의무 불이행","단일로","기타단일로","화물차","없음","1068878","1796700","128.2658184","36.16494371","N"
"2018","2018-02-06 11","주","화","1","0","0","0","0","서울","은평구","차대사람","횡단중","횡단중","안전운전 의무 불이행","교차로","교차로내","승용차","보행자","948558","1958412","126.917051","37.62371954","N"
"2018","2018-02-06 12","주","화","1","0","0","0","0","서울","동작구","차대사람","횡단중","횡단중","안전운전 의무 불이행","교차로","교차로횡단보도내","승용차","보행자","950276","1945198","126.9374151","37.50471459","N"
"2018","2018-02-06 14","주","화","1","0","0","0","0","충북","충주시","차대차","기타","기타","안전운전 의무 불이행","교차로","교차로횡단보도내","화물차","자전거","1038688","1886968","127.9347007","36.98036983","N"
"2018","2018-02-06 16","주","화","1","1","0","1","0","인천","서구","차대차","기타","기타","안전운전 의무 불이행","단일로","기타단일로","승용차","승용차","927436","1944629","126.6790765","37.49807305","N"
"2018","2018-02-06 21","야","화","1","0","0","0","0","경남","합천군","차대사람","길가장자리구역통행중","길가장자리구역통행중","안전운전 의무 불이행","교차로","교차로부근","승용차","보행자","1059295","1716095","128.1532991","35.43887142","N"
"2018","2018-02-06 23","야","화","1","0","0","0","0","충북","진천군","차량단독","공작물충돌","공작물충돌","안전운전 의무 불이행","단일로","기타단일로","승용차","없음","994845","1875875","127.442153","36.88115335","N"
"2018","2018-02-07 02","야","수","1","1","0","1","0","전남","나주시","차량단독","전도","전도","안전운전 의무 불이행","단일로","기타단일로","승용차","없음","928006.6","1674761.9","126.7104257","35.06536576","N"
"2018","2018-02-07 04","야","수","1","0","0","0","0","충북","영동군","차량단독","전도","전도","안전운전 의무 불이행","단일로","기타단일로","화물차","없음","1016141","1802396","127.6795874","36.21861119","N"
"2018","2018-02-07 05","야","수","1","0","0","0","0","인천","미추홀구","차대사람","횡단중","횡단중","안전운전 의무 불이행","기타","기타","승용차","보행자","927079","1940876","126.67541","37.46422003","N"
"2018","2018-02-07 07","주","수","1","0","0","0","0","충북","청주시","차대차","기타","기타","안전운전 의무 불이행","단일로","기타단일로","승용차","화물차","988052.9","1854081.9","127.3662771","36.68463278","N"
"2018","2018-02-07 09","주","수","1","6","0","6","0","전북","김제시","차대차","추돌","추돌","안전운전 의무 불이행","단일로","기타단일로","승용차","승용차","960585","1755053","127.0638244","35.79111338","N"
"2018","2018-02-07 10","주","수","1","1","0","1","0","경남","양산시","차대차","측면충돌","측면충돌","안전운전 의무 불이행","단일로","기타단일로","화물차","화물차","1142492","1705878","129.0679442","35.33834365","N"
"2018","2018-02-07 17","주","수","1","0","0","0","0","전남","장성군","차량단독","공작물충돌","공작물충돌","안전운전 의무 불이행","교차로","교차로내","승용차","없음","934188.6","1695637.7","126.7765559","35.25401446","N"
"2018","2018-02-07 18","야","수","1","0","0","0","0","서울","도봉구","차대사람","기타","기타","안전운전 의무 불이행","교차로","교차로부근","승용차","보행자","959812.3","1963829.6","127.044284","37.67311034","N"
"2018","2018-02-07 18","야","수","1","0","0","0","0","충북","음성군","차대사람","기타","기타","안전운전 의무 불이행","교차로","교차로내","승용차","보행자","999493","1887559","127.4943028","36.98649307","N"
"2018","2018-02-07 19","야","수","1","2","0","0","2","서울","강동구","차대차","추돌","추돌","안전운전 의무 불이행","단일로","기타단일로","화물차","불명","970677.7","1952482.3","127.1679473","37.57124511","N"
"2018","2018-02-07 22","야","수","1","1","0","1","0","경기","김포시","차대차","추돌","추돌","안전운전 의무 불이행","단일로","기타단일로","승용차","화물차","925047","1963382","126.650133","37.66689448","N"
"2018","2018-02-07 23","야","수","1","0","0","0","0","서울","종로구","차대사람","차도통행중","차도통행중","안전운전 의무 불이행","단일로","기타단일로","승용차","보행자","956096","1952534","127.0028223","37.57113117","N"
"2018","2018-02-08 02","야","목","1","2","1","1","0","경북","상주시","차대차","추돌","추돌","안전운전 의무 불이행","단일로","기타단일로","화물차","화물차","1058260","1838217","128.1508781","36.5399093","N"
"2018","2018-02-08 06","주","목","1","0","0","0","0","울산","동구","차대사람","횡단중","횡단중","신호위반","교차로","교차로내","화물차","보행자","1174599","1724885","129.4251522","35.50453207","N"
"2018","2018-02-08 07","주","목","1","0","0","0","0","울산","중구","차대사람","횡단중","횡단중","과속","교차로","교차로내","승용차","보행자","1166869","1730458","129.3411078","35.55608564","N"
"2018","2018-02-08 09","주","목","1","0","0","0","0","경남","통영시","차대차","측면충돌","측면충돌","안전운전 의무 불이행","단일로","기타단일로","이륜차","승용차","1084915","1649825","128.4287346","34.83952143","N"
"2018","2018-02-08 12","주","목","1","0","0","0","0","전북","익산시","차량단독","공작물충돌","공작물충돌","안전운전 의무 불이행","단일로","기타단일로","화물차","없음","962124","1770220","127.0801344","35.92791831","N"
"2018","2018-02-08 16","주","목","1","0","0","0","0","전남","담양군","차량단독","공작물충돌","공작물충돌","안전운전 의무 불이행","단일로","교량위","화물차","없음","954701.3","1714901.1","127.0009694","35.42884258","N"
"2018","2018-02-08 17","주","목","1","0","0","0","0","경기","안양시","차대차","측면충돌","측면충돌","기타","교차로","교차로횡단보도내","자전거","승합차","951705","1932941","126.9543854","37.39431405","N"
"2018","2018-02-08 21","야","목","1","0","0","0","0","부산","북구","차대사람","기타","기타","안전운전 의무 불이행","단일로","기타단일로","승합차","보행자","1137949.2","1691526.9","129.0155603","35.20962276","N"
"2018","2018-02-08 23","야","목","1","0","0","0","0","부산","부산진구","차대사람","기타","기타","안전운전 의무 불이행","단일로","기타단일로","승용차","보행자","1143194.5","1685568.1","129.0721332","35.15517658","N"
"2018","2018-02-09 00","야","금","1","0","0","0","0","경기","화성시","차량단독","공작물충돌","공작물충돌","안전운전 의무 불이행","단일로","기타단일로","이륜차","없음","951814","1913309","126.9568909","37.21736559","N"
"2018","2018-02-09 01","야","금","1","0","0","0","0","서울","용산구","차량단독","전도","전도","안전운전 의무 불이행","단일로","기타단일로","승용차","없음","951107","1948480","126.9465984","37.53434036","N"
"2018","2018-02-09 02","야","금","1","0","0","0","0","대전","중구","차대사람","횡단중","횡단중","안전운전 의무 불이행","교차로","교차로부근","화물차","보행자","990760","1812015","127.3970804","36.30542221","N"
"2018","2018-02-09 06","주","금","1","0","0","0","0","경남","김해시","차대사람","횡단중","횡단중","신호위반","교차로","교차로횡단보도내","건설기계","보행자","1124806","1694591","128.8716678","35.23896538","N"
"2018","2018-02-09 08","주","금","1","1","1","0","0","충북","단양군","차대차","기타","기타","안전거리 미확보","단일로","기타단일로","화물차","승용차","1075078","1886093","128.3434633","36.97028196","N"
"2018","2018-02-09 10","주","금","1","0","0","0","0","경북","의성군","차량단독","도로이탈","도로이탈 추락","안전운전 의무 불이행","교차로","교차로부근","사륜오토바이(ATV)","없음","1106970","1818636","128.6922772","36.35920865","N"
"2018","2018-02-09 15","주","금","1","0","0","0","0","전북","남원시","차대차","기타","기타","안전운전 의무 불이행","단일로","기타단일로","사륜오토바이(ATV)","화물차","997554.8","1721637.4","127.4730419","35.49061027","N"
"2018","2018-02-09 17","주","금","1","1","1","0","0","충북","청주시","차대차","정면충돌","정면충돌","중앙선 침범","단일로","기타단일로","승용차","승용차","987565","1850344","127.3608767","36.6509297","N"
"2018","2018-02-09 19","야","금","1","0","0","0","0","경기","시흥시","차대사람","길가장자리구역통행중","길가장자리구역통행중","안전운전 의무 불이행","교차로","교차로내","승용차","보행자","944451","1930909","126.8725899","37.3755925","N"
"2018","2018-02-09 19","야","금","1","0","0","0","0","충남","공주시","차대차","기타","기타","안전운전 의무 불이행","단일로","기타단일로","화물차","화물차","950999.2","1839926.1","126.9524519","36.55583603","N"
"2018","2018-02-09 21","야","금","1","0","0","0","0","전남","보성군","차량단독","기타","기타","안전운전 의무 불이행","단일로","기타단일로","원동기장치자전거","없음","967692.4","1640429.7","127.1469882","34.75783099","N"
"2018","2018-02-09 22","야","금","1","0","0","0","0","대구","수성구","차대사람","횡단중","횡단중","과속","교차로","교차로부근","승용차","보행자","1100904","1759812","128.6171474","35.82962043","N"
"2018","2018-02-09 23","야","금","1","0","0","0","0","경북","경산시","차대사람","길가장자리구역통행중","길가장자리구역통행중","안전운전 의무 불이행","단일로","기타단일로","승용차","보행자","1115560","1766751","128.7803813","35.8905503","N"
"2018","2018-02-10 01","야","토","1","0","0","0","0","경기","광명시","차대사람","횡단중","횡단중","안전운전 의무 불이행","단일로","기타단일로","화물차","보행자","944710","1940222","126.8748176","37.45954842","N"
"2018","2018-02-10 03","야","토","1","0","0","0","0","경기","용인시","차대차","추돌","추돌","안전운전 의무 불이행","기타","기타","승용차","화물차","964863","1924530","127.1034336","37.31909255","N"
"2018","2018-02-10 06","주","토","1","0","0","0","0","경기","평택시","차대차","추돌","추돌","안전운전 의무 불이행","단일로","기타단일로","승용차","특수차","950397","1892300","126.9423115","37.02792007","N"
"2018","2018-02-10 10","주","토","1","1","1","0","0","충북","단양군","차대차","추돌","추돌","안전운전 의무 불이행","단일로","기타단일로","승용차","특수차","1064853.8","1894665","128.2293466","37.04830766","N"
"2018","2018-02-10 11","주","토","1","0","0","0","0","경북","영천시","차대사람","횡단중","횡단중","안전운전 의무 불이행","교차로","교차로부근","건설기계","보행자","1123769","1771426","128.8720402","35.93168441","N"
"2018","2018-02-10 11","주","토","1","0","0","0","0","경남","창원시(통합)","차량단독","전도","전도","안전운전 의무 불이행","단일로","기타단일로","농기계","없음","1099433","1681078","128.5912297","35.11997755","N"
"2018","2018-02-10 11","주","토","1","0","0","0","0","대전","서구","차대사람","횡단중","횡단중","안전운전 의무 불이행","단일로","기타단일로","화물차","보행자","985730","1806393","127.3411567","36.25467578","N"
"2018","2018-02-10 15","주","토","1","0","0","0","0","경북","상주시","철길건널목","철길건널목","철길건널목","기타","철길건널목","철길건널목","이륜차","기타","1059820","1824482","128.1672429","36.41599726","N"
"2018","2018-02-10 15","주","토","1","0","0","0","0","경기","의정부시","차대차","기타","기타","안전운전 의무 불이행","단일로","기타단일로","원동기장치자전거","승용차","965845","1975170","127.1121588","37.77556716","N"
"2018","2018-02-10 16","주","토","1","0","0","0","0","전남","해남군","차대사람","기타","기타","안전운전 의무 불이행","단일로","기타단일로","화물차","보행자","909750","1597494","126.5184905","34.36720924","N"
"2018","2018-02-10 19","야","토","1","0","0","0","0","전북","전주시","차대사람","기타","기타","안전운전 의무 불이행","교차로","교차로횡단보도내","승용차","보행자","967929","1757314","127.1450026","35.81176605","N"
"2018","2018-02-10 23","야","토","1","4","0","4","0","충북","청주시","차대차","정면충돌","정면충돌","중앙선 침범","단일로","지하차도(도로)내","승용차","승합차","984188","1843354","127.3232388","36.58786498","Y"
"2018","2018-02-11 04","야","일","1","0","0","0","0","전남","목포시","차대사람","차도통행중","차도통행중","안전운전 의무 불이행","단일로","기타단일로","승용차","보행자","899739","1644323","126.4041049","34.78851789","N"
"2018","2018-02-11 10","주","일","1","2","1","1","0","경기","안성시","차대차","측면충돌","측면충돌","신호위반","교차로","교차로내","화물차","화물차","975709","1892887","127.2268719","37.03420766","N"
"2018","2018-02-11 16","주","일","1","0","0","0","0","충남","서산시","차대사람","횡단중","횡단중","안전운전 의무 불이행","단일로","기타단일로","화물차","보행자","905194","1882516","126.4353827","36.9362615","N"
"2018","2018-02-11 18","야","일","1","2","1","1","0","충남","서산시","차대차","정면충돌","정면충돌","중앙선 침범","단일로","기타단일로","화물차","승용차","913532","1858820","126.5316965","36.72348245","N"
"2018","2018-02-11 18","야","일","1","0","0","0","0","경북","청도군","차대사람","차도통행중","차도통행중","안전운전 의무 불이행","단일로","기타단일로","승용차","보행자","1114620","1734234","128.7653209","35.59754886","N"
"2018","2018-02-11 23","야","일","1","0","0","0","0","경남","김해시","차대사람","횡단중","횡단중","과속","단일로","기타단일로","승용차","보행자","1127356","1693100","128.8994551","35.22520409","N"
"2018","2018-02-12 00","야","월","1","2","1","1","0","경북","경주시","차량단독","공작물충돌","공작물충돌","안전운전 의무 불이행","단일로","기타단일로","승용차","없음","1156334","1760194","129.2307026","35.82579398","N"
"2018","2018-02-12 01","야","월","1","0","0","0","0","전남","광양시","차대차","측면충돌","측면충돌","과속","교차로","교차로내","승용차","승용차","1009381","1663274","127.602759","34.96430105","N"
"2018","2018-02-12 12","주","월","1","8","2","5","1","서울","서초구","차대차","추돌","추돌","안전운전 의무 불이행","단일로","기타단일로","승합차","승합차","960998","1938197","127.0590926","37.44212695","N"
"2018","2018-02-12 13","주","월","1","0","0","0","0","부산","영도구","차대차","측면충돌","측면충돌","신호위반","교차로","교차로내","자전거","건설기계","1142010.8","1679376.3","129.058078","35.0995322","N"
"2018","2018-02-12 15","주","월","1","0","0","0","0","전북","익산시","차대차","측면충돌","측면충돌","안전운전 의무 불이행","단일로","기타단일로","화물차","승용차","964244","1781101","127.1031439","36.0260987","N"
"2018","2018-02-12 17","주","월","1","5","4","1","0","경기","안산시","차대차","측면충돌","측면충돌","중앙선 침범","단일로","교량위","승용차","승용차","941894","1928098","126.8439316","37.35009942","N"
"2018","2018-02-12 18","야","월","1","0","0","0","0","경북","문경시","차대사람","차도통행중","차도통행중","안전운전 의무 불이행","단일로","기타단일로","승용차","보행자","1072200","1851967","128.3078939","36.66290209","N"
"2018","2018-02-12 19","야","월","1","0","0","0","0","경남","창원시(통합)","차대사람","차도통행중","차도통행중","안전운전 의무 불이행","단일로","기타단일로","승용차","보행자","1107435","1694760","128.6808147","35.24250192","N"
"2018","2018-02-12 22","야","월","1","0","0","0","0","경남","함양군","차량단독","도로이탈","도로이탈 추락","안전운전 의무 불이행","단일로","기타단일로","화물차","없음","1024413","1728902","127.7693687","35.55581482","N"