"발생년","발생년월일시","주야","요일","사망자수","부상자수","중상자수","경상자수","부상신고자수","발생지시도","발생지시군구","사고유형_대분류","사고유형_중분류","사고유형","가해자법규위반","도로형태_대분류","도로형태","가해자_당사자종별","피해자_당사자종별","발생위치(X_UTMK)","발생위치(Y_UTMK)","경도","위도"," 어린이사고 여부"
"2018","2018-02-13 00","야","화","1","2","2","0","0","충북","괴산군","차대차","추돌","추돌","안전운전 의무 불이행","단일로","기타단일로","특수차","화물차","1038192.1","1874220","127.9284853","36.86547588","N"
"2018","2018-02-13 00","야","화","1","0","0","0","0","전남","영광군","차량단독","공작물충돌","공작물충돌","안전운전 의무 불이행","단일로","기타단일로","승용차","없음","910516","1695273","126.5163998","35.24889108","N"
"2018","2018-02-13 04","야","화","1","0","0","0","0","서울","성북구","차대사람","기타","기타","안전운전 의무 불이행","단일로","기타단일로","화물차","보행자","959121","1956399","127.0368611","37.60610662","N"
"2018","2018-02-13 04","야","화","1","0","0","0","0","경북","포항시","차량단독","공작물충돌","공작물충돌","안전운전 의무 불이행","단일로","기타단일로","승용차","없음","1168041","1783658","129.3652076","36.03529875","N"
"2018","2018-02-13 04","야","화","1","0","0","0","0","경남","창원시(통합)","차대사람","횡단중","횡단중","신호위반","단일로","기타단일로","승용차","보행자","1108467","1692298","128.6918305","35.22019546","N"
"2018","2018-02-13 05","야","화","1","0","0","0","0","충북","청주시","차대사람","횡단중","횡단중","안전운전 의무 불이행","교차로","교차로횡단보도내","화물차","보행자","993693","1847450","127.4294608","36.62490071","N"
"2018","2018-02-13 09","주","화","1","0","0","0","0","전남","완도군","차대사람","횡단중","횡단중","안전운전 의무 불이행","단일로","기타단일로","화물차","보행자","914597","1576219.1","126.5733048","34.17577769","N"
"2018","2018-02-13 10","주","화","1","0","0","0","0","경기","남양주시","차대사람","기타","기타","안전운전 의무 불이행","단일로","기타단일로","화물차","보행자","972879","1969572","127.19224","37.72534735","N"
"2018","2018-02-13 13","주","화","1","1","1","0","0","경북","상주시","차대차","추돌","추돌","안전거리 미확보","단일로","기타단일로","화물차","화물차","1066928","1823164","128.2464074","36.40364676","N"
"2018","2018-02-13 14","주","화","1","0","0","0","0","강원","원주시","차량단독","전도","전도","안전운전 의무 불이행","단일로","기타단일로","승용차","없음","1023579","1909642","127.7656495","37.18525816","N"
"2018","2018-02-13 15","주","화","1","0","0","0","0","대구","북구","차대사람","보도통행중","보도통행중","기타","기타","기타","화물차","보행자","1094352","1769949","128.5458193","35.92165402","N"
"2018","2018-02-13 17","주","화","1","1","1","0","0","충남","태안군","차대차","추돌","추돌","안전운전 의무 불이행","단일로","기타단일로","승용차","이륜차","893516","1852495","126.3084692","36.66444132","N"
"2018","2018-02-13 17","주","화","1","2","2","0","0","경북","안동시","차대차","정면충돌","정면충돌","안전운전 의무 불이행","교차로","교차로내","승용차","화물차","1107651","1839358","128.7027467","36.54590573","N"
"2018","2018-02-13 17","주","화","1","2","2","0","0","대전","동구","차량단독","도로이탈","도로이탈 추락","과속","단일로","기타단일로","승용차","없음","998222","1806981","127.4802072","36.26008075","N"
"2018","2018-02-13 18","야","화","1","0","0","0","0","충남","논산시","차대차","추돌","추돌","안전운전 의무 불이행","단일로","교량위","승용차","자전거","955644","1795340","127.0068941","36.15411619","N"
"2018","2018-02-13 19","야","화","1","0","0","0","0","충남","천안시","차대사람","횡단중","횡단중","보행자 보호의무 위반","단일로","기타단일로","승합차","보행자","968686","1868239","127.1489266","36.81181326","N"
"2018","2018-02-13 21","야","화","1","0","0","0","0","충북","청주시","차대사람","횡단중","횡단중","안전운전 의무 불이행","단일로","기타단일로","승용차","보행자","995043","1848441","127.4445531","36.63384255","N"
"2018","2018-02-14 03","야","수","1","0","0","0","0","경남","창원시(통합)","차대사람","기타","기타","안전운전 의무 불이행","단일로","기타단일로","승용차","보행자","1096519","1688153","128.5600819","35.18404707","N"
"2018","2018-02-14 06","주","수","1","0","0","0","0","서울","서대문구","차대사람","횡단중","횡단중","안전운전 의무 불이행","단일로","기타단일로","승용차","보행자","950497","1954702","126.9392741","37.59038756","N"
"2018","2018-02-14 06","주","수","1","3","0","3","0","경기","양주시","차대차","측면충돌","측면충돌","교차로 통행방법 위반","교차로","교차로내","승용차","승용차","963822","1978583","127.0890172","37.80625064","N"
"2018","2018-02-14 13","주","수","1","0","0","0","0","전북","전주시","차량단독","공작물충돌","공작물충돌","안전운전 의무 불이행","단일로","기타단일로","승용차","없음","957344","1765623","127.0273949","35.88627578","N"
"2018","2018-02-14 22","야","수","1","0","0","0","0","충북","청주시","차대사람","기타","기타","안전운전 의무 불이행","단일로","기타단일로","화물차","보행자","996677","1853458","127.4628086","36.67907766","N"
"2018","2018-02-14 22","야","수","1","0","0","0","0","충북","충주시","차대사람","기타","기타","안전운전 의무 불이행","단일로","기타단일로","승용차","보행자","1040246","1897607","127.9527748","37.0762055","N"
"2018","2018-02-14 22","야","수","1","0","0","0","0","충북","청주시","차량단독","기타","기타","안전운전 의무 불이행","기타","기타","승용차","없음","993525","1828961.3","127.4277371","36.45822176","N"
"2018","2018-02-15 02","야","목","1","2","0","2","0","경기","성남시","차대차","기타","기타","안전운전 의무 불이행","단일로","기타단일로","승용차","승용차","971600","1937222","127.1789809","37.43372499","N"
"2018","2018-02-15 02","야","목","2","0","0","0","0","충북","괴산군","차대차","정면충돌","정면충돌","중앙선 침범","단일로","기타단일로","승용차","화물차","1022924","1870983","127.7570936","36.83678982","N"
"2018","2018-02-15 02","야","목","1","1","0","1","0","충남","천안시","차대차","추돌","추돌","안전운전 의무 불이행","교차로","교차로부근","이륜차","승용차","965106","1868354","127.1087853","36.81272467","N"
"2018","2018-02-15 05","야","목","1","1","0","1","0","부산","금정구","차대차","정면충돌","정면충돌","중앙선 침범","단일로","기타단일로","승용차","화물차","1144776.9","1696251.4","129.0913783","35.25124551","N"
"2018","2018-02-15 05","야","목","1","0","0","0","0","충북","음성군","차대사람","기타","기타","안전운전 의무 불이행","단일로","기타단일로","화물차","보행자","998490","1891734","127.4830238","37.0241272","N"
"2018","2018-02-15 06","주","목","1","0","0","0","0","경남","김해시","차대사람","횡단중","횡단중","안전운전 의무 불이행","교차로","교차로부근","승용차","보행자","1113688","1701331","128.7504372","35.30104875","N"
"2018","2018-02-15 13","주","목","1","1","0","1","0","경남","김해시","차대사람","기타","기타","기타","교차로","교차로부근","승용차","보행자","1125796","1693433","128.8823684","35.22840285","N"
"2018","2018-02-15 18","야","목","1","0","0","0","0","서울","중구","차대사람","횡단중","횡단중","안전운전 의무 불이행","단일로","기타단일로","승합차","보행자","953428","1950841","126.972718","37.55574074","N"
"2018","2018-02-15 19","야","목","1","0","0","0","0","전북","익산시","차대사람","횡단중","횡단중","안전운전 의무 불이행","단일로","기타단일로","이륜차","보행자","951812.3","1772301.2","126.9657042","35.9462275","N"
"2018","2018-02-15 19","야","목","1","0","0","0","0","경북","상주시","차량단독","공작물충돌","공작물충돌","안전운전 의무 불이행","단일로","기타단일로","화물차","없음","1059644","1840361","128.1665051","36.55915101","N"
"2018","2018-02-15 19","야","목","1","0","0","0","0","대구","서구","차대차","측면충돌","측면충돌","안전운전 의무 불이행","교차로","교차로부근","승용차","자전거","1096752","1763376","128.5716185","35.8621669","N"
"2018","2018-02-16 05","야","금","1","0","0","0","0","경기","안산시","차대사람","횡단중","횡단중","안전운전 의무 불이행","단일로","기타단일로","승용차","보행자","941081","1924392","126.8350472","37.31664482","N"
"2018","2018-02-16 11","주","금","1","0","0","0","0","경남","함안군","차량단독","전도","전도","안전운전 의무 불이행","단일로","교량위","이륜차","없음","1086091","1690454","128.4458049","35.20574097","N"
"2018","2018-02-16 11","주","금","1","3","1","1","1","경기","파주시","차대차","추돌","추돌","안전운전 의무 불이행","단일로","기타단일로","승용차","건설기계","934437","1980245","126.7550726","37.81959187","Y"
"2018","2018-02-16 12","주","금","1","2","1","1","0","경남","김해시","차량단독","공작물충돌","공작물충돌","안전운전 의무 불이행","단일로","기타단일로","승용차","없음","1126748","1701610","128.8940894","35.30199346","N"
"2018","2018-02-16 14","주","금","1","0","0","0","0","경북","성주군","차량단독","공작물충돌","공작물충돌","안전운전 의무 불이행","기타","기타","승용차","없음","1062653","1763005","128.1939428","35.86159724","N"
"2018","2018-02-16 16","주","금","1","1","1","0","0","경기","평택시","차대차","기타","기타","과속","단일로","기타단일로","승용차","승용차","956770","1903463","127.0133181","37.12885828","N"
"2018","2018-02-16 18","야","금","1","0","0","0","0","인천","연수구","차량단독","공작물충돌","공작물충돌","안전운전 의무 불이행","단일로","기타단일로","승용차","없음","926456.7","1930582.3","126.669399","37.37139524","N"
"2018","2018-02-16 22","야","금","1","5","2","3","0","충북","청주시","차대차","기타","기타","신호위반","교차로","교차로내","승용차","승용차","994305","1848308","127.4362992","36.63263943","N"
"2018","2018-02-17 12","주","토","1","0","0","0","0","서울","송파구","차대차","측면충돌","측면충돌","안전운전 의무 불이행","교차로","교차로횡단보도내","화물차","자전거","965006.6","1945526.5","127.1040593","37.50835167","N"
"2018","2018-02-17 19","야","토","1","0","0","0","0","경북","경산시","차대사람","횡단중","횡단중","과속","교차로","교차로내","승용차","보행자","1122105","1751764","128.8505902","35.75466717","N"
"2018","2018-02-17 20","야","토","1","0","0","0","0","서울","구로구","차대사람","횡단중","횡단중","안전운전 의무 불이행","단일로","기타단일로","승합차","보행자","942229","1944896","126.8463989","37.50152396","N"
"2018","2018-02-17 21","야","토","1","0","0","0","0","경기","화성시","차량단독","공작물충돌","공작물충돌","안전운전 의무 불이행","단일로","기타단일로","화물차","없음","945867","1916138","126.8896595","37.24253866","N"
"2018","2018-02-18 05","야","일","1","0","0","0","0","울산","남구","차대사람","횡단중","횡단중","안전운전 의무 불이행","단일로","기타단일로","승용차","보행자","1164973","1728121","129.3197222","35.53534202","N"
"2018","2018-02-18 08","주","일","1","0","0","0","0","울산","남구","차량단독","전도","전도","안전운전 의무 불이행","단일로","기타단일로","원동기장치자전거","없음","1159552","1728764","129.2600785","35.54202429","N"
"2018","2018-02-18 19","야","일","1","0","0","0","0","경남","창원시(통합)","차대차","추돌","추돌","안전운전 의무 불이행","단일로","기타단일로","승용차","자전거","1104931","1697726","128.6536772","35.26950645","N"
"2018","2018-02-18 20","야","일","2","0","0","0","0","충북","제천시","차량단독","공작물충돌","공작물충돌","안전운전 의무 불이행","단일로","기타단일로","승용차","없음","1069778","1909881","128.2861364","37.18510225","N"
"2018","2018-02-18 23","야","일","1","0","0","0","0","충북","충주시","차량단독","공작물충돌","공작물충돌","안전운전 의무 불이행","단일로","교량위","화물차","없음","1037409","1891067","127.9205335","37.01737073","N"
"2018","2018-02-19 00","야","월","1","5","2","3","0","대구","북구","차대차","기타","기타","중앙선 침범","단일로","기타단일로","승용차","승용차","1094725","1773952","128.5504306","35.95770305","N"
"2018","2018-02-19 09","주","월","1","0","0","0","0","대구","달서구","차대사람","횡단중","횡단중","보행자 보호의무 위반","단일로","기타단일로","승용차","보행자","1092642","1757752","128.5254504","35.81186539","N"
"2018","2018-02-19 09","주","월","1","0","0","0","0","대구","달성군","차량단독","전도","전도","안전운전 의무 불이행","단일로","기타단일로","이륜차","없음","1093387","1753832","128.533238","35.77645682","N"
"2018","2018-02-19 11","주","월","1","0","0","0","0","경기","고양시","차량단독","공작물충돌","공작물충돌","안전운전 의무 불이행","기타","기타","승용차","없음","930149","1966849","126.7076453","37.69854352","N"
"2018","2018-02-19 14","주","월","1","0","0","0","0","서울","영등포구","차대사람","횡단중","횡단중","신호위반","단일로","기타단일로","승용차","보행자","949119","1947547","126.9241626","37.52582349","N"
"2018","2018-02-19 16","주","월","1","1","0","1","0","강원","원주시","차대차","정면충돌","정면충돌","중앙선 침범","단일로","기타단일로","승용차","건설기계","1058597","1916554","128.1607012","37.24601816","N"
"2018","2018-02-19 16","주","월","1","0","0","0","0","전남","구례군","차량단독","기타","기타","안전운전 의무 불이행","단일로","기타단일로","사륜오토바이(ATV)","없음","991547","1696783","127.4070638","35.26646852","N"
"2018","2018-02-19 17","주","월","1","0","0","0","0","경기","고양시","차대사람","횡단중","횡단중","안전운전 의무 불이행","교차로","교차로내","화물차","보행자","937113","1963968","126.7868841","37.67308233","N"
"2018","2018-02-19 19","야","월","1","0","0","0","0","제주","제주시","차대사람","길가장자리구역통행중","길가장자리구역통행중","안전운전 의무 불이행","단일로","기타단일로","승용차","보행자","901372","1497399","126.4386402","33.46384055","N"
"2018","2018-02-20 05","야","화","1","2","0","1","1","경기","용인시","차대차","추돌","추돌","안전운전 의무 불이행","단일로","기타단일로","승용차","화물차","968834","1921225","127.1483894","37.28944367","N"
"2018","2018-02-20 05","야","화","1","0","0","0","0","충남","예산군","차대사람","차도통행중","차도통행중","안전운전 의무 불이행","단일로","기타단일로","화물차","보행자","942579.5","1860036.7","126.8568674","36.73665187","N"
"2018","2018-02-20 06","주","화","1","0","0","0","0","부산","부산진구","차대사람","보도통행중","보도통행중","보행자 보호의무 위반","단일로","기타단일로","승용차","보행자","1138507","1684783","129.0205538","35.14875647","N"
"2018","2018-02-20 11","주","화","1","0","0","0","0","대전","대덕구","차대사람","길가장자리구역통행중","길가장자리구역통행중","안전운전 의무 불이행","단일로","기타단일로","화물차","보행자","993045","1826524","127.422402","36.4362455","N"
"2018","2018-02-20 13","주","화","1","2","2","0","0","충북","괴산군","차대차","추돌","추돌","기타","단일로","교량위","화물차","승용차","1020708","1866946","127.7321314","36.8004489","N"
"2018","2018-02-20 18","야","화","1","0","0","0","0","경기","부천시","차대사람","횡단중","횡단중","안전운전 의무 불이행","교차로","교차로횡단보도내","승합차","보행자","936863","1944527","126.7857257","37.49784669","N"
"2018","2018-02-20 20","야","화","1","0","0","0","0","강원","고성군","차량단독","공작물충돌","공작물충돌","안전운전 의무 불이행","기타","기타","승용차","없음","1088041","2023396.8","128.5055903","38.20656231","N"
"2018","2018-02-21 00","야","수","1","0","0","0","0","충북","음성군","차량단독","전도","전도","안전운전 의무 불이행","교차로","교차로부근","승합차","없음","1015361","1886609","127.6725917","36.97780402","N"
"2018","2018-02-21 05","야","수","1","0","0","0","0","경기","광명시","차대사람","횡단중","횡단중","안전운전 의무 불이행","단일로","기타단일로","승용차","보행자","942722","1941934","126.8522068","37.47485786","N"
"2018","2018-02-21 09","주","수","1","0","0","0","0","경남","하동군","차대사람","길가장자리구역통행중","길가장자리구역통행중","안전운전 의무 불이행","기타","기타","화물차","보행자","1022917","1674658","127.7513446","35.0667384","N"
"2018","2018-02-21 11","주","수","1","0","0","0","0","강원","동해시","차대차","측면충돌","측면충돌","안전운전 의무 불이행","단일로","기타단일로","승용차","이륜차","1141618.1","1950720.9","129.1031018","37.5449518","N"
"2018","2018-02-21 14","주","수","1","0","0","0","0","경기","안성시","차대사람","차도통행중","차도통행중","안전운전 의무 불이행","교차로","교차로부근","화물차","보행자","981762","1895560","127.2948666","37.05844003","N"
"2018","2018-02-21 14","주","수","1","0","0","0","0","충남","당진시","차량단독","공작물충돌","공작물충돌","안전운전 의무 불이행","단일로","기타단일로","화물차","없음","924047","1877744","126.647546","36.89495775","N"
"2018","2018-02-21 16","주","수","1","0","0","0","0","충남","당진시","차대사람","차도통행중","차도통행중","안전운전 의무 불이행","교차로","교차로내","승용차","보행자","935261","1868052","126.7742221","36.80843103","N"
"2018","2018-02-21 18","야","수","1","0","0","0","0","경기","의정부시","차대사람","기타","기타","안전운전 의무 불이행","단일로","기타단일로","승용차","보행자","958447","1973604","127.0282441","37.76114645","N"
"2018","2018-02-21 22","야","수","1","4","0","4","0","서울","송파구","차대차","추돌","추돌","안전운전 의무 불이행","교차로","교차로부근","화물차","승용차","965783","1946811","127.1127841","37.51995855","N"
"2018","2018-02-22 00","야","목","3","5","2","3","0","충북","청주시","차대차","추돌","추돌","안전운전 의무 불이행","단일로","기타단일로","승용차","특수차","993444","1843289.5","127.4267114","36.58739204","N"
"2018","2018-02-22 09","주","목","1","0","0","0","0","전남","무안군","차대사람","횡단중","횡단중","안전운전 의무 불이행","단일로","기타단일로","승용차","보행자","906261.1","1647129.9","126.4750706","34.81444665","N"
"2018","2018-02-22 11","주","목","1","1","0","1","0","경남","양산시","차대차","정면충돌","정면충돌","중앙선 침범","단일로","기타단일로","화물차","건설기계","1141048","1710327","129.0528278","35.37865013","N"
"2018","2018-02-22 12","주","목","1","0","0","0","0","전남","해남군","차대차","측면충돌","측면충돌","기타","교차로","교차로내","화물차","이륜차","899033","1620505","126.3992352","34.57369933","N"
"2018","2018-02-22 16","주","목","1","0","0","0","0","경북","칠곡군","차대사람","횡단중","횡단중","보행자 보호의무 위반","교차로","교차로횡단보도내","승용차","보행자","1081803","1778523","128.4076242","36.00007851","N"
"2018","2018-02-22 18","야","목","1","5","1","4","0","부산","사상구","차대차","추돌","추돌","안전운전 의무 불이행","교차로","교차로부근","이륜차","화물차","1136104.4","1684881.2","128.9942019","35.14996975","N"
"2018","2018-02-22 21","야","목","1","0","0","0","0","충남","당진시","차대차","정면충돌","정면충돌","중앙선 침범","단일로","기타단일로","승용차","특수차","932573","1867138","126.7441707","36.80000457","N"
"2018","2018-02-22 22","야","목","1","0","0","0","0","광주","북구","차대사람","기타","기타","안전운전 의무 불이행","단일로","기타단일로","승용차","보행자","946043","1685996","126.9074927","35.16778756","N"
"2018","2018-02-23 04","야","금","1","0","0","0","0","경북","상주시","차대차","추돌","추돌","안전운전 의무 불이행","단일로","기타단일로","화물차","특수차","1058274","1818918","128.1495821","36.36593418","N"
"2018","2018-02-23 06","주","금","1","1","0","1","0","대전","동구","차대차","측면충돌","측면충돌","신호위반","교차로","교차로내","화물차","화물차","996783","1809607","127.4641774","36.28375182","N"
"2018","2018-02-23 07","주","금","1","3","1","2","0","전북","진안군","차대차","측면충돌","측면충돌","안전운전 의무 불이행","단일로","기타단일로","승용차","승용차","991458","1760719","127.4054105","35.84295315","N"
"2018","2018-02-23 08","주","금","1","0","0","0","0","서울","양천구","차대차","기타","기타","안전운전 의무 불이행","단일로","기타단일로","승용차","건설기계","940550","1946385","126.8272841","37.51483774","N"
"2018","2018-02-23 11","주","금","1","3","3","0","0","충남","태안군","차대차","측면충돌","측면충돌","신호위반","교차로","교차로내","화물차","승합차","893132","1861815","126.3028709","36.74839853","N"
"2018","2018-02-23 11","주","금","1","2","0","2","0","경북","경산시","차대차","추돌","추돌","안전운전 의무 불이행","단일로","교량위","화물차","화물차","1115358","1765477","128.7779591","35.87909047","N"
"2018","2018-02-23 18","야","금","1","1","1","0","0","강원","평창군","차량단독","공작물충돌","공작물충돌","안전운전 의무 불이행","교차로","교차로내","승용차","없음","1096207","1963735","128.5908699","37.66809322","N"
"2018","2018-02-23 18","야","금","1","0","0","0","0","전북","정읍시","차대사람","기타","기타","안전운전 의무 불이행","단일로","기타단일로","승용차","보행자","943623.5","1739911.6","126.8771963","35.6537738","N"
"2018","2018-02-23 20","야","금","1","5","0","5","0","서울","강북구","차대차","정면충돌","정면충돌","중앙선 침범","단일로","기타단일로","승용차","승합차","958080.3","1959172.9","127.0249118","37.63106141","N"
"2018","2018-02-23 20","야","금","1","0","0","0","0","부산","강서구","차대사람","횡단중","횡단중","안전운전 의무 불이행","단일로","기타단일로","승용차","보행자","1134410.3","1691674.3","128.9767163","35.21143182","N"
"2018","2018-02-23 21","야","금","1","10","4","2","4","강원","정선군","차대차","측면충돌","측면충돌","중앙선 침범","단일로","터널안","승용차","승용차","1117614","1913407","128.8255196","37.2120768","N"
"2018","2018-02-23 22","야","금","1","0","0","0","0","전북","군산시","차대사람","기타","기타","안전운전 의무 불이행","교차로","교차로내","승합차","보행자","931733.4","1775708.3","126.742795","35.97574583","N"
"2018","2018-02-24 00","야","토","1","0","0","0","0","인천","서구","차대차","측면충돌","측면충돌","신호위반","교차로","교차로내","특수차","이륜차","926960","1950653","126.6730929","37.55232794","N"
"2018","2018-02-24 03","야","토","1","1","0","1","0","충남","아산시","차대차","정면충돌","정면충돌","중앙선 침범","교차로","교차로부근","승용차","화물차","958525","1879547","127.0343926","36.91335657","N"
"2018","2018-02-24 05","야","토","1","0","0","0","0","서울","동대문구","차대사람","횡단중","횡단중","안전운전 의무 불이행","교차로","교차로횡단보도내","승용차","보행자","960672","1951888","127.054675","37.56551545","N"
"2018","2018-02-24 06","주","토","1","2","2","0","0","경기","오산시","차대차","추돌","추돌","안전운전 의무 불이행","단일로","기타단일로","승용차","승합차","961356","1906365","127.0647959","37.15521748","N"
"2018","2018-02-24 06","주","토","1","0","0","0","0","인천","계양구","차대사람","차도통행중","차도통행중","안전운전 의무 불이행","교차로","교차로내","승합차","보행자","930861","1948219","126.7174827","37.53069191","N"
"2018","2018-02-24 09","주","토","1","0","0","0","0","전북","김제시","차대사람","횡단중","횡단중","안전운전 의무 불이행","교차로","교차로내","화물차","보행자","938717","1747829","126.8223929","35.72486284","N"
"2018","2018-02-24 14","주","토","1","0","0","0","0","충남","논산시","차대차","측면충돌","측면충돌","중앙선 침범","단일로","기타단일로","자전거","화물차","962158","1799929","127.0790871","36.19576432","N"
"2018","2018-02-24 15","주","토","1","0","0","0","0","경북","경산시","차량단독","공작물충돌","공작물충돌","안전운전 의무 불이행","단일로","기타단일로","화물차","없음","1115559","1754020","128.7785276","35.77579394","N"
"2018","2018-02-24 16","주","토","1","0","0","0","0","전남","여수시","차량단독","공작물충돌","공작물충돌","안전운전 의무 불이행","단일로","기타단일로","승용차","없음","1010509.8","1640794.9","127.6148417","34.76158182","N"
"2018","2018-02-24 20","야","토","1","0","0","0","0","전북","전주시","차대차","기타","기타","안전운전 의무 불이행","단일로","기타단일로","이륜차","특수차","966319","1759391","127.1270941","35.83043838","N"
"2018","2018-02-24 20","야","토","1","0","0","0","0","제주","서귀포시","차대사람","횡단중","횡단중","안전운전 의무 불이행","교차로","교차로부근","승용차","보행자","913775","1473789","126.5743526","33.25198047","N"
"2018","2018-02-24 21","야","토","1","0","0","0","0","제주","제주시","차대사람","횡단중","횡단중","안전운전 의무 불이행","단일로","기타단일로","승합차","보행자","899311","1500053","126.4161667","33.48758265","N"
"2018","2018-02-24 23","야","토","1","0","0","0","0","인천","미추홀구","차대사람","차도통행중","차도통행중","안전운전 의무 불이행","단일로","기타단일로","승용차","보행자","928717","1940352","126.6939814","37.4596251","N"
"2018","2018-02-25 00","야","일","1","0","0","0","0","대구","달성군","차대차","추돌","추돌","안전운전 의무 불이행","단일로","기타단일로","원동기장치자전거","화물차","1090004","1765215","128.4970964","35.87938843","N"
"2018","2018-02-25 01","야","일","1","0","0","0","0","서울","중랑구","차대사람","차도통행중","차도통행중","안전운전 의무 불이행","단일로","기타단일로","승용차","보행자","964522.4","1954800.4","127.0981323","37.59192226","N"
"2018","2018-02-25 03","야","일","1","1","1","0","0","대구","서구","차대차","정면충돌","정면충돌","신호위반","교차로","교차로내","이륜차","승용차","1095468","1762883","128.5573402","35.85784869","N"
"2018","2018-02-25 04","야","일","1","3","2","1","0","서울","강북구","차대차","측면충돌","측면충돌","신호위반","교차로","교차로내","승용차","승용차","958822","1956920","127.0334443","37.61078916","N"
"2018","2018-02-25 05","야","일","1","1","0","1","0","대구","달성군","차대차","측면충돌","측면충돌","신호위반","교차로","교차로내","원동기장치자전거","승용차","1086485","1742926","128.4557086","35.67877002","N"
"2018","2018-02-25 06","주","일","1","0","0","0","0","부산","해운대구","차대사람","횡단중","횡단중","안전운전 의무 불이행","기타","기타","화물차","보행자","1149747","1686574","129.1442298","35.16328853","N"
"2018","2018-02-25 06","주","일","1","0","0","0","0","제주","서귀포시","차대사람","횡단중","횡단중","중앙선 침범","단일로","기타단일로","승용차","보행자","929421","1477331","126.7420263","33.2850632","N"
"2018","2018-02-25 08","주","일","2","2","2","0","0","경북","경주시","차대차","정면충돌","정면충돌","중앙선 침범","단일로","기타단일로","승용차","승용차","1180914","1759133","129.5024375","35.81200837","N"
"2018","2018-02-25 11","주","일","1","0","0","0","0","충남","보령시","차량단독","전도","전도","안전운전 의무 불이행","단일로","기타단일로","화물차","없음","917581","1826912","126.5804508","36.43622717","N"
"2018","2018-02-25 13","주","일","1","0","0","0","0","충남","부여군","차량단독","도로이탈","도로이탈 추락","안전운전 의무 불이행","단일로","기타단일로","이륜차","없음","939776","1797917","126.8303012","36.17649177","N"
"2018","2018-02-25 20","야","일","1","0","0","0","0","경남","진주시","차대사람","기타","기타","보행자 보호의무 위반","교차로","교차로내","승용차","보행자","1065955","1688180","128.2244247","35.18676349","N"
"2018","2018-02-25 23","야","일","1","0","0","0","0","경기","의정부시","차대사람","기타","기타","안전운전 의무 불이행","교차로","교차로내","승용차","보행자","961419","1970776","127.0621349","37.73578786","N"
"2018","2018-02-26 05","야","월","1","0","0","0","0","서울","동작구","차대사람","기타","기타","안전운전 의무 불이행","단일로","기타단일로","승합차","보행자","954195.2","1942744.9","126.9819086","37.4828069","N"
"2018","2018-02-26 06","주","월","1","0","0","0","0","경기","포천시","차량단독","기타","기타","안전운전 의무 불이행","단일로","기타단일로","승용차","없음","982307","1991316","127.2986934","37.92155928","N"
"2018","2018-02-26 10","주","월","1","0","0","0","0","충남","공주시","차대사람","기타","기타","중앙선 침범","교차로","교차로부근","승용차","보행자","966172","1827972","127.1225163","36.44872799","N"
"2018","2018-02-26 10","주","월","1","0","0","0","0","인천","중구","차대차","측면충돌","측면충돌","안전운전 의무 불이행","단일로","기타단일로","화물차","자전거","921567","1942513","126.6129125","37.47852236","N"
"2018","2018-02-26 13","주","월","1","1","1","0","0","전남","함평군","차량단독","도로이탈","도로이탈 추락","안전운전 의무 불이행","단일로","교량위","승용차","없음","910645.3","1669606.6","126.5205961","35.01749647","N"
"2018","2018-02-26 14","주","월","1","0","0","0","0","광주","남구","차대사람","횡단중","횡단중","안전운전 의무 불이행","교차로","교차로부근","승용차","보행자","946337.6","1681734.1","126.9110045","35.12937489","N"
"2018","2018-02-26 15","주","월","1","0","0","0","0","강원","춘천시","차대차","측면충돌","측면충돌","신호위반","교차로","교차로내","자전거","승용차","1020557.3","1984536.7","127.7337024","37.86039724","N"
"2018","2018-02-27 03","야","화","1","0","0","0","0","서울","강남구","차대차","측면충돌","측면충돌","신호위반","교차로","교차로내","승용차","승용차","958528","1946177","127.0307211","37.51394641","N"
"2018","2018-02-27 05","야","화","1","2","1","1","0","경남","창녕군","차대차","추돌","추돌","안전운전 의무 불이행","단일로","기타단일로","화물차","화물차","1088751","1726965","128.4789914","35.53467684","N"
"2018","2018-02-27 08","주","화","1","0","0","0","0","경북","상주시","차대사람","횡단중","횡단중","안전운전 의무 불이행","단일로","기타단일로","화물차","보행자","1060294","1824540","128.1725342","36.41649046","N"
"2018","2018-02-27 10","주","화","1","0","0","0","0","서울","노원구","차대차","측면충돌","측면충돌","안전거리 미확보","단일로","지하차도(도로)내","자전거","건설기계","961887","1962117","127.0678994","37.65776296","N"
"2018","2018-02-27 10","주","화","1","0","0","0","0","경기","평택시","차대사람","횡단중","횡단중","안전운전 의무 불이행","교차로","교차로횡단보도내","화물차","보행자","957458","1891110","127.0217631","37.01753985","N"
"2018","2018-02-27 12","주","화","1","0","0","0","0","경북","포항시","차대차","측면충돌","측면충돌","신호위반","교차로","교차로내","승용차","자전거","1167312","1776496","129.3556065","35.97088616","N"
"2018","2018-02-27 12","주","화","1","0","0","0","0","대구","수성구","차량단독","공작물충돌","공작물충돌","안전운전 의무 불이행","단일로","기타단일로","이륜차","없음","1105904","1760346","128.672565","35.83390682","N"
"2018","2018-02-27 13","주","화","1","0","0","0","0","전남","보성군","차대차","기타","기타","기타","교차로","교차로부근","화물차","화물차","975166","1644700","127.2285221","34.7965485","N"
"2018","2018-02-27 14","주","화","1","0","0","0","0","전남","해남군","차량단독","도로이탈","도로이탈 기타","안전운전 의무 불이행","단일로","기타단일로","화물차","없음","917841","1598776","126.6063511","34.37944334","N"