"발생년","발생년월일시","주야","요일","사망자수","부상자수","중상자수","경상자수","부상신고자수","발생지시도","발생지시군구","사고유형_대분류","사고유형_중분류","사고유형","가해자법규위반","도로형태_대분류","도로형태","가해자_당사자종별","피해자_당사자종별","발생위치(X_UTMK)","발생위치(Y_UTMK)","경도","위도"," 어린이사고 여부"
"2018","2018-02-27 15","주","화","1","0","0","0","0","경기","의정부시","차대차","측면충돌","측면충돌","안전운전 의무 불이행","교차로","교차로내","승용차","자전거","959150","1972745","127.0362735","37.75343598","N"
"2018","2018-02-27 19","야","화","1","0","0","0","0","울산","중구","차대사람","횡단중","횡단중","안전운전 의무 불이행","단일로","지하차도(도로)내","승용차","보행자","1167010","1729894","129.3425464","35.55097915","N"
"2018","2018-02-27 20","야","화","1","0","0","0","0","경기","안산시","차대사람","횡단중","횡단중","보행자 보호의무 위반","교차로","교차로부근","승용차","보행자","943514","1926608","126.8623353","37.33676956","N"
"2018","2018-02-27 22","야","화","1","0","0","0","0","서울","서초구","차대사람","기타","기타","안전운전 의무 불이행","단일로","기타단일로","승용차","보행자","954153","1942263","126.9814613","37.47846128","N"
"2018","2018-02-27 23","야","화","1","0","0","0","0","경기","성남시","차대사람","차도통행중","차도통행중","안전운전 의무 불이행","교차로","교차로부근","승용차","보행자","968071","1930900","127.1393648","37.37662575","N"
"2018","2018-02-28 09","주","수","1","1","1","0","0","전남","영암군","차대차","측면충돌","측면충돌","안전운전 의무 불이행","교차로","교차로부근","원동기장치자전거","화물차","908506","1638831","126.5005155","34.73982475","N"
"2018","2018-02-28 15","주","수","1","1","0","1","0","강원","태백시","차대차","측면충돌","측면충돌","안전운전 의무 불이행","단일로","기타단일로","승용차","건설기계","1131578","1917135","128.9835075","37.24380463","N"
"2018","2018-02-28 19","야","수","1","0","0","0","0","경기","수원시","차대사람","보도통행중","보도통행중","보행자 보호의무 위반","교차로","교차로부근","승합차","보행자","957249","1919188","127.0178097","37.27062239","N"
"2018","2018-02-28 21","야","수","1","0","0","0","0","전북","김제시","차대사람","기타","기타","안전운전 의무 불이행","단일로","기타단일로","화물차","보행자","947704","1757495","126.9211262","35.81252838","N"
"2018","2018-02-28 22","야","수","1","0","0","0","0","경기","파주시","차량단독","공작물충돌","공작물충돌","안전운전 의무 불이행","교차로","교차로부근","승용차","없음","929516","1974753","126.6996991","37.76972928","N"
"2018","2018-03-01 05","야","목","3","0","0","0","0","대구","수성구","차대차","기타","기타","과속","단일로","기타단일로","승용차","원동기장치자전거","1102077.1","1763058.2","128.6305482","35.85876162","N"
"2018","2018-03-01 07","주","목","1","0","0","0","0","경기","여주시","차량단독","도로이탈","도로이탈 기타","안전운전 의무 불이행","단일로","기타단일로","화물차","없음","1021633","1915978","127.7439091","37.24241813","N"
"2018","2018-03-01 14","주","목","1","0","0","0","0","경북","울진군","차량단독","전도","전도","안전운전 의무 불이행","단일로","기타단일로","이륜차","없음","1166608","1892374","129.3727818","37.01511775","N"
"2018","2018-03-01 21","야","목","1","1","0","1","0","충남","천안시","차대사람","차도통행중","차도통행중","안전운전 의무 불이행","교차로","교차로내","승합차","보행자","966886","1879802","127.1282419","36.91598602","N"
"2018","2018-03-02 10","주","금","1","0","0","0","0","경북","포항시","차대차","기타","기타","신호위반","교차로","교차로내","이륜차","승용차","1166264","1780157","129.344757","36.0040556","N"
"2018","2018-03-02 14","주","금","1","0","0","0","0","충남","논산시","차량단독","전복","전복","안전운전 의무 불이행","단일로","기타단일로","화물차","없음","966848","1789000","127.1317134","36.09740559","N"
"2018","2018-03-02 15","주","금","1","0","0","0","0","대전","중구","차대사람","횡단중","횡단중","안전운전 의무 불이행","교차로","교차로내","승용차","보행자","990479","1814028","127.3939259","36.32356758","N"
"2018","2018-03-02 19","야","금","1","0","0","0","0","경기","광주시","차대차","기타","기타","신호위반","교차로","교차로부근","이륜차","승합차","978433","1935588","127.2562647","37.41918114","N"
"2018","2018-03-02 19","야","금","1","1","0","1","0","전남","나주시","차대사람","기타","기타","안전운전 의무 불이행","단일로","기타단일로","승용차","보행자","937534","1671927.1","126.815122","35.04044033","N"
"2018","2018-03-03 02","야","토","1","4","2","2","0","부산","금정구","차대차","정면충돌","정면충돌","중앙선 침범","단일로","기타단일로","승용차","승용차","1146294","1695683","129.1079472","35.24590182","N"
"2018","2018-03-03 02","야","토","1","0","0","0","0","울산","북구","차량단독","공작물충돌","공작물충돌","안전운전 의무 불이행","단일로","기타단일로","이륜차","없음","1167722","1736691","129.351808","35.61211245","N"
"2018","2018-03-03 03","야","토","1","1","0","1","0","경기","용인시","차대사람","횡단중","횡단중","안전운전 의무 불이행","단일로","기타단일로","승용차","보행자","974185","1915297","127.2089635","37.23617313","N"
"2018","2018-03-03 04","야","토","1","1","0","1","0","서울","중랑구","차대사람","횡단중","횡단중","과속","교차로","교차로횡단보도내","승용차","보행자","962906","1952859","127.0799215","37.57436008","N"
"2018","2018-03-03 04","야","토","1","0","0","0","0","경북","포항시","차량단독","기타","기타","안전운전 의무 불이행","단일로","기타단일로","이륜차","없음","1173279","1778940","129.422286","35.99186732","N"
"2018","2018-03-03 08","주","토","1","0","0","0","0","서울","광진구","차량단독","공작물충돌","공작물충돌","안전운전 의무 불이행","단일로","교량위","승용차","없음","965454.9","1949710.3","127.1089348","37.54607889","N"
"2018","2018-03-03 10","주","토","1","0","0","0","0","대구","북구","차대차","측면충돌","측면충돌","안전운전 의무 불이행","단일로","기타단일로","건설기계","자전거","1098336","1765575","128.5894313","35.88183204","N"
"2018","2018-03-03 15","주","토","1","3","0","2","1","인천","미추홀구","차대차","정면충돌","정면충돌","신호위반","교차로","교차로내","승합차","승용차","923799","1940520","126.6383603","37.46074689","N"
"2018","2018-03-03 16","주","토","1","0","0","0","0","대전","대덕구","차대사람","횡단중","횡단중","과속","단일로","기타단일로","승용차","보행자","993183","1827514","127.423933","36.44517161","N"
"2018","2018-03-03 17","주","토","1","0","0","0","0","경남","거제시","차대사람","횡단중","횡단중","과속","단일로","기타단일로","승용차","보행자","1109935","1657733","128.7033753","34.90842025","N"
"2018","2018-03-03 20","야","토","1","0","0","0","0","제주","서귀포시","차대사람","횡단중","횡단중","보행자 보호의무 위반","기타","기타","승용차","보행자","886493","1473772","126.2815261","33.24930265","N"
"2018","2018-03-03 22","야","토","1","0","0","0","0","부산","금정구","차대사람","횡단중","횡단중","안전운전 의무 불이행","교차로","교차로내","승용차","보행자","1144814.1","1696123.9","129.0917646","35.2500909","N"
"2018","2018-03-04 01","야","일","1","1","0","1","0","경기","성남시","차대사람","기타","기타","안전운전 의무 불이행","단일로","기타단일로","승용차","보행자","968963","1936684","127.1491967","37.42879097","N"
"2018","2018-03-04 06","주","일","1","0","0","0","0","충남","청양군","차대사람","횡단중","횡단중","안전운전 의무 불이행","교차로","교차로부근","승용차","보행자","929719","1825926","126.7159515","36.42830517","N"
"2018","2018-03-04 17","주","일","1","0","0","0","0","강원","평창군","차대차","정면충돌","정면충돌","중앙선 침범","단일로","기타단일로","이륜차","승용차","1084196.2","1946810.3","128.452754","37.5167441","N"
"2018","2018-03-04 17","주","일","1","0","0","0","0","대구","달서구","차대차","측면충돌","측면충돌","안전운전 의무 불이행","단일로","기타단일로","승용차","이륜차","1091489","1757228","128.5126297","35.80724981","N"
"2018","2018-03-04 18","야","일","1","0","0","0","0","강원","강릉시","차대사람","횡단중","횡단중","과속","단일로","기타단일로","승용차","보행자","1122348","1972108.2","128.8886128","37.74042831","N"
"2018","2018-03-04 20","야","일","3","5","4","1","0","강원","홍천군","차대차","추돌","추돌","안전운전 의무 불이행","단일로","교량위","승용차","승용차","1030033","1967414","127.8407148","37.70580602","Y"
"2018","2018-03-04 20","야","일","1","1","1","0","0","경남","창녕군","차대사람","기타","기타","중앙선 침범","교차로","교차로부근","승용차","보행자","1088447","1711181","128.4739214","35.39240429","N"
"2018","2018-03-04 22","야","일","1","2","0","2","0","서울","송파구","차대차","정면충돌","정면충돌","중앙선 침범","단일로","지하차도(도로)내","원동기장치자전거","승합차","966091","1944152","127.1163921","37.49600316","N"
"2018","2018-03-05 03","야","월","1","0","0","0","0","충남","서산시","차대차","추돌","추돌","기타","단일로","기타단일로","화물차","승용차","916265","1857620","126.5624294","36.71291111","N"
"2018","2018-03-05 19","야","월","1","1","1","0","0","경남","고성군","차대차","정면충돌","정면충돌","과속","단일로","기타단일로","승용차","승용차","1073104","1665199","128.3009122","34.97906174","N"
"2018","2018-03-05 20","야","월","1","0","0","0","0","대구","남구","차대사람","기타","기타","안전운전 의무 불이행","교차로","교차로부근","승용차","보행자","1097409","1761088","128.5786149","35.84147645","N"
"2018","2018-03-06 01","야","화","1","1","0","1","0","충북","청주시","차대차","추돌","추돌","안전거리 미확보","단일로","기타단일로","특수차","화물차","998203","1861927","127.4798679","36.75542861","N"
"2018","2018-03-06 02","야","화","1","0","0","0","0","충남","서산시","차대차","기타","기타","안전운전 의무 불이행","단일로","기타단일로","이륜차","승용차","911714","1869720","126.5100781","36.82156147","N"
"2018","2018-03-06 06","주","화","1","0","0","0","0","경기","의정부시","차대사람","기타","기타","안전운전 의무 불이행","단일로","기타단일로","승용차","보행자","958797","1973214","127.0322397","37.75764723","N"
"2018","2018-03-06 18","야","화","1","0","0","0","0","경남","합천군","차대사람","횡단중","횡단중","안전운전 의무 불이행","교차로","교차로부근","승용차","보행자","1059943","1730367","128.1614925","35.5675102","N"
"2018","2018-03-06 20","야","화","1","1","0","1","0","충남","홍성군","차대차","추돌","추돌","안전운전 의무 불이행","교차로","교차로부근","화물차","승합차","921619","1836814","126.6244943","36.52582391","N"
"2018","2018-03-06 22","야","화","1","0","0","0","0","경북","구미시","차대사람","횡단중","횡단중","안전운전 의무 불이행","단일로","기타단일로","승용차","보행자","1081965","1788625","128.4104695","36.09113175","N"
"2018","2018-03-06 23","야","화","1","3","1","1","1","경기","성남시","차대차","기타","기타","안전거리 미확보","단일로","기타단일로","승용차","승용차","959354","1940552","127.0403782","37.46328283","N"
"2018","2018-03-07 00","야","수","1","2","1","1","0","전남","신안군","차대차","기타","기타","교차로 통행방법 위반","교차로","교차로내","승용차","승용차","856794","1636494","125.9361609","34.71281351","N"
"2018","2018-03-07 03","야","수","1","0","0","0","0","서울","동대문구","차대사람","횡단중","횡단중","안전운전 의무 불이행","교차로","교차로횡단보도내","승용차","보행자","959825","1953487","127.0449967","37.5798911","N"
"2018","2018-03-07 05","야","수","1","0","0","0","0","광주","남구","차대사람","횡단중","횡단중","안전운전 의무 불이행","단일로","기타단일로","승용차","보행자","945487.2","1682435.6","126.9016248","35.13565442","N"
"2018","2018-03-07 06","주","수","1","0","0","0","0","충남","아산시","차대사람","횡단중","횡단중","안전운전 의무 불이행","교차로","교차로내","화물차","보행자","958328","1878795","127.0322225","36.90656915","N"
"2018","2018-03-07 07","주","수","1","0","0","0","0","경북","안동시","차량단독","전도","전도","안전운전 의무 불이행","단일로","기타단일로","건설기계","없음","1119627","1838532","128.8363908","36.53703679","N"
"2018","2018-03-07 11","주","수","1","1","0","1","0","경기","안산시","차대차","측면충돌","측면충돌","기타","교차로","교차로내","자전거","승용차","942404","1924451","126.8499729","37.31725957","N"
"2018","2018-03-07 15","주","수","1","0","0","0","0","서울","동대문구","차대사람","횡단중","횡단중","안전운전 의무 불이행","교차로","교차로횡단보도내","화물차","보행자","962041","1953347","127.0701006","37.57872331","N"
"2018","2018-03-07 16","주","수","1","0","0","0","0","경북","상주시","차량단독","도로이탈","도로이탈 추락","안전운전 의무 불이행","단일로","기타단일로","농기계","없음","1037145","1825219","127.914365","36.42378677","N"
"2018","2018-03-07 16","주","수","1","0","0","0","0","제주","제주시","차대차","기타","기타","기타","교차로","교차로내","화물차","이륜차","884443","1491778","126.2572207","33.41145916","N"
"2018","2018-03-07 17","주","수","2","2","1","1","0","세종","세종시","차대차","정면충돌","정면충돌","중앙선 침범","단일로","기타단일로","승용차","승용차","973247","1834058","127.201254","36.50381745","N"
"2018","2018-03-07 19","야","수","1","0","0","0","0","경기","화성시","차대사람","횡단중","횡단중","안전운전 의무 불이행","단일로","기타단일로","승용차","보행자","945906","1908616","126.8906446","37.17474063","N"
"2018","2018-03-07 20","야","수","1","0","0","0","0","서울","관악구","차대사람","횡단중","횡단중","보행자 보호의무 위반","교차로","교차로횡단보도내","승합차","보행자","948172","1942190","126.9138232","37.47748709","N"
"2018","2018-03-07 22","야","수","1","0","0","0","0","경기","화성시","차대사람","횡단중","횡단중","안전운전 의무 불이행","단일로","기타단일로","승합차","보행자","961991","1914337","127.0715412","37.22710222","N"
"2018","2018-03-08 06","주","목","1","0","0","0","0","부산","연제구","차대사람","차도통행중","차도통행중","안전운전 의무 불이행","단일로","기타단일로","승용차","보행자","1143957","1689244","129.0811433","35.1882013","N"
"2018","2018-03-08 06","주","목","1","0","0","0","0","전남","광양시","차량단독","공작물충돌","공작물충돌","안전운전 의무 불이행","교차로","교차로내","승용차","없음","1008835","1660330","127.5967469","34.93775844","N"
"2018","2018-03-08 09","주","목","1","0","0","0","0","전북","무주군","차량단독","도로이탈","도로이탈 추락","안전운전 의무 불이행","단일로","지하차도(도로)내","농기계","없음","1015214.8","1771302.7","127.6686826","35.93829565","N"
"2018","2018-03-08 21","야","목","1","0","0","0","0","서울","중랑구","차대사람","차도통행중","차도통행중","안전운전 의무 불이행","단일로","기타단일로","화물차","보행자","962590","1955259","127.0762204","37.59597919","N"
"2018","2018-03-09 00","야","금","1","0","0","0","0","전남","보성군","차대사람","기타","기타","안전운전 의무 불이행","단일로","기타단일로","승용차","보행자","991708","1649254.4","127.4093089","34.83788773","N"
"2018","2018-03-09 01","야","금","1","2","0","2","0","대구","서구","차대차","추돌","추돌","안전운전 의무 불이행","단일로","지하차도(도로)내","승용차","승용차","1094657","1766785","128.548823","35.89310243","N"
"2018","2018-03-09 06","주","금","1","0","0","0","0","서울","마포구","차대차","기타","기타","과속","교차로","교차로부근","승합차","원동기장치자전거","950967.2","1948976.7","126.9449829","37.53880979","N"
"2018","2018-03-09 06","주","금","1","0","0","0","0","세종","세종시","차량단독","공작물충돌","공작물충돌","안전운전 의무 불이행","단일로","기타단일로","화물차","없음","974578","1826718","127.2163581","36.43768274","N"
"2018","2018-03-09 07","주","금","1","0","0","0","0","부산","강서구","차대사람","횡단중","횡단중","안전운전 의무 불이행","단일로","기타단일로","승용차","보행자","1126185.1","1677944.2","128.8842753","35.08872921","N"
"2018","2018-03-09 07","주","금","1","3","3","0","0","강원","홍천군","차량단독","공작물충돌","공작물충돌","안전운전 의무 불이행","단일로","기타단일로","승용차","없음","1022100","1955627","127.7503614","37.59979142","N"
"2018","2018-03-09 10","주","금","1","0","0","0","0","경기","안양시","차대사람","차도통행중","차도통행중","안전운전 의무 불이행","교차로","교차로부근","화물차","보행자","950178","1931376","126.9372402","37.38012722","N"
"2018","2018-03-09 16","주","금","1","1","0","0","1","경기","용인시","차량단독","공작물충돌","공작물충돌","안전운전 의무 불이행","단일로","교량위","승용차","없음","963370","1919367","127.0868382","37.27249692","N"
"2018","2018-03-09 17","주","금","1","0","0","0","0","세종","세종시","차대차","측면충돌","측면충돌","신호위반","교차로","교차로내","승용차","이륜차","981290","1847036","127.2907528","36.62100565","N"
"2018","2018-03-09 23","야","금","1","0","0","0","0","울산","북구","차량단독","공작물충돌","공작물충돌","안전운전 의무 불이행","교차로","교차로내","화물차","없음","1168400","1733885","129.3587052","35.58671011","N"
"2018","2018-03-10 01","야","토","1","0","0","0","0","서울","관악구","차대사람","보도통행중","보도통행중","안전운전 의무 불이행","교차로","교차로횡단보도내","이륜차","보행자","949919","1941788","126.9336083","37.47396013","N"
"2018","2018-03-10 01","야","토","1","0","0","0","0","서울","성북구","차대사람","차도통행중","차도통행중","안전운전 의무 불이행","단일로","기타단일로","승용차","보행자","959009","1955220","127.0356583","37.59547505","N"
"2018","2018-03-10 04","야","토","1","0","0","0","0","대전","유성구","차대사람","횡단중","횡단중","안전운전 의무 불이행","교차로","교차로횡단보도내","승용차","보행자","985658","1816489","127.3401697","36.34569476","N"
"2018","2018-03-10 06","주","토","1","0","0","0","0","제주","서귀포시","차대사람","횡단중","횡단중","안전운전 의무 불이행","교차로","교차로내","승용차","보행자","945366","1495846","126.9121344","33.45298301","N"
"2018","2018-03-10 12","주","토","1","0","0","0","0","서울","송파구","차대사람","기타","기타","안전운전 의무 불이행","교차로","교차로부근","승용차","보행자","963866","1945672","127.0911469","37.50961916","N"
"2018","2018-03-10 13","주","토","1","1","0","1","0","충남","청양군","차량단독","도로이탈","도로이탈 추락","안전운전 의무 불이행","교차로","교차로부근","사륜오토바이(ATV)","없음","932199","1819275","126.7441967","36.36852784","N"
"2018","2018-03-10 16","주","토","1","0","0","0","0","경기","평택시","차대차","측면충돌","측면충돌","기타","교차로","교차로내","승용차","승용차","959162","1885547","127.0412194","36.96746977","N"
"2018","2018-03-10 19","야","토","1","0","0","0","0","경남","통영시","차대사람","횡단중","횡단중","보행자 보호의무 위반","단일로","기타단일로","승용차","보행자","1084312","1650604","128.4222186","34.84659545","N"
"2018","2018-03-10 23","야","토","1","0","0","0","0","충남","서산시","차대사람","기타","기타","안전운전 의무 불이행","단일로","기타단일로","화물차","보행자","905162","1866903","126.4369749","36.79553713","N"
"2018","2018-03-11 01","야","일","1","0","0","0","0","충북","청주시","차대차","추돌","추돌","안전운전 의무 불이행","단일로","기타단일로","승용차","승용차","993848","1838198","127.4312683","36.54149442","N"
"2018","2018-03-11 03","야","일","1","1","0","1","0","서울","성동구","차대차","정면충돌","정면충돌","중앙선 침범","단일로","기타단일로","이륜차","승용차","958101","1951844","127.025566","37.56500546","N"
"2018","2018-03-11 06","주","일","1","0","0","0","0","전북","김제시","차대차","측면충돌","측면충돌","안전거리 미확보","단일로","기타단일로","이륜차","승합차","958692.5","1755285.2","127.0428701","35.7931291","N"
"2018","2018-03-11 08","주","일","1","0","0","0","0","전북","무주군","차량단독","도로이탈","도로이탈 추락","안전운전 의무 불이행","단일로","기타단일로","승용차","없음","1019317","1774103","127.7142305","35.96347051","N"
"2018","2018-03-11 12","주","일","1","0","0","0","0","대구","동구","차대차","측면충돌","측면충돌","안전거리 미확보","단일로","기타단일로","화물차","이륜차","1108997","1764662","128.7073937","35.87247296","N"
"2018","2018-03-11 18","야","일","2","0","0","0","0","전북","순창군","차량단독","도로이탈","도로이탈 기타","안전운전 의무 불이행","단일로","기타단일로","화물차","없음","975396","1718237","127.2288473","35.45964824","N"
"2018","2018-03-11 19","야","일","1","1","1","0","0","충남","천안시","차대사람","횡단중","횡단중","과속","단일로","기타단일로","승용차","보행자","967845","1862957","127.139721","36.76417007","N"
"2018","2018-03-11 19","야","일","1","0","0","0","0","경남","하동군","차대사람","기타","기타","안전운전 의무 불이행","단일로","기타단일로","화물차","보행자","1012083","1690180","127.632749","35.20689161","N"
"2018","2018-03-11 21","야","일","1","0","0","0","0","서울","노원구","차대사람","기타","기타","안전운전 의무 불이행","기타","기타","승용차","보행자","960631","1964719","127.0535196","37.68116211","N"
"2018","2018-03-12 05","야","월","1","1","0","1","0","경기","하남시","차대차","측면충돌","측면충돌","안전거리 미확보","단일로","기타단일로","화물차","화물차","975332","1946686","127.2208479","37.5191367","N"
"2018","2018-03-12 06","주","월","1","0","0","0","0","서울","강북구","차대사람","횡단중","횡단중","신호위반","단일로","기타단일로","승용차","보행자","958566.1","1959632.6","127.0303913","37.6352268","N"
"2018","2018-03-12 08","주","월","1","0","0","0","0","경기","안양시","차대차","측면충돌","측면충돌","기타","단일로","기타단일로","이륜차","승용차","949080","1933062","126.9247223","37.39526411","N"
"2018","2018-03-12 08","주","월","1","1","0","1","0","전남","강진군","차대차","정면충돌","정면충돌","안전운전 의무 불이행","단일로","기타단일로","자전거","화물차","937170.8","1607240.1","126.8159662","34.4571244","N"
"2018","2018-03-12 08","주","월","1","0","0","0","0","경기","양주시","차량단독","공작물충돌","공작물충돌","안전운전 의무 불이행","단일로","기타단일로","화물차","없음","956264","1982084","127.0029493","37.83747376","N"
"2018","2018-03-12 09","주","월","1","1","0","1","0","경남","산청군","차대차","추돌","추돌","안전운전 의무 불이행","단일로","기타단일로","승용차","농기계","1040072","1704796","127.9409565","35.33795314","N"
"2018","2018-03-12 11","주","월","1","0","0","0","0","경남","하동군","차대차","정면충돌","정면충돌","안전운전 의무 불이행","교차로","교차로부근","화물차","자전거","1034947","1687123","127.8838096","35.17879085","N"
"2018","2018-03-12 17","주","월","1","0","0","0","0","경남","합천군","차대차","정면충돌","정면충돌","중앙선 침범","단일로","기타단일로","승용차","이륜차","1058486","1731839","128.1455214","35.58086892","N"
"2018","2018-03-12 17","주","월","1","0","0","0","0","인천","계양구","차대사람","횡단중","횡단중","안전운전 의무 불이행","교차로","교차로횡단보도내","승용차","보행자","931308","1948970","126.7224712","37.53749392","N"
"2018","2018-03-12 19","야","월","1","1","0","1","0","전남","나주시","차대차","측면충돌","측면충돌","중앙선 침범","단일로","기타단일로","농기계","승용차","918292.2","1673565.6","126.6040135","35.05383934","N"
"2018","2018-03-12 20","야","월","1","0","0","0","0","부산","부산진구","차대사람","횡단중","횡단중","안전운전 의무 불이행","단일로","기타단일로","승합차","보행자","1139745","1686592","129.0344467","35.16489143","N"
"2018","2018-03-12 20","야","월","1","0","0","0","0","울산","울주군","차대사람","횡단중","횡단중","안전운전 의무 불이행","교차로","교차로부근","승용차","보행자","1154901","1719804","129.2070822","35.46200858","N"
"2018","2018-03-13 02","야","화","1","1","1","0","0","서울","은평구","차대차","측면충돌","측면충돌","신호위반","교차로","교차로내","원동기장치자전거","승용차","948085","1957300","126.9117701","37.61367047","N"
"2018","2018-03-13 05","야","화","2","0","0","0","0","강원","태백시","차량단독","도로이탈","도로이탈 추락","안전운전 의무 불이행","단일로","기타단일로","승용차","없음","1135884","1900835","129.029078","37.0963081","N"
"2018","2018-03-13 06","주","화","1","1","0","1","0","광주","남구","차대차","추돌","추돌","안전거리 미확보","단일로","기타단일로","화물차","화물차","942976.8","1680208.3","126.8742237","35.1154323","N"
"2018","2018-03-13 09","주","화","1","0","0","0","0","경북","문경시","차대차","측면충돌","측면충돌","안전운전 의무 불이행","교차로","교차로내","화물차","이륜차","1059418","1847205","128.1645085","36.62085996","N"
"2018","2018-03-13 10","주","화","1","0","0","0","0","충북","제천시","차대사람","횡단중","횡단중","신호위반","교차로","교차로부근","화물차","보행자","1062090","1900432","128.1987438","37.10047634","N"
"2018","2018-03-13 10","주","화","1","1","0","1","0","전남","완도군","차대차","정면충돌","정면충돌","중앙선 침범","단일로","기타단일로","화물차","화물차","935998.8","1601331.3","126.8036492","34.40376905","N"
"2018","2018-03-13 10","주","화","1","0","0","0","0","경북","청도군","차량단독","전도","전도","안전운전 의무 불이행","기타","기타","사륜오토바이(ATV)","없음","1127659","1747289","128.911294","35.71362596","N"
"2018","2018-03-13 14","주","화","1","0","0","0","0","전남","보성군","차대사람","길가장자리구역통행중","길가장자리구역통행중","안전운전 의무 불이행","기타","기타","화물차","보행자","966300","1634753","127.1320013","34.70659542","N"
"2018","2018-03-13 19","야","화","1","0","0","0","0","경남","의령군","차대차","측면충돌","측면충돌","안전운전 의무 불이행","불명","불명","승용차","화물차","1076223","1720916","128.340244","35.48118339","N"
"2018","2018-03-13 20","야","화","1","3","3","0","0","강원","강릉시","차대차","기타","기타","안전운전 의무 불이행","교차로","교차로내","승용차","화물차","1120947.4","1982281.1","128.8744176","37.83227874","N"
"2018","2018-03-13 21","야","화","1","1","0","1","0","경남","산청군","차대차","추돌","추돌","안전운전 의무 불이행","단일로","기타단일로","화물차","화물차","1032232","1713545","127.8550313","35.41712419","N"
"2018","2018-03-13 22","야","화","1","0","0","0","0","경북","경산시","차대사람","횡단중","횡단중","안전운전 의무 불이행","단일로","기타단일로","승합차","보행자","1121776","1767550","128.8493588","35.89699829","N"
"2018","2018-03-14 06","주","수","1","0","0","0","0","경북","안동시","차대사람","횡단중","횡단중","안전운전 의무 불이행","교차로","교차로부근","승합차","보행자","1109236","1841508","128.7207565","36.56510388","N"
"2018","2018-03-14 06","주","수","1","0","0","0","0","대전","유성구","차대사람","횡단중","횡단중","안전운전 의무 불이행","교차로","교차로횡단보도내","승용차","보행자","986611","1820843","127.3507151","36.38496138","N"
"2018","2018-03-14 10","주","수","2","1","1","0","0","강원","인제군","차대차","측면충돌","측면충돌","신호위반","교차로","교차로내","화물차","승용차","1072411","2021900","128.3269334","38.19446705","N"
"2018","2018-03-14 12","주","수","1","0","0","0","0","경남","사천시","차대사람","기타","기타","안전운전 의무 불이행","단일로","기타단일로","승용차","보행자","1056993","1662128","128.124204","34.9524066","N"
"2018","2018-03-14 14","주","수","1","0","0","0","0","경기","양평군","차량단독","공작물충돌","공작물충돌","안전운전 의무 불이행","단일로","기타단일로","이륜차","없음","986008","1948659","127.3416232","37.53714426","N"
"2018","2018-03-14 15","주","수","1","0","0","0","0","부산","강서구","차대차","측면충돌","측면충돌","안전운전 의무 불이행","교차로","교차로내","승용차","자전거","1129670.1","1678926.3","128.9226499","35.09713994","N"
"2018","2018-03-14 16","주","수","1","1","0","1","0","충북","충주시","차대차","기타","기타","신호위반","교차로","교차로내","승용차","이륜차","1036135","1884549","127.9058999","36.95866592","N"
"2018","2018-03-14 19","야","수","1","0","0","0","0","경남","진주시","차대사람","보도통행중","보도통행중","보행자 보호의무 위반","교차로","교차로횡단보도내","승용차","보행자","1053518","1686888","128.0877447","35.17585395","N"
"2018","2018-03-15 00","야","목","1","0","0","0","0","충남","금산군","차대차","기타","기타","안전운전 의무 불이행","단일로","기타단일로","승용차","화물차","998797","1797765","127.4866223","36.17699374","N"
"2018","2018-03-15 05","야","목","1","1","0","1","0","충남","당진시","차대차","추돌","추돌","과속","단일로","기타단일로","승용차","화물차","935504","1881762","126.7757805","36.93202828","N"
"2018","2018-03-15 12","주","목","1","0","0","0","0","전북","무주군","차량단독","기타","기타","안전운전 의무 불이행","단일로","교량위","원동기장치자전거","없음","1015916","1779083","127.6766127","36.0084312","N"
"2018","2018-03-15 13","주","목","1","0","0","0","0","경기","광명시","차대차","측면충돌","측면충돌","신호위반","교차로","교차로내","이륜차","승용차","946311","1939365","126.8929822","37.45191847","N"
"2018","2018-03-15 14","주","목","1","3","2","1","0","경기","남양주시","차대차","추돌","추돌","안전운전 의무 불이행","단일로","기타단일로","승용차","화물차","974033","1954257","127.2058801","37.587342","N"
"2018","2018-03-15 15","주","목","1","1","0","1","0","경기","평택시","차대차","정면충돌","정면충돌","중앙선 침범","단일로","기타단일로","승용차","승합차","967720","1889757","127.1371792","37.00575239","N"
"2018","2018-03-15 15","주","목","1","1","1","0","0","전남","고흥군","차대차","정면충돌","정면충돌","중앙선 침범","단일로","기타단일로","승용차","화물차","993178","1614050","127.4256708","34.52042853","N"
"2018","2018-03-15 15","주","목","1","0","0","0","0","경남","창원시(통합)","차대사람","보도통행중","보도통행중","보행자 보호의무 위반","교차로","교차로횡단보도내","특수차","보행자","1119191","1679623","128.8078086","35.10471506","N"
"2018","2018-03-15 18","야","목","1","0","0","0","0","경기","동두천시","차대사람","횡단중","횡단중","안전운전 의무 불이행","단일로","기타단일로","화물차","보행자","960483","1991977","127.0503541","37.92683002","N"
"2018","2018-03-15 20","야","목","1","3","3","0","0","제주","서귀포시","차대차","정면충돌","정면충돌","중앙선 침범","단일로","교량위","승용차","승용차","893983","1477100","126.3615261","33.28007697","N"
"2018","2018-03-15 22","야","목","1","0","0","0","0","인천","연수구","차대사람","횡단중","횡단중","안전운전 의무 불이행","교차로","교차로부근","화물차","보행자","924467","1937224","126.6462506","37.43109571","N"