"발생년","발생년월일시","주야","요일","사망자수","부상자수","중상자수","경상자수","부상신고자수","발생지시도","발생지시군구","사고유형_대분류","사고유형_중분류","사고유형","가해자법규위반","도로형태_대분류","도로형태","가해자_당사자종별","피해자_당사자종별","발생위치(X_UTMK)","발생위치(Y_UTMK)","경도","위도"," 어린이사고 여부"
"2018","2018-03-15 23","야","목","1","0","0","0","0","서울","영등포구","차대사람","횡단중","횡단중","과속","단일로","기타단일로","화물차","보행자","946973","1945371","126.9000338","37.50608998","N"
"2018","2018-03-15 23","야","목","1","0","0","0","0","울산","북구","차대사람","기타","기타","안전운전 의무 불이행","단일로","기타단일로","승용차","보행자","1168490","1733493","129.3596164","35.58316216","N"
"2018","2018-03-16 02","야","금","1","0","0","0","0","충남","보령시","차대사람","길가장자리구역통행중","길가장자리구역통행중","안전운전 의무 불이행","단일로","기타단일로","승용차","보행자","909932","1834964","126.4941849","36.50811884","N"
"2018","2018-03-16 09","주","금","1","0","0","0","0","서울","영등포구","차대사람","기타","기타","안전운전 의무 불이행","단일로","기타단일로","승합차","보행자","946481","1946557","126.8943811","37.51675116","N"
"2018","2018-03-16 10","주","금","1","0","0","0","0","울산","북구","차대차","측면충돌","측면충돌","안전운전 의무 불이행","단일로","기타단일로","승용차","자전거","1168060","1740009","129.3562293","35.64195607","N"
"2018","2018-03-16 18","야","금","1","0","0","0","0","경북","경산시","차대사람","횡단중","횡단중","안전운전 의무 불이행","단일로","기타단일로","승합차","보행자","1119351","1767464","128.8224818","35.89652199","N"
"2018","2018-03-17 01","야","토","1","0","0","0","0","경기","이천시","차대차","기타","기타","안전운전 의무 불이행","단일로","기타단일로","승용차","승용차","986726","1917374","127.3503122","37.25515832","N"
"2018","2018-03-17 04","야","토","1","0","0","0","0","충남","당진시","차대차","추돌","추돌","안전운전 의무 불이행","단일로","기타단일로","승용차","특수차","933192","1869728","126.7508815","36.82339457","N"
"2018","2018-03-17 08","주","토","1","3","3","0","0","서울","강남구","차대차","추돌","추돌","안전운전 의무 불이행","단일로","기타단일로","승용차","특수차","960119","1947879","127.0486312","37.52935729","N"
"2018","2018-03-17 09","주","토","1","0","0","0","0","전남","영광군","차대사람","횡단중","횡단중","안전운전 의무 불이행","단일로","기타단일로","승합차","보행자","909193","1698292","126.5015256","35.27599036","N"
"2018","2018-03-17 10","주","토","1","1","0","1","0","부산","강서구","차대차","측면충돌","측면충돌","안전운전 의무 불이행","단일로","지하차도(도로)내","특수차","승용차","1127573","1687539","128.9009778","35.17504721","N"
"2018","2018-03-17 11","주","토","1","0","0","0","0","전남","목포시","차대사람","기타","기타","안전운전 의무 불이행","교차로","교차로내","화물차","보행자","901056","1646864","126.4181987","34.81155662","N"
"2018","2018-03-17 12","주","토","1","2","1","1","0","충남","당진시","차대차","측면충돌","측면충돌","안전운전 의무 불이행","단일로","기타단일로","승용차","화물차","918877","1888522","126.5883706","36.99167346","N"
"2018","2018-03-17 19","야","토","1","0","0","0","0","강원","강릉시","차대사람","횡단중","횡단중","안전운전 의무 불이행","단일로","기타단일로","승용차","보행자","1123324.4","1973563.5","128.8999387","37.75341036","Y"
"2018","2018-03-17 19","야","토","1","0","0","0","0","경북","경주시","차대사람","기타","기타","안전운전 의무 불이행","단일로","기타단일로","승용차","보행자","1154166","1762182","129.2070952","35.84405335","N"
"2018","2018-03-17 20","야","토","1","0","0","0","0","전남","함평군","차대사람","횡단중","횡단중","안전운전 의무 불이행","단일로","기타단일로","승용차","보행자","918333.5","1679856.3","126.6038463","35.11056098","N"
"2018","2018-03-17 20","야","토","1","0","0","0","0","경북","예천군","차대사람","차도통행중","차도통행중","안전운전 의무 불이행","단일로","기타단일로","화물차","보행자","1072164","1832715","128.3056861","36.48936387","N"
"2018","2018-03-17 22","야","토","1","0","0","0","0","충남","부여군","차대차","기타","기타","과속","단일로","기타단일로","승용차","승용차","953088","1806474","126.9778137","36.25437173","N"
"2018","2018-03-17 23","야","토","1","0","0","0","0","경남","통영시","차대사람","횡단중","횡단중","과속","단일로","기타단일로","승합차","보행자","1084188","1648354","128.4206365","34.82631857","N"
"2018","2018-03-18 02","야","일","2","0","0","0","0","강원","원주시","차대사람","횡단중","횡단중","보행자 보호의무 위반","단일로","기타단일로","승용차","보행자","1029467.3","1924694.8","127.8325842","37.32077517","N"
"2018","2018-03-18 03","야","일","1","0","0","0","0","전북","군산시","차대차","정면충돌","정면충돌","중앙선 침범","단일로","지하차도(도로)내","자전거","승용차","928828.3","1772101.8","126.7108982","35.94302504","N"
"2018","2018-03-18 04","야","일","1","1","1","0","0","울산","남구","차대사람","횡단중","횡단중","안전운전 의무 불이행","교차로","교차로횡단보도내","승용차","보행자","1167002","1728672","129.3422062","35.53996789","N"
"2018","2018-03-18 07","주","일","1","2","1","1","0","서울","강남구","차대차","정면충돌","정면충돌","신호위반","교차로","교차로내","이륜차","승합차","960629","1947422","127.0544277","37.5252601","N"
"2018","2018-03-18 08","주","일","1","0","0","0","0","대구","서구","차대사람","횡단중","횡단중","신호위반","단일로","기타단일로","승용차","보행자","1095186","1762762","128.554203","35.85678537","N"
"2018","2018-03-18 14","주","일","1","3","3","0","0","전북","완주군","차대차","정면충돌","정면충돌","중앙선 침범","단일로","기타단일로","화물차","승용차","975062","1749055","127.2242148","35.73750866","N"
"2018","2018-03-18 17","주","일","1","0","0","0","0","서울","성동구","차량단독","기타","기타","안전운전 의무 불이행","단일로","기타단일로","이륜차","없음","958684","1951628","127.0321794","37.56308494","N"
"2018","2018-03-18 17","주","일","1","2","1","1","0","경북","청도군","차대차","측면충돌","측면충돌","안전운전 의무 불이행","단일로","기타단일로","화물차","화물차","1115109","1732259","128.7704366","35.57968875","N"
"2018","2018-03-18 18","야","일","1","0","0","0","0","경기","안양시","차대사람","횡단중","횡단중","안전운전 의무 불이행","단일로","기타단일로","승합차","보행자","947925","1933877","126.9116167","37.40254579","N"
"2018","2018-03-18 20","야","일","1","0","0","0","0","충남","보령시","차량단독","공작물충돌","공작물충돌","안전운전 의무 불이행","단일로","기타단일로","승용차","없음","919362","1812632","126.6018003","36.30765479","N"
"2018","2018-03-18 20","야","일","1","0","0","0","0","경북","경주시","차대사람","횡단중","횡단중","과속","교차로","교차로부근","승용차","보행자","1180229","1755222","129.4939787","35.77689326","N"
"2018","2018-03-18 21","야","일","1","0","0","0","0","인천","남동구","차대차","측면충돌","측면충돌","신호위반","교차로","교차로내","자전거","승용차","929825","1933612","126.7071498","37.39896288","N"
"2018","2018-03-18 23","야","일","1","0","0","0","0","경기","남양주시","차대사람","기타","기타","안전운전 의무 불이행","교차로","교차로부근","승용차","보행자","970198","1965387","127.1619887","37.68754379","N"
"2018","2018-03-19 00","야","월","1","0","0","0","0","충북","제천시","차대차","추돌","추돌","안전운전 의무 불이행","교차로","교차로부근","화물차","화물차","1064056.5","1904440.1","128.2212153","37.13647102","N"
"2018","2018-03-19 01","야","월","1","0","0","0","0","부산","금정구","차대사람","기타","기타","과속","단일로","기타단일로","승합차","보행자","1144442","1693037","129.0871337","35.22232049","N"
"2018","2018-03-19 02","야","월","1","0","0","0","0","전남","장성군","차량단독","공작물충돌","공작물충돌","안전운전 의무 불이행","교차로","교차로내","승용차","없음","946635","1710975","126.9123684","35.39304357","N"
"2018","2018-03-19 03","야","월","1","0","0","0","0","경남","창원시(통합)","차량단독","공작물충돌","공작물충돌","안전운전 의무 불이행","교차로","교차로부근","승용차","없음","1104171","1696190","128.645128","35.25573842","N"
"2018","2018-03-19 15","주","월","1","1","1","0","0","전남","영광군","차대차","정면충돌","정면충돌","중앙선 침범","단일로","기타단일로","화물차","승용차","906069","1699123","126.4670852","35.28319392","N"
"2018","2018-03-19 18","야","월","1","0","0","0","0","경기","구리시","차대차","측면충돌","측면충돌","신호위반","교차로","교차로내","이륜차","화물차","967395","1955776","127.1306272","37.60082196","N"
"2018","2018-03-19 19","야","월","1","0","0","0","0","경기","남양주시","차대차","측면충돌","측면충돌","안전운전 의무 불이행","교차로","교차로내","승용차","이륜차","974726","1955699","127.2136796","37.60035863","N"
"2018","2018-03-19 20","야","월","1","1","0","1","0","경남","김해시","차대차","측면충돌","측면충돌","안전운전 의무 불이행","단일로","터널안","승용차","승용차","1122909","1708908","128.8529714","35.36826003","N"
"2018","2018-03-19 21","야","월","1","0","0","0","0","충북","증평군","차대사람","차도통행중","차도통행중","안전운전 의무 불이행","단일로","기타단일로","승용차","보행자","1008940","1863880","127.6001794","36.77299401","N"
"2018","2018-03-20 04","야","화","1","0","0","0","0","서울","강남구","차대사람","횡단중","횡단중","안전운전 의무 불이행","단일로","기타단일로","승용차","보행자","959059","1945762","127.0367526","37.51022958","N"
"2018","2018-03-20 04","야","화","1","0","0","0","0","서울","강동구","차대사람","보도통행중","보도통행중","보행자 보호의무 위반","교차로","교차로내","승용차","보행자","970944","1951153","127.1710156","37.55927202","N"
"2018","2018-03-20 05","야","화","1","0","0","0","0","충남","천안시","차대사람","횡단중","횡단중","안전운전 의무 불이행","교차로","교차로부근","승용차","보행자","967674.1","1869802.3","127.1375155","36.82587163","N"
"2018","2018-03-20 05","야","화","1","0","0","0","0","인천","부평구","차대차","기타","기타","안전운전 의무 불이행","단일로","기타단일로","승용차","화물차","931920","1944018","126.7298567","37.49290781","N"
"2018","2018-03-20 08","주","화","1","0","0","0","0","경남","김해시","차대차","기타","기타","안전운전 의무 불이행","단일로","기타단일로","원동기장치자전거","승용차","1124526","1695139","128.8686743","35.24394016","N"
"2018","2018-03-20 11","주","화","1","1","0","1","0","광주","광산구","차대차","추돌","추돌","안전거리 미확보","단일로","기타단일로","원동기장치자전거","승용차","937504.8","1683396.3","126.8139362","35.14385237","N"
"2018","2018-03-20 12","주","화","1","0","0","0","0","부산","서구","차량단독","기타","기타","안전운전 의무 불이행","단일로","기타단일로","승합차","없음","1138139.4","1677330.2","129.0152749","35.08162672","N"
"2018","2018-03-20 14","주","화","1","0","0","0","0","충남","서천군","차대차","추돌","추돌","신호위반","교차로","교차로부근","화물차","자전거","925647","1788827","126.6740575","36.09356532","N"
"2018","2018-03-20 19","야","화","1","0","0","0","0","경남","고성군","차대사람","차도통행중","차도통행중","안전운전 의무 불이행","단일로","기타단일로","승용차","보행자","1073365","1680466","128.3051211","35.11669743","N"
"2018","2018-03-20 19","야","화","1","0","0","0","0","인천","강화군","차대사람","횡단중","횡단중","안전운전 의무 불이행","단일로","기타단일로","승용차","보행자","910224","1969875","126.4812819","37.72407836","N"
"2018","2018-03-20 21","야","화","1","0","0","0","0","경남","거제시","차대사람","기타","기타","안전운전 의무 불이행","단일로","기타단일로","승용차","보행자","1104866","1657917","128.647922","34.91061585","N"
"2018","2018-03-20 22","야","화","1","0","0","0","0","충남","당진시","차대사람","횡단중","횡단중","과속","교차로","교차로내","승용차","보행자","934348","1867717","126.7640163","36.80534844","N"
"2018","2018-03-21 04","야","수","1","0","0","0","0","대구","수성구","차량단독","공작물충돌","공작물충돌","안전운전 의무 불이행","단일로","기타단일로","승용차","없음","1106609","1762659","128.6806783","35.8546804","N"
"2018","2018-03-21 11","주","수","1","0","0","0","0","전북","정읍시","차대차","측면충돌","측면충돌","중앙선 침범","단일로","기타단일로","이륜차","승용차","942556.6","1742866.6","126.8651998","35.68035423","N"
"2018","2018-03-21 13","주","수","1","0","0","0","0","전남","해남군","차량단독","기타","기타","안전운전 의무 불이행","단일로","기타단일로","승용차","없음","924636","1620344","126.6783494","34.57444561","N"
"2018","2018-03-21 15","주","수","1","3","1","2","0","대전","동구","차량단독","기타","기타","안전운전 의무 불이행","단일로","기타단일로","승용차","없음","996456","1810418","127.4605324","36.29106225","N"
"2018","2018-03-21 16","주","수","1","0","0","0","0","경기","파주시","차대사람","횡단중","횡단중","안전운전 의무 불이행","단일로","기타단일로","승용차","보행자","931498","1970169","126.7226338","37.72856688","N"
"2018","2018-03-21 19","야","수","1","0","0","0","0","경북","안동시","차대사람","차도통행중","차도통행중","안전운전 의무 불이행","단일로","기타단일로","승용차","보행자","1095875.4","1842989.2","128.5716562","36.57988994","N"
"2018","2018-03-22 02","야","목","1","0","0","0","0","경기","수원시","차대사람","차도통행중","차도통행중","안전운전 의무 불이행","단일로","기타단일로","승용차","보행자","962531","1917773","127.0774553","37.25809555","N"
"2018","2018-03-22 05","야","목","1","3","3","0","0","충남","예산군","차량단독","공작물충돌","공작물충돌","안전운전 의무 불이행","단일로","기타단일로","승합차","없음","937154","1855578","126.7964702","36.69611646","N"
"2018","2018-03-22 06","주","목","1","0","0","0","0","경기","화성시","차량단독","공작물충돌","공작물충돌","안전운전 의무 불이행","단일로","기타단일로","화물차","없음","949028","1901653","126.9262857","37.11215346","N"
"2018","2018-03-22 07","주","목","1","2","2","0","0","충남","서산시","차대차","측면충돌","측면충돌","중앙선 침범","단일로","기타단일로","화물차","승용차","905708","1879473","126.4415329","36.90888652","N"
"2018","2018-03-22 10","주","목","1","0","0","0","0","경기","성남시","차대사람","기타","기타","안전운전 의무 불이행","단일로","기타단일로","승합차","보행자","968533","1937704","127.1442931","37.43797031","N"
"2018","2018-03-22 11","주","목","1","0","0","0","0","울산","남구","차대차","기타","기타","안전운전 의무 불이행","단일로","기타단일로","승용차","자전거","1159909","1729495","129.2641594","35.54855478","N"
"2018","2018-03-22 12","주","목","1","1","1","0","0","서울","강동구","차대사람","횡단중","횡단중","안전운전 의무 불이행","단일로","기타단일로","승용차","보행자","966878","1949043","127.1250747","37.5401165","N"
"2018","2018-03-22 14","주","목","1","0","0","0","0","부산","동래구","차대사람","보도통행중","보도통행중","보행자 보호의무 위반","단일로","기타단일로","승합차","보행자","1143677","1690903","129.0783583","35.20319517","N"
"2018","2018-03-22 16","주","목","1","0","0","0","0","전북","순창군","차대차","정면충돌","정면충돌","중앙선 침범","기타","기타","이륜차","건설기계","976201","1716007","127.2377841","35.43956066","N"
"2018","2018-03-22 18","야","목","1","0","0","0","0","서울","중랑구","차대사람","횡단중","횡단중","보행자 보호의무 위반","단일로","기타단일로","특수차","보행자","964084.1","1956366","127.0930908","37.60601645","N"
"2018","2018-03-22 18","야","목","1","0","0","0","0","경기","광주시","차대차","추돌","추돌","안전운전 의무 불이행","단일로","교량위","건설기계","자전거","978792","1934981","127.2603392","37.41371811","N"
"2018","2018-03-22 18","야","목","1","0","0","0","0","경북","경산시","차대차","기타","기타","안전운전 의무 불이행","단일로","기타단일로","이륜차","승용차","1120790","1766184","128.8382287","35.8848079","N"
"2018","2018-03-22 21","야","목","1","0","0","0","0","제주","제주시","차대사람","차도통행중","차도통행중","안전운전 의무 불이행","단일로","기타단일로","화물차","보행자","877993","1485938","126.1886593","33.35808307","N"
"2018","2018-03-22 22","야","목","1","2","0","2","0","충남","보령시","차대차","측면충돌","측면충돌","안전운전 의무 불이행","단일로","기타단일로","승용차","화물차","917587","1826988","126.5805097","36.43691276","N"
"2018","2018-03-22 23","야","목","1","0","0","0","0","울산","동구","차량단독","기타","기타","안전운전 의무 불이행","단일로","기타단일로","이륜차","없음","1175160","1725930","129.4315604","35.51385028","N"
"2018","2018-03-23 05","야","금","1","0","0","0","0","경기","양주시","차대사람","횡단중","횡단중","안전운전 의무 불이행","교차로","교차로부근","승용차","보행자","963242","1978035","127.0824563","37.80128837","N"
"2018","2018-03-23 12","주","금","1","0","0","0","0","경기","수원시","차대사람","기타","기타","안전운전 의무 불이행","교차로","교차로내","승합차","보행자","957023","1921580","127.0151225","37.2921727","N"
"2018","2018-03-23 12","주","금","1","2","0","2","0","충남","부여군","차대차","측면충돌","측면충돌","교차로 통행방법 위반","교차로","교차로내","이륜차","승합차","945211","1808901","126.8899674","36.27583634","N"
"2018","2018-03-23 14","주","금","1","0","0","0","0","경남","진주시","차대사람","횡단중","횡단중","보행자 보호의무 위반","단일로","기타단일로","승합차","보행자","1054028","1686764","128.0933372","35.17470857","N"
"2018","2018-03-23 18","야","금","1","0","0","0","0","서울","중구","차대차","측면충돌","측면충돌","안전운전 의무 불이행","교차로","교차로내","승용차","이륜차","956058","1951817","127.0024349","37.56466688","N"
"2018","2018-03-23 19","야","금","1","0","0","0","0","경기","안성시","차대사람","차도통행중","차도통행중","안전운전 의무 불이행","단일로","기타단일로","승용차","보행자","998444","1900260","127.482489","37.10098334","N"
"2018","2018-03-23 20","야","금","1","0","0","0","0","경기","의정부시","차대차","추돌","추돌","안전운전 의무 불이행","교차로","교차로부근","승용차","화물차","964977","1968940","127.102603","37.71938288","N"
"2018","2018-03-23 21","야","금","1","0","0","0","0","경기","광주시","차대사람","횡단중","횡단중","안전운전 의무 불이행","단일로","기타단일로","승용차","보행자","979702","1933714","127.2706574","37.4023181","N"
"2018","2018-03-23 22","야","금","1","0","0","0","0","전북","전주시","차대사람","횡단중","횡단중","안전운전 의무 불이행","교차로","교차로부근","화물차","보행자","967586","1755859","127.1412649","35.79863641","N"
"2018","2018-03-23 23","야","금","2","0","0","0","0","전남","여수시","차대차","측면충돌","측면충돌","신호위반","교차로","교차로내","이륜차","승용차","1019783","1640410","127.7161613","34.75797316","N"
"2018","2018-03-24 02","야","토","1","0","0","0","0","울산","동구","차량단독","전도","전도","안전운전 의무 불이행","단일로","기타단일로","이륜차","없음","1172629","1724506","129.4033609","35.50146124","N"
"2018","2018-03-24 03","야","토","1","0","0","0","0","서울","서초구","차대사람","횡단중","횡단중","안전운전 의무 불이행","단일로","기타단일로","승용차","보행자","956506.6","1943678.8","127.0079964","37.49133622","N"
"2018","2018-03-24 04","야","토","1","0","0","0","0","경기","부천시","차대사람","횡단중","횡단중","안전운전 의무 불이행","기타","기타","승용차","보행자","937716","1941603","126.7956226","37.47155061","N"
"2018","2018-03-24 05","야","토","1","0","0","0","0","경기","성남시","차량단독","공작물충돌","공작물충돌","안전운전 의무 불이행","단일로","기타단일로","승용차","없음","961245","1929892","127.0623204","37.36727981","N"
"2018","2018-03-24 19","야","토","1","0","0","0","0","대구","달서구","차대차","측면충돌","측면충돌","기타","교차로","교차로부근","승용차","이륜차","1090365.4","1762173.1","128.5007547","35.85193311","N"
"2018","2018-03-24 19","야","토","1","0","0","0","0","경기","가평군","차대차","측면충돌","측면충돌","중앙선 침범","단일로","기타단일로","사륜오토바이(ATV)","승용차","998176","1959954","127.4793258","37.63905649","N"
"2018","2018-03-24 21","야","토","1","3","0","3","0","경기","화성시","차대차","추돌","추돌","안전운전 의무 불이행","단일로","기타단일로","승용차","화물차","953898","1909101","126.9806389","37.17954107","N"
"2018","2018-03-24 23","야","토","1","0","0","0","0","경남","창원시(통합)","차대사람","횡단중","횡단중","과속","단일로","기타단일로","승용차","보행자","1100831","1691420","128.6078334","35.21307682","N"
"2018","2018-03-25 01","야","일","1","0","0","0","0","대전","대덕구","차대사람","기타","기타","안전운전 의무 불이행","단일로","기타단일로","승용차","보행자","993041","1817918","127.4224345","36.35865949","N"
"2018","2018-03-25 05","야","일","1","0","0","0","0","충남","서천군","차대차","기타","기타","안전운전 의무 불이행","단일로","기타단일로","화물차","화물차","931656","1780507","126.7415224","36.01900144","N"
"2018","2018-03-25 05","야","일","1","1","0","1","0","대구","달서구","차대차","기타","기타","신호위반","교차로","교차로내","이륜차","승용차","1089582","1761336","128.4919861","35.84445875","N"
"2018","2018-03-25 07","주","일","1","2","0","2","0","경기","안산시","차량단독","공작물충돌","공작물충돌","과속","단일로","기타단일로","승용차","없음","942875","1922822","126.8554137","37.30260584","N"
"2018","2018-03-25 07","주","일","1","0","0","0","0","충남","논산시","차대사람","기타","기타","안전운전 의무 불이행","단일로","기타단일로","화물차","보행자","967716","1811783","127.1404177","36.30283418","N"
"2018","2018-03-25 13","주","일","1","0","0","0","0","경기","화성시","차량단독","전복","전복","안전운전 의무 불이행","단일로","기타단일로","농기계","없음","930632","1916943","126.7178254","37.24878443","N"
"2018","2018-03-25 15","주","일","1","1","0","1","0","전남","무안군","차대차","기타","기타","안전운전 의무 불이행","기타","기타","화물차","이륜차","897543.2","1668693.7","126.3771213","35.00802229","N"
"2018","2018-03-25 16","주","일","1","0","0","0","0","전북","장수군","차량단독","공작물충돌","공작물충돌","안전운전 의무 불이행","단일로","기타단일로","화물차","없음","1005771.6","1750420","127.5638373","35.75011508","N"
"2018","2018-03-25 18","야","일","2","1","1","0","0","경북","포항시","차량단독","공작물충돌","공작물충돌","안전운전 의무 불이행","단일로","교량위","승용차","없음","1166143","1793298","129.3461804","36.12249192","N"
"2018","2018-03-25 19","야","일","1","0","0","0","0","경북","김천시","차대사람","차도통행중","차도통행중","안전운전 의무 불이행","교차로","교차로내","화물차","보행자","1057000","1791384","128.1333758","36.11779084","N"
"2018","2018-03-25 21","야","일","1","0","0","0","0","전남","영광군","차대사람","횡단중","횡단중","안전운전 의무 불이행","교차로","교차로내","화물차","보행자","908915","1692511","126.4991101","35.22384539","N"
"2018","2018-03-26 03","야","월","1","0","0","0","0","경기","용인시","차대차","추돌","추돌","안전운전 의무 불이행","단일로","기타단일로","화물차","화물차","967738","1921131","127.1360287","37.28855899","N"
"2018","2018-03-26 03","야","월","1","0","0","0","0","인천","서구","차대차","추돌","추돌","안전운전 의무 불이행","단일로","기타단일로","승용차","건설기계","927910","1950595","126.6838528","37.55188004","N"
"2018","2018-03-26 05","야","월","1","0","0","0","0","서울","양천구","차대사람","횡단중","횡단중","안전운전 의무 불이행","단일로","기타단일로","승용차","보행자","942712","1947237","126.8516806","37.52265366","N"
"2018","2018-03-26 11","주","월","1","0","0","0","0","경북","영덕군","차대차","측면충돌","측면충돌","안전운전 의무 불이행","교차로","교차로내","승용차","건설기계","1168419","1825763","129.378455","36.41463188","N"
"2018","2018-03-26 12","주","월","1","2","2","0","0","경기","화성시","차대차","기타","기타","안전운전 의무 불이행","기타","기타","화물차","승용차","939959","1902417","126.8241546","37.11850204","N"
"2018","2018-03-26 12","주","월","1","0","0","0","0","충남","논산시","차대사람","횡단중","횡단중","안전운전 의무 불이행","교차로","교차로내","화물차","보행자","956067","1795163","127.0116063","36.15253974","N"
"2018","2018-03-26 13","주","월","1","0","0","0","0","경북","성주군","차량단독","전도","전도","안전운전 의무 불이행","교차로","교차로부근","농기계","없음","1061647","1763130","128.1828108","35.86278802","N"
"2018","2018-03-26 16","주","월","1","1","0","0","1","경기","평택시","차대차","추돌","추돌","안전거리 미확보","단일로","기타단일로","화물차","화물차","945362","1894572","126.8855406","37.04812","N"
"2018","2018-03-26 16","주","월","1","0","0","0","0","전남","순천시","차량단독","기타","기타","안전운전 의무 불이행","단일로","기타단일로","원동기장치자전거","없음","995906.1","1685046.5","127.4550481","35.16066641","N"
"2018","2018-03-26 17","주","월","1","0","0","0","0","서울","동대문구","차대차","측면충돌","측면충돌","교차로 통행방법 위반","교차로","교차로내","화물차","자전거","961933","1954537","127.0688157","37.58944465","N"
"2018","2018-03-27 01","야","화","1","0","0","0","0","경남","창원시(통합)","차량단독","공작물충돌","공작물충돌","안전운전 의무 불이행","교차로","교차로내","이륜차","없음","1091792","1694954","128.5089304","35.24580625","N"
"2018","2018-03-27 10","주","화","1","0","0","0","0","광주","광산구","차대차","기타","기타","신호위반","교차로","교차로내","승용차","이륜차","936676","1687089","126.804555","35.17709588","N"
"2018","2018-03-27 13","주","화","1","0","0","0","0","경기","여주시","차대차","정면충돌","정면충돌","안전운전 의무 불이행","교차로","교차로내","화물차","화물차","1005010","1913631","127.5564715","37.22149982","N"
"2018","2018-03-27 14","주","화","1","0","0","0","0","충북","단양군","차대사람","횡단중","횡단중","보행자 보호의무 위반","단일로","기타단일로","승용차","보행자","1077344","1887557","128.3690681","36.98329405","N"
"2018","2018-03-27 14","주","화","1","0","0","0","0","전남","순천시","차대사람","차도통행중","차도통행중","안전운전 의무 불이행","단일로","기타단일로","승용차","보행자","998651.5","1663745.1","127.4852278","34.96859177","N"
"2018","2018-03-27 15","주","화","1","0","0","0","0","경기","평택시","차량단독","공작물충돌","공작물충돌","안전운전 의무 불이행","단일로","기타단일로","화물차","없음","954878","1884268","126.9931703","36.95574498","N"
"2018","2018-03-27 15","주","화","1","0","0","0","0","강원","춘천시","차량단독","도로이탈","도로이탈 추락","안전운전 의무 불이행","단일로","기타단일로","이륜차","없음","1024637","1991197.1","127.7803089","37.92032598","N"
"2018","2018-03-27 15","주","화","1","0","0","0","0","전남","함평군","차대사람","횡단중","횡단중","안전운전 의무 불이행","단일로","기타단일로","승용차","보행자","909577","1668873","126.5089679","35.01078723","N"
"2018","2018-03-27 15","주","화","1","0","0","0","0","경남","하동군","차대차","정면충돌","정면충돌","중앙선 침범","단일로","기타단일로","이륜차","화물차","1026944","1676036","127.7955555","35.07906456","N"
"2018","2018-03-27 23","야","화","1","0","0","0","0","경기","남양주시","차대사람","횡단중","횡단중","안전운전 의무 불이행","교차로","교차로내","승용차","보행자","973217","1955204","127.196603","37.59585429","N"
"2018","2018-03-28 13","주","수","1","0","0","0","0","경기","광주시","차량단독","공작물충돌","공작물충돌","안전운전 의무 불이행","단일로","기타단일로","승용차","없음","982588","1936586","127.3031978","37.42826432","N"
"2018","2018-03-28 13","주","수","1","1","1","0","0","강원","영월군","차대차","측면충돌","측면충돌","기타","교차로","교차로내","화물차","이륜차","1081373.8","1912936.4","128.4170965","37.21170171","N"
"2018","2018-03-28 14","주","수","1","0","0","0","0","부산","영도구","차대사람","횡단중","횡단중","안전운전 의무 불이행","단일로","기타단일로","건설기계","보행자","1142485","1678958","129.063207","35.09569471","N"
"2018","2018-03-28 15","주","수","1","0","0","0","0","부산","남구","차대사람","횡단중","횡단중","안전운전 의무 불이행","단일로","기타단일로","특수차","보행자","1146893.8","1681693.1","129.1120448","35.11971492","N"
"2018","2018-03-28 15","주","수","1","0","0","0","0","경기","화성시","차대사람","기타","기타","안전운전 의무 불이행","교차로","교차로부근","건설기계","보행자","945060","1907753","126.8811786","37.16691247","N"
"2018","2018-03-28 15","주","수","1","1","0","1","0","경남","창녕군","차대차","기타","기타","안전운전 의무 불이행","교차로","교차로내","농기계","이륜차","1101765","1710236","128.6204295","35.38261385","N"
"2018","2018-03-28 16","주","수","1","2","2","0","0","전남","여수시","차대사람","보도통행중","보도통행중","중앙선 침범","교차로","교차로부근","승합차","보행자","1014070.4","1639978.7","127.653735","34.7541786","N"
"2018","2018-03-28 20","야","수","1","0","0","0","0","경기","평택시","차대사람","차도통행중","차도통행중","안전운전 의무 불이행","단일로","기타단일로","승용차","보행자","960830","1901098","127.0591478","37.10771904","N"
"2018","2018-03-28 20","야","수","1","0","0","0","0","대전","유성구","차대사람","횡단중","횡단중","안전운전 의무 불이행","단일로","기타단일로","승용차","보행자","984254","1816570","127.3245216","36.34640306","N"
"2018","2018-03-28 23","야","수","1","0","0","0","0","경기","부천시","차대차","기타","기타","안전운전 의무 불이행","단일로","기타단일로","승용차","승용차","936687.2","1943560.3","126.7838202","37.48912181","N"
"2018","2018-03-29 00","야","목","1","0","0","0","0","경북","경산시","차량단독","전도","전도","안전운전 의무 불이행","단일로","기타단일로","이륜차","없음","1112305","1757479","128.7430191","35.80735114","N"
"2018","2018-03-29 08","주","목","1","0","0","0","0","충남","아산시","차대차","측면충돌","측면충돌","신호위반","교차로","교차로내","승용차","이륜차","958470","1876712","127.0339306","36.88779866","N"
"2018","2018-03-29 08","주","목","1","0","0","0","0","전남","장흥군","차대사람","횡단중","횡단중","보행자 보호의무 위반","단일로","기타단일로","승용차","보행자","945577.1","1631515.2","126.9059278","34.67650534","N"
"2018","2018-03-29 09","주","목","1","1","1","0","0","경기","파주시","차량단독","공작물충돌","공작물충돌","안전운전 의무 불이행","단일로","기타단일로","이륜차","없음","935581","1970384","126.7689454","37.73080101","N"
"2018","2018-03-29 10","주","목","1","1","1","0","0","전남","장흥군","차대차","측면충돌","측면충돌","안전운전 의무 불이행","교차로","교차로내","승용차","원동기장치자전거","945637","1631240.2","126.9065993","34.67402873","N"