"발생년","발생년월일시","주야","요일","사망자수","부상자수","중상자수","경상자수","부상신고자수","발생지시도","발생지시군구","사고유형_대분류","사고유형_중분류","사고유형","가해자법규위반","도로형태_대분류","도로형태","가해자_당사자종별","피해자_당사자종별","발생위치(X_UTMK)","발생위치(Y_UTMK)","경도","위도"," 어린이사고 여부"
"2018","2018-03-29 13","주","목","1","0","0","0","0","경기","가평군","차량단독","전도","전도","안전운전 의무 불이행","단일로","기타단일로","사륜오토바이(ATV)","없음","987514","1982770","127.358085","37.84462016","N"
"2018","2018-03-29 14","주","목","1","1","1","0","0","충북","음성군","차대차","측면충돌","측면충돌","안전운전 의무 불이행","교차로","교차로부근","승용차","화물차","1013278","1902149","127.6494622","37.11791837","N"
"2018","2018-03-29 18","야","목","1","0","0","0","0","경남","고성군","차대사람","차도통행중","차도통행중","안전운전 의무 불이행","단일로","기타단일로","화물차","보행자","1075172","1665063","128.3235545","34.97768395","N"
"2018","2018-03-29 19","야","목","1","0","0","0","0","강원","양구군","차대차","추돌","추돌","안전운전 의무 불이행","단일로","기타단일로","이륜차","화물차","1048233.5","2014466.8","128.0503373","38.12909729","N"
"2018","2018-03-29 19","야","목","1","0","0","0","0","울산","중구","차대사람","횡단중","횡단중","안전운전 의무 불이행","교차로","교차로부근","승용차","보행자","1167517","1729979","129.3481549","35.55165957","N"
"2018","2018-03-29 20","야","목","1","0","0","0","0","충남","청양군","차대사람","차도통행중","차도통행중","안전운전 의무 불이행","교차로","교차로내","승용차","보행자","937330","1827994","126.8006858","36.44747475","N"
"2018","2018-03-30 05","야","금","1","1","0","1","0","충남","천안시","차대차","측면충돌","측면충돌","신호위반","교차로","교차로내","화물차","화물차","971982","1879202","127.185474","36.91074262","N"
"2018","2018-03-30 09","주","금","3","1","1","0","0","충남","아산시","차대차","추돌","추돌","안전운전 의무 불이행","단일로","기타단일로","화물차","특수차","955119","1880443","126.9961043","36.92127729","N"
"2018","2018-03-30 10","주","금","1","0","0","0","0","대구","북구","차대사람","횡단중","횡단중","보행자 보호의무 위반","교차로","교차로횡단보도내","승합차","보행자","1098958","1770308","128.5969098","35.92443466","N"
"2018","2018-03-30 10","주","금","1","0","0","0","0","경기","의정부시","차대차","측면충돌","측면충돌","기타","교차로","교차로부근","화물차","이륜차","960810","1970970","127.0552129","37.73751051","N"
"2018","2018-03-30 13","주","금","1","0","0","0","0","전남","무안군","차량단독","전도","전도","안전운전 의무 불이행","교차로","교차로부근","농기계","없음","897861","1675198.7","126.3798035","35.06670132","N"
"2018","2018-03-30 14","주","금","1","0","0","0","0","충남","서산시","차대사람","횡단중","횡단중","보행자 보호의무 위반","교차로","교차로부근","승합차","보행자","907184","1866381","126.4596994","36.79103261","N"
"2018","2018-03-30 15","주","금","1","0","0","0","0","경북","문경시","차량단독","도로이탈","도로이탈 추락","안전운전 의무 불이행","단일로","기타단일로","승용차","없음","1056496","1850960","128.1321082","36.6548869","N"
"2018","2018-03-30 17","주","금","1","0","0","0","0","경남","통영시","차대차","측면충돌","측면충돌","기타","교차로","교차로내","이륜차","승용차","1083932","1649985","128.4180006","34.84104568","N"
"2018","2018-03-30 19","야","금","1","0","0","0","0","충남","금산군","차량단독","공작물충돌","공작물충돌","안전거리 미확보","교차로","교차로부근","화물차","없음","993753","1792633","127.4305724","36.13070573","N"
"2018","2018-03-30 21","야","금","1","1","0","1","0","대전","유성구","차량단독","공작물충돌","공작물충돌","안전운전 의무 불이행","단일로","기타단일로","승용차","없음","987608","1821520","127.3618207","36.39107813","N"
"2018","2018-03-30 23","야","금","1","0","0","0","0","부산","해운대구","차대사람","횡단중","횡단중","안전운전 의무 불이행","단일로","기타단일로","승용차","보행자","1150105","1686355","129.1481194","35.16126118","N"
"2018","2018-03-30 23","야","금","1","0","0","0","0","경기","포천시","차대사람","횡단중","횡단중","안전운전 의무 불이행","단일로","기타단일로","화물차","보행자","970025","1982896","127.1593034","37.8453485","N"
"2018","2018-03-31 02","야","토","2","1","1","0","0","충남","부여군","차량단독","도로이탈","도로이탈 추락","과속","단일로","기타단일로","승용차","없음","942847","1790245","126.8650069","36.10751351","N"
"2018","2018-03-31 09","주","토","1","0","0","0","0","부산","강서구","차대사람","기타","기타","과속","교차로","교차로부근","승용차","보행자","1132840.6","1686276.4","128.9586057","35.162983","N"
"2018","2018-03-31 11","주","토","2","0","0","0","0","강원","홍천군","차량단독","공작물충돌","공작물충돌","안전운전 의무 불이행","단일로","기타단일로","승용차","없음","1057800","1969754","128.155894","37.72556487","N"
"2018","2018-03-31 12","주","토","1","5","1","4","0","전남","장흥군","차대차","정면충돌","정면충돌","과속","교차로","교차로내","승용차","승용차","947461.9","1631678","126.926491","34.67807192","N"
"2018","2018-03-31 12","주","토","1","6","2","4","0","경남","창녕군","차대차","정면충돌","정면충돌","중앙선 침범","단일로","기타단일로","승용차","승합차","1092447","1719117","128.5188615","35.46358722","Y"
"2018","2018-03-31 12","주","토","1","0","0","0","0","광주","북구","차대차","측면충돌","측면충돌","기타","단일로","기타단일로","승용차","이륜차","946462","1686629","126.9120525","35.17351756","N"
"2018","2018-03-31 13","주","토","1","0","0","0","0","부산","남구","차대사람","횡단중","횡단중","안전운전 의무 불이행","단일로","기타단일로","이륜차","보행자","1147458","1682340","129.1183496","35.12546335","N"
"2018","2018-03-31 13","주","토","1","0","0","0","0","대전","중구","차대차","측면충돌","측면충돌","신호위반","단일로","기타단일로","화물차","자전거","990346","1814354","127.3924401","36.32650529","N"
"2018","2018-03-31 15","주","토","1","0","0","0","0","충남","보령시","차대차","추돌","추돌","안전운전 의무 불이행","단일로","고가도로위","화물차","화물차","920344","1819206","126.6120649","36.3669968","N"
"2018","2018-03-31 16","주","토","1","0","0","0","0","경기","광명시","차대차","측면충돌","측면충돌","안전거리 미확보","단일로","기타단일로","자전거","승용차","942484","1935207","126.85004","37.41421149","N"
"2018","2018-03-31 20","야","토","1","0","0","0","0","충남","아산시","차대사람","횡단중","횡단중","안전운전 의무 불이행","단일로","기타단일로","승용차","보행자","963208","1870568","127.0873992","36.83261079","N"
"2018","2018-03-31 22","야","토","1","1","1","0","0","경북","경산시","차대차","추돌","추돌","안전운전 의무 불이행","단일로","기타단일로","승용차","이륜차","1119225","1763049","128.8204253","35.85674175","N"
"2018","2018-04-01 00","야","일","1","0","0","0","0","서울","동대문구","차대사람","기타","기타","안전운전 의무 불이행","교차로","교차로부근","승용차","보행자","962100","1952641","127.0708053","37.57236235","N"
"2018","2018-04-01 03","야","일","1","0","0","0","0","대구","수성구","차량단독","공작물충돌","공작물충돌","안전운전 의무 불이행","단일로","기타단일로","이륜차","없음","1106449","1762898","128.6789385","35.8568522","N"
"2018","2018-04-01 04","야","일","1","0","0","0","0","대구","중구","차대사람","기타","기타","안전운전 의무 불이행","교차로","교차로부근","승용차","보행자","1099207.9","1763112.7","128.5987827","35.8595477","N"
"2018","2018-04-01 10","주","일","1","0","0","0","0","전남","영광군","차량단독","도로이탈","도로이탈 추락","안전운전 의무 불이행","단일로","기타단일로","승용차","없음","912308","1698455","126.535755","35.27773774","N"
"2018","2018-04-01 13","주","일","1","1","1","0","0","충남","논산시","차량단독","공작물충돌","공작물충돌","안전운전 의무 불이행","단일로","기타단일로","화물차","없음","966732","1792078","127.1302947","36.12515161","N"
"2018","2018-04-01 15","주","일","1","0","0","0","0","충남","당진시","차량단독","전도","전도","안전운전 의무 불이행","단일로","기타단일로","승용차","없음","929084","1877265","126.7041182","36.8910323","N"
"2018","2018-04-01 17","주","일","1","0","0","0","0","충북","청주시","차량단독","전도","전도","안전운전 의무 불이행","단일로","기타단일로","화물차","없음","1019274","1847851","127.7155752","36.62834158","N"
"2018","2018-04-01 19","야","일","1","0","0","0","0","울산","남구","차대사람","횡단중","횡단중","보행자 보호의무 위반","기타","기타","승용차","보행자","1162276","1729239","129.2902102","35.54586283","N"
"2018","2018-04-02 00","야","월","2","0","0","0","0","경기","화성시","차대차","기타","기타","안전운전 의무 불이행","교차로","교차로부근","승용차","특수차","948962","1897613","126.9258178","37.07573398","N"
"2018","2018-04-02 01","야","월","1","0","0","0","0","서울","서대문구","차대차","정면충돌","정면충돌","중앙선 침범","단일로","기타단일로","이륜차","승용차","950673","1954890","126.941255","37.59209147","N"
"2018","2018-04-02 05","야","월","1","0","0","0","0","경기","파주시","차대사람","횡단중","횡단중","안전운전 의무 불이행","단일로","기타단일로","승용차","보행자","937470","1985569","126.7890706","37.86778702","N"
"2018","2018-04-02 07","주","월","1","21","2","19","0","경기","화성시","차대차","추돌","추돌","안전운전 의무 불이행","교차로","교차로부근","건설기계","승용차","935809","1912242","126.7766003","37.20678382","N"
"2018","2018-04-02 13","주","월","1","0","0","0","0","세종","세종시","차대차","측면충돌","측면충돌","안전운전 의무 불이행","단일로","기타단일로","이륜차","화물차","981431","1842270","127.2924448","36.57804302","N"
"2018","2018-04-02 14","주","월","1","0","0","0","0","충북","청주시","차량단독","공작물충돌","공작물충돌","안전운전 의무 불이행","단일로","기타단일로","화물차","없음","1000233","1835883","127.5026024","36.52064415","N"
"2018","2018-04-02 14","주","월","1","0","0","0","0","대구","동구","차량단독","기타","기타","안전운전 의무 불이행","단일로","기타단일로","승용차","없음","1104956","1774087","128.6638827","35.95787341","N"
"2018","2018-04-02 14","주","월","1","0","0","0","0","광주","광산구","차대사람","기타","기타","안전운전 의무 불이행","교차로","교차로횡단보도내","화물차","보행자","938999","1687246","126.8300538","35.17865526","N"
"2018","2018-04-02 17","주","월","1","0","0","0","0","충남","태안군","차량단독","기타","기타","안전운전 의무 불이행","단일로","기타단일로","화물차","없음","894341","1861446","126.3164625","36.74520824","N"
"2018","2018-04-02 20","야","월","1","0","0","0","0","경남","함안군","차대차","추돌","추돌","안전운전 의무 불이행","단일로","기타단일로","승용차","자전거","1082609","1694556","128.4079675","35.24301724","N"
"2018","2018-04-02 21","야","월","1","0","0","0","0","경기","안산시","차대사람","횡단중","횡단중","안전운전 의무 불이행","단일로","기타단일로","승합차","보행자","922342","1915569","126.6245024","37.23574624","N"
"2018","2018-04-02 23","야","월","1","0","0","0","0","강원","인제군","차대사람","차도통행중","차도통행중","안전운전 의무 불이행","단일로","기타단일로","승합차","보행자","1059941","2008475","128.1834072","38.07439689","N"
"2018","2018-04-03 16","주","화","1","0","0","0","0","충남","예산군","차대차","기타","기타","기타","교차로","교차로내","이륜차","농기계","930305","1859050","126.7194886","36.72693547","N"
"2018","2018-04-03 17","주","화","1","0","0","0","0","충북","진천군","차대차","기타","기타","기타","교차로","교차로내","농기계","원동기장치자전거","1003639","1864868","127.5407825","36.78193579","N"
"2018","2018-04-03 20","야","화","1","0","0","0","0","경기","평택시","차대사람","횡단중","횡단중","중앙선 침범","단일로","기타단일로","화물차","보행자","963835","1890866","127.0934602","37.01560761","N"
"2018","2018-04-03 20","야","화","1","0","0","0","0","충북","청주시","차량단독","공작물충돌","공작물충돌","안전운전 의무 불이행","교차로","교차로내","이륜차","없음","983401","1843061","127.3144473","36.58521021","N"
"2018","2018-04-03 20","야","화","1","1","1","0","0","광주","북구","차대사람","횡단중","횡단중","신호위반","교차로","교차로내","이륜차","보행자","946203.8","1684773.3","126.9093381","35.15677144","N"
"2018","2018-04-04 02","야","수","1","0","0","0","0","경기","용인시","차대차","기타","기타","안전운전 의무 불이행","단일로","기타단일로","화물차","화물차","979038","1916425","127.2636437","37.24646272","N"
"2018","2018-04-04 05","야","수","1","0","0","0","0","경기","이천시","차대차","추돌","추돌","안전운전 의무 불이행","단일로","기타단일로","승합차","화물차","1000193","1916207","127.5021761","37.24473352","N"
"2018","2018-04-04 05","야","수","1","2","0","2","0","충북","괴산군","차대차","추돌","추돌","안전운전 의무 불이행","단일로","기타단일로","화물차","화물차","1045118","1861366","128.0054238","36.74929964","N"
"2018","2018-04-04 05","야","수","1","0","0","0","0","전남","여수시","차대사람","차도통행중","차도통행중","안전운전 의무 불이행","단일로","기타단일로","화물차","보행자","1018609","1654930.7","127.7036556","34.88893781","N"
"2018","2018-04-04 08","주","수","1","1","0","1","0","부산","남구","차대차","측면충돌","측면충돌","안전운전 의무 불이행","단일로","교량위","특수차","승용차","1142727.6","1684246","129.0667803","35.14332579","N"
"2018","2018-04-04 13","주","수","1","11","0","1","10","충남","서산시","차대차","측면충돌","측면충돌","교차로 통행방법 위반","교차로","교차로내","승합차","화물차","913685","1851740","126.5342081","36.65968","N"
"2018","2018-04-04 14","주","수","1","0","0","0","0","전남","영암군","차량단독","공작물충돌","공작물충돌","안전운전 의무 불이행","단일로","기타단일로","화물차","없음","902737.7","1639592.1","126.4374238","34.74615368","N"
"2018","2018-04-04 19","야","수","1","0","0","0","0","충남","보령시","차대사람","횡단중","횡단중","안전운전 의무 불이행","단일로","기타단일로","화물차","보행자","919076","1829245","126.5968849","36.45738448","N"
"2018","2018-04-04 19","야","수","1","0","0","0","0","전남","여수시","차량단독","전복","전복","안전운전 의무 불이행","단일로","기타단일로","화물차","없음","1012550.6","1646101.7","127.6372209","34.80941406","N"
"2018","2018-04-04 21","야","수","1","1","1","0","0","충남","당진시","차대사람","차도통행중","차도통행중","기타","단일로","기타단일로","화물차","보행자","916814","1892117","126.5647932","37.02389568","N"
"2018","2018-04-04 21","야","수","1","0","0","0","0","경북","의성군","차량단독","도로이탈","도로이탈 기타","안전운전 의무 불이행","단일로","기타단일로","이륜차","없음","1078445","1819395","128.3744564","36.36880007","N"
"2018","2018-04-04 22","야","수","1","2","2","0","0","강원","횡성군","차대사람","횡단중","횡단중","안전운전 의무 불이행","단일로","기타단일로","승합차","보행자","1042781","1943560","127.9839382","37.49029872","N"
"2018","2018-04-04 22","야","수","1","0","0","0","0","충북","청주시","차대사람","횡단중","횡단중","과속","단일로","지하차도(도로)내","승용차","보행자","997747","1846014","127.474806","36.61197338","N"
"2018","2018-04-05 00","야","목","1","0","0","0","0","경북","칠곡군","차량단독","기타","기타","안전운전 의무 불이행","단일로","기타단일로","승용차","없음","1081288","1780556","128.4021196","36.01844871","N"
"2018","2018-04-05 05","야","목","1","0","0","0","0","강원","고성군","차대사람","횡단중","횡단중","안전운전 의무 불이행","기타","기타","승용차","보행자","1088115.7","2040019.9","128.5085138","38.35634692","N"
"2018","2018-04-05 05","야","목","1","0","0","0","0","충남","아산시","차대사람","기타","기타","안전운전 의무 불이행","교차로","교차로부근","승용차","보행자","956744","1862719","127.0153574","36.761583","N"
"2018","2018-04-05 07","주","목","1","1","1","0","0","부산","해운대구","차량단독","도로이탈","도로이탈 기타","안전운전 의무 불이행","단일로","기타단일로","이륜차","없음","1147744","1687798","129.1224639","35.1746176","N"
"2018","2018-04-05 09","주","목","2","37","8","29","0","울산","북구","차대차","측면충돌","측면충돌","안전운전 의무 불이행","단일로","기타단일로","승용차","승합차","1172108","1726701","129.398085","35.52133243","N"
"2018","2018-04-05 11","주","목","1","0","0","0","0","경기","김포시","차대차","추돌","추돌","안전운전 의무 불이행","교차로","교차로부근","이륜차","화물차","930815","1960035.2","126.7158458","37.63718424","N"
"2018","2018-04-05 14","주","목","1","1","0","1","0","인천","강화군","차량단독","공작물충돌","공작물충돌","안전운전 의무 불이행","단일로","기타단일로","승용차","없음","899322","1963644","126.358456","37.66679344","N"
"2018","2018-04-05 16","주","목","1","0","0","0","0","경북","경주시","차대사람","길가장자리구역통행중","길가장자리구역통행중","안전운전 의무 불이행","교차로","교차로부근","승합차","보행자","1153575","1751908","129.198581","35.75155406","Y"
"2018","2018-04-05 21","야","목","1","0","0","0","0","경북","경산시","차대사람","횡단중","횡단중","보행자 보호의무 위반","단일로","기타단일로","승용차","보행자","1111129","1758938","128.7302084","35.82063664","N"
"2018","2018-04-05 22","야","목","1","0","0","0","0","서울","서초구","차대사람","횡단중","횡단중","안전운전 의무 불이행","단일로","기타단일로","화물차","보행자","959439.6","1942418.3","127.0412434","37.48010834","N"
"2018","2018-04-06 00","야","금","1","0","0","0","0","대구","동구","차대사람","길가장자리구역통행중","길가장자리구역통행중","안전운전 의무 불이행","단일로","기타단일로","승용차","보행자","1103000","1765894","128.6411345","35.88422789","N"
"2018","2018-04-06 00","야","금","2","0","0","0","0","경기","의정부시","차량단독","공작물충돌","공작물충돌","안전운전 의무 불이행","교차로","교차로내","승용차","없음","962096","1970948","127.0698091","37.73736639","N"
"2018","2018-04-06 01","야","금","1","0","0","0","0","서울","강남구","차대사람","횡단중","횡단중","안전운전 의무 불이행","교차로","교차로부근","승용차","보행자","958084","1946742","127.0256649","37.51901887","N"
"2018","2018-04-06 01","야","금","1","0","0","0","0","경기","고양시","차대사람","횡단중","횡단중","과속","단일로","기타단일로","승용차","보행자","935724","1964835","126.7710581","37.68080003","N"
"2018","2018-04-06 03","야","금","1","0","0","0","0","부산","중구","차량단독","공작물충돌","공작물충돌","안전운전 의무 불이행","교차로","교차로부근","승용차","없음","1140146","1680698.7","129.0378488","35.11171352","N"
"2018","2018-04-06 07","주","금","1","0","0","0","0","울산","북구","차량단독","전도","전도","안전운전 의무 불이행","단일로","기타단일로","승용차","없음","1176353","1741137","129.4480264","35.65067462","N"
"2018","2018-04-06 10","주","금","1","0","0","0","0","강원","횡성군","차량단독","공작물충돌","공작물충돌","안전운전 의무 불이행","단일로","기타단일로","이륜차","없음","1046441","1948514","128.0256516","37.5347736","N"
"2018","2018-04-06 12","주","금","1","0","0","0","0","서울","동대문구","차대차","측면충돌","측면충돌","기타","교차로","교차로내","승용차","이륜차","960377","1953845","127.0512288","37.58314178","N"
"2018","2018-04-06 15","주","금","1","0","0","0","0","경기","안양시","차대사람","횡단중","횡단중","안전운전 의무 불이행","교차로","교차로부근","화물차","보행자","953694","1933762","126.9768039","37.40181564","N"
"2018","2018-04-06 23","야","금","1","0","0","0","0","충북","옥천군","차량단독","공작물충돌","공작물충돌","안전운전 의무 불이행","단일로","기타단일로","승용차","없음","1022579","1815959","127.7516092","36.34075861","N"
"2018","2018-04-07 05","야","토","1","0","0","0","0","전북","전주시","차대사람","횡단중","횡단중","과속","교차로","교차로내","승용차","보행자","966468","1755417","127.1289105","35.79461376","N"
"2018","2018-04-07 05","야","토","2","0","0","0","0","충남","보령시","차대차","추돌","추돌","안전운전 의무 불이행","단일로","기타단일로","화물차","화물차","915482","1819390","126.557854","36.36824035","N"
"2018","2018-04-07 15","주","토","1","0","0","0","0","경기","평택시","차대사람","횡단중","횡단중","안전운전 의무 불이행","단일로","기타단일로","화물차","보행자","943515","1887886","126.8652718","36.98774403","N"
"2018","2018-04-07 17","주","토","1","0","0","0","0","대전","유성구","차대사람","횡단중","횡단중","보행자 보호의무 위반","교차로","교차로횡단보도내","승용차","보행자","989792","1826424","127.3861092","36.43531487","N"
"2018","2018-04-07 18","야","토","1","0","0","0","0","경기","평택시","차대사람","횡단중","횡단중","보행자 보호의무 위반","교차로","교차로내","승용차","보행자","963602","1888821","127.0909399","36.99716459","N"
"2018","2018-04-07 19","야","토","1","0","0","0","0","서울","금천구","차대사람","횡단중","횡단중","안전운전 의무 불이행","단일로","기타단일로","화물차","보행자","947008","1939510","126.9008518","37.4532656","N"
"2018","2018-04-07 23","야","토","1","0","0","0","0","경북","영천시","차대사람","횡단중","횡단중","안전운전 의무 불이행","단일로","기타단일로","승합차","보행자","1126861","1789644","128.9092277","36.0954902","N"
"2018","2018-04-08 09","주","일","1","0","0","0","0","서울","강동구","차대사람","길가장자리구역통행중","길가장자리구역통행중","안전운전 의무 불이행","단일로","지하차도(도로)내","승용차","보행자","967868","1947946","127.1363288","37.53026381","N"
"2018","2018-04-08 17","주","일","1","0","0","0","0","전남","순천시","차량단독","도로이탈","도로이탈 추락","안전운전 의무 불이행","단일로","기타단일로","농기계","없음","973998","1676631","127.2147588","35.08445454","N"
"2018","2018-04-08 18","야","일","1","0","0","0","0","제주","제주시","차대차","기타","기타","안전운전 의무 불이행","단일로","기타단일로","이륜차","승용차","912604","1498806","126.5593583","33.47750541","N"
"2018","2018-04-08 19","야","일","1","0","0","0","0","경기","안산시","차대사람","횡단중","횡단중","안전운전 의무 불이행","단일로","기타단일로","화물차","보행자","937071","1924311","126.7898007","37.3156518","N"
"2018","2018-04-08 19","야","일","1","0","0","0","0","전남","영암군","차대차","추돌","추돌","안전운전 의무 불이행","단일로","기타단일로","화물차","건설기계","920408","1641583.3","126.6302591","34.76563911","N"
"2018","2018-04-08 20","야","일","1","0","0","0","0","강원","정선군","차량단독","공작물충돌","공작물충돌","안전운전 의무 불이행","단일로","기타단일로","화물차","없음","1116673","1914274","128.8150526","37.22000816","N"
"2018","2018-04-09 00","야","월","1","2","2","0","0","인천","남동구","차대차","측면충돌","측면충돌","중앙선 침범","단일로","기타단일로","승용차","승용차","929271","1938663","126.7004072","37.44444494","N"
"2018","2018-04-09 06","주","월","1","6","6","0","0","경기","포천시","차량단독","공작물충돌","공작물충돌","안전운전 의무 불이행","교차로","교차로부근","화물차","없음","979112","1980290","127.2626608","37.82211393","N"
"2018","2018-04-09 07","주","월","1","0","0","0","0","전북","남원시","차대차","측면충돌","측면충돌","안전운전 의무 불이행","교차로","교차로내","이륜차","농기계","985146.9","1705174.1","127.3365462","35.34205615","N"
"2018","2018-04-09 10","주","월","1","1","1","0","0","경기","안산시","차대차","기타","기타","안전운전 의무 불이행","단일로","기타단일로","건설기계","승용차","916715","1914444","126.5611982","37.22512082","N"
"2018","2018-04-09 11","주","월","1","0","0","0","0","제주","제주시","차대사람","횡단중","횡단중","보행자 보호의무 위반","단일로","기타단일로","승용차","보행자","910900","1502135","126.5406893","33.50738711","N"
"2018","2018-04-09 13","주","월","1","0","0","0","0","경북","경주시","차대차","측면충돌","측면충돌","기타","교차로","교차로부근","화물차","기타","1158804","1777966","129.2615825","35.98555528","N"
"2018","2018-04-09 13","주","월","1","0","0","0","0","경기","가평군","차대사람","기타","기타","안전운전 의무 불이행","단일로","기타단일로","화물차","보행자","987928","1974047","127.3629359","37.76600383","N"
"2018","2018-04-09 14","주","월","1","0","0","0","0","충남","부여군","차대사람","횡단중","횡단중","안전운전 의무 불이행","교차로","교차로내","승용차","보행자","949880","1808711","126.9419629","36.27437734","N"
"2018","2018-04-09 16","주","월","1","0","0","0","0","경기","시흥시","차대사람","횡단중","횡단중","안전운전 의무 불이행","교차로","교차로내","승용차","보행자","931966","1929778","126.7316898","37.36456663","Y"
"2018","2018-04-09 17","주","월","1","0","0","0","0","부산","사하구","차대차","측면충돌","측면충돌","안전거리 미확보","단일로","기타단일로","이륜차","승합차","1133391","1679982","128.9636314","35.10617056","N"
"2018","2018-04-09 17","주","월","1","0","0","0","0","충남","금산군","차대사람","횡단중","횡단중","신호위반","교차로","교차로내","승용차","보행자","997592","1797782","127.4732223","36.17714476","N"
"2018","2018-04-09 20","야","월","1","0","0","0","0","제주","제주시","차량단독","전도","전도","안전운전 의무 불이행","교차로","교차로내","원동기장치자전거","없음","906431","1500351","126.4927658","33.49091665","N"
"2018","2018-04-09 23","야","월","1","0","0","0","0","전북","군산시","차대사람","기타","기타","안전운전 의무 불이행","단일로","기타단일로","승용차","보행자","935163.2","1773738.8","126.7809962","35.95822427","N"
"2018","2018-04-10 04","야","화","1","0","0","0","0","충북","청주시","차량단독","기타","기타","안전운전 의무 불이행","단일로","기타단일로","이륜차","없음","997503","1848613","127.4720691","36.63540275","N"
"2018","2018-04-10 09","주","화","1","0","0","0","0","경북","경산시","차대차","추돌","추돌","중앙선 침범","단일로","기타단일로","이륜차","승합차","1112212","1759718","128.7423044","35.82754434","N"
"2018","2018-04-10 11","주","화","1","0","0","0","0","서울","마포구","차대사람","기타","기타","안전운전 의무 불이행","단일로","기타단일로","승합차","보행자","948811","1950711","126.9204563","37.55432403","N"
"2018","2018-04-10 13","주","화","1","0","0","0","0","경북","상주시","차대차","측면충돌","측면충돌","안전운전 의무 불이행","교차로","교차로내","승용차","이륜차","1063243","1825705","128.2055209","36.42680271","N"
"2018","2018-04-10 15","주","화","1","0","0","0","0","경기","수원시","차대차","측면충돌","측면충돌","안전거리 미확보","단일로","기타단일로","자전거","화물차","955437","1917833","126.997454","37.25832385","N"
"2018","2018-04-10 20","야","화","1","0","0","0","0","경기","성남시","차대사람","보도통행중","보도통행중","보행자 보호의무 위반","교차로","교차로횡단보도내","승합차","보행자","966117","1932588","127.1172176","37.39177142","N"
"2018","2018-04-10 21","야","화","1","0","0","0","0","서울","강북구","차대사람","기타","기타","안전운전 의무 불이행","교차로","교차로부근","승용차","보행자","956819","1960804","127.0105211","37.6457043","N"
"2018","2018-04-10 21","야","화","1","0","0","0","0","경기","화성시","차량단독","기타","기타","안전운전 의무 불이행","기타","기타","자전거","없음","959412","1914822","127.0424436","37.23136517","N"
"2018","2018-04-10 22","야","화","1","0","0","0","0","충남","천안시","차대차","측면충돌","측면충돌","교차로 통행방법 위반","교차로","교차로내","승용차","이륜차","966214","1867122","127.1212622","36.80165899","N"
"2018","2018-04-10 23","야","화","1","2","2","0","0","경기","여주시","차대차","측면충돌","측면충돌","안전운전 의무 불이행","단일로","기타단일로","승용차","승용차","1007033","1922287","127.5793561","37.29951215","N"
"2018","2018-04-11 00","야","수","1","0","0","0","0","경기","성남시","차대사람","기타","기타","안전운전 의무 불이행","단일로","기타단일로","화물차","보행자","967936","1938211","127.1375226","37.44251969","N"
"2018","2018-04-11 02","야","수","1","0","0","0","0","경기","시흥시","차대사람","길가장자리구역통행중","길가장자리구역통행중","안전운전 의무 불이행","단일로","기타단일로","승용차","보행자","935575","1936501","126.7718573","37.42541939","N"
"2018","2018-04-11 08","주","수","1","0","0","0","0","강원","횡성군","차대차","측면충돌","측면충돌","교차로 통행방법 위반","교차로","교차로내","농기계","원동기장치자전거","1053962","1951452","128.1109915","37.56084445","N"
"2018","2018-04-11 08","주","수","1","0","0","0","0","전북","고창군","차대차","측면충돌","측면충돌","안전운전 의무 불이행","교차로","교차로횡단보도내","승용차","자전거","919093.4","1720625.2","126.6081607","35.47819115","N"
"2018","2018-04-11 15","주","수","1","0","0","0","0","강원","영월군","차량단독","전도","전도","안전운전 의무 불이행","단일로","기타단일로","사륜오토바이(ATV)","없음","1078984","1908461","128.3896926","37.17157018","N"
"2018","2018-04-11 18","야","수","1","0","0","0","0","전남","나주시","차량단독","기타","기타","안전운전 의무 불이행","단일로","기타단일로","원동기장치자전거","없음","916727.8","1669374.7","126.5872809","35.01592527","N"
"2018","2018-04-11 22","야","수","1","0","0","0","0","전남","여수시","차대사람","횡단중","횡단중","신호위반","단일로","기타단일로","승용차","보행자","1014154.7","1642026.7","127.6546905","34.77264581","N"
"2018","2018-04-11 23","야","수","1","0","0","0","0","대전","서구","차대차","기타","기타","중앙선 침범","단일로","기타단일로","승용차","이륜차","989187","1817375","127.3794852","36.35372853","N"
"2018","2018-04-12 02","야","목","1","0","0","0","0","인천","연수구","차대사람","횡단중","횡단중","안전운전 의무 불이행","단일로","기타단일로","승용차","보행자","926891","1935505","126.6738167","37.41579733","N"
"2018","2018-04-12 03","야","목","1","0","0","0","0","강원","영월군","차량단독","도로이탈","도로이탈 추락","안전운전 의무 불이행","단일로","지하차도(도로)내","승용차","없음","1105828","1905771","128.6916365","37.14467151","N"
"2018","2018-04-12 07","주","목","1","3","1","2","0","충북","진천군","차대차","기타","기타","안전거리 미확보","교차로","교차로부근","승용차","승용차","1000971","1863466","127.5108803","36.76930358","N"
"2018","2018-04-12 10","주","목","1","0","0","0","0","충북","진천군","차량단독","전복","전복","안전운전 의무 불이행","단일로","기타단일로","특수차","없음","997806","1874640","127.4753835","36.87003183","N"
"2018","2018-04-12 10","주","목","1","0","0","0","0","전남","나주시","차량단독","전도","전도","안전운전 의무 불이행","단일로","기타단일로","이륜차","없음","928717.4","1667952.1","126.7188052","35.00401536","N"