"발생년","발생년월일시","주야","요일","사망자수","부상자수","중상자수","경상자수","부상신고자수","발생지시도","발생지시군구","사고유형_대분류","사고유형_중분류","사고유형","가해자법규위반","도로형태_대분류","도로형태","가해자_당사자종별","피해자_당사자종별","발생위치(X_UTMK)","발생위치(Y_UTMK)","경도","위도"," 어린이사고 여부"
"2018","2018-04-27 13","주","금","1","0","0","0","0","대전","동구","차대차","기타","기타","안전거리 미확보","교차로","교차로부근","이륜차","승용차","995418","1812508","127.4489605","36.30990024","N"
"2018","2018-04-27 15","주","금","1","9","2","7","0","경북","상주시","차대차","추돌","추돌","안전운전 의무 불이행","단일로","기타단일로","승합차","승용차","1037780","1827594","127.9215643","36.44517271","Y"
"2018","2018-04-27 16","주","금","1","0","0","0","0","서울","송파구","차대차","측면충돌","측면충돌","안전운전 의무 불이행","단일로","기타단일로","승용차","승용차","965204","1946065","127.1062673","37.51321287","N"
"2018","2018-04-27 22","야","금","1","0","0","0","0","경북","청도군","차대사람","차도통행중","차도통행중","과속","단일로","기타단일로","승용차","보행자","1133136","1745236","128.9714856","35.69439625","N"
"2018","2018-04-28 01","야","토","1","0","0","0","0","서울","은평구","차대사람","기타","기타","안전운전 의무 불이행","교차로","교차로부근","승용차","보행자","949230","1955207","126.9248883","37.59487011","N"
"2018","2018-04-28 01","야","토","1","0","0","0","0","강원","원주시","차량단독","공작물충돌","공작물충돌","안전운전 의무 불이행","교차로","교차로내","승용차","없음","1040907.5","1935362.5","127.9622909","37.41649592","N"
"2018","2018-04-28 02","야","토","1","0","0","0","0","서울","성북구","차대차","기타","기타","신호위반","교차로","교차로부근","이륜차","이륜차","958854","1955803.8","127.0338697","37.60073005","N"
"2018","2018-04-28 05","야","토","1","0","0","0","0","경북","영덕군","차대차","정면충돌","정면충돌","안전운전 의무 불이행","교차로","교차로내","이륜차","승용차","1168712","1819433","129.380347","36.35754404","N"
"2018","2018-04-28 07","주","토","1","4","4","0","0","경기","용인시","차대차","기타","기타","안전운전 의무 불이행","단일로","기타단일로","승용차","승합차","980836","1915758","127.283934","37.24048912","Y"
"2018","2018-04-28 08","주","토","1","0","0","0","0","부산","영도구","차대차","측면충돌","측면충돌","중앙선 침범","단일로","기타단일로","이륜차","화물차","1141010.7","1678090.7","129.04689","35.08808429","N"
"2018","2018-04-28 09","주","토","1","0","0","0","0","경기","김포시","차대차","측면충돌","측면충돌","신호위반","교차로","교차로내","건설기계","승용차","917737","1961263","126.5674959","37.64717127","N"
"2018","2018-04-28 10","주","토","1","0","0","0","0","전남","담양군","차대차","기타","기타","과속","교차로","교차로내","승용차","원동기장치자전거","945066","1697916","126.8959688","35.2752126","N"
"2018","2018-04-28 11","주","토","1","0","0","0","0","경북","울릉군","차량단독","전도","전도","안전운전 의무 불이행","단일로","기타단일로","사륜오토바이(ATV)","없음","1293632","1947493","130.8206316","37.48004243","N"
"2018","2018-04-28 13","주","토","1","2","0","2","0","경북","고령군","차량단독","공작물충돌","공작물충돌","안전운전 의무 불이행","단일로","기타단일로","승용차","없음","1072494","1754294","128.302142","35.78238577","N"
"2018","2018-04-28 15","주","토","1","4","0","4","0","경기","이천시","차대차","추돌","추돌","안전운전 의무 불이행","단일로","기타단일로","화물차","화물차","992913","1916794","127.420087","37.24999782","N"
"2018","2018-04-28 17","주","토","1","0","0","0","0","충남","금산군","차대차","측면충돌","측면충돌","교차로 통행방법 위반","교차로","교차로내","화물차","이륜차","1001035","1790508","127.5114999","36.11156681","N"
"2018","2018-04-28 18","야","토","1","0","0","0","0","강원","횡성군","차량단독","도로이탈","도로이탈 추락","안전운전 의무 불이행","단일로","기타단일로","농기계","없음","1065874","1945958","128.2453641","37.51055288","N"
"2018","2018-04-28 19","야","토","2","2","1","1","0","충남","천안시","차대차","측면충돌","측면충돌","신호위반","교차로","교차로내","승합차","승용차","970105","1865677","127.1649359","36.78876381","N"
"2018","2018-04-28 20","야","토","1","0","0","0","0","인천","강화군","차량단독","전복","전복","안전운전 의무 불이행","단일로","기타단일로","이륜차","없음","910909.2","1963679.6","126.4898139","37.66831259","N"
"2018","2018-04-28 21","야","토","1","0","0","0","0","서울","구로구","차대사람","횡단중","횡단중","안전운전 의무 불이행","단일로","기타단일로","승용차","보행자","944428","1944194","126.8713293","37.49533177","N"
"2018","2018-04-28 21","야","토","1","0","0","0","0","충남","당진시","차대사람","기타","기타","안전운전 의무 불이행","단일로","기타단일로","승용차","보행자","931643","1874312","126.7331014","36.86460341","N"
"2018","2018-04-28 21","야","토","1","0","0","0","0","전남","여수시","차대차","측면충돌","측면충돌","신호위반","교차로","교차로내","원동기장치자전거","승용차","1016858","1638887","127.6841706","34.74429165","N"
"2018","2018-04-28 22","야","토","1","0","0","0","0","경기","용인시","차대사람","횡단중","횡단중","안전운전 의무 불이행","단일로","기타단일로","승용차","보행자","966758","1921483","127.1249571","37.29169733","N"
"2018","2018-04-28 22","야","토","1","0","0","0","0","경남","창원시(통합)","차량단독","공작물충돌","공작물충돌","안전운전 의무 불이행","교차로","교차로내","원동기장치자전거","없음","1105438","1694306","128.6588116","35.23862115","N"
"2018","2018-04-29 01","야","일","1","0","0","0","0","전북","익산시","차대사람","기타","기타","과속","단일로","기타단일로","승용차","보행자","950890.9","1776605.9","126.9552218","35.98499099","N"
"2018","2018-04-29 03","야","일","1","0","0","0","0","광주","광산구","차대사람","차도통행중","차도통행중","안전운전 의무 불이행","기타","기타","승용차","보행자","941163.9","1691551.1","126.853521","35.21760167","N"
"2018","2018-04-29 03","야","일","1","0","0","0","0","울산","남구","차량단독","공작물충돌","공작물충돌","안전운전 의무 불이행","교차로","교차로내","이륜차","없음","1165402","1729234","129.3246793","35.54530095","N"
"2018","2018-04-29 11","주","일","1","0","0","0","0","충남","예산군","차대차","추돌","추돌","안전운전 의무 불이행","단일로","기타단일로","이륜차","승용차","927876","1859282","126.6922669","36.72884522","N"
"2018","2018-04-29 11","주","일","1","0","0","0","0","대전","서구","차대차","측면충돌","측면충돌","안전운전 의무 불이행","단일로","기타단일로","승용차","자전거","987641","1818157","127.3622421","36.36075993","Y"
"2018","2018-04-29 13","주","일","1","0","0","0","0","충북","진천군","차대차","정면충돌","정면충돌","중앙선 침범","교차로","교차로부근","농기계","이륜차","984621","1877185","127.3273977","36.8928512","N"
"2018","2018-04-29 20","야","일","1","0","0","0","0","강원","원주시","차대사람","횡단중","횡단중","안전운전 의무 불이행","교차로","교차로내","화물차","보행자","1052155","1916183","128.0880431","37.24305712","N"
"2018","2018-04-29 20","야","일","1","3","0","3","0","충북","청주시","차대차","추돌","추돌","안전운전 의무 불이행","교차로","교차로부근","화물차","화물차","1015384","1846436","127.6720383","36.61565619","N"
"2018","2018-04-29 21","야","일","1","6","0","6","0","대구","북구","차대사람","차도통행중","차도통행중","과속","단일로","기타단일로","승용차","보행자","1094504","1768215","128.5472978","35.90600808","N"
"2018","2018-04-29 22","야","일","1","1","1","0","0","경기","화성시","차대사람","횡단중","횡단중","안전운전 의무 불이행","단일로","기타단일로","이륜차","보행자","953327","1913654","126.9739218","37.22055228","N"
"2018","2018-04-29 23","야","일","1","4","2","2","0","경기","화성시","차대차","측면충돌","측면충돌","안전운전 의무 불이행","교차로","교차로내","승용차","승합차","959021","1912264","127.0381765","37.20829076","N"
"2018","2018-04-30 04","야","월","1","1","0","1","0","전북","전주시","차대차","측면충돌","측면충돌","신호위반","교차로","교차로내","승용차","화물차","965948","1758823.2","127.1230108","35.82530627","N"
"2018","2018-04-30 04","야","월","1","0","0","0","0","대전","유성구","차량단독","공작물충돌","공작물충돌","안전운전 의무 불이행","단일로","기타단일로","승용차","없음","985882","1820113","127.3426002","36.37836975","N"
"2018","2018-04-30 06","주","월","1","1","1","0","0","인천","계양구","차대차","정면충돌","정면충돌","중앙선 침범","단일로","기타단일로","승용차","화물차","934048","1952684","126.7531489","37.57116765","N"
"2018","2018-04-30 09","주","월","1","0","0","0","0","부산","사상구","차대사람","횡단중","횡단중","안전운전 의무 불이행","단일로","기타단일로","이륜차","보행자","1136635","1684650","128.999987","35.14781372","N"
"2018","2018-04-30 12","주","월","1","1","1","0","0","충남","논산시","차대사람","기타","기타","안전운전 의무 불이행","단일로","기타단일로","승용차","보행자","962742","1800978","127.0855329","36.20524414","N"
"2018","2018-04-30 14","주","월","1","0","0","0","0","전북","남원시","차량단독","기타","기타","안전운전 의무 불이행","단일로","기타단일로","화물차","없음","976356","1703683","127.2398489","35.32844161","N"
"2018","2018-04-30 14","주","월","1","1","0","1","0","경남","함안군","차대차","측면충돌","측면충돌","중앙선 침범","단일로","기타단일로","화물차","화물차","1081212","1697062","128.3928623","35.26572546","N"
"2018","2018-04-30 15","주","월","1","0","0","0","0","경기","고양시","차량단독","공작물충돌","공작물충돌","안전운전 의무 불이행","단일로","기타단일로","원동기장치자전거","없음","936701","1962203","126.7823657","37.65714657","N"
"2018","2018-04-30 17","주","월","1","0","0","0","0","인천","연수구","차대차","측면충돌","측면충돌","신호위반","교차로","교차로횡단보도내","승합차","자전거","923388","1933100","126.6344837","37.39383834","N"
"2018","2018-04-30 19","야","월","1","0","0","0","0","광주","광산구","차량단독","도로이탈","도로이탈 추락","안전운전 의무 불이행","교차로","교차로부근","자전거","없음","925507","1685674","126.6820315","35.16357154","N"
"2018","2018-04-30 20","야","월","1","0","0","0","0","충북","영동군","차량단독","전도","전도","안전운전 의무 불이행","기타","기타","이륜차","없음","1018941","1799508","127.7106706","36.19252341","N"
"2018","2018-04-30 20","야","월","1","0","0","0","0","경북","상주시","차량단독","도로이탈","도로이탈 추락","안전운전 의무 불이행","단일로","기타단일로","농기계","없음","1054619","1814222","128.1085124","36.3238147","N"
"2018","2018-05-01 01","야","화","1","0","0","0","0","대구","서구","차대차","기타","기타","안전운전 의무 불이행","단일로","기타단일로","원동기장치자전거","건설기계","1095664","1765716","128.5598507","35.88336791","N"
"2018","2018-05-01 05","야","화","1","0","0","0","0","충북","청주시","차대사람","횡단중","횡단중","과속","교차로","교차로내","승용차","보행자","994216","1852134","127.4352748","36.66713011","N"
"2018","2018-05-01 05","야","화","1","6","5","1","0","경북","청도군","차대차","측면충돌","측면충돌","교차로 통행방법 위반","교차로","교차로내","승용차","승용차","1113208","1740071","128.750556","35.65032831","N"
"2018","2018-05-01 07","주","화","1","1","0","0","1","경기","오산시","차대차","기타","기타","안전운전 의무 불이행","교차로","교차로내","자전거","화물차","961694","1906185","127.0686115","37.15360889","N"
"2018","2018-05-01 08","주","화","1","1","0","1","0","충남","금산군","차대차","측면충돌","측면충돌","안전운전 의무 불이행","교차로","교차로부근","자전거","이륜차","1001027","1780443","127.5113979","36.02082234","N"
"2018","2018-05-01 17","주","화","8","11","7","4","0","전남","영암군","차대차","측면충돌","측면충돌","안전운전 의무 불이행","단일로","기타단일로","승합차","승용차","925926.2","1652275.5","126.6896101","34.86246448","N"
"2018","2018-05-01 21","야","화","1","0","0","0","0","충북","충주시","차량단독","전도","전도","안전운전 의무 불이행","교차로","교차로부근","이륜차","없음","1020651.9","1888800.8","127.7320983","36.99746043","N"
"2018","2018-05-01 21","야","화","2","0","0","0","0","경북","김천시","차대차","정면충돌","정면충돌","중앙선 침범","단일로","기타단일로","화물차","승용차","1064162","1795796","128.2133136","36.15711802","N"
"2018","2018-05-02 05","야","수","1","2","0","2","0","경기","광주시","차대차","추돌","추돌","안전운전 의무 불이행","단일로","기타단일로","화물차","화물차","980357","1941159","127.2778598","37.4694392","N"
"2018","2018-05-02 07","주","수","1","0","0","0","0","경남","함안군","차대차","측면충돌","측면충돌","과속","교차로","교차로내","승용차","화물차","1093254","1701188","128.5257061","35.30187438","N"
"2018","2018-05-02 11","주","수","1","1","1","0","0","경기","화성시","차대차","정면충돌","정면충돌","중앙선 침범","교차로","교차로내","화물차","화물차","939187","1917251","126.8142574","37.25215846","N"
"2018","2018-05-02 13","주","수","1","0","0","0","0","전남","장성군","차량단독","기타","기타","안전운전 의무 불이행","단일로","기타단일로","사륜오토바이(ATV)","없음","928765","1698703","126.7166748","35.28128072","N"
"2018","2018-05-02 17","주","수","1","0","0","0","0","부산","부산진구","차대사람","기타","기타","보행자 보호의무 위반","교차로","교차로부근","승용차","보행자","1140107","1686890","129.0384709","35.16752718","N"
"2018","2018-05-02 19","야","수","1","0","0","0","0","경기","하남시","차대사람","횡단중","횡단중","신호위반","교차로","교차로횡단보도내","승합차","보행자","975465","1948602","127.222289","37.53641015","N"
"2018","2018-05-02 20","야","수","1","8","2","6","0","경기","광주시","차대차","정면충돌","정면충돌","중앙선 침범","단일로","기타단일로","화물차","승합차","974988","1928825","127.2175608","37.35813462","N"
"2018","2018-05-02 20","야","수","1","1","0","1","0","충북","충주시","차대차","기타","기타","신호위반","교차로","교차로내","이륜차","승용차","1029020","1886123","127.8260398","36.97310078","N"
"2018","2018-05-02 21","야","수","1","0","0","0","0","경북","경주시","차대차","정면충돌","정면충돌","중앙선 침범","단일로","기타단일로","승용차","승용차","1161609","1761222","129.2892826","35.83420317","N"
"2018","2018-05-03 00","야","목","1","0","0","0","0","서울","종로구","차대사람","차도통행중","차도통행중","신호위반","단일로","기타단일로","승용차","보행자","957092","1952676","127.0140925","37.57245801","N"
"2018","2018-05-03 04","야","목","1","0","0","0","0","서울","중구","차대차","측면충돌","측면충돌","안전운전 의무 불이행","교차로","교차로부근","이륜차","이륜차","956880","1951828","127.0117417","37.56480488","N"
"2018","2018-05-03 05","야","목","1","3","0","3","0","서울","서초구","차대차","추돌","추돌","안전운전 의무 불이행","단일로","기타단일로","화물차","화물차","956481","1946430","127.007544","37.51613248","N"
"2018","2018-05-03 05","야","목","1","1","0","1","0","전남","순천시","차대차","기타","기타","중앙선 침범","단일로","기타단일로","승용차","승용차","1000188","1661477","127.5020589","34.94814005","N"
"2018","2018-05-03 08","주","목","1","0","0","0","0","대전","중구","차량단독","공작물충돌","공작물충돌","안전운전 의무 불이행","단일로","지하차도(도로)내","이륜차","없음","991834","1816710","127.4089939","36.3477594","N"
"2018","2018-05-03 15","주","목","1","0","0","0","0","충북","진천군","차대차","기타","기타","기타","교차로","교차로내","승용차","이륜차","994405","1883406","127.4371598","36.94903945","N"
"2018","2018-05-03 17","주","목","1","0","0","0","0","서울","동작구","차대사람","횡단중","횡단중","안전운전 의무 불이행","단일로","기타단일로","승합차","보행자","952743","1945157","126.9653286","37.50447467","N"
"2018","2018-05-03 18","야","목","2","0","0","0","0","경북","안동시","차량단독","도로이탈","도로이탈 추락","안전운전 의무 불이행","단일로","기타단일로","화물차","없음","1112212","1843146","128.7542461","36.57952189","N"
"2018","2018-05-03 19","야","목","1","0","0","0","0","세종","세종시","차대차","측면충돌","측면충돌","신호위반","교차로","교차로내","자전거","승용차","978191","1832628","127.2565026","36.49105131","N"
"2018","2018-05-04 02","야","금","1","0","0","0","0","대구","달서구","차대사람","기타","기타","안전운전 의무 불이행","단일로","기타단일로","승용차","보행자","1095159","1760578","128.5536435","35.8371","N"
"2018","2018-05-04 05","야","금","1","0","0","0","0","강원","철원군","차량단독","공작물충돌","공작물충돌","과속","단일로","기타단일로","승용차","없음","992139","2027306","127.4101632","38.2460667","N"
"2018","2018-05-04 08","주","금","1","0","0","0","0","전남","목포시","차대사람","차도통행중","차도통행중","안전운전 의무 불이행","단일로","기타단일로","승합차","보행자","901631","1648302","126.424316","34.82457752","N"
"2018","2018-05-04 09","주","금","1","0","0","0","0","대구","수성구","차대사람","횡단중","횡단중","안전운전 의무 불이행","단일로","기타단일로","승용차","보행자","1102124","1759369","128.6305955","35.82550073","N"
"2018","2018-05-04 10","주","금","2","0","0","0","0","대전","유성구","차량단독","공작물충돌","공작물충돌","안전운전 의무 불이행","단일로","기타단일로","승용차","없음","984855","1818362","127.3311845","36.36256824","N"
"2018","2018-05-04 11","주","금","1","1","0","1","0","강원","양구군","차대차","측면충돌","측면충돌","안전운전 의무 불이행","단일로","기타단일로","화물차","건설기계","1039278.6","2005827.7","127.9476913","38.05167175","N"
"2018","2018-05-04 13","주","금","1","3","1","2","0","경기","하남시","차대차","기타","기타","안전운전 의무 불이행","단일로","기타단일로","승용차","승용차","974404","1948857","127.2102708","37.53867974","N"
"2018","2018-05-04 16","주","금","1","0","0","0","0","경남","밀양시","차대사람","길가장자리구역통행중","길가장자리구역통행중","안전운전 의무 불이행","단일로","기타단일로","화물차","보행자","1117081","1723979","128.7909994","35.50481873","N"
"2018","2018-05-04 17","주","금","1","0","0","0","0","충남","청양군","차량단독","공작물충돌","공작물충돌","안전운전 의무 불이행","단일로","기타단일로","승용차","없음","945978","1816119","126.8980069","36.34094973","N"
"2018","2018-05-04 17","주","금","1","0","0","0","0","경북","예천군","차대사람","길가장자리구역통행중","길가장자리구역통행중","안전운전 의무 불이행","단일로","기타단일로","승용차","보행자","1078226","1849840","128.375099","36.64325307","N"
"2018","2018-05-04 20","야","금","1","1","0","1","0","경기","평택시","차대차","기타","기타","신호위반","교차로","교차로내","승용차","승용차","948712","1888076","126.9236554","36.98975456","N"
"2018","2018-05-04 21","야","금","1","0","0","0","0","경북","성주군","차량단독","전도","전도","안전운전 의무 불이행","단일로","기타단일로","이륜차","없음","1068285","1778882","128.2576826","36.00435599","N"
"2018","2018-05-05 00","야","토","1","0","0","0","0","충남","논산시","차량단독","공작물충돌","공작물충돌","안전운전 의무 불이행","교차로","교차로부근","승용차","없음","974540","1801510","127.2167577","36.21042293","N"
"2018","2018-05-05 00","야","토","1","0","0","0","0","세종","세종시","차량단독","공작물충돌","공작물충돌","안전운전 의무 불이행","단일로","기타단일로","이륜차","없음","978285","1833286","127.2575336","36.49698539","N"
"2018","2018-05-05 00","야","토","1","0","0","0","0","제주","서귀포시","차대사람","횡단중","횡단중","과속","교차로","교차로내","승용차","보행자","945255","1494644","126.9110133","33.4421362","N"
"2018","2018-05-05 02","야","토","1","0","0","0","0","대전","유성구","차량단독","전도","전도","안전운전 의무 불이행","단일로","기타단일로","승용차","없음","978918","1808703","127.2652687","36.27537679","N"
"2018","2018-05-05 04","야","토","1","0","0","0","0","경북","포항시","차대사람","횡단중","횡단중","안전운전 의무 불이행","단일로","기타단일로","승용차","보행자","1167541","1783423","129.3596106","36.03326733","N"
"2018","2018-05-05 07","주","토","1","0","0","0","0","경기","안양시","차대차","정면충돌","정면충돌","교차로 통행방법 위반","교차로","교차로내","승용차","이륜차","947741","1934977","126.90946","37.41245009","N"
"2018","2018-05-05 11","주","토","1","1","0","1","0","경기","남양주시","차대차","정면충돌","정면충돌","중앙선 침범","교차로","교차로부근","승용차","승합차","972650","1971981","127.1895508","37.74705327","N"
"2018","2018-05-05 12","주","토","1","0","0","0","0","경북","안동시","차량단독","공작물충돌","공작물충돌","안전운전 의무 불이행","단일로","기타단일로","이륜차","없음","1097109","1842120","128.5853329","36.5719307","N"
"2018","2018-05-05 13","주","토","1","0","0","0","0","강원","동해시","차대차","기타","기타","안전운전 의무 불이행","단일로","기타단일로","이륜차","승용차","1141724.7","1946905.6","129.1035718","37.51055924","N"
"2018","2018-05-05 16","주","토","1","0","0","0","0","전북","완주군","차대차","측면충돌","측면충돌","중앙선 침범","단일로","기타단일로","화물차","이륜차","965596","1745987.5","127.1196652","35.7095661","N"
"2018","2018-05-05 21","야","토","1","0","0","0","0","충남","예산군","차량단독","도로이탈","도로이탈 추락","안전운전 의무 불이행","단일로","기타단일로","승용차","없음","923606","1856606","126.6447183","36.70439003","N"
"2018","2018-05-05 23","야","토","1","0","0","0","0","경기","용인시","차량단독","공작물충돌","공작물충돌","안전운전 의무 불이행","교차로","교차로부근","이륜차","없음","967351","1913896","127.1319802","37.22333026","N"
"2018","2018-05-06 01","야","일","1","0","0","0","0","경북","경산시","차량단독","기타","기타","안전운전 의무 불이행","단일로","기타단일로","이륜차","없음","1119596","1764862","128.8248052","35.87303842","N"
"2018","2018-05-06 06","주","일","1","0","0","0","0","전북","순창군","차량단독","도로이탈","도로이탈 기타","안전운전 의무 불이행","단일로","기타단일로","승용차","없음","961512.1","1706480.3","127.0763954","35.35320226","N"
"2018","2018-05-06 08","주","일","1","0","0","0","0","부산","서구","차량단독","공작물충돌","공작물충돌","안전운전 의무 불이행","단일로","기타단일로","승용차","없음","1137641","1680430","129.0103248","35.10963699","N"
"2018","2018-05-06 10","주","일","1","0","0","0","0","경기","화성시","차량단독","공작물충돌","공작물충돌","안전운전 의무 불이행","단일로","기타단일로","화물차","없음","946693","1914800","126.8990678","37.23052614","N"
"2018","2018-05-06 16","주","일","1","8","2","6","0","전북","군산시","차대차","기타","기타","안전운전 의무 불이행","교차로","교차로내","화물차","승합차","943899","1780257","126.8774042","36.01752991","Y"
"2018","2018-05-06 20","야","일","1","8","3","5","0","경북","고령군","차대차","정면충돌","정면충돌","중앙선 침범","단일로","기타단일로","승용차","승용차","1064769","1739830","128.2155049","35.652523","Y"
"2018","2018-05-07 00","야","월","1","0","0","0","0","충남","태안군","차대사람","기타","기타","안전운전 의무 불이행","단일로","기타단일로","불명","보행자","898788","1825549","126.3709885","36.4221428","N"
"2018","2018-05-07 00","야","월","1","0","0","0","0","충남","당진시","차대차","추돌","추돌","안전운전 의무 불이행","단일로","교량위","승합차","승용차","920595","1872256","126.6093813","36.84520722","N"
"2018","2018-05-07 00","야","월","1","1","1","0","0","경기","연천군","차량단독","공작물충돌","공작물충돌","안전운전 의무 불이행","교차로","교차로내","승용차","없음","961053","2003286","127.0562264","38.02877884","N"
"2018","2018-05-07 09","주","월","1","4","4","0","0","부산","기장군","차량단독","공작물충돌","공작물충돌","과속","교차로","교차로내","승용차","없음","1155052","1696646","129.204353","35.25326437","N"
"2018","2018-05-07 16","주","월","2","0","0","0","0","경남","함양군","차량단독","공작물충돌","공작물충돌","안전운전 의무 불이행","단일로","기타단일로","화물차","없음","1012404","1730733","127.6368921","35.57254738","N"
"2018","2018-05-07 18","야","월","1","0","0","0","0","충남","당진시","차대차","측면충돌","측면충돌","기타","단일로","기타단일로","원동기장치자전거","화물차","920477","1877192","126.6075406","36.88968811","N"
"2018","2018-05-07 19","야","월","1","0","0","0","0","경북","경주시","차대차","측면충돌","측면충돌","안전운전 의무 불이행","단일로","기타단일로","원동기장치자전거","승합차","1155593","1781179","129.2266094","36.01502796","N"
"2018","2018-05-08 07","주","화","1","0","0","0","0","충북","청주시","차대사람","기타","기타","보행자 보호의무 위반","교차로","교차로횡단보도내","화물차","보행자","1001043","1846051","127.5116633","36.61230902","N"
"2018","2018-05-08 07","주","화","1","0","0","0","0","충남","천안시","차대사람","횡단중","횡단중","보행자 보호의무 위반","교차로","교차로횡단보도내","화물차","보행자","968434","1864984","127.1462363","36.78246247","N"
"2018","2018-05-08 10","주","화","1","0","0","0","0","경북","구미시","차대차","기타","기타","안전운전 의무 불이행","단일로","교량위","건설기계","원동기장치자전거","1077070","1792511","128.3564816","36.12656391","N"
"2018","2018-05-08 13","주","화","1","0","0","0","0","충북","청주시","차대사람","횡단중","횡단중","안전운전 의무 불이행","단일로","기타단일로","화물차","보행자","987478","1843250","127.360019","36.58697628","N"
"2018","2018-05-08 16","주","화","1","0","0","0","0","경북","포항시","차대차","측면충돌","측면충돌","안전운전 의무 불이행","교차로","교차로내","화물차","자전거","1168173","1779649","129.3658201","35.99915037","N"
"2018","2018-05-08 17","주","화","1","0","0","0","0","전남","나주시","차량단독","도로이탈","도로이탈 추락","안전운전 의무 불이행","단일로","기타단일로","농기계","없음","925205.6","1677834.7","126.6794316","35.09286749","N"
"2018","2018-05-08 17","주","화","1","0","0","0","0","경북","상주시","차대사람","횡단중","횡단중","안전운전 의무 불이행","단일로","기타단일로","화물차","보행자","1037610","1840382","127.92029","36.56046247","N"
"2018","2018-05-08 19","야","화","1","0","0","0","0","서울","서초구","차대차","측면충돌","측면충돌","신호위반","교차로","교차로내","이륜차","승합차","956987","1945601","127.0133181","37.50868417","N"
"2018","2018-05-09 00","야","수","1","0","0","0","0","경기","하남시","차대사람","횡단중","횡단중","안전운전 의무 불이행","교차로","교차로횡단보도내","승용차","보행자","973835","1949371","127.2038118","37.54329669","N"
"2018","2018-05-09 08","주","수","1","0","0","0","0","서울","강동구","차대차","기타","기타","안전운전 의무 불이행","교차로","교차로내","건설기계","자전거","968603","1950860","127.1445227","37.55655426","N"
"2018","2018-05-09 08","주","수","1","0","0","0","0","경북","구미시","차대차","측면충돌","측면충돌","안전운전 의무 불이행","단일로","기타단일로","화물차","이륜차","1081498","1790838","128.4055115","36.1111205","N"
"2018","2018-05-09 09","주","수","1","0","0","0","0","경남","창녕군","차대사람","기타","기타","안전운전 의무 불이행","단일로","기타단일로","화물차","보행자","1089525","1729639","128.4878237","35.5587141","N"
"2018","2018-05-09 14","주","수","1","3","1","2","0","충남","홍성군","차량단독","공작물충돌","공작물충돌","안전운전 의무 불이행","단일로","기타단일로","승용차","없음","931878","1838089","126.7389636","36.53810327","N"
"2018","2018-05-09 17","주","수","1","0","0","0","0","서울","도봉구","차대차","기타","기타","안전운전 의무 불이행","교차로","교차로부근","자전거","승용차","958974","1964339","127.0347496","37.6776645","N"
"2018","2018-05-09 19","야","수","1","0","0","0","0","전남","여수시","차대사람","횡단중","횡단중","보행자 보호의무 위반","교차로","교차로부근","화물차","보행자","1022698.8","1639021.1","127.7479835","34.74538772","N"
"2018","2018-05-09 21","야","수","1","0","0","0","0","경남","통영시","차대사람","횡단중","횡단중","보행자 보호의무 위반","단일로","기타단일로","승용차","보행자","1084301","1650622","128.4221001","34.84675866","N"
"2018","2018-05-09 22","야","수","2","0","0","0","0","경북","경주시","차량단독","공작물충돌","공작물충돌","과속","단일로","기타단일로","승용차","없음","1160766","1755789","129.2788607","35.78538025","N"
"2018","2018-05-09 23","야","수","1","6","1","5","0","경기","안산시","차대차","추돌","추돌","안전운전 의무 불이행","단일로","기타단일로","화물차","승용차","940065","1928063","126.8232847","37.34966763","N"
"2018","2018-05-10 00","야","목","1","0","0","0","0","대전","유성구","차대사람","길가장자리구역통행중","길가장자리구역통행중","안전운전 의무 불이행","단일로","기타단일로","화물차","보행자","985413","1817988","127.3374113","36.35920512","N"
"2018","2018-05-10 08","주","목","1","0","0","0","0","전북","정읍시","차대차","측면충돌","측면충돌","기타","단일로","기타단일로","자전거","승용차","942407.3","1730090.9","126.8644621","35.56516039","N"
"2018","2018-05-10 08","주","목","1","2","2","0","0","경기","동두천시","차대차","측면충돌","측면충돌","과속","교차로","교차로내","승용차","화물차","960972","1993313","127.0558456","37.93889216","N"
"2018","2018-05-10 09","주","목","1","0","0","0","0","경북","포항시","차대사람","차도통행중","차도통행중","안전운전 의무 불이행","단일로","기타단일로","승용차","보행자","1177958","1778759","129.474125","35.9893936","N"
"2018","2018-05-10 11","주","목","1","0","0","0","0","경남","창원시(통합)","차량단독","공작물충돌","공작물충돌","안전운전 의무 불이행","단일로","기타단일로","승용차","없음","1094521","1683994","128.5376644","35.1467408","N"
"2018","2018-05-10 13","주","목","1","0","0","0","0","전북","익산시","차대사람","기타","기타","안전운전 의무 불이행","단일로","기타단일로","특수차","보행자","964208","1782363","127.1026872","36.03747516","N"
"2018","2018-05-10 17","주","목","1","2","1","1","0","부산","부산진구","차대차","정면충돌","정면충돌","중앙선 침범","단일로","기타단일로","이륜차","승용차","1138253","1685186","129.0178337","35.15242409","N"
"2018","2018-05-10 17","주","목","1","0","0","0","0","경기","연천군","차대사람","횡단중","횡단중","안전운전 의무 불이행","교차로","교차로내","승용차","보행자","961950","2003875","127.0664155","38.03412538","Y"
"2018","2018-05-10 18","야","목","1","0","0","0","0","전북","익산시","차량단독","전도","전도","안전운전 의무 불이행","교차로","교차로내","화물차","없음","952605.2","1785420.6","126.9737099","36.06454499","N"