"발생년","발생년월일시","주야","요일","사망자수","부상자수","중상자수","경상자수","부상신고자수","발생지시도","발생지시군구","사고유형_대분류","사고유형_중분류","사고유형","가해자법규위반","도로형태_대분류","도로형태","가해자_당사자종별","피해자_당사자종별","발생위치(X_UTMK)","발생위치(Y_UTMK)","경도","위도"," 어린이사고 여부"
"2018","2018-06-09 23","야","토","1","1","1","0","0","인천","남동구","차량단독","공작물충돌","공작물충돌","안전운전 의무 불이행","단일로","지하차도(도로)내","원동기장치자전거","없음","929874","1941036","126.7069977","37.4658784","N"
"2018","2018-06-10 00","야","일","1","0","0","0","0","경기","동두천시","차대사람","횡단중","횡단중","안전운전 의무 불이행","단일로","기타단일로","승용차","보행자","961150","1990307","127.0580335","37.91180747","N"
"2018","2018-06-10 08","주","일","1","0","0","0","0","충북","청주시","차대사람","횡단중","횡단중","안전운전 의무 불이행","교차로","교차로내","건설기계","보행자","997940","1846656","127.4769625","36.61776145","N"
"2018","2018-06-10 10","주","일","1","0","0","0","0","충남","부여군","차대차","추돌","추돌","안전운전 의무 불이행","단일로","기타단일로","이륜차","화물차","951220","1812159","126.9566664","36.30553009","N"
"2018","2018-06-10 12","주","일","1","1","0","1","0","경기","포천시","차대차","측면충돌","측면충돌","안전운전 의무 불이행","단일로","기타단일로","이륜차","이륜차","984751.4","1997428.1","127.3263755","37.97669153","N"
"2018","2018-06-10 13","주","일","1","0","0","0","0","경북","성주군","차량단독","공작물충돌","공작물충돌","안전운전 의무 불이행","단일로","기타단일로","승용차","없음","1077295","1766732","128.3564641","35.8941505","N"
"2018","2018-06-10 16","주","일","1","0","0","0","0","강원","태백시","차량단독","전복","전복","과속","교차로","교차로부근","승용차","없음","1132377.4","1908541.1","128.9909933","37.16625128","N"
"2018","2018-06-10 20","야","일","1","0","0","0","0","경남","산청군","차대사람","횡단중","횡단중","보행자 보호의무 위반","단일로","기타단일로","승용차","보행자","1025285","1696831","127.7779952","35.26661767","N"
"2018","2018-06-10 22","야","일","1","0","0","0","0","충북","청주시","차대사람","횡단중","횡단중","안전운전 의무 불이행","단일로","기타단일로","승용차","보행자","993859","1848214","127.4313112","36.63178925","N"
"2018","2018-06-11 02","야","월","1","0","0","0","0","전남","장흥군","차량단독","전도","전도","안전운전 의무 불이행","단일로","기타단일로","이륜차","없음","950315","1614260","126.9586544","34.52114536","N"
"2018","2018-06-11 05","야","월","1","3","2","1","0","대구","동구","차량단독","공작물충돌","공작물충돌","안전운전 의무 불이행","단일로","기타단일로","승합차","없음","1107101","1763778","128.6862764","35.86471364","N"
"2018","2018-06-11 13","주","월","1","5","0","5","0","충북","음성군","차대차","측면충돌","측면충돌","안전운전 의무 불이행","단일로","기타단일로","화물차","승합차","1012452","1900661","127.6401398","37.10451654","N"
"2018","2018-06-11 13","주","월","1","0","0","0","0","경북","청송군","차량단독","공작물충돌","공작물충돌","안전운전 의무 불이행","단일로","기타단일로","승용차","없음","1129095","1811447","128.9376254","36.29170219","N"
"2018","2018-06-11 13","주","월","1","2","1","1","0","경북","칠곡군","차대차","측면충돌","측면충돌","안전운전 의무 불이행","단일로","기타단일로","특수차","승용차","1083847","1780407","128.4304998","36.01688855","N"
"2018","2018-06-11 15","주","월","1","0","0","0","0","강원","영월군","차대차","기타","기타","안전운전 의무 불이행","단일로","기타단일로","특수차","이륜차","1070665","1917750","128.2968745","37.25596056","N"
"2018","2018-06-11 16","주","월","1","0","0","0","0","경남","양산시","차대사람","차도통행중","차도통행중","안전운전 의무 불이행","단일로","기타단일로","승합차","보행자","1139249","1705832","129.0322628","35.33838656","N"
"2018","2018-06-12 10","주","화","1","1","0","1","0","경기","김포시","차대차","기타","기타","신호위반","교차로","교차로내","화물차","승용차","924512","1961570","126.6442549","37.65052012","N"
"2018","2018-06-12 10","주","화","1","0","0","0","0","경기","화성시","차대사람","차도통행중","차도통행중","안전운전 의무 불이행","교차로","교차로부근","특수차","보행자","943303","1901255","126.8618817","37.10823672","N"
"2018","2018-06-12 10","주","화","1","0","0","0","0","충북","청주시","철길건널목","철길건널목","철길건널목","안전운전 의무 불이행","철길건널목","철길건널목","이륜차","기타","1001356","1858873","127.5151861","36.72789807","N"
"2018","2018-06-12 14","주","화","1","0","0","0","0","대전","동구","차대사람","횡단중","횡단중","보행자 보호의무 위반","교차로","교차로내","승용차","보행자","994842","1816276","127.4425195","36.34386753","N"
"2018","2018-06-12 15","주","화","1","0","0","0","0","강원","횡성군","차대차","기타","기타","안전운전 의무 불이행","단일로","기타단일로","화물차","화물차","1050191","1938467","128.0674095","37.44402103","N"
"2018","2018-06-12 17","주","화","1","0","0","0","0","전북","무주군","차대차","추돌","추돌","안전운전 의무 불이행","단일로","기타단일로","화물차","화물차","1013218","1761013","127.6463738","35.84555199","N"
"2018","2018-06-12 21","야","화","1","0","0","0","0","경북","경산시","차대사람","횡단중","횡단중","안전운전 의무 불이행","단일로","기타단일로","승용차","보행자","1119018","1769047","128.8190296","35.91083124","N"
"2018","2018-06-12 23","야","화","1","0","0","0","0","전북","전주시","차대차","측면충돌","측면충돌","기타","단일로","기타단일로","특수차","승용차","971090","1755877","127.1800435","35.79890815","N"
"2018","2018-06-13 00","야","수","1","0","0","0","0","전남","진도군","차량단독","공작물충돌","공작물충돌","안전운전 의무 불이행","단일로","기타단일로","승용차","없음","882137.4","1605733.3","126.2171161","34.4387192","N"
"2018","2018-06-13 01","야","수","1","1","0","0","1","서울","노원구","차대사람","횡단중","횡단중","안전운전 의무 불이행","단일로","지하차도(도로)내","승용차","보행자","961985","1959488","127.0691473","37.63407136","N"
"2018","2018-06-13 02","야","수","1","0","0","0","0","충북","청주시","차대사람","횡단중","횡단중","안전운전 의무 불이행","단일로","기타단일로","승용차","보행자","999100.5","1849325.2","127.4899375","36.64182607","N"
"2018","2018-06-13 03","야","수","1","3","1","2","0","부산","부산진구","차대차","기타","기타","신호위반","교차로","교차로내","이륜차","승용차","1142602","1684927","129.0655196","35.14948204","N"
"2018","2018-06-13 03","야","수","1","0","0","0","0","제주","제주시","차대사람","기타","기타","안전운전 의무 불이행","교차로","교차로내","승용차","보행자","908679","1500493","126.516947","33.49239157","N"
"2018","2018-06-13 04","야","수","1","0","0","0","0","제주","제주시","차량단독","공작물충돌","공작물충돌","안전운전 의무 불이행","단일로","기타단일로","승용차","없음","912687","1495075","126.5606145","33.44386419","N"
"2018","2018-06-13 10","주","수","1","0","0","0","0","충남","공주시","차대차","추돌","추돌","안전운전 의무 불이행","기타","기타","승용차","이륜차","965875","1842742","127.1185492","36.5818685","N"
"2018","2018-06-13 18","야","수","1","0","0","0","0","경북","영덕군","차량단독","전복","전복","안전운전 의무 불이행","단일로","기타단일로","농기계","없음","1162959","1841098","129.3208169","36.55375261","N"
"2018","2018-06-14 02","야","목","1","0","0","0","0","서울","양천구","차대차","기타","기타","안전운전 의무 불이행","단일로","지하차도(도로)내","이륜차","승용차","941835","1946024","126.8418524","37.51166594","N"
"2018","2018-06-14 06","주","목","1","0","0","0","0","경남","양산시","차대사람","횡단중","횡단중","안전운전 의무 불이행","단일로","기타단일로","승용차","보행자","1143029","1702875","129.0733266","35.31119919","N"
"2018","2018-06-14 06","주","목","1","0","0","0","0","경기","시흥시","차대차","추돌","추돌","안전운전 의무 불이행","단일로","기타단일로","승용차","화물차","944130","1930710","126.8689795","37.37377956","N"
"2018","2018-06-14 07","주","목","1","0","0","0","0","경기","안성시","차대차","측면충돌","측면충돌","안전거리 미확보","단일로","기타단일로","이륜차","승용차","978599","1891686","127.2594009","37.02345182","N"
"2018","2018-06-14 12","주","목","1","0","0","0","0","충북","옥천군","차량단독","도로이탈","도로이탈 추락","안전운전 의무 불이행","단일로","기타단일로","승용차","없음","1001322","1815513","127.514731","36.33700168","N"
"2018","2018-06-14 12","주","목","1","0","0","0","0","전북","부안군","차대사람","횡단중","횡단중","과속","단일로","기타단일로","화물차","보행자","929042","1746711","126.7155235","35.71413359","N"
"2018","2018-06-14 13","주","목","1","2","2","0","0","경남","양산시","차대차","추돌","추돌","안전운전 의무 불이행","단일로","기타단일로","승용차","승용차","1139538","1707019","129.0356444","35.34904545","N"
"2018","2018-06-14 16","주","목","1","0","0","0","0","충남","아산시","차대사람","횡단중","횡단중","보행자 보호의무 위반","단일로","기타단일로","승용차","보행자","956135","1864719","127.0084193","36.7795839","N"
"2018","2018-06-15 00","야","금","1","0","0","0","0","전북","군산시","차량단독","공작물충돌","공작물충돌","안전운전 의무 불이행","교차로","교차로부근","원동기장치자전거","없음","913076.2","1772237.9","126.5362552","35.94297686","N"
"2018","2018-06-15 03","야","금","1","0","0","0","0","경남","창원시(통합)","차대사람","차도통행중","차도통행중","안전운전 의무 불이행","단일로","기타단일로","승용차","보행자","1098743","1694611","128.5852793","35.24205294","N"
"2018","2018-06-15 04","야","금","1","0","0","0","0","강원","강릉시","차대차","추돌","추돌","안전운전 의무 불이행","교차로","교차로내","승용차","승용차","1122842","1975379.9","128.8947715","37.76984211","N"
"2018","2018-06-15 11","주","금","1","0","0","0","0","경기","성남시","차대사람","횡단중","횡단중","안전운전 의무 불이행","단일로","기타단일로","화물차","보행자","966969","1935865","127.1266961","37.42133981","N"
"2018","2018-06-15 15","주","금","1","0","0","0","0","경기","연천군","차대차","정면충돌","정면충돌","중앙선 침범","단일로","지하차도(도로)내","화물차","승합차","967055","2022430","127.1237293","38.20155291","N"
"2018","2018-06-15 22","야","금","1","2","2","0","0","충북","청주시","차량단독","기타","기타","신호위반","교차로","교차로부근","화물차","없음","998982.9","1851056.1","127.4886197","36.65742995","N"
"2018","2018-06-16 00","야","토","1","0","0","0","0","경남","함양군","차대사람","기타","기타","안전운전 의무 불이행","교차로","교차로내","승용차","보행자","1018228","1722166","127.7009735","35.49521214","N"
"2018","2018-06-16 02","야","토","1","0","0","0","0","경기","안산시","차대사람","기타","기타","안전운전 의무 불이행","단일로","기타단일로","승용차","보행자","942112","1924324","126.8466875","37.31609672","N"
"2018","2018-06-16 06","주","토","1","1","0","0","1","충북","충주시","차대차","기타","기타","과속","단일로","기타단일로","화물차","이륜차","1040787","1885892","127.9582263","36.97058187","N"
"2018","2018-06-16 08","주","토","1","1","0","1","0","전남","화순군","차대차","측면충돌","측면충돌","과속","단일로","기타단일로","승용차","화물차","953342","1659595","126.9891252","34.93009504","N"
"2018","2018-06-16 14","주","토","1","1","0","1","0","경북","청송군","차량단독","공작물충돌","공작물충돌","안전운전 의무 불이행","단일로","기타단일로","화물차","없음","1140106","1819086","129.0615797","36.35900866","N"
"2018","2018-06-16 14","주","토","1","0","0","0","0","광주","광산구","차량단독","기타","기타","안전운전 의무 불이행","교차로","교차로내","승용차","없음","937319","1683424","126.8118946","35.14409056","N"
"2018","2018-06-17 01","야","일","1","0","0","0","0","경북","울진군","차대사람","차도통행중","차도통행중","안전운전 의무 불이행","단일로","기타단일로","승용차","보행자","1172628","1853192","129.4315153","36.66101992","N"
"2018","2018-06-17 01","야","일","1","3","1","2","0","경북","고령군","차량단독","기타","기타","안전운전 의무 불이행","단일로","기타단일로","승용차","없음","1071026","1746421","128.2852026","35.71151418","N"
"2018","2018-06-17 02","야","일","1","0","0","0","0","충북","단양군","차대사람","기타","기타","안전운전 의무 불이행","단일로","기타단일로","승용차","보행자","1087694.4","1898038.2","128.4865758","37.0768533","N"
"2018","2018-06-17 06","주","일","1","0","0","0","0","전남","영암군","차량단독","공작물충돌","공작물충돌","안전운전 의무 불이행","기타","기타","승용차","없음","930496.2","1642273.3","126.7404316","34.77259837","N"
"2018","2018-06-17 10","주","일","1","0","0","0","0","제주","서귀포시","차대차","측면충돌","측면충돌","중앙선 침범","단일로","기타단일로","승용차","승용차","917211","1483099","126.6103832","33.33621514","N"
"2018","2018-06-17 11","주","일","1","0","0","0","0","서울","성동구","차대차","기타","기타","안전운전 의무 불이행","교차로","교차로부근","자전거","자전거","958712","1949157","127.0326356","37.54081437","N"
"2018","2018-06-17 13","주","일","1","0","0","0","0","경기","성남시","차대차","기타","기타","교차로 통행방법 위반","교차로","교차로내","승용차","이륜차","968345","1930670","127.1424694","37.374562","N"
"2018","2018-06-17 17","주","일","1","0","0","0","0","경남","함양군","차대차","측면충돌","측면충돌","안전운전 의무 불이행","교차로","교차로내","사륜오토바이(ATV)","승용차","1027610","1719285","127.804316","35.4690187","N"
"2018","2018-06-17 19","야","일","1","0","0","0","0","경기","광주시","차량단독","공작물충돌","공작물충돌","안전운전 의무 불이행","기타","기타","승용차","없음","985747","1925328","127.3391197","37.32684081","N"
"2018","2018-06-17 20","야","일","1","0","0","0","0","경남","창원시(통합)","차대사람","횡단중","횡단중","안전운전 의무 불이행","교차로","교차로내","승용차","보행자","1103696","1697558","128.6400801","35.2681206","N"
"2018","2018-06-17 21","야","일","1","0","0","0","0","울산","남구","차대사람","횡단중","횡단중","안전운전 의무 불이행","단일로","기타단일로","승용차","보행자","1162004","1729340","129.287231","35.54681757","N"
"2018","2018-06-17 22","야","일","1","0","0","0","0","서울","영등포구","차대차","측면충돌","측면충돌","안전운전 의무 불이행","교차로","교차로내","자전거","승용차","947126","1944265","126.9018444","37.49613019","N"
"2018","2018-06-18 07","주","월","1","5","4","1","0","울산","울주군","차대차","추돌","추돌","안전거리 미확보","단일로","기타단일로","특수차","승용차","1161806","1720822","129.283349","35.47008317","N"
"2018","2018-06-18 17","주","월","1","0","0","0","0","제주","제주시","차량단독","기타","기타","안전운전 의무 불이행","단일로","기타단일로","화물차","없음","888150","1492702","126.2969656","33.42018452","N"
"2018","2018-06-18 22","야","월","1","0","0","0","0","울산","북구","차대사람","횡단중","횡단중","보행자 보호의무 위반","단일로","기타단일로","승용차","보행자","1177290","1736320","129.4573125","35.60709973","N"
"2018","2018-06-19 05","야","화","1","0","0","0","0","서울","강북구","차량단독","기타","기타","안전운전 의무 불이행","단일로","기타단일로","자전거","없음","956386","1963885","127.0054288","37.67345315","N"
"2018","2018-06-19 09","주","화","1","0","0","0","0","부산","남구","차대차","측면충돌","측면충돌","안전운전 의무 불이행","단일로","기타단일로","승용차","자전거","1144193","1683316","129.0826989","35.13473393","N"
"2018","2018-06-19 11","주","화","1","0","0","0","0","경기","남양주시","차대차","측면충돌","측면충돌","안전운전 의무 불이행","교차로","교차로내","사륜오토바이(ATV)","화물차","971687","1961763","127.1790173","37.65492692","N"
"2018","2018-06-19 14","주","화","1","0","0","0","0","서울","성북구","차대차","측면충돌","측면충돌","안전운전 의무 불이행","교차로","교차로내","승용차","이륜차","957808","1953542","127.0221506","37.58029657","N"
"2018","2018-06-19 19","야","화","1","0","0","0","0","서울","도봉구","차대사람","횡단중","횡단중","안전운전 의무 불이행","단일로","기타단일로","승합차","보행자","959755","1963419","127.043657","37.66940704","N"
"2018","2018-06-19 21","야","화","1","0","0","0","0","강원","강릉시","차량단독","전복","전복","안전운전 의무 불이행","단일로","기타단일로","사륜오토바이(ATV)","없음","1118893.6","1950372.3","128.8458776","37.54502256","N"
"2018","2018-06-19 23","야","화","1","1","1","0","0","충남","천안시","차대차","기타","기타","안전운전 의무 불이행","교차로","교차로내","화물차","승합차","992132","1862682","127.4118455","36.76220382","N"
"2018","2018-06-20 04","야","수","1","0","0","0","0","인천","연수구","차대차","추돌","추돌","안전운전 의무 불이행","교차로","교차로부근","승용차","건설기계","927728","1936419","126.683185","37.42410082","N"
"2018","2018-06-20 06","주","수","1","0","0","0","0","경기","시흥시","차대차","기타","기타","안전운전 의무 불이행","단일로","기타단일로","화물차","자전거","934017","1927851","126.7550217","37.34734652","N"
"2018","2018-06-20 09","주","수","1","1","0","1","0","충남","보령시","차량단독","전도","전도","안전운전 의무 불이행","단일로","기타단일로","화물차","없음","923764","1799866","126.6520721","36.19293304","N"
"2018","2018-06-20 09","주","수","1","0","0","0","0","전남","영암군","차대사람","차도통행중","차도통행중","안전운전 의무 불이행","단일로","교량위","화물차","보행자","926693","1647091","126.6984517","34.81577252","N"
"2018","2018-06-20 10","주","수","1","0","0","0","0","경남","밀양시","차량단독","도로이탈","도로이탈 추락","안전운전 의무 불이행","단일로","기타단일로","화물차","없음","1107825","1725665","128.6891823","35.52106647","N"
"2018","2018-06-20 13","주","수","1","0","0","0","0","경기","성남시","차대차","기타","기타","안전운전 의무 불이행","기타","기타","이륜차","승용차","965283","1930995","127.1078708","37.37738183","N"
"2018","2018-06-20 16","주","수","1","0","0","0","0","경북","경산시","차대차","측면충돌","측면충돌","안전운전 의무 불이행","단일로","기타단일로","승용차","자전거","1110942","1759376","128.7281996","35.824606","N"
"2018","2018-06-20 17","주","수","1","0","0","0","0","경기","안산시","차대차","추돌","추돌","안전운전 의무 불이행","교차로","교차로내","건설기계","자전거","936035","1921994","126.7783092","37.29469736","N"
"2018","2018-06-20 20","야","수","1","0","0","0","0","경기","시흥시","차대사람","기타","기타","안전운전 의무 불이행","단일로","기타단일로","승용차","보행자","937070","1937143","126.7886981","37.43130866","Y"
"2018","2018-06-20 20","야","수","1","0","0","0","0","경기","의정부시","차대사람","차도통행중","차도통행중","안전운전 의무 불이행","단일로","기타단일로","승용차","보행자","959855","1972840","127.0442711","37.75432343","N"
"2018","2018-06-21 01","야","목","1","0","0","0","0","대구","북구","차량단독","기타","기타","기타","단일로","지하차도(도로)내","이륜차","없음","1094915","1766881","128.5516927","35.89394284","N"
"2018","2018-06-21 02","야","목","1","0","0","0","0","충북","제천시","차대차","정면충돌","정면충돌","중앙선 침범","단일로","기타단일로","자전거","화물차","1063264","1905999","128.212425","37.15057614","N"
"2018","2018-06-21 07","주","목","1","0","0","0","0","경기","김포시","차대사람","횡단중","횡단중","보행자 보호의무 위반","교차로","교차로내","건설기계","보행자","923021","1960065","126.6275131","37.63683265","N"
"2018","2018-06-21 15","주","목","1","0","0","0","0","강원","홍천군","차대차","정면충돌","정면충돌","중앙선 침범","단일로","기타단일로","승용차","화물차","1040340","1972060.1","127.9578992","37.74728562","N"
"2018","2018-06-21 19","야","목","1","0","0","0","0","경기","여주시","차량단독","공작물충돌","공작물충돌","안전운전 의무 불이행","단일로","기타단일로","이륜차","없음","1018993","1928163","127.7144553","37.35231023","N"
"2018","2018-06-21 20","야","목","1","0","0","0","0","경기","평택시","차대사람","기타","기타","안전운전 의무 불이행","교차로","교차로내","화물차","보행자","951629","1889001","126.9563742","36.99824716","N"
"2018","2018-06-22 07","주","금","1","0","0","0","0","전남","해남군","차대차","기타","기타","중앙선 침범","단일로","기타단일로","이륜차","건설기계","897336","1635789","126.3788839","34.71133537","N"
"2018","2018-06-22 08","주","금","1","0","0","0","0","충북","충주시","차대차","측면충돌","측면충돌","안전운전 의무 불이행","교차로","교차로횡단보도내","승용차","자전거","1037385","1885475","127.9199865","36.96696429","N"
"2018","2018-06-22 11","주","금","1","0","0","0","0","경기","수원시","차대사람","기타","기타","안전운전 의무 불이행","단일로","기타단일로","승합차","보행자","955255","1923087","126.9950853","37.30567283","N"
"2018","2018-06-22 11","주","금","1","0","0","0","0","세종","세종시","차대차","측면충돌","측면충돌","안전운전 의무 불이행","단일로","교량위","화물차","자전거","982554","1845061","127.3049338","36.60322508","N"
"2018","2018-06-22 12","주","금","3","1","0","1","0","경남","양산시","차대사람","기타","기타","중앙선 침범","단일로","기타단일로","승용차","보행자","1130351","1714010","128.935685","35.41330471","N"
"2018","2018-06-22 13","주","금","1","0","0","0","0","경기","고양시","차대사람","횡단중","횡단중","신호위반","교차로","교차로횡단보도내","승용차","보행자","935836","1962165","126.7725631","37.65674402","N"
"2018","2018-06-22 16","주","금","1","0","0","0","0","충남","천안시","차대차","측면충돌","측면충돌","안전거리 미확보","교차로","교차로부근","이륜차","승용차","965412","1867144","127.112271","36.80182834","N"
"2018","2018-06-22 20","야","금","1","0","0","0","0","전북","익산시","차대차","정면충돌","정면충돌","기타","교차로","교차로내","승용차","자전거","946186.4","1774034.7","126.9032106","35.96156204","N"
"2018","2018-06-22 21","야","금","1","0","0","0","0","충남","서산시","차대차","추돌","추돌","안전운전 의무 불이행","단일로","기타단일로","화물차","이륜차","901669","1864815","126.3980983","36.77636147","N"
"2018","2018-06-22 21","야","금","1","0","0","0","0","충남","논산시","차대사람","차도통행중","차도통행중","안전운전 의무 불이행","단일로","기타단일로","승용차","보행자","962288","1799852","127.0805368","36.19507521","N"
"2018","2018-06-22 23","야","금","1","0","0","0","0","서울","동대문구","차대차","측면충돌","측면충돌","중앙선 침범","단일로","기타단일로","화물차","이륜차","959504","1953394","127.0413664","37.5790388","N"
"2018","2018-06-22 23","야","금","1","0","0","0","0","경기","포천시","차량단독","기타","기타","안전운전 의무 불이행","단일로","교량위","화물차","없음","990505","2010552","127.3917133","38.09505345","N"
"2018","2018-06-23 03","야","토","1","0","0","0","0","대구","북구","차량단독","기타","기타","안전운전 의무 불이행","단일로","교량위","승용차","없음","1099195","1768670","128.5993321","35.90964504","N"
"2018","2018-06-23 05","야","토","1","1","0","1","0","인천","연수구","차대차","기타","기타","중앙선 침범","단일로","기타단일로","화물차","특수차","924546","1934658","126.6474057","37.40797534","N"
"2018","2018-06-23 05","야","토","1","3","3","0","0","경기","의정부시","차대차","정면충돌","정면충돌","중앙선 침범","단일로","기타단일로","승용차","승용차","956802","1970904","127.0097295","37.73673524","N"
"2018","2018-06-23 10","주","토","1","9","0","9","0","경북","영천시","차대차","기타","기타","안전운전 의무 불이행","단일로","기타단일로","승용차","승용차","1122492","1778029","128.858907","35.99136124","N"
"2018","2018-06-23 10","주","토","1","0","0","0","0","경남","양산시","차대사람","횡단중","횡단중","안전운전 의무 불이행","교차로","교차로부근","화물차","보행자","1151470","1714592","129.1683158","35.41556184","N"
"2018","2018-06-23 19","야","토","1","0","0","0","0","강원","속초시","차대차","측면충돌","측면충돌","안전운전 의무 불이행","단일로","지하차도(도로)내","화물차","승용차","1095249","2023439","128.5879115","38.20620857","N"
"2018","2018-06-23 21","야","토","1","0","0","0","0","전북","익산시","차대차","기타","기타","교차로 통행방법 위반","교차로","교차로내","승용차","이륜차","952166.1","1773202.8","126.9695726","35.95437339","N"
"2018","2018-06-23 22","야","토","1","0","0","0","0","광주","광산구","차대사람","횡단중","횡단중","안전운전 의무 불이행","단일로","기타단일로","승용차","보행자","939094","1690746","126.8308383","35.2102189","N"
"2018","2018-06-23 23","야","토","2","0","0","0","0","경기","용인시","차대차","기타","기타","과속","교차로","교차로내","승용차","승용차","978427","1914100","127.2568218","37.22549125","Y"
"2018","2018-06-24 05","야","일","1","1","1","0","0","부산","동래구","차대차","기타","기타","신호위반","교차로","교차로내","이륜차","승용차","1144184","1690739","129.0838973","35.2016442","N"
"2018","2018-06-24 17","주","일","1","0","0","0","0","전북","순창군","차대차","측면충돌","측면충돌","안전운전 의무 불이행","단일로","기타단일로","화물차","자전거","975624.3","1714519.4","127.2314747","35.42613345","N"
"2018","2018-06-25 08","주","월","1","0","0","0","0","서울","노원구","차대사람","차도통행중","차도통행중","안전운전 의무 불이행","단일로","기타단일로","승용차","보행자","962805","1961949","127.0783154","37.65628641","N"
"2018","2018-06-25 08","주","월","2","1","1","0","0","전남","고흥군","차대차","정면충돌","정면충돌","중앙선 침범","단일로","기타단일로","승용차","화물차","974633","1615153","127.2235818","34.53008536","N"
"2018","2018-06-25 10","주","월","1","0","0","0","0","충남","홍성군","차대차","추돌","추돌","안전운전 의무 불이행","단일로","기타단일로","승용차","이륜차","924482","1845620","126.6556069","36.60543259","N"
"2018","2018-06-25 11","주","월","1","1","0","1","0","서울","송파구","차대사람","길가장자리구역통행중","길가장자리구역통행중","기타","교차로","교차로부근","승용차","보행자","969168","1944282","127.1511958","37.49728282","N"
"2018","2018-06-25 11","주","월","1","1","0","1","0","경남","창녕군","차대차","측면충돌","측면충돌","안전운전 의무 불이행","교차로","교차로내","화물차","승용차","1092121","1713955","128.514685","35.41708017","N"
"2018","2018-06-25 11","주","월","1","0","0","0","0","대전","서구","차대차","측면충돌","측면충돌","신호위반","교차로","교차로내","화물차","이륜차","988748","1814533","127.3746335","36.3281017","N"
"2018","2018-06-25 11","주","월","1","0","0","0","0","경기","가평군","차대차","기타","기타","안전운전 의무 불이행","단일로","기타단일로","원동기장치자전거","화물차","986770","1980212","127.3496756","37.82155409","N"
"2018","2018-06-25 12","주","월","1","0","0","0","0","전북","무주군","차량단독","전도","전도","안전운전 의무 불이행","단일로","기타단일로","화물차","없음","1029294.1","1769247.4","127.8246987","35.91944444","N"
"2018","2018-06-25 13","주","월","1","0","0","0","0","전북","전주시","차대사람","기타","기타","안전운전 의무 불이행","단일로","기타단일로","화물차","보행자","968226","1758591","127.1482393","35.8232892","N"
"2018","2018-06-25 14","주","월","1","3","3","0","0","경기","광명시","차대차","추돌","추돌","안전운전 의무 불이행","교차로","교차로부근","승합차","승용차","945803.8","1939562.3","126.8872335","37.45366719","Y"
"2018","2018-06-25 14","주","월","1","0","0","0","0","경남","김해시","차대사람","횡단중","횡단중","안전운전 의무 불이행","교차로","교차로내","화물차","보행자","1120735","1708887","128.8290429","35.36833627","N"
"2018","2018-06-25 14","주","월","1","1","1","0","0","경남","함양군","차대차","정면충돌","정면충돌","중앙선 침범","단일로","기타단일로","화물차","화물차","1022244","1736122","127.7456353","35.62096489","N"
"2018","2018-06-25 21","야","월","1","2","1","1","0","경기","시흥시","차대사람","횡단중","횡단중","신호위반","교차로","교차로내","화물차","보행자","942161","1931238","126.8467007","37.37841782","N"
"2018","2018-06-25 22","야","월","1","0","0","0","0","전북","군산시","차대사람","횡단중","횡단중","안전운전 의무 불이행","단일로","기타단일로","화물차","보행자","926829.8","1774657.4","126.6885065","35.96591634","N"
"2018","2018-06-26 01","야","화","1","0","0","0","0","경기","고양시","차대사람","기타","기타","과속","교차로","교차로횡단보도내","승용차","보행자","937442","1960376","126.7909226","37.64073109","N"
"2018","2018-06-26 02","야","화","1","1","0","1","0","전북","정읍시","차대차","추돌","추돌","안전운전 의무 불이행","단일로","기타단일로","화물차","화물차","938291","1728052","126.8191968","35.54652972","N"
"2018","2018-06-26 04","야","화","1","7","4","3","0","전북","완주군","차대차","추돌","추돌","안전운전 의무 불이행","단일로","기타단일로","화물차","화물차","977422","1757137","127.2500856","35.81043456","N"
"2018","2018-06-26 06","주","화","4","1","1","0","0","경기","안성시","차대차","기타","기타","과속","교차로","교차로내","승용차","승용차","972444","1889857","127.1902716","37.00680425","N"
"2018","2018-06-26 06","주","화","1","0","0","0","0","충남","태안군","차량단독","도로이탈","도로이탈 기타","안전운전 의무 불이행","단일로","기타단일로","승용차","없음","886244","1863818","126.22543","36.76564953","N"
"2018","2018-06-26 09","주","화","1","0","0","0","0","경북","구미시","차대차","추돌","추돌","안전운전 의무 불이행","단일로","기타단일로","화물차","화물차","1072736","1793961","128.3084562","36.13997011","N"
"2018","2018-06-26 14","주","화","1","0","0","0","0","경남","밀양시","차대차","추돌","추돌","안전운전 의무 불이행","단일로","기타단일로","화물차","화물차","1116298","1724474","128.7824385","35.50937293","N"
"2018","2018-06-26 15","주","화","1","2","2","0","0","경기","안성시","차대차","정면충돌","정면충돌","중앙선 침범","단일로","기타단일로","승용차","승용차","983089","1884716","127.3100354","36.96071312","N"
"2018","2018-06-26 18","야","화","1","2","2","0","0","전남","순천시","차대차","측면충돌","측면충돌","과속","교차로","교차로내","승용차","승용차","1007741","1656056","127.5847276","34.89922637","Y"
"2018","2018-06-26 23","야","화","1","0","0","0","0","경북","구미시","차대사람","기타","기타","안전운전 의무 불이행","단일로","기타단일로","특수차","보행자","1067929","1808439","128.2562857","36.2708358","N"
"2018","2018-06-27 01","야","수","1","0","0","0","0","광주","남구","차대사람","기타","기타","안전운전 의무 불이행","단일로","기타단일로","승용차","보행자","945995.2","1682220.1","126.9072148","35.13373871","N"