"발생년","발생년월일시","주야","요일","사망자수","부상자수","중상자수","경상자수","부상신고자수","발생지시도","발생지시군구","사고유형_대분류","사고유형_중분류","사고유형","가해자법규위반","도로형태_대분류","도로형태","가해자_당사자종별","피해자_당사자종별","발생위치(X_UTMK)","발생위치(Y_UTMK)","경도","위도"," 어린이사고 여부"
"2018","2018-07-25 11","주","수","2","1","1","0","0","강원","영월군","차대차","정면충돌","정면충돌","중앙선 침범","단일로","교량위","승용차","승용차","1093008","1902766","128.546932","37.11895162","N"
"2018","2018-07-25 13","주","수","1","0","0","0","0","광주","서구","차대사람","횡단중","횡단중","안전운전 의무 불이행","단일로","기타단일로","특수차","보행자","945416.4","1684451.1","126.9007144","35.1538238","N"
"2018","2018-07-25 16","주","수","1","0","0","0","0","광주","광산구","차대차","기타","기타","중앙선 침범","단일로","기타단일로","자전거","화물차","940365","1689279","126.844908","35.197068","N"
"2018","2018-07-25 20","야","수","1","0","0","0","0","경북","칠곡군","차대사람","횡단중","횡단중","안전운전 의무 불이행","단일로","교량위","승용차","보행자","1080707","1776251","128.3952337","35.97968815","N"
"2018","2018-07-26 01","야","목","1","0","0","0","0","경기","수원시","차대차","측면충돌","측면충돌","신호위반","교차로","교차로내","이륜차","승용차","953308","1917994","126.9734356","37.25967071","N"
"2018","2018-07-26 02","야","목","1","0","0","0","0","서울","성동구","차량단독","공작물충돌","공작물충돌","안전운전 의무 불이행","단일로","기타단일로","이륜차","없음","959131","1952237","127.0372067","37.56859397","N"
"2018","2018-07-26 05","야","목","1","0","0","0","0","서울","양천구","차대차","기타","기타","안전운전 의무 불이행","단일로","기타단일로","승용차","화물차","941251","1948001","126.8350866","37.5294477","N"
"2018","2018-07-26 05","야","목","1","0","0","0","0","경북","청도군","차량단독","전복","전복","안전운전 의무 불이행","교차로","교차로부근","농기계","없음","1114202","1744006","128.7620921","35.68568488","N"
"2018","2018-07-26 06","주","목","1","0","0","0","0","경기","남양주시","차량단독","기타","기타","안전운전 의무 불이행","단일로","기타단일로","자전거","없음","971652","1962526","127.1785909","37.66180297","N"
"2018","2018-07-26 07","주","목","2","1","0","1","0","경기","남양주시","차대차","기타","기타","중앙선 침범","단일로","기타단일로","이륜차","화물차","967213","1968841","127.1279782","37.71857337","N"
"2018","2018-07-26 09","주","목","1","1","0","1","0","경기","김포시","차대차","기타","기타","안전운전 의무 불이행","기타","기타","승용차","화물차","932859","1956983","126.7392913","37.60982744","N"
"2018","2018-07-26 10","주","목","1","0","0","0","0","인천","계양구","차대사람","횡단중","횡단중","안전운전 의무 불이행","교차로","교차로내","화물차","보행자","931027","1947785","126.7194021","37.5267928","N"
"2018","2018-07-26 12","주","목","1","2","0","2","0","전북","남원시","차대차","측면충돌","측면충돌","중앙선 침범","단일로","기타단일로","화물차","승용차","1008666.3","1721002.8","127.5955384","35.48485345","N"
"2018","2018-07-26 17","주","목","1","1","0","1","0","충북","제천시","차대차","측면충돌","측면충돌","신호위반","교차로","교차로내","승용차","화물차","1061032.8","1897316.7","128.1865938","37.07246563","N"
"2018","2018-07-26 18","야","목","1","2","1","1","0","경남","김해시","차대차","추돌","추돌","안전운전 의무 불이행","단일로","터널안","화물차","승용차","1123202","1692485","128.8537282","35.22017917","N"
"2018","2018-07-26 20","야","목","1","0","0","0","0","전북","전주시","차대사람","차도통행중","차도통행중","중앙선 침범","단일로","기타단일로","승용차","보행자","968036","1759262.1","127.146109","35.82933369","N"
"2018","2018-07-26 22","야","목","1","0","0","0","0","경남","함안군","차대차","추돌","추돌","안전운전 의무 불이행","단일로","기타단일로","승용차","자전거","1090041","1710436","128.491389","35.38554497","N"
"2018","2018-07-27 02","야","금","1","0","0","0","0","경북","성주군","차량단독","공작물충돌","공작물충돌","안전운전 의무 불이행","단일로","기타단일로","승용차","없음","1072916","1771385","128.3083739","35.9364343","N"
"2018","2018-07-27 05","야","금","1","0","0","0","0","충북","충주시","차량단독","기타","기타","안전운전 의무 불이행","기타","기타","자전거","없음","1039717","1886772","127.9462519","36.97856015","N"
"2018","2018-07-27 05","야","금","1","0","0","0","0","울산","울주군","차대차","측면충돌","측면충돌","교차로 통행방법 위반","교차로","교차로내","승용차","이륜차","1144758","1725442","129.0963466","35.51435398","N"
"2018","2018-07-27 16","주","금","1","0","0","0","0","전북","김제시","차대차","측면충돌","측면충돌","기타","단일로","기타단일로","이륜차","승용차","944949","1757300","126.8906456","35.8106196","N"
"2018","2018-07-27 20","야","금","1","0","0","0","0","충북","진천군","차대사람","횡단중","횡단중","과속","단일로","기타단일로","승용차","보행자","996207","1872021","127.457456","36.84641741","N"
"2018","2018-07-27 20","야","금","1","0","0","0","0","경북","청도군","차대사람","기타","기타","안전운전 의무 불이행","단일로","기타단일로","승용차","보행자","1112923","1738889","128.7472427","35.63970601","N"
"2018","2018-07-27 20","야","금","1","0","0","0","0","경남","산청군","차량단독","공작물충돌","공작물충돌","안전운전 의무 불이행","단일로","기타단일로","화물차","없음","1038251","1711841","127.9212484","35.40154684","N"
"2018","2018-07-27 21","야","금","1","0","0","0","0","경남","창원시(통합)","차대사람","횡단중","횡단중","안전운전 의무 불이행","교차로","교차로내","승용차","보행자","1097935","1689919","128.5758415","35.19983144","N"
"2018","2018-07-27 21","야","금","1","1","0","1","0","대전","서구","차대차","기타","기타","신호위반","교차로","교차로내","승용차","이륜차","988195","1817826","127.3684222","36.3577828","N"
"2018","2018-07-28 00","야","토","2","1","1","0","0","충남","천안시","차대차","정면충돌","정면충돌","중앙선 침범","단일로","기타단일로","승용차","승용차","964946","1880958","127.1064091","36.92633644","N"
"2018","2018-07-28 00","야","토","1","2","0","2","0","경기","파주시","차대차","추돌","추돌","안전운전 의무 불이행","단일로","기타단일로","화물차","화물차","949465","1997912","126.9245734","37.97977353","N"
"2018","2018-07-28 04","야","토","1","0","0","0","0","부산","부산진구","차량단독","기타","기타","안전운전 의무 불이행","단일로","기타단일로","이륜차","없음","1142897","1686391","129.0690105","35.16263639","N"
"2018","2018-07-28 04","야","토","1","0","0","0","0","경기","고양시","차대차","추돌","추돌","안전운전 의무 불이행","단일로","터널안","화물차","이륜차","941746","1961794","126.839591","37.65379441","N"
"2018","2018-07-28 05","야","토","1","1","1","0","0","부산","해운대구","차량단독","공작물충돌","공작물충돌","안전운전 의무 불이행","단일로","기타단일로","이륜차","없음","1152096","1686998","129.1700904","35.16675744","N"
"2018","2018-07-28 07","주","토","1","1","1","0","0","인천","남동구","차대차","기타","기타","중앙선 침범","단일로","기타단일로","승용차","승용차","930864","1941387","126.718159","37.46911652","N"
"2018","2018-07-28 10","주","토","1","0","0","0","0","전남","장성군","차대차","정면충돌","정면충돌","중앙선 침범","단일로","기타단일로","이륜차","건설기계","920952.4","1700557.2","126.6305943","35.29741137","N"
"2018","2018-07-28 11","주","토","1","0","0","0","0","전남","보성군","차대차","추돌","추돌","안전운전 의무 불이행","교차로","교차로내","이륜차","화물차","969300","1641222","127.1645246","34.76502532","N"
"2018","2018-07-28 11","주","토","1","7","2","5","0","경북","청송군","차대차","정면충돌","정면충돌","중앙선 침범","단일로","기타단일로","화물차","승합차","1140937","1820475","129.0710903","36.37140493","N"
"2018","2018-07-28 12","주","토","1","6","2","4","0","경기","용인시","차대차","정면충돌","정면충돌","중앙선 침범","교차로","교차로부근","승용차","승용차","968711","1917028","127.1471783","37.25160842","Y"
"2018","2018-07-28 14","주","토","1","0","0","0","0","강원","인제군","차량단독","도로이탈","도로이탈 추락","안전운전 의무 불이행","단일로","기타단일로","이륜차","없음","1056036","2001964","128.1383779","38.01596845","N"
"2018","2018-07-28 16","주","토","1","0","0","0","0","경기","광주시","차량단독","공작물충돌","공작물충돌","안전운전 의무 불이행","단일로","기타단일로","이륜차","없음","983384","1928115","127.312385","37.35192318","N"
"2018","2018-07-28 19","야","토","1","0","0","0","0","경남","김해시","차량단독","기타","기타","안전운전 의무 불이행","단일로","기타단일로","화물차","없음","1129543","1706648","128.9256201","35.34704856","N"
"2018","2018-07-28 20","야","토","1","0","0","0","0","충남","아산시","차대차","추돌","추돌","안전운전 의무 불이행","단일로","기타단일로","이륜차","승용차","947045","1875829","126.9057812","36.87926716","N"
"2018","2018-07-29 00","야","일","1","0","0","0","0","인천","미추홀구","차대사람","기타","기타","안전운전 의무 불이행","단일로","기타단일로","승용차","보행자","929175.4","1939055.7","126.6992888","37.44797698","N"
"2018","2018-07-29 03","야","일","1","0","0","0","0","전남","목포시","차대사람","횡단중","횡단중","안전운전 의무 불이행","단일로","기타단일로","승용차","보행자","897797","1646813","126.3825787","34.81077483","N"
"2018","2018-07-29 03","야","일","1","0","0","0","0","경남","창원시(통합)","차대사람","횡단중","횡단중","안전운전 의무 불이행","교차로","교차로부근","승용차","보행자","1104286","1693999","128.6461139","35.23597401","N"
"2018","2018-07-29 04","야","일","1","0","0","0","0","경기","평택시","차대사람","횡단중","횡단중","과속","단일로","기타단일로","승용차","보행자","960258","1883484","127.0536402","36.94892037","N"
"2018","2018-07-29 04","야","일","1","0","0","0","0","경북","청도군","차대차","추돌","추돌","안전운전 의무 불이행","기타","기타","승용차","농기계","1125590","1745538","128.8881532","35.69810895","N"
"2018","2018-07-29 13","주","일","1","0","0","0","0","경기","오산시","차대차","기타","기타","안전운전 의무 불이행","단일로","기타단일로","자전거","화물차","961634","1903704","127.068063","37.1312428","N"
"2018","2018-07-29 15","주","일","1","0","0","0","0","강원","춘천시","차량단독","전도","전도","안전운전 의무 불이행","단일로","기타단일로","이륜차","없음","1024541.9","1973152.5","127.7786145","37.75769185","N"
"2018","2018-07-29 16","주","일","1","0","0","0","0","충남","홍성군","차량단독","전복","전복","안전운전 의무 불이행","단일로","기타단일로","농기계","없음","923371","1839347","126.6438102","36.54879872","N"
"2018","2018-07-29 20","야","일","1","4","3","1","0","전북","부안군","차대차","정면충돌","정면충돌","중앙선 침범","단일로","기타단일로","승용차","화물차","907618.6","1736554.8","126.4798724","35.6207986","N"
"2018","2018-07-29 22","야","일","1","0","0","0","0","제주","서귀포시","차대사람","기타","기타","안전운전 의무 불이행","교차로","교차로부근","승용차","보행자","887999","1471753","126.2979388","33.23125257","N"
"2018","2018-07-30 00","야","월","1","0","0","0","0","전남","순천시","차량단독","공작물충돌","공작물충돌","안전운전 의무 불이행","단일로","기타단일로","승용차","없음","995617","1654375","127.4520355","34.88408785","N"
"2018","2018-07-30 04","야","월","1","1","1","0","0","서울","송파구","차대차","측면충돌","측면충돌","신호위반","교차로","교차로내","승용차","원동기장치자전거","967129","1945906","127.1280562","37.51185033","N"
"2018","2018-07-30 08","주","월","1","1","1","0","0","강원","영월군","차대차","정면충돌","정면충돌","교차로 통행방법 위반","교차로","교차로내","화물차","승용차","1080481","1909295","128.4066431","37.17895925","N"
"2018","2018-07-30 08","주","월","1","0","0","0","0","충남","천안시","차대차","측면충돌","측면충돌","안전운전 의무 불이행","교차로","교차로내","건설기계","자전거","973671","1863626","127.2049741","36.77038064","N"
"2018","2018-07-30 08","주","월","1","1","0","1","0","전북","군산시","차대차","측면충돌","측면충돌","신호위반","교차로","교차로내","승용차","승용차","916000","1772578.1","126.5686322","35.94629958","N"
"2018","2018-07-30 09","주","월","1","0","0","0","0","전남","신안군","차대사람","기타","기타","안전운전 의무 불이행","기타","기타","화물차","보행자","882468","1674613","126.2111012","35.05974475","N"
"2018","2018-07-30 09","주","월","1","0","0","0","0","인천","미추홀구","차대사람","횡단중","횡단중","안전운전 의무 불이행","교차로","교차로부근","승용차","보행자","925330","1939971","126.6557259","37.45592384","N"
"2018","2018-07-30 10","주","월","1","0","0","0","0","부산","기장군","차량단독","공작물충돌","공작물충돌","안전운전 의무 불이행","교차로","교차로부근","이륜차","없음","1158379.1","1703790.4","129.2422893","35.31713515","N"
"2018","2018-07-30 10","주","월","1","0","0","0","0","경북","의성군","차대차","측면충돌","측면충돌","안전운전 의무 불이행","기타","기타","건설기계","농기계","1104638","1816353","128.665983","36.33888724","N"
"2018","2018-07-30 11","주","월","1","0","0","0","0","경남","밀양시","차대차","측면충돌","측면충돌","중앙선 침범","단일로","기타단일로","이륜차","건설기계","1106380","1712608","128.6715405","35.40351551","N"
"2018","2018-07-30 14","주","월","1","0","0","0","0","충남","서산시","차대차","측면충돌","측면충돌","안전운전 의무 불이행","교차로","교차로부근","화물차","자전거","907414","1864509","126.4625043","36.77418227","N"
"2018","2018-07-30 18","야","월","1","0","0","0","0","경기","의정부시","차량단독","기타","기타","안전운전 의무 불이행","단일로","기타단일로","승용차","없음","960188","1968268","127.0483016","37.71313042","N"
"2018","2018-07-30 23","야","월","1","0","0","0","0","경남","창원시(통합)","차대사람","횡단중","횡단중","과속","단일로","기타단일로","승용차","보행자","1105939","1695126","128.6644225","35.24596078","N"
"2018","2018-07-31 05","야","화","1","0","0","0","0","전북","군산시","차대차","기타","기타","과속","단일로","기타단일로","승용차","원동기장치자전거","938928.5","1771234.6","126.8229412","35.93589081","N"
"2018","2018-07-31 07","주","화","1","7","1","6","0","전북","전주시","차대차","정면충돌","정면충돌","중앙선 침범","단일로","기타단일로","승용차","승용차","965124.1","1758643.3","127.1138974","35.82365534","N"
"2018","2018-07-31 10","주","화","1","1","0","1","0","충북","제천시","차량단독","도로이탈","도로이탈 기타","안전운전 의무 불이행","단일로","기타단일로","화물차","없음","1046679","1902519","128.0254504","37.12018343","N"
"2018","2018-07-31 13","주","화","1","0","0","0","0","경남","진주시","차량단독","공작물충돌","공작물충돌","안전운전 의무 불이행","단일로","기타단일로","화물차","없음","1046465","1693004","128.0106354","35.23135164","N"
"2018","2018-07-31 15","주","화","1","1","0","1","0","경북","김천시","차대차","측면충돌","측면충돌","중앙선 침범","단일로","기타단일로","화물차","건설기계","1060092","1794904","128.1680005","36.14933753","N"
"2018","2018-07-31 17","주","화","1","0","0","0","0","충남","홍성군","차량단독","전도","전도","안전운전 의무 불이행","단일로","기타단일로","이륜차","없음","925382","1848786","126.6653615","36.63404194","N"
"2018","2018-07-31 17","주","화","1","0","0","0","0","경남","의령군","차량단독","공작물충돌","공작물충돌","안전운전 의무 불이행","교차로","교차로부근","화물차","없음","1075442","1718408","128.3314027","35.45863143","N"
"2018","2018-07-31 21","야","화","1","0","0","0","0","경기","시흥시","차대사람","차도통행중","차도통행중","안전운전 의무 불이행","단일로","기타단일로","승용차","보행자","936397","1937755","126.781039","37.43677863","N"
"2018","2018-07-31 21","야","화","1","0","0","0","0","광주","동구","차대차","기타","기타","안전거리 미확보","단일로","기타단일로","승용차","승용차","948893","1682277","126.9390177","35.13440317","N"
"2018","2018-08-01 04","야","수","1","0","0","0","0","대전","서구","차대사람","횡단중","횡단중","안전운전 의무 불이행","교차로","교차로내","승용차","보행자","989151","1814253","127.3791275","36.32558201","N"
"2018","2018-08-01 07","주","수","1","1","0","1","0","전남","진도군","차대차","측면충돌","측면충돌","과속","교차로","교차로내","승용차","화물차","886883.4","1616906.7","126.2672819","34.53999079","N"
"2018","2018-08-01 08","주","수","1","0","0","0","0","광주","북구","차대사람","횡단중","횡단중","안전운전 의무 불이행","단일로","기타단일로","특수차","보행자","943025","1690695","126.8740286","35.20999004","N"
"2018","2018-08-01 09","주","수","1","2","0","2","0","충북","청주시","차대차","정면충돌","정면충돌","중앙선 침범","교차로","교차로내","승용차","승용차","998508","1852908","127.4833024","36.67412409","N"
"2018","2018-08-01 09","주","수","1","0","0","0","0","인천","미추홀구","차대사람","보도통행중","보도통행중","보행자 보호의무 위반","교차로","교차로횡단보도내","승용차","보행자","926825","1940596","126.6725658","37.46167638","N"
"2018","2018-08-01 12","주","수","1","0","0","0","0","충북","옥천군","차대차","추돌","추돌","안전거리 미확보","단일로","기타단일로","화물차","화물차","1011477","1806189","127.6277507","36.25287385","N"
"2018","2018-08-01 14","주","수","1","0","0","0","0","경남","합천군","차대차","기타","기타","안전운전 의무 불이행","단일로","기타단일로","불명","이륜차","1073380","1731241","128.3098419","35.57448515","N"
"2018","2018-08-01 18","야","수","1","0","0","0","0","경북","경주시","차대차","측면충돌","측면충돌","중앙선 침범","단일로","기타단일로","자전거","승용차","1154428","1763490","129.2102483","35.85579999","N"
"2018","2018-08-01 20","야","수","1","0","0","0","0","경남","통영시","차대사람","횡단중","횡단중","안전운전 의무 불이행","단일로","기타단일로","승용차","보행자","1083804","1660955","128.4177","34.93996664","N"
"2018","2018-08-01 20","야","수","1","0","0","0","0","울산","울주군","차대사람","횡단중","횡단중","안전운전 의무 불이행","단일로","기타단일로","화물차","보행자","1147137","1732044","129.1237715","35.57350783","N"
"2018","2018-08-01 23","야","수","1","1","0","1","0","서울","성북구","차대사람","횡단중","횡단중","안전운전 의무 불이행","단일로","기타단일로","승용차","보행자","956650","1954575","127.0089748","37.58955339","N"
"2018","2018-08-01 23","야","수","1","0","0","0","0","경남","통영시","차대사람","기타","기타","안전운전 의무 불이행","단일로","기타단일로","승용차","보행자","1083757","1653585","128.4164467","34.8735195","N"
"2018","2018-08-02 01","야","목","1","0","0","0","0","전남","고흥군","차대차","추돌","추돌","안전운전 의무 불이행","단일로","기타단일로","이륜차","화물차","980757","1624366","127.2901045","34.61330114","N"
"2018","2018-08-02 06","주","목","1","1","1","0","0","충북","제천시","차대차","추돌","추돌","안전운전 의무 불이행","단일로","기타단일로","화물차","농기계","1067291","1899606","128.2571959","37.09267187","N"
"2018","2018-08-02 10","주","목","1","2","0","2","0","충남","예산군","차대차","추돌","추돌","안전거리 미확보","교차로","교차로내","화물차","승용차","940952","1858075","126.8387914","36.71886873","N"
"2018","2018-08-02 10","주","목","1","0","0","0","0","전남","담양군","차량단독","전도","전도","안전운전 의무 불이행","단일로","기타단일로","이륜차","없음","955950.1","1693051.1","127.0159024","35.23188538","N"
"2018","2018-08-02 10","주","목","1","1","1","0","0","전남","광양시","차대차","측면충돌","측면충돌","교차로 통행방법 위반","교차로","교차로내","특수차","화물차","1024270","1661187","127.7657905","34.94523422","N"
"2018","2018-08-02 12","주","목","1","7","7","0","0","충남","아산시","차대차","정면충돌","정면충돌","중앙선 침범","단일로","기타단일로","화물차","승합차","954331","1855602","126.9887485","36.69731374","N"
"2018","2018-08-02 14","주","목","1","1","0","1","0","부산","기장군","차대차","추돌","추돌","과속","단일로","기타단일로","승용차","화물차","1157280","1704280","129.2302973","35.32172143","N"
"2018","2018-08-02 18","야","목","1","0","0","0","0","울산","북구","차량단독","공작물충돌","공작물충돌","안전운전 의무 불이행","단일로","기타단일로","이륜차","없음","1163980","1735748","129.3103199","35.60424191","N"
"2018","2018-08-02 18","야","목","1","0","0","0","0","경기","동두천시","차량단독","공작물충돌","공작물충돌","안전운전 의무 불이행","교차로","교차로내","승용차","없음","962046","1996667","127.0678908","37.9691663","N"
"2018","2018-08-02 20","야","목","1","0","0","0","0","경기","화성시","차대사람","기타","기타","과속","교차로","교차로횡단보도내","승용차","보행자","962188","1911366","127.0739124","37.20033007","N"
"2018","2018-08-02 20","야","목","1","0","0","0","0","전남","고흥군","차량단독","공작물충돌","공작물충돌","안전운전 의무 불이행","단일로","기타단일로","승합차","없음","966589","1604093","127.1363627","34.43011611","N"
"2018","2018-08-02 22","야","목","1","0","0","0","0","충남","예산군","차대차","추돌","추돌","안전운전 의무 불이행","단일로","기타단일로","승용차","원동기장치자전거","927317","1854975","126.6864165","36.68997945","N"
"2018","2018-08-02 23","야","목","1","0","0","0","0","경기","성남시","차량단독","전도","전도","안전운전 의무 불이행","단일로","기타단일로","개인형이동수단(PM)","없음","964803","1936027","127.1022096","37.42272017","N"
"2018","2018-08-02 23","야","목","1","1","1","0","0","전남","구례군","차량단독","공작물충돌","공작물충돌","안전운전 의무 불이행","교차로","교차로내","승용차","없음","996783","1691187","127.4646527","35.21603946","N"
"2018","2018-08-03 04","야","금","1","1","1","0","0","경기","파주시","차대차","추돌","추돌","안전운전 의무 불이행","단일로","기타단일로","승용차","농기계","934002","1987910","126.7494304","37.88864017","N"
"2018","2018-08-03 06","주","금","1","0","0","0","0","경북","경주시","차대차","측면충돌","측면충돌","안전운전 의무 불이행","교차로","교차로내","승용차","자전거","1155860","1768757","129.2271313","35.90303955","N"
"2018","2018-08-03 06","주","금","1","0","0","0","0","대구","중구","차대차","측면충돌","측면충돌","안전운전 의무 불이행","단일로","기타단일로","승용차","자전거","1099734","1763130","128.6046108","35.85965023","N"
"2018","2018-08-03 10","주","금","1","0","0","0","0","경남","진주시","차대차","정면충돌","정면충돌","중앙선 침범","단일로","기타단일로","화물차","화물차","1044247","1694001","127.9863147","35.24044172","N"
"2018","2018-08-03 15","주","금","1","0","0","0","0","전북","전주시","차대사람","횡단중","횡단중","안전운전 의무 불이행","단일로","기타단일로","승용차","보행자","964463","1756458","127.1066759","35.80392892","N"
"2018","2018-08-03 20","야","금","1","0","0","0","0","경기","의왕시","차대사람","차도통행중","차도통행중","안전운전 의무 불이행","교차로","교차로부근","승용차","보행자","952585","1926491","126.9647399","37.33622257","N"
"2018","2018-08-03 21","야","금","1","0","0","0","0","경기","용인시","차대사람","횡단중","횡단중","보행자 보호의무 위반","교차로","교차로횡단보도내","승용차","보행자","973447","1915150","127.2006487","37.23482734","N"
"2018","2018-08-03 22","야","금","1","0","0","0","0","경기","화성시","차대사람","횡단중","횡단중","신호위반","교차로","교차로부근","승합차","보행자","952917","1912923","126.9693468","37.21394264","N"
"2018","2018-08-03 23","야","금","1","0","0","0","0","경북","영주시","차대사람","기타","기타","안전운전 의무 불이행","단일로","기타단일로","승용차","보행자","1099320.5","1868749","128.6135013","36.81171555","N"
"2018","2018-08-04 04","야","토","1","0","0","0","0","대구","서구","차량단독","공작물충돌","공작물충돌","안전운전 의무 불이행","단일로","기타단일로","이륜차","없음","1095278","1762806","128.555227","35.85717307","N"
"2018","2018-08-04 05","야","토","1","0","0","0","0","경북","포항시","차대사람","횡단중","횡단중","신호위반","단일로","기타단일로","화물차","보행자","1168798","1781547","129.3731556","36.0161454","N"
"2018","2018-08-04 10","주","토","1","0","0","0","0","강원","춘천시","차량단독","공작물충돌","공작물충돌","안전운전 의무 불이행","교차로","교차로부근","승용차","없음","1023529.7","1974116.5","127.7671548","37.76640714","N"
"2018","2018-08-04 10","주","토","1","4","0","4","0","전북","남원시","차대차","정면충돌","정면충돌","중앙선 침범","단일로","기타단일로","승용차","승용차","1010490","1715087","127.6155667","35.43149464","N"
"2018","2018-08-04 11","주","토","1","0","0","0","0","충남","서천군","차량단독","공작물충돌","공작물충돌","안전운전 의무 불이행","교차로","교차로내","화물차","없음","923768","1794361","126.6526509","36.14330743","N"
"2018","2018-08-04 11","주","토","1","1","1","0","0","전남","광양시","차대차","추돌","추돌","안전운전 의무 불이행","단일로","기타단일로","화물차","화물차","1014859","1663990","127.6627773","34.97069195","N"
"2018","2018-08-04 15","주","토","1","0","0","0","0","전남","나주시","차대차","측면충돌","측면충돌","안전운전 의무 불이행","단일로","기타단일로","화물차","이륜차","929615.6","1670311.1","126.7284481","35.02534846","N"
"2018","2018-08-04 16","주","토","1","0","0","0","0","충남","서산시","차량단독","전도","전도","안전운전 의무 불이행","단일로","기타단일로","이륜차","없음","905786","1861869","126.4445903","36.75022678","N"
"2018","2018-08-04 16","주","토","1","3","0","3","0","경남","창녕군","차량단독","공작물충돌","공작물충돌","안전운전 의무 불이행","단일로","기타단일로","승용차","없음","1094122","1722650","128.5377284","35.49528085","Y"
"2018","2018-08-04 21","야","토","1","0","0","0","0","서울","중랑구","차대사람","보도통행중","보도통행중","신호위반","단일로","기타단일로","자전거","보행자","963551","1954643","127.087137","37.59046559","N"
"2018","2018-08-04 23","야","토","1","0","0","0","0","강원","인제군","차대차","측면충돌","측면충돌","과속","단일로","기타단일로","승용차","자전거","1073807","2022270","128.3429126","38.19768799","N"
"2018","2018-08-05 04","야","일","1","0","0","0","0","경기","안산시","차대사람","차도통행중","차도통행중","안전운전 의무 불이행","단일로","기타단일로","승용차","보행자","944180","1921451","126.8702412","37.29032771","N"
"2018","2018-08-05 06","주","일","1","0","0","0","0","울산","남구","차대차","추돌","추돌","안전운전 의무 불이행","단일로","기타단일로","승용차","자전거","1160988","1729869","129.2761325","35.55175065","N"
"2018","2018-08-05 16","주","일","1","0","0","0","0","전남","곡성군","차량단독","도로이탈","도로이탈 추락","안전운전 의무 불이행","교차로","교차로부근","이륜차","없음","981524.4","1695906.7","127.2968908","35.25843211","N"
"2018","2018-08-05 16","주","일","1","0","0","0","0","경남","양산시","차대사람","횡단중","횡단중","안전운전 의무 불이행","교차로","교차로부근","승용차","보행자","1141734","1715426","129.0612637","35.42451261","N"
"2018","2018-08-05 21","야","일","1","0","0","0","0","경남","창원시(통합)","차대사람","차도통행중","차도통행중","안전운전 의무 불이행","단일로","기타단일로","승용차","보행자","1106125","1694412","128.6663743","35.23950424","N"
"2018","2018-08-05 22","야","일","1","1","1","0","0","경북","경산시","차대사람","횡단중","횡단중","보행자 보호의무 위반","단일로","기타단일로","승용차","보행자","1112795","1760330","128.7488439","35.83299405","N"
"2018","2018-08-05 23","야","일","1","1","1","0","0","제주","서귀포시","차대사람","횡단중","횡단중","보행자 보호의무 위반","단일로","기타단일로","승용차","보행자","899743","1473906","126.423724","33.25182328","N"
"2018","2018-08-06 04","야","월","1","0","0","0","0","경남","창원시(통합)","차대사람","차도통행중","차도통행중","안전운전 의무 불이행","단일로","기타단일로","승용차","보행자","1106959","1684770","128.674287","35.15249054","N"
"2018","2018-08-06 05","야","월","1","0","0","0","0","인천","계양구","차대사람","차도통행중","차도통행중","안전운전 의무 불이행","단일로","기타단일로","승용차","보행자","934090","1952907","126.7536045","37.57318051","N"
"2018","2018-08-06 06","주","월","1","0","0","0","0","서울","송파구","차대사람","기타","기타","안전운전 의무 불이행","교차로","교차로부근","승용차","보행자","969500","1944188","127.1549555","37.49644658","N"
"2018","2018-08-06 07","주","월","1","0","0","0","0","경남","거제시","차대사람","기타","기타","안전운전 의무 불이행","교차로","교차로내","화물차","보행자","1109993","1648897","128.7028492","34.82875175","N"
"2018","2018-08-06 09","주","월","1","1","1","0","0","전남","여수시","차대차","측면충돌","측면충돌","안전운전 의무 불이행","단일로","기타단일로","화물차","이륜차","1004289.8","1647342.3","127.5469085","34.82066976","N"
"2018","2018-08-06 11","주","월","1","0","0","0","0","전북","군산시","차량단독","공작물충돌","공작물충돌","안전운전 의무 불이행","단일로","기타단일로","원동기장치자전거","없음","938704.7","1771493.4","126.8204402","35.93820998","N"
"2018","2018-08-06 16","주","월","1","0","0","0","0","충남","당진시","차량단독","도로이탈","도로이탈 추락","안전운전 의무 불이행","기타","기타","사륜오토바이(ATV)","없음","929905","1876972","126.7133585","36.88845262","N"
"2018","2018-08-06 19","야","월","1","0","0","0","0","경남","사천시","차대사람","기타","기타","안전운전 의무 불이행","기타","기타","화물차","보행자","1051237","1668849","128.0615791","35.01331767","N"
"2018","2018-08-06 21","야","월","1","0","0","0","0","경남","함양군","차대차","추돌","추돌","안전운전 의무 불이행","단일로","기타단일로","화물차","농기계","1019585","1722740","127.7159489","35.50036184","N"
"2018","2018-08-07 01","야","화","1","0","0","0","0","대구","수성구","차대사람","횡단중","횡단중","안전운전 의무 불이행","단일로","기타단일로","화물차","보행자","1107759","1760519","128.6931229","35.83526416","N"
"2018","2018-08-07 02","야","화","1","1","1","0","0","경북","경주시","차량단독","공작물충돌","공작물충돌","안전운전 의무 불이행","단일로","지하차도(도로)내","화물차","없음","1158019","1777928","129.2528707","35.98534036","N"
"2018","2018-08-07 03","야","화","1","0","0","0","0","경기","군포시","차량단독","공작물충돌","공작물충돌","안전운전 의무 불이행","단일로","기타단일로","승용차","없음","949691","1930899","126.931772","37.37580152","N"