"발생년","발생년월일시","주야","요일","사망자수","부상자수","중상자수","경상자수","부상신고자수","발생지시도","발생지시군구","사고유형_대분류","사고유형_중분류","사고유형","가해자법규위반","도로형태_대분류","도로형태","가해자_당사자종별","피해자_당사자종별","발생위치(X_UTMK)","발생위치(Y_UTMK)","경도","위도"," 어린이사고 여부"
"2018","2018-08-07 04","야","화","1","0","0","0","0","서울","노원구","차대사람","횡단중","횡단중","안전운전 의무 불이행","기타","기타","승용차","보행자","962415","1958597","127.0740665","37.62605827","N"
"2018","2018-08-07 10","주","화","1","0","0","0","0","경기","김포시","차대차","기타","기타","안전운전 의무 불이행","단일로","기타단일로","화물차","이륜차","918948","1957517","126.5816372","37.61351888","N"
"2018","2018-08-07 12","주","화","2","0","0","0","0","경기","시흥시","차대차","추돌","추돌","안전운전 의무 불이행","단일로","기타단일로","화물차","화물차","943989","1931414","126.8673338","37.38011642","N"
"2018","2018-08-07 14","주","화","1","2","2","0","0","경북","구미시","차대차","추돌","추돌","안전운전 의무 불이행","단일로","기타단일로","화물차","건설기계","1083491","1796825","128.4282884","36.16492121","N"
"2018","2018-08-07 15","주","화","1","1","0","1","0","경기","안산시","차량단독","공작물충돌","공작물충돌","안전운전 의무 불이행","단일로","기타단일로","화물차","없음","937327","1927640","126.7924083","37.34567416","N"
"2018","2018-08-07 16","주","화","1","0","0","0","0","충남","서산시","차대사람","기타","기타","안전운전 의무 불이행","단일로","기타단일로","건설기계","보행자","905614","1863247","126.4424933","36.76262995","N"
"2018","2018-08-07 16","주","화","1","0","0","0","0","경남","밀양시","차량단독","공작물충돌","공작물충돌","안전운전 의무 불이행","단일로","기타단일로","승용차","없음","1108375","1711934","128.6934172","35.39722441","N"
"2018","2018-08-07 19","야","화","1","0","0","0","0","경남","사천시","차대사람","횡단중","횡단중","과속","교차로","교차로횡단보도내","승용차","보행자","1052935","1661663","128.0797322","34.94843393","N"
"2018","2018-08-07 20","야","화","1","6","4","2","0","강원","양양군","차대차","추돌","추돌","안전운전 의무 불이행","단일로","기타단일로","특수차","승용차","1095643.4","2008836.9","128.5904552","38.07458657","Y"
"2018","2018-08-07 21","야","화","1","0","0","0","0","경북","경주시","차대사람","횡단중","횡단중","과속","단일로","기타단일로","승용차","보행자","1164237","1756130","129.3173198","35.78787906","N"
"2018","2018-08-08 02","야","수","1","0","0","0","0","충북","청주시","차량단독","공작물충돌","공작물충돌","안전운전 의무 불이행","단일로","기타단일로","이륜차","없음","995928","1846313","127.4544636","36.61466283","N"
"2018","2018-08-08 03","야","수","1","0","0","0","0","충남","천안시","차대차","추돌","추돌","안전운전 의무 불이행","단일로","기타단일로","화물차","특수차","970643","1861703","127.1711188","36.7529565","Y"
"2018","2018-08-08 04","야","수","1","0","0","0","0","서울","광진구","차대사람","기타","기타","안전운전 의무 불이행","단일로","기타단일로","승용차","보행자","961682","1949748","127.0662231","37.54626952","N"
"2018","2018-08-08 05","야","수","1","0","0","0","0","인천","서구","차대차","측면충돌","측면충돌","과속","단일로","기타단일로","승용차","승용차","927234","1948633","126.676395","37.53414404","N"
"2018","2018-08-08 08","주","수","1","0","0","0","0","강원","강릉시","차대사람","기타","기타","안전운전 의무 불이행","단일로","기타단일로","화물차","보행자","1118002","1970607","128.839056","37.72747196","N"
"2018","2018-08-08 10","주","수","1","0","0","0","0","충북","청주시","차대사람","기타","기타","안전운전 의무 불이행","단일로","기타단일로","화물차","보행자","998684","1849684","127.4852777","36.64506016","N"
"2018","2018-08-08 10","주","수","2","15","4","11","0","경기","양주시","차대차","정면충돌","정면충돌","중앙선 침범","단일로","기타단일로","승용차","승합차","961026","1984560","127.0569333","37.86000558","Y"
"2018","2018-08-08 11","주","수","1","0","0","0","0","강원","강릉시","차량단독","도로이탈","도로이탈 추락","안전운전 의무 불이행","교차로","교차로내","사륜오토바이(ATV)","없음","1132335","1958533","128.9994635","37.61672211","N"
"2018","2018-08-08 15","주","수","1","0","0","0","0","대구","달성군","차량단독","전도","전도","안전운전 의무 불이행","단일로","기타단일로","이륜차","없음","1085762","1742290","128.4476522","35.6730995","N"
"2018","2018-08-08 17","주","수","1","1","0","1","0","경북","경산시","차대차","측면충돌","측면충돌","신호위반","교차로","교차로내","이륜차","승용차","1118955.2","1766084.9","128.8178911","35.88413938","N"
"2018","2018-08-08 17","주","수","1","0","0","0","0","경북","구미시","차대차","기타","기타","기타","교차로","교차로내","승용차","원동기장치자전거","1076772","1796496","128.3535593","36.16251122","N"
"2018","2018-08-08 19","야","수","1","0","0","0","0","충북","단양군","차대사람","기타","기타","보행자 보호의무 위반","기타","기타","화물차","보행자","1077540","1887840","128.3712993","36.9858287","N"
"2018","2018-08-08 20","야","수","1","0","0","0","0","경기","광주시","차대사람","횡단중","횡단중","안전운전 의무 불이행","기타","기타","승용차","보행자","973551","1934787","127.201121","37.41183456","N"
"2018","2018-08-08 23","야","수","1","2","1","1","0","전북","군산시","차대차","측면충돌","측면충돌","중앙선 침범","교차로","교차로부근","승용차","특수차","918784","1774333","126.5993173","35.96235537","N"
"2018","2018-08-09 00","야","목","1","0","0","0","0","경북","포항시","차량단독","공작물충돌","공작물충돌","안전운전 의무 불이행","단일로","고가도로위","이륜차","없음","1167540","1783964","129.3597142","36.03814252","N"
"2018","2018-08-09 03","야","목","1","0","0","0","0","경남","김해시","차대사람","횡단중","횡단중","안전운전 의무 불이행","단일로","기타단일로","승용차","보행자","1122934","1693625","128.8509545","35.23048869","N"
"2018","2018-08-09 04","야","목","1","0","0","0","0","서울","영등포구","차대사람","기타","기타","안전운전 의무 불이행","교차로","교차로내","승용차","보행자","947067","1944315","126.9011733","37.49657746","N"
"2018","2018-08-09 05","야","목","1","1","0","1","0","경기","화성시","차대차","추돌","추돌","안전운전 의무 불이행","단일로","기타단일로","화물차","특수차","946364","1919395","126.8950281","37.27192449","N"
"2018","2018-08-09 06","주","목","1","1","0","1","0","서울","서초구","차대차","추돌","추돌","안전운전 의무 불이행","단일로","기타단일로","화물차","화물차","957238","1946498","127.0161058","37.51678079","N"
"2018","2018-08-09 09","주","목","1","0","0","0","0","경기","수원시","차대사람","횡단중","횡단중","안전운전 의무 불이행","교차로","교차로내","승용차","보행자","955502.5","1922632.1","126.9979054","37.30158442","N"
"2018","2018-08-09 10","주","목","1","0","0","0","0","서울","관악구","차대사람","차도통행중","차도통행중","안전운전 의무 불이행","교차로","교차로내","화물차","보행자","948543","1941973","126.9180342","37.47555196","N"
"2018","2018-08-09 11","주","목","1","0","0","0","0","전남","순천시","차대차","측면충돌","측면충돌","신호위반","교차로","교차로내","이륜차","승용차","1004188","1660800","127.5458627","34.94202654","N"
"2018","2018-08-09 13","주","목","1","0","0","0","0","경기","군포시","차대사람","보도통행중","보도통행중","신호위반","교차로","교차로내","승용차","보행자","950712","1927458","126.9435325","37.34484107","N"
"2018","2018-08-09 13","주","목","1","4","0","4","0","대구","수성구","차대차","측면충돌","측면충돌","신호위반","교차로","교차로내","승용차","이륜차","1102351","1759274","128.633096","35.82462069","Y"
"2018","2018-08-09 14","주","목","1","0","0","0","0","경기","고양시","차대사람","횡단중","횡단중","안전운전 의무 불이행","단일로","기타단일로","화물차","보행자","936346","1964861","126.7781093","37.68107775","N"
"2018","2018-08-09 15","주","목","1","1","0","1","0","경기","시흥시","차대차","추돌","추돌","안전운전 의무 불이행","단일로","기타단일로","화물차","화물차","931474","1929670","126.7261441","37.363557","N"
"2018","2018-08-09 18","야","목","1","0","0","0","0","전남","영암군","차량단독","공작물충돌","공작물충돌","안전운전 의무 불이행","단일로","기타단일로","승용차","없음","919496.6","1636006.1","126.6208337","34.71527928","N"
"2018","2018-08-09 21","야","목","1","0","0","0","0","경북","안동시","차량단독","전도","전도","안전운전 의무 불이행","단일로","기타단일로","사륜오토바이(ATV)","없음","1109067","1841917","128.7189262","36.56880954","N"
"2018","2018-08-09 23","야","목","1","0","0","0","0","서울","영등포구","차대차","측면충돌","측면충돌","안전운전 의무 불이행","교차로","교차로부근","자전거","승용차","947702","1944239","126.9083621","37.49592866","N"
"2018","2018-08-10 00","야","금","1","0","0","0","0","부산","동구","차대사람","기타","기타","과속","단일로","기타단일로","승용차","보행자","1141334","1682867","129.0512513","35.13109241","N"
"2018","2018-08-10 00","야","금","1","0","0","0","0","대전","유성구","차대차","측면충돌","측면충돌","과속","교차로","교차로내","승용차","승용차","983193","1814644","127.3127391","36.32902147","N"
"2018","2018-08-10 02","야","금","1","0","0","0","0","경기","화성시","차대사람","차도통행중","차도통행중","안전운전 의무 불이행","기타","기타","승용차","보행자","947818","1921411","126.9112857","37.29017843","N"
"2018","2018-08-10 05","야","금","1","0","0","0","0","강원","고성군","차대사람","횡단중","횡단중","보행자 보호의무 위반","교차로","교차로횡단보도내","승용차","보행자","1093568","2027634","128.5692678","38.24418598","N"
"2018","2018-08-10 05","야","금","1","0","0","0","0","전남","순천시","차대사람","횡단중","횡단중","안전운전 의무 불이행","교차로","교차로횡단보도내","승용차","보행자","999283","1661561","127.4921475","34.94889728","N"
"2018","2018-08-10 10","주","금","1","0","0","0","0","충북","괴산군","차대사람","횡단중","횡단중","안전운전 의무 불이행","교차로","교차로내","승용차","보행자","1012132","1864022","127.6359504","36.77423861","N"
"2018","2018-08-10 10","주","금","1","0","0","0","0","경북","칠곡군","차량단독","공작물충돌","공작물충돌","안전운전 의무 불이행","교차로","교차로부근","승용차","없음","1080754","1774896","128.395617","35.96746909","N"
"2018","2018-08-10 12","주","금","1","1","1","0","0","경북","울진군","차대차","측면충돌","측면충돌","신호위반","교차로","교차로내","승용차","승용차","1170804","1877570","129.4165783","36.88098841","N"
"2018","2018-08-10 14","주","금","1","1","0","1","0","울산","울주군","차대차","추돌","추돌","안전운전 의무 불이행","단일로","기타단일로","자전거","자전거","1153151","1729989","129.1897264","35.55407466","N"
"2018","2018-08-10 18","야","금","1","2","2","0","0","충북","제천시","차대차","정면충돌","정면충돌","과속","교차로","교차로부근","승용차","화물차","1065232","1901969","128.2342342","37.11411651","N"
"2018","2018-08-10 19","야","금","1","0","0","0","0","충남","아산시","차대사람","기타","기타","안전운전 의무 불이행","단일로","교량위","승용차","보행자","963850","1862636","127.0949754","36.76113244","N"
"2018","2018-08-10 20","야","금","1","0","0","0","0","경기","고양시","차대사람","차도통행중","차도통행중","안전운전 의무 불이행","단일로","기타단일로","승용차","보행자","944805","1960019","126.8744022","37.63798554","N"
"2018","2018-08-10 21","야","금","1","0","0","0","0","경북","구미시","차대사람","횡단중","횡단중","신호위반","교차로","교차로내","원동기장치자전거","보행자","1075093","1791331","128.3344007","36.11608151","N"
"2018","2018-08-10 22","야","금","1","0","0","0","0","충남","서산시","차대차","추돌","추돌","안전운전 의무 불이행","단일로","기타단일로","이륜차","농기계","902276","1847130","126.407158","36.61702508","N"
"2018","2018-08-10 22","야","금","1","0","0","0","0","경기","파주시","차량단독","공작물충돌","공작물충돌","안전운전 의무 불이행","단일로","기타단일로","승용차","없음","930049","1975319","126.7056958","37.77487123","N"
"2018","2018-08-11 00","야","토","1","0","0","0","0","서울","용산구","차대사람","횡단중","횡단중","보행자 보호의무 위반","단일로","기타단일로","승용차","보행자","955810","1948639","126.9998183","37.53601092","N"
"2018","2018-08-11 04","야","토","1","1","0","1","0","경기","안성시","차대차","기타","기타","중앙선 침범","단일로","기타단일로","화물차","승용차","978863","1884998","127.2625564","36.96316975","N"
"2018","2018-08-11 05","야","토","1","0","0","0","0","충남","공주시","차대사람","횡단중","횡단중","신호위반","교차로","교차로부근","승용차","보행자","967343","1830714","127.1354674","36.4734879","N"
"2018","2018-08-11 05","야","토","1","0","0","0","0","전북","김제시","차대차","추돌","추돌","안전운전 의무 불이행","단일로","기타단일로","승용차","자전거","954426","1748600","126.9960367","35.73266689","N"
"2018","2018-08-11 07","주","토","1","1","1","0","0","부산","북구","차량단독","기타","기타","안전운전 의무 불이행","단일로","기타단일로","이륜차","없음","1137717.1","1695207.9","129.0136273","35.24283499","N"
"2018","2018-08-11 10","주","토","1","0","0","0","0","강원","횡성군","차대차","측면충돌","측면충돌","안전운전 의무 불이행","교차로","교차로부근","자전거","자전거","1043162","1943737","127.9882583","37.49187635","N"
"2018","2018-08-11 14","주","토","1","0","0","0","0","울산","북구","차량단독","기타","기타","안전운전 의무 불이행","단일로","기타단일로","사륜오토바이(ATV)","없음","1172304","1741547","129.4034105","35.65508435","N"
"2018","2018-08-11 16","주","토","1","1","0","1","0","강원","춘천시","차량단독","전도","전도","안전운전 의무 불이행","단일로","기타단일로","이륜차","없음","1004865.8","1974269","127.5552473","37.76807153","N"
"2018","2018-08-11 17","주","토","1","0","0","0","0","전남","나주시","차대차","기타","기타","기타","단일로","기타단일로","건설기계","이륜차","924681.4","1669433.1","126.6744439","35.01707608","N"
"2018","2018-08-11 17","주","토","1","0","0","0","0","경남","창원시(통합)","차량단독","공작물충돌","공작물충돌","안전운전 의무 불이행","단일로","기타단일로","이륜차","없음","1102627","1707041","128.629517","35.35372212","N"
"2018","2018-08-11 19","야","토","1","1","0","1","0","경기","화성시","차대차","추돌","추돌","안전운전 의무 불이행","단일로","기타단일로","이륜차","승용차","964782","1909183","127.1032454","37.18075421","N"
"2018","2018-08-11 21","야","토","1","1","1","0","0","서울","성북구","차대사람","보도통행중","보도통행중","안전운전 의무 불이행","단일로","기타단일로","이륜차","보행자","956571","1954348","127.0080935","37.58750367","N"
"2018","2018-08-11 23","야","토","1","0","0","0","0","강원","강릉시","차대차","추돌","추돌","안전운전 의무 불이행","단일로","기타단일로","승용차","자전거","1124148.6","1975471.6","128.9096185","37.77049187","N"
"2018","2018-08-12 02","야","일","1","0","0","0","0","제주","제주시","차대사람","횡단중","횡단중","안전운전 의무 불이행","교차로","교차로부근","승용차","보행자","907103","1500620","126.4999707","33.49340115","N"
"2018","2018-08-12 04","야","일","1","0","0","0","0","부산","해운대구","차대차","정면충돌","정면충돌","신호위반","교차로","교차로내","이륜차","승용차","1148068.6","1688299.1","129.1261172","35.17908649","N"
"2018","2018-08-12 05","야","일","1","0","0","0","0","서울","강남구","차량단독","기타","기타","안전운전 의무 불이행","단일로","지하차도(도로)내","승용차","없음","962353.7","1942968.9","127.0741741","37.48519452","N"
"2018","2018-08-12 05","야","일","1","0","0","0","0","인천","연수구","차대사람","횡단중","횡단중","안전운전 의무 불이행","단일로","기타단일로","승합차","보행자","926791","1935603","126.672677","37.41667269","N"
"2018","2018-08-12 09","주","일","1","0","0","0","0","전북","무주군","차량단독","전도","전도","안전운전 의무 불이행","단일로","기타단일로","승용차","없음","1011315","1778590","127.6255506","36.00405067","N"
"2018","2018-08-12 11","주","일","1","0","0","0","0","인천","미추홀구","차대사람","횡단중","횡단중","보행자 보호의무 위반","교차로","교차로횡단보도내","승합차","보행자","926085","1938509","126.6644083","37.44280783","N"
"2018","2018-08-12 13","주","일","1","0","0","0","0","경기","화성시","차대차","측면충돌","측면충돌","안전운전 의무 불이행","교차로","교차로내","승용차","이륜차","931200","1911812","126.7247031","37.20257954","N"
"2018","2018-08-12 18","야","일","1","0","0","0","0","충남","공주시","차량단독","공작물충돌","공작물충돌","안전운전 의무 불이행","단일로","교량위","승용차","없음","963195","1828226","127.0892849","36.45090813","N"
"2018","2018-08-12 18","야","일","1","0","0","0","0","경남","진주시","차량단독","공작물충돌","공작물충돌","안전운전 의무 불이행","단일로","기타단일로","승용차","없음","1059977","1685579","128.1585795","35.16368629","N"
"2018","2018-08-12 21","야","일","1","0","0","0","0","부산","북구","차대사람","횡단중","횡단중","안전운전 의무 불이행","단일로","기타단일로","승용차","보행자","1136219","1691130","128.9964918","35.2062815","N"
"2018","2018-08-12 21","야","일","1","0","0","0","0","경기","수원시","차대사람","차도통행중","차도통행중","안전운전 의무 불이행","단일로","기타단일로","승용차","보행자","956172","1922882","127.0054448","37.30386873","N"
"2018","2018-08-12 21","야","일","1","0","0","0","0","충남","천안시","차대차","기타","기타","안전운전 의무 불이행","단일로","기타단일로","승용차","자전거","967506","1879450","127.1352173","36.91283454","N"
"2018","2018-08-12 21","야","일","1","0","0","0","0","대전","유성구","차대사람","횡단중","횡단중","과속","단일로","기타단일로","승용차","보행자","981605","1818100","127.2949643","36.36014955","N"
"2018","2018-08-12 23","야","일","1","0","0","0","0","강원","춘천시","차량단독","전도","전도","안전운전 의무 불이행","단일로","지하차도(도로)내","자전거","없음","1023994","1978461","127.7725701","37.8055526","N"
"2018","2018-08-13 00","야","월","1","1","1","0","0","경기","동두천시","차량단독","공작물충돌","공작물충돌","안전운전 의무 불이행","교차로","교차로내","승용차","없음","963783","1988176","127.0880934","37.89270983","N"
"2018","2018-08-13 03","야","월","1","0","0","0","0","경남","양산시","차대차","추돌","추돌","안전운전 의무 불이행","단일로","기타단일로","화물차","특수차","1137873","1709354","129.0177203","35.37032391","N"
"2018","2018-08-13 04","야","월","1","0","0","0","0","광주","남구","차대사람","횡단중","횡단중","신호위반","교차로","교차로횡단보도내","승용차","보행자","939359.6","1675146.9","126.8349013","35.06958379","N"
"2018","2018-08-13 07","주","월","1","0","0","0","0","경기","남양주시","차대사람","횡단중","횡단중","안전운전 의무 불이행","교차로","교차로내","승합차","보행자","977404","1961529","127.2438371","37.65297635","N"
"2018","2018-08-13 10","주","월","1","0","0","0","0","경남","밀양시","차대사람","횡단중","횡단중","안전운전 의무 불이행","단일로","기타단일로","승합차","보행자","1108064","1717123","128.6906813","35.44403632","N"
"2018","2018-08-13 10","주","월","1","0","0","0","0","경남","함안군","차대차","측면충돌","측면충돌","안전운전 의무 불이행","단일로","기타단일로","승용차","이륜차","1091821","1703379","128.5101922","35.32176014","N"
"2018","2018-08-13 11","주","월","1","0","0","0","0","제주","제주시","차대사람","횡단중","횡단중","안전운전 의무 불이행","교차로","교차로횡단보도내","승용차","보행자","900681","1500196","126.4308955","33.48900032","N"
"2018","2018-08-13 12","주","월","1","0","0","0","0","충남","아산시","차대사람","기타","기타","안전운전 의무 불이행","단일로","기타단일로","승용차","보행자","955257","1864627","126.9985856","36.77871351","N"
"2018","2018-08-13 13","주","월","1","2","0","2","0","충북","청주시","차대차","측면충돌","측면충돌","신호위반","교차로","교차로내","이륜차","화물차","996338","1846343","127.4590484","36.61493494","Y"
"2018","2018-08-13 15","주","월","1","0","0","0","0","서울","중랑구","차대사람","횡단중","횡단중","중앙선 침범","단일로","기타단일로","화물차","보행자","964105","1954840","127.0934024","37.59226299","N"
"2018","2018-08-13 16","주","월","1","0","0","0","0","서울","강남구","차대사람","보도통행중","보도통행중","기타","단일로","기타단일로","화물차","보행자","962385","1943233","127.0745147","37.48757624","N"
"2018","2018-08-13 16","주","월","1","0","0","0","0","경기","연천군","차대차","정면충돌","정면충돌","중앙선 침범","단일로","기타단일로","승용차","이륜차","955739","2003612","126.995659","38.0314728","N"
"2018","2018-08-13 18","야","월","1","0","0","0","0","서울","강서구","차대사람","횡단중","횡단중","안전운전 의무 불이행","교차로","교차로부근","화물차","보행자","939299","1952541","126.8126199","37.57024","N"
"2018","2018-08-13 18","야","월","1","0","0","0","0","충남","홍성군","차대차","측면충돌","측면충돌","안전운전 의무 불이행","교차로","교차로내","이륜차","화물차","922661","1839438","126.6358689","36.54956178","N"
"2018","2018-08-13 22","야","월","1","2","0","2","0","강원","태백시","차대차","측면충돌","측면충돌","신호위반","교차로","교차로내","승용차","승용차","1132028","1907309","128.9868416","37.1551981","N"
"2018","2018-08-13 22","야","월","1","0","0","0","0","전남","영광군","차량단독","전도","전도","안전운전 의무 불이행","단일로","기타단일로","이륜차","없음","908401.8","1689368.8","126.4938212","35.1954694","N"
"2018","2018-08-14 00","야","화","1","0","0","0","0","서울","마포구","차량단독","공작물충돌","공작물충돌","안전운전 의무 불이행","기타","기타","이륜차","없음","950925","1950959","126.9443726","37.55667434","N"
"2018","2018-08-14 01","야","화","1","1","1","0","0","경북","영천시","차대사람","기타","기타","과속","단일로","기타단일로","승용차","보행자","1118801","1782844","128.8186924","36.03521818","N"
"2018","2018-08-14 09","주","화","1","2","0","2","0","강원","고성군","차대차","측면충돌","측면충돌","신호위반","교차로","교차로내","화물차","승용차","1090586","2028708","128.5353329","38.25416934","N"
"2018","2018-08-14 12","주","화","1","0","0","0","0","경기","이천시","차대차","측면충돌","측면충돌","교차로 통행방법 위반","교차로","교차로내","승용차","이륜차","993632","1924828","127.4281256","37.32242138","N"
"2018","2018-08-14 16","주","화","1","3","3","0","0","전북","전주시","차대차","추돌","추돌","안전운전 의무 불이행","단일로","기타단일로","화물차","화물차","960822.2","1765491.6","127.0659369","35.88523654","N"
"2018","2018-08-14 19","야","화","1","0","0","0","0","경남","의령군","차대차","추돌","추돌","안전운전 의무 불이행","단일로","지하차도(도로)내","승용차","농기계","1063157","1704964","128.1949856","35.33827443","N"
"2018","2018-08-14 20","야","화","1","0","0","0","0","전북","임실군","차대사람","횡단중","횡단중","과속","단일로","기타단일로","승용차","보행자","983153.1","1731316.3","127.3140635","35.57774107","N"
"2018","2018-08-14 23","야","화","1","0","0","0","0","경북","영천시","차량단독","공작물충돌","공작물충돌","안전운전 의무 불이행","단일로","기타단일로","이륜차","없음","1145259","1774866","129.1108184","35.95972869","N"
"2018","2018-08-15 05","야","수","1","0","0","0","0","경남","하동군","차량단독","도로이탈","도로이탈 기타","안전운전 의무 불이행","교차로","교차로내","화물차","없음","1026664","1660808","127.7919957","34.94175643","N"
"2018","2018-08-15 06","주","수","1","0","0","0","0","전남","영광군","차대차","기타","기타","안전운전 의무 불이행","단일로","기타단일로","화물차","불명","903739","1711136","126.4400537","35.39127437","N"
"2018","2018-08-15 07","주","수","1","0","0","0","0","충북","청주시","차대차","기타","기타","안전운전 의무 불이행","단일로","기타단일로","승용차","농기계","987828","1856026","127.3637289","36.70215574","N"
"2018","2018-08-15 13","주","수","1","0","0","0","0","충북","진천군","차량단독","전도","전도","안전운전 의무 불이행","단일로","기타단일로","사륜오토바이(ATV)","없음","996450","1879467","127.4601467","36.91354114","N"
"2018","2018-08-15 14","주","수","1","0","0","0","0","전북","고창군","차량단독","공작물충돌","공작물충돌","안전운전 의무 불이행","단일로","기타단일로","원동기장치자전거","없음","909440","1721355","126.5016829","35.48393734","N"
"2018","2018-08-15 19","야","수","1","2","0","2","0","전남","목포시","차대사람","기타","기타","안전운전 의무 불이행","교차로","교차로내","화물차","보행자","898163","1644020","126.3869181","34.78562973","N"
"2018","2018-08-15 23","야","수","1","0","0","0","0","경기","성남시","차대사람","기타","기타","안전운전 의무 불이행","단일로","기타단일로","승용차","보행자","966312","1937308","127.1192052","37.43432272","N"
"2018","2018-08-15 23","야","수","1","0","0","0","0","제주","제주시","차량단독","전도","전도","안전운전 의무 불이행","단일로","기타단일로","이륜차","없음","899470","1500121","126.4178703","33.48821083","N"
"2018","2018-08-16 03","야","목","1","0","0","0","0","제주","제주시","차대사람","기타","기타","과속","단일로","기타단일로","승용차","보행자","916128","1500042","126.5971672","33.48893437","N"
"2018","2018-08-16 06","주","목","1","0","0","0","0","강원","춘천시","차대차","측면충돌","측면충돌","안전운전 의무 불이행","교차로","교차로내","승합차","자전거","1020774.2","1983436.8","127.7361366","37.85047887","N"
"2018","2018-08-16 09","주","목","1","0","0","0","0","충북","진천군","차대차","측면충돌","측면충돌","신호위반","교차로","교차로내","특수차","이륜차","995650","1873801","127.4511982","36.86246108","N"
"2018","2018-08-16 12","주","목","1","0","0","0","0","전북","익산시","차량단독","전복","전복","안전운전 의무 불이행","단일로","기타단일로","사륜오토바이(ATV)","없음","948124","1781766","126.9241911","36.03136845","N"
"2018","2018-08-16 13","주","목","1","0","0","0","0","충남","홍성군","차대차","추돌","추돌","안전운전 의무 불이행","단일로","기타단일로","화물차","사륜오토바이(ATV)","921468.5","1836190.3","126.6228769","36.52018947","N"
"2018","2018-08-16 16","주","목","1","0","0","0","0","충북","괴산군","차량단독","도로이탈","도로이탈 추락","안전운전 의무 불이행","교차로","교차로내","원동기장치자전거","없음","1029545","1872859","127.8314204","36.8535173","N"
"2018","2018-08-16 20","야","목","1","0","0","0","0","경기","평택시","차대사람","횡단중","횡단중","안전운전 의무 불이행","교차로","교차로횡단보도내","화물차","보행자","966299","1888147","127.1212797","36.99118958","N"
"2018","2018-08-17 00","야","금","1","0","0","0","0","전남","장흥군","차량단독","도로이탈","도로이탈 기타","안전운전 의무 불이행","단일로","기타단일로","이륜차","없음","955098.8","1626336","127.0101364","34.63026348","N"
"2018","2018-08-17 03","야","금","1","1","1","0","0","경남","창원시(통합)","차대사람","횡단중","횡단중","안전운전 의무 불이행","교차로","교차로내","승용차","보행자","1098728","1694577","128.5851103","35.2417479","N"
"2018","2018-08-17 05","야","금","1","0","0","0","0","경남","김해시","차량단독","전복","전복","안전운전 의무 불이행","단일로","기타단일로","특수차","없음","1110814","1698873","128.7185008","35.27921264","N"
"2018","2018-08-17 06","주","금","1","0","0","0","0","경북","구미시","차대차","기타","기타","안전운전 의무 불이행","단일로","기타단일로","승용차","자전거","1073013","1793677","128.3115084","36.13738908","N"
"2018","2018-08-17 07","주","금","1","0","0","0","0","전북","완주군","차량단독","기타","기타","안전운전 의무 불이행","단일로","기타단일로","승용차","없음","966233.4","1772717.7","127.1255811","35.95058785","N"
"2018","2018-08-17 11","주","금","1","2","0","2","0","충북","진천군","차대차","추돌","추돌","안전운전 의무 불이행","단일로","기타단일로","승용차","승용차","997869","1877808","127.4760815","36.89859024","N"
"2018","2018-08-17 11","주","금","1","0","0","0","0","경북","영천시","차량단독","공작물충돌","공작물충돌","안전운전 의무 불이행","단일로","기타단일로","건설기계","없음","1129402","1796793","128.9386219","36.15958821","N"
"2018","2018-08-17 12","주","금","1","1","0","1","0","충북","음성군","차대차","정면충돌","정면충돌","중앙선 침범","단일로","기타단일로","화물차","화물차","998939","1886063","127.4880797","36.97300697","N"
"2018","2018-08-17 20","야","금","1","0","0","0","0","경북","안동시","차대차","추돌","추돌","안전운전 의무 불이행","단일로","기타단일로","승용차","농기계","1121931","1838286","128.8620841","36.53452853","N"
"2018","2018-08-17 20","야","금","1","0","0","0","0","경북","상주시","차량단독","도로이탈","도로이탈 기타","안전운전 의무 불이행","단일로","기타단일로","이륜차","없음","1054156","1811430","128.1031605","36.29867105","N"
"2018","2018-08-18 08","주","토","1","0","0","0","0","전남","신안군","차대사람","기타","기타","안전운전 의무 불이행","단일로","기타단일로","승용차","보행자","876646","1652749","126.1505062","34.86194597","N"
"2018","2018-08-18 09","주","토","3","0","0","0","0","경기","평택시","차대차","측면충돌","측면충돌","과속","교차로","교차로내","이륜차","승용차","962470","1899324","127.077694","37.09179534","N"
"2018","2018-08-18 09","주","토","1","0","0","0","0","강원","양양군","차대사람","길가장자리구역통행중","길가장자리구역통행중","안전운전 의무 불이행","기타","기타","승용차","보행자","1098824","2001256","128.6256653","38.00593235","N"
"2018","2018-08-18 10","주","토","1","1","0","1","0","충남","당진시","차대차","정면충돌","정면충돌","안전운전 의무 불이행","단일로","기타단일로","승용차","승용차","934342","1878514","126.7630152","36.90267116","N"
"2018","2018-08-18 11","주","토","1","4","2","2","0","충남","당진시","차대차","측면충돌","측면충돌","교차로 통행방법 위반","교차로","교차로내","승용차","승합차","937167","1870410","126.7953936","36.82981457","N"
"2018","2018-08-18 14","주","토","1","0","0","0","0","경기","시흥시","차량단독","공작물충돌","공작물충돌","안전운전 의무 불이행","단일로","기타단일로","이륜차","없음","930835","1929161","126.7189761","37.35892193","N"
"2018","2018-08-18 15","주","토","1","0","0","0","0","경북","영천시","차량단독","기타","기타","안전운전 의무 불이행","단일로","기타단일로","이륜차","없음","1112083","1788874","128.7449949","36.09036773","N"
"2018","2018-08-18 17","주","토","1","0","0","0","0","충북","영동군","차대차","정면충돌","정면충돌","안전운전 의무 불이행","교차로","교차로내","화물차","이륜차","1022900","1794774","127.7545661","36.14975797","N"