"발생년","발생년월일시","주야","요일","사망자수","부상자수","중상자수","경상자수","부상신고자수","발생지시도","발생지시군구","사고유형_대분류","사고유형_중분류","사고유형","가해자법규위반","도로형태_대분류","도로형태","가해자_당사자종별","피해자_당사자종별","발생위치(X_UTMK)","발생위치(Y_UTMK)","경도","위도"," 어린이사고 여부"
"2018","2018-08-18 18","야","토","1","0","0","0","0","전남","해남군","차량단독","도로이탈","도로이탈 추락","안전운전 의무 불이행","단일로","기타단일로","이륜차","없음","924063","1619529","126.6721758","34.56705443","N"
"2018","2018-08-18 19","야","토","1","0","0","0","0","경기","동두천시","차대사람","횡단중","횡단중","안전운전 의무 불이행","단일로","기타단일로","승용차","보행자","961611","1989480","127.0633218","37.90437348","N"
"2018","2018-08-18 20","야","토","1","0","0","0","0","경북","상주시","차대차","추돌","추돌","안전거리 미확보","단일로","기타단일로","승합차","자전거","1059098","1827902","128.1594508","36.44687224","N"
"2018","2018-08-18 23","야","토","1","1","1","0","0","경기","의왕시","차량단독","공작물충돌","공작물충돌","안전운전 의무 불이행","기타","기타","승용차","없음","956205.1","1932237.5","127.0052653","37.38819671","Y"
"2018","2018-08-18 23","야","토","1","0","0","0","0","대전","서구","차대사람","기타","기타","안전운전 의무 불이행","단일로","기타단일로","승용차","보행자","990954","1816847","127.3991852","36.34898664","N"
"2018","2018-08-19 00","야","일","1","0","0","0","0","충남","서산시","차대차","추돌","추돌","안전운전 의무 불이행","단일로","기타단일로","승용차","특수차","907527","1863153","126.4639349","36.76197126","N"
"2018","2018-08-19 02","야","일","1","0","0","0","0","울산","동구","차량단독","기타","기타","안전운전 의무 불이행","교차로","교차로부근","이륜차","없음","1173144","1723705","129.4088655","35.49415318","N"
"2018","2018-08-19 06","주","일","1","1","0","1","0","충북","음성군","차대차","추돌","추돌","안전운전 의무 불이행","단일로","기타단일로","승용차","농기계","1014800","1877005","127.6661005","36.89123784","N"
"2018","2018-08-19 06","주","일","1","0","0","0","0","충남","천안시","차량단독","기타","기타","안전운전 의무 불이행","단일로","기타단일로","승용차","없음","970008","1870012","127.1636779","36.82783888","N"
"2018","2018-08-19 06","주","일","1","0","0","0","0","인천","서구","차대사람","횡단중","횡단중","안전운전 의무 불이행","단일로","기타단일로","화물차","보행자","927757","1944340","126.6827361","37.49549355","N"
"2018","2018-08-19 14","주","일","1","0","0","0","0","경기","여주시","차대차","기타","기타","중앙선 침범","단일로","기타단일로","자전거","승용차","1007151","1922262","127.5806873","37.2992859","N"
"2018","2018-08-19 17","주","일","2","3","0","3","0","인천","계양구","차대차","정면충돌","정면충돌","안전운전 의무 불이행","교차로","교차로내","승용차","이륜차","933157","1947635","126.74352","37.52559773","N"
"2018","2018-08-20 00","야","월","1","1","1","0","0","대구","달성군","차대차","측면충돌","측면충돌","신호위반","교차로","교차로내","화물차","승용차","1084423","1762804","128.4350203","35.8581507","N"
"2018","2018-08-20 01","야","월","1","2","1","1","0","충남","당진시","차대사람","기타","기타","안전운전 의무 불이행","단일로","기타단일로","승용차","보행자","928905","1877131","126.7021221","36.88981099","Y"
"2018","2018-08-20 01","야","월","1","0","0","0","0","경기","파주시","차량단독","공작물충돌","공작물충돌","안전운전 의무 불이행","단일로","기타단일로","승용차","없음","937143","1978095","126.7860025","37.80040544","N"
"2018","2018-08-20 03","야","월","1","0","0","0","0","대구","북구","차대사람","횡단중","횡단중","과속","단일로","기타단일로","승용차","보행자","1094791","1769374","128.550616","35.91642818","N"
"2018","2018-08-20 04","야","월","1","0","0","0","0","인천","미추홀구","차대사람","기타","기타","안전운전 의무 불이행","기타","기타","화물차","보행자","927610","1939439","126.6815551","37.45131037","N"
"2018","2018-08-20 10","주","월","1","0","0","0","0","경기","안산시","차대사람","횡단중","횡단중","과속","단일로","기타단일로","승용차","보행자","937286","1926444","126.7920466","37.33489158","N"
"2018","2018-08-20 10","주","월","1","0","0","0","0","경기","고양시","차대차","측면충돌","측면충돌","교차로 통행방법 위반","교차로","교차로내","이륜차","승합차","944888","1957763","126.8755131","37.61765735","N"
"2018","2018-08-20 11","주","월","1","3","2","1","0","전남","나주시","차대차","정면충돌","정면충돌","중앙선 침범","단일로","기타단일로","승용차","화물차","938921.4","1664990.3","126.8308421","34.97797743","N"
"2018","2018-08-20 11","주","월","1","1","0","1","0","울산","북구","차대차","측면충돌","측면충돌","신호위반","교차로","교차로내","원동기장치자전거","화물차","1170502","1730260","129.3811308","35.55368268","N"
"2018","2018-08-20 14","주","월","1","0","0","0","0","충남","홍성군","차량단독","공작물충돌","공작물충돌","안전운전 의무 불이행","단일로","기타단일로","화물차","없음","918173","1846892","126.5849361","36.61637756","N"
"2018","2018-08-20 18","야","월","1","0","0","0","0","경기","안산시","차대사람","횡단중","횡단중","안전운전 의무 불이행","교차로","교차로횡단보도내","특수차","보행자","939022","1926364","126.8116489","37.33428616","N"
"2018","2018-08-20 19","야","월","1","0","0","0","0","경북","경산시","차대사람","횡단중","횡단중","보행자 보호의무 위반","교차로","교차로횡단보도내","승합차","보행자","1110881","1759138","128.7274914","35.82246753","N"
"2018","2018-08-20 20","야","월","1","1","1","0","0","경북","포항시","차대차","정면충돌","정면충돌","중앙선 침범","단일로","기타단일로","승용차","화물차","1164364","1784619","129.3246126","36.04458645","N"
"2018","2018-08-20 21","야","월","1","0","0","0","0","대구","달서구","차대사람","횡단중","횡단중","과속","단일로","기타단일로","승용차","보행자","1094319","1759749","128.5442461","35.829708","N"
"2018","2018-08-20 23","야","월","2","4","2","1","1","강원","고성군","차대차","정면충돌","정면충돌","중앙선 침범","단일로","기타단일로","승용차","승용차","1085093","2024012","128.471997","38.21238962","N"
"2018","2018-08-21 00","야","화","1","3","2","1","0","충북","청주시","차대차","추돌","추돌","안전운전 의무 불이행","단일로","기타단일로","승용차","화물차","993680","1834178","127.4294243","36.50525244","N"
"2018","2018-08-21 02","야","화","1","0","0","0","0","전남","강진군","차량단독","도로이탈","도로이탈 기타","안전운전 의무 불이행","단일로","기타단일로","이륜차","없음","933041.8","1626533.2","126.7694975","34.63083793","N"
"2018","2018-08-21 06","주","화","1","0","0","0","0","서울","구로구","차대차","측면충돌","측면충돌","신호위반","교차로","교차로내","승용차","자전거","946176","1942533","126.8912244","37.48046447","N"
"2018","2018-08-21 07","주","화","1","0","0","0","0","경북","고령군","차대차","측면충돌","측면충돌","안전운전 의무 불이행","단일로","기타단일로","이륜차","화물차","1067528","1744021","128.246333","35.69012275","N"
"2018","2018-08-21 08","주","화","1","0","0","0","0","전북","정읍시","차대차","측면충돌","측면충돌","안전운전 의무 불이행","교차로","교차로내","승용차","화물차","932862.7","1735907.9","126.758661","35.61700411","N"
"2018","2018-08-21 08","주","화","1","0","0","0","0","경남","하동군","차대차","측면충돌","측면충돌","안전운전 의무 불이행","단일로","기타단일로","농기계","승용차","1035867","1670524","127.893194","35.02908401","N"
"2018","2018-08-21 10","주","화","1","0","0","0","0","세종","세종시","차대차","정면충돌","정면충돌","안전운전 의무 불이행","단일로","기타단일로","농기계","승용차","982131","1841940","127.3002767","36.57508143","N"
"2018","2018-08-21 11","주","화","1","0","0","0","0","울산","남구","차량단독","전도","전도","안전운전 의무 불이행","단일로","기타단일로","특수차","없음","1168470","1723188","129.3572532","35.4902981","N"
"2018","2018-08-21 13","주","화","1","1","0","1","0","경북","안동시","차대차","정면충돌","정면충돌","중앙선 침범","단일로","기타단일로","화물차","화물차","1117325","1850432","128.8124958","36.6445731","N"
"2018","2018-08-21 16","주","화","1","2","1","1","0","서울","강서구","차대차","측면충돌","측면충돌","신호위반","교차로","교차로내","이륜차","승합차","940552","1951382","126.826902","37.55987576","N"
"2018","2018-08-21 19","야","화","1","0","0","0","0","전남","광양시","차량단독","기타","기타","안전운전 의무 불이행","단일로","기타단일로","화물차","없음","1018354","1664904","127.7010843","34.97887653","N"
"2018","2018-08-21 20","야","화","1","0","0","0","0","서울","중구","차대사람","기타","기타","안전운전 의무 불이행","교차로","교차로부근","승합차","보행자","954374.2","1951972.1","126.9833599","37.56598294","N"
"2018","2018-08-21 21","야","화","1","4","0","4","0","대구","달성군","차대차","추돌","추돌","안전운전 의무 불이행","단일로","기타단일로","화물차","화물차","1085496","1738553","128.4443166","35.63943268","N"
"2018","2018-08-21 22","야","화","1","0","0","0","0","광주","북구","차대사람","횡단중","횡단중","안전운전 의무 불이행","단일로","기타단일로","승용차","보행자","946180","1686531","126.9089621","35.17261885","N"
"2018","2018-08-22 01","야","수","1","0","0","0","0","제주","서귀포시","차량단독","기타","기타","안전운전 의무 불이행","기타","기타","사륜오토바이(ATV)","없음","942291","1488316","126.879532","33.38490685","N"
"2018","2018-08-22 03","야","수","1","0","0","0","0","서울","송파구","차량단독","공작물충돌","공작물충돌","안전운전 의무 불이행","단일로","기타단일로","이륜차","없음","966367","1945328","127.1194606","37.50661309","N"
"2018","2018-08-22 04","야","수","1","0","0","0","0","전남","광양시","차대차","측면충돌","측면충돌","중앙선 침범","단일로","기타단일로","승용차","특수차","1019599","1659686","127.7146016","34.93180015","N"
"2018","2018-08-22 05","야","수","1","2","2","0","0","경기","부천시","차대차","추돌","추돌","안전운전 의무 불이행","교차로","교차로부근","건설기계","승용차","934870","1949210","126.7627652","37.53991558","N"
"2018","2018-08-22 06","주","수","1","0","0","0","0","대구","동구","차대차","기타","기타","신호위반","단일로","기타단일로","화물차","자전거","1102551","1766085","128.6361855","35.88599678","N"
"2018","2018-08-22 11","주","수","1","0","0","0","0","서울","은평구","차대사람","횡단중","횡단중","안전운전 의무 불이행","단일로","기타단일로","화물차","보행자","950125","1956036","126.9349697","37.60239091","N"
"2018","2018-08-22 13","주","수","1","0","0","0","0","전남","고흥군","차대차","기타","기타","안전운전 의무 불이행","단일로","기타단일로","사륜오토바이(ATV)","승용차","970729","1623178","127.180765","34.60235068","N"
"2018","2018-08-22 15","주","수","1","0","0","0","0","충남","당진시","차대사람","횡단중","횡단중","안전운전 의무 불이행","교차로","교차로부근","승용차","보행자","930702","1872185","126.7227393","36.84536244","N"
"2018","2018-08-22 17","주","수","1","0","0","0","0","부산","북구","차대차","기타","기타","안전운전 의무 불이행","단일로","교량위","승용차","화물차","1137762","1694847","129.0140602","35.2395757","Y"
"2018","2018-08-22 19","야","수","1","0","0","0","0","부산","동래구","차대사람","횡단중","횡단중","보행자 보호의무 위반","교차로","교차로횡단보도내","승용차","보행자","1145270.4","1689952.1","129.0956888","35.19439469","N"
"2018","2018-08-22 19","야","수","1","0","0","0","0","경북","포항시","차대사람","횡단중","횡단중","안전운전 의무 불이행","교차로","교차로횡단보도내","승용차","보행자","1184589","1778436","129.5475673","35.98525057","N"
"2018","2018-08-22 22","야","수","1","0","0","0","0","경기","부천시","차대차","추돌","추돌","안전운전 의무 불이행","단일로","기타단일로","화물차","화물차","936383","1945972","126.7801708","37.51083744","N"
"2018","2018-08-22 23","야","수","1","0","0","0","0","전남","광양시","차대차","정면충돌","정면충돌","안전운전 의무 불이행","교차로","교차로횡단보도내","승용차","자전거","1007452","1664012","127.5816354","34.97097199","N"
"2018","2018-08-23 05","야","목","1","0","0","0","0","경북","포항시","차대사람","기타","기타","안전운전 의무 불이행","교차로","교차로내","승용차","보행자","1170800","1788913","129.3969533","36.08217086","N"
"2018","2018-08-23 10","주","목","1","0","0","0","0","충북","괴산군","차대차","추돌","추돌","안전거리 미확보","단일로","기타단일로","화물차","화물차","1038016","1874294","127.9265134","36.86615005","N"
"2018","2018-08-23 10","주","목","1","2","0","2","0","전남","여수시","차대차","추돌","추돌","안전운전 의무 불이행","교차로","교차로내","승용차","승용차","1014179","1641694","127.6549504","34.76964527","N"
"2018","2018-08-23 10","주","목","1","1","1","0","0","경남","통영시","차량단독","공작물충돌","공작물충돌","안전운전 의무 불이행","단일로","기타단일로","화물차","없음","1083445","1654124","128.413087","34.87840506","N"
"2018","2018-08-23 11","주","목","1","0","0","0","0","서울","강북구","차량단독","기타","기타","기타","단일로","기타단일로","승합차","없음","958020","1959193","127.0242273","37.63123982","N"
"2018","2018-08-23 15","주","목","2","1","1","0","0","전남","담양군","차대차","정면충돌","정면충돌","중앙선 침범","교차로","교차로부근","화물차","화물차","959827","1696172","127.0583548","35.26018883","N"
"2018","2018-08-23 15","주","목","1","0","0","0","0","광주","광산구","차대사람","횡단중","횡단중","안전운전 의무 불이행","교차로","교차로부근","화물차","보행자","936337.4","1682998.9","126.8011522","35.14019595","N"
"2018","2018-08-23 17","주","목","1","0","0","0","0","경남","거창군","차대사람","횡단중","횡단중","안전운전 의무 불이행","교차로","교차로내","승용차","보행자","1045348","1746473","128.001344","35.71350027","N"
"2018","2018-08-23 21","야","목","1","0","0","0","0","전남","진도군","차량단독","공작물충돌","공작물충돌","안전운전 의무 불이행","단일로","기타단일로","승용차","없음","877735","1599412.3","126.1701114","34.38121777","N"
"2018","2018-08-24 00","야","금","1","0","0","0","0","전북","익산시","차대사람","횡단중","횡단중","안전운전 의무 불이행","교차로","교차로부근","승용차","보행자","954685.2","1773887","126.9974667","35.96066211","N"
"2018","2018-08-24 07","주","금","1","0","0","0","0","전남","순천시","차대차","측면충돌","측면충돌","기타","교차로","교차로내","화물차","이륜차","981039","1657736","127.2924285","34.91422817","N"
"2018","2018-08-24 11","주","금","1","0","0","0","0","경북","영천시","차대사람","길가장자리구역통행중","길가장자리구역통행중","안전운전 의무 불이행","교차로","교차로부근","화물차","보행자","1137107","1778975","129.0211587","35.99794147","N"
"2018","2018-08-24 12","주","금","1","1","0","1","0","충남","당진시","차대차","측면충돌","측면충돌","신호위반","교차로","교차로내","화물차","화물차","935031","1867623","126.7716804","36.80454826","N"
"2018","2018-08-24 14","주","금","1","0","0","0","0","전북","김제시","차대차","측면충돌","측면충돌","신호위반","교차로","교차로내","개인형이동수단(PM)","화물차","947282","1759031","126.9163539","35.82635398","N"
"2018","2018-08-24 18","야","금","1","0","0","0","0","충남","당진시","차량단독","기타","기타","안전운전 의무 불이행","단일로","기타단일로","승용차","없음","931181","1873742","126.7279703","36.85943198","N"
"2018","2018-08-24 22","야","금","1","0","0","0","0","경기","오산시","차대차","측면충돌","측면충돌","신호위반","교차로","교차로내","승용차","이륜차","961787","1904179","127.0697612","37.1355307","N"
"2018","2018-08-25 02","야","토","1","0","0","0","0","경기","부천시","차대사람","횡단중","횡단중","안전거리 미확보","교차로","교차로내","승용차","보행자","939257","1943048","126.8129295","37.48467707","N"
"2018","2018-08-25 02","야","토","1","0","0","0","0","경기","고양시","차대사람","기타","기타","안전운전 의무 불이행","교차로","교차로내","승용차","보행자","938274","1962674","126.8001581","37.66149871","N"
"2018","2018-08-25 03","야","토","1","0","0","0","0","경남","밀양시","차대차","추돌","추돌","안전운전 의무 불이행","단일로","기타단일로","화물차","특수차","1115713","1717648","128.7750169","35.44790845","N"
"2018","2018-08-25 03","야","토","1","1","1","0","0","경북","의성군","차대차","추돌","추돌","안전운전 의무 불이행","단일로","교량위","승용차","농기계","1104534","1826401","128.6661761","36.42946613","N"
"2018","2018-08-25 05","야","토","1","0","0","0","0","부산","남구","차대사람","횡단중","횡단중","보행자 보호의무 위반","단일로","기타단일로","승용차","보행자","1146917","1681986","129.1123514","35.12235164","N"
"2018","2018-08-25 13","주","토","1","0","0","0","0","인천","서구","차량단독","공작물충돌","공작물충돌","안전운전 의무 불이행","단일로","기타단일로","화물차","없음","925907","1954607","126.660773","37.58787964","N"
"2018","2018-08-25 14","주","토","1","0","0","0","0","경기","광주시","차대차","측면충돌","측면충돌","중앙선 침범","기타","기타","이륜차","승용차","975669","1939694","127.2248927","37.45612269","N"
"2018","2018-08-25 15","주","토","1","1","1","0","0","경기","김포시","차대사람","보도통행중","보도통행중","기타","교차로","교차로부근","승용차","보행자","931277","1956001","126.721461","37.6008601","N"
"2018","2018-08-25 15","주","토","1","0","0","0","0","충북","청주시","차대사람","차도통행중","차도통행중","안전운전 의무 불이행","단일로","지하차도(도로)내","승용차","보행자","998812","1847806","127.4867125","36.62813019","N"
"2018","2018-08-25 16","주","토","1","0","0","0","0","경북","고령군","차대차","측면충돌","측면충돌","중앙선 침범","단일로","기타단일로","승합차","건설기계","1075834","1750192","128.3387071","35.7451527","N"
"2018","2018-08-25 18","야","토","1","1","1","0","0","경북","포항시","차대차","정면충돌","정면충돌","신호위반","교차로","교차로내","특수차","승합차","1166248","1792489","129.3471758","36.11518399","N"
"2018","2018-08-25 20","야","토","1","0","0","0","0","충남","논산시","차대차","기타","기타","중앙선 침범","단일로","기타단일로","자전거","승용차","964527","1801514","127.105365","36.21014352","N"
"2018","2018-08-25 21","야","토","1","3","1","2","0","전남","완도군","차대차","정면충돌","정면충돌","중앙선 침범","단일로","기타단일로","승용차","승용차","923999.2","1599214.3","126.673289","34.38386646","N"
"2018","2018-08-26 00","야","일","1","0","0","0","0","전남","무안군","차량단독","공작물충돌","공작물충돌","안전운전 의무 불이행","교차로","교차로내","승용차","없음","905470","1647135.5","126.4664214","34.81442398","N"
"2018","2018-08-26 04","야","일","1","0","0","0","0","서울","관악구","차대사람","횡단중","횡단중","신호위반","교차로","교차로내","이륜차","보행자","947823","1942588","126.909848","37.4810547","N"
"2018","2018-08-26 06","주","일","1","0","0","0","0","강원","인제군","차대차","정면충돌","정면충돌","신호위반","교차로","교차로부근","승용차","이륜차","1059595","2010415","128.1796244","38.0919033","N"
"2018","2018-08-26 07","주","일","1","2","0","2","0","전남","담양군","차대차","측면충돌","측면충돌","교차로 통행방법 위반","교차로","교차로내","화물차","승용차","956164","1704392","127.017647","35.33415225","N"
"2018","2018-08-26 12","주","일","1","0","0","0","0","충남","천안시","차대사람","보도통행중","보도통행중","신호위반","교차로","교차로횡단보도내","승용차","보행자","968108.8","1866757.8","127.1425176","36.79844163","Y"
"2018","2018-08-26 15","주","일","1","6","5","1","0","경기","가평군","차대차","정면충돌","정면충돌","중앙선 침범","단일로","기타단일로","승용차","승용차","999775","1989757","127.4974405","37.9076801","N"
"2018","2018-08-26 20","야","일","1","0","0","0","0","경기","평택시","차대사람","기타","기타","안전운전 의무 불이행","단일로","기타단일로","승용차","보행자","960603","1891813","127.0570799","37.02401398","N"
"2018","2018-08-26 20","야","일","1","0","0","0","0","충남","당진시","차대사람","길가장자리구역통행중","길가장자리구역통행중","안전운전 의무 불이행","교차로","교차로부근","승용차","보행자","914427","1875725","126.5398175","36.87593623","N"
"2018","2018-08-27 01","야","월","1","4","2","2","0","전북","정읍시","차대차","측면충돌","측면충돌","기타","교차로","교차로내","승용차","승용차","939750.8","1731094.6","126.8350745","35.57405164","N"
"2018","2018-08-27 03","야","월","1","0","0","0","0","서울","마포구","차량단독","공작물충돌","공작물충돌","안전운전 의무 불이행","단일로","기타단일로","승용차","없음","946689","1951370","126.8963851","37.56014329","N"
"2018","2018-08-27 03","야","월","1","0","0","0","0","경기","성남시","차대사람","차도통행중","차도통행중","안전운전 의무 불이행","단일로","기타단일로","승합차","보행자","965991","1926961","127.1160528","37.34104689","N"
"2018","2018-08-27 05","야","월","1","0","0","0","0","경남","진주시","차량단독","공작물충돌","공작물충돌","안전운전 의무 불이행","단일로","기타단일로","승용차","없음","1070143","1691985","128.2707446","35.22078672","N"
"2018","2018-08-27 05","야","월","1","3","1","2","0","인천","미추홀구","차대차","기타","기타","과속","교차로","교차로부근","승합차","승용차","928062","1940194","126.6865913","37.45815033","N"
"2018","2018-08-27 11","주","월","1","0","0","0","0","충남","보령시","차량단독","공작물충돌","공작물충돌","안전운전 의무 불이행","단일로","기타단일로","화물차","없음","924361","1811344","126.6576018","36.29644946","N"
"2018","2018-08-27 15","주","월","1","0","0","0","0","경북","경주시","차대사람","길가장자리구역통행중","길가장자리구역통행중","안전운전 의무 불이행","교차로","교차로내","승용차","보행자","1148205","1751463","129.1391272","35.74836733","N"
"2018","2018-08-27 18","야","월","1","6","3","3","0","경남","양산시","차대차","측면충돌","측면충돌","안전운전 의무 불이행","단일로","기타단일로","승합차","화물차","1140915","1710231","129.0513475","35.37780363","N"
"2018","2018-08-27 20","야","월","1","0","0","0","0","서울","관악구","차량단독","기타","기타","안전운전 의무 불이행","단일로","기타단일로","자전거","없음","947812","1942891","126.9097021","37.48378509","N"
"2018","2018-08-27 22","야","월","2","2","2","0","0","경기","구리시","차대차","추돌","추돌","과속","단일로","기타단일로","승용차","승합차","969647","1953382","127.1562383","37.57932105","N"
"2018","2018-08-28 06","주","화","1","0","0","0","0","경남","양산시","차대사람","차도통행중","차도통행중","안전운전 의무 불이행","단일로","기타단일로","승용차","보행자","1136185","1702980","128.9980832","35.31310163","N"
"2018","2018-08-28 14","주","화","1","0","0","0","0","충북","보은군","차량단독","기타","기타","교차로 통행방법 위반","교차로","교차로내","이륜차","없음","1020439.8","1823587.5","127.7279718","36.40957968","N"
"2018","2018-08-28 14","주","화","1","8","2","6","0","충남","천안시","차대차","추돌","추돌","안전운전 의무 불이행","단일로","기타단일로","화물차","승용차","972351","1882332","127.1895019","36.93896862","N"
"2018","2018-08-28 16","주","화","1","0","0","0","0","전남","여수시","차대사람","횡단중","횡단중","안전운전 의무 불이행","교차로","교차로내","승용차","보행자","1022516.8","1638863.9","127.745991","34.74397416","N"
"2018","2018-08-28 17","주","화","1","0","0","0","0","전남","고흥군","차대차","측면충돌","측면충돌","안전운전 의무 불이행","교차로","교차로내","사륜오토바이(ATV)","화물차","985087","1620139","127.3374086","34.57525414","N"
"2018","2018-08-28 20","야","화","1","0","0","0","0","광주","남구","차대사람","횡단중","횡단중","안전운전 의무 불이행","교차로","교차로횡단보도내","승용차","보행자","945757.1531","1683925.493","126.90449","35.149103","N"
"2018","2018-08-28 23","야","화","1","0","0","0","0","충북","진천군","차대차","추돌","추돌","안전운전 의무 불이행","단일로","기타단일로","승용차","승용차","994137","1866722","127.4342788","36.79863797","N"
"2018","2018-08-29 01","야","수","1","0","0","0","0","경기","수원시","차대사람","횡단중","횡단중","안전운전 의무 불이행","단일로","기타단일로","승용차","보행자","956025","1918874","127.0040232","37.26773506","N"
"2018","2018-08-29 04","야","수","1","0","0","0","0","전남","목포시","차대사람","기타","기타","안전운전 의무 불이행","단일로","기타단일로","승용차","보행자","898465","1646812","126.389881","34.81083266","N"
"2018","2018-08-29 09","주","수","1","0","0","0","0","서울","영등포구","차대사람","횡단중","횡단중","신호위반","교차로","교차로부근","화물차","보행자","949967","1946752","126.9338134","37.51870441","N"
"2018","2018-08-29 14","주","수","2","0","0","0","0","경북","경산시","차량단독","기타","기타","안전운전 의무 불이행","단일로","기타단일로","화물차","없음","1124718","1752155","128.8795457","35.75786358","N"
"2018","2018-08-29 19","야","수","1","0","0","0","0","전북","부안군","차대사람","횡단중","횡단중","과속","단일로","기타단일로","승용차","보행자","926407.3","1744411.1","126.6866088","35.69320551","N"
"2018","2018-08-29 20","야","수","1","0","0","0","0","경북","경산시","차대사람","차도통행중","차도통행중","안전운전 의무 불이행","단일로","기타단일로","승용차","보행자","1113053","1759140","128.7515313","35.82223763","N"
"2018","2018-08-29 22","야","수","1","0","0","0","0","경북","구미시","차량단독","공작물충돌","공작물충돌","안전운전 의무 불이행","단일로","기타단일로","특수차","없음","1092559","1798786","128.5293275","36.18177408","N"
"2018","2018-08-29 23","야","수","1","0","0","0","0","인천","계양구","차대차","추돌","추돌","안전운전 의무 불이행","교차로","교차로부근","승용차","이륜차","933939","1948242","126.7523148","37.53112489","N"
"2018","2018-08-30 00","야","목","1","0","0","0","0","대전","대덕구","차량단독","기타","기타","안전운전 의무 불이행","단일로","고가도로위","승용차","없음","990729","1826673","127.3965603","36.43756918","N"
"2018","2018-08-30 01","야","목","1","0","0","0","0","서울","강남구","차대사람","차도통행중","차도통행중","과속","교차로","교차로부근","승용차","보행자","960781","1945457","127.0562528","37.50755531","N"
"2018","2018-08-30 02","야","목","1","0","0","0","0","경기","평택시","차대사람","기타","기타","안전운전 의무 불이행","단일로","기타단일로","승용차","보행자","952545","1894805","126.9663025","37.05061112","N"
"2018","2018-08-30 03","야","목","1","0","0","0","0","경기","광주시","차량단독","공작물충돌","공작물충돌","안전운전 의무 불이행","단일로","교량위","승용차","없음","977922","1940416","127.2503452","37.46268709","N"
"2018","2018-08-30 05","야","목","1","0","0","0","0","대전","동구","차대사람","횡단중","횡단중","안전운전 의무 불이행","교차로","교차로내","화물차","보행자","993987","1815767","127.4329953","36.33927372","N"
"2018","2018-08-30 09","주","목","1","0","0","0","0","전북","부안군","차대차","측면충돌","측면충돌","안전운전 의무 불이행","교차로","교차로내","화물차","화물차","926484.3","1753962","126.6865845","35.77931673","N"
"2018","2018-08-30 10","주","목","1","0","0","0","0","경기","평택시","차대차","측면충돌","측면충돌","안전운전 의무 불이행","교차로","교차로부근","이륜차","승용차","964436","1894064","127.1000649","37.04445786","N"
"2018","2018-08-30 11","주","목","1","0","0","0","0","경남","거창군","차대차","추돌","추돌","기타","교차로","교차로내","화물차","이륜차","1032883","1752788","127.8637993","35.77093241","N"
"2018","2018-08-30 15","주","목","1","0","0","0","0","강원","화천군","차량단독","공작물충돌","공작물충돌","안전운전 의무 불이행","단일로","기타단일로","화물차","없음","1005983.3","2019804.8","127.5683149","38.17847609","N"
"2018","2018-08-30 17","주","목","1","0","0","0","0","경북","경주시","차량단독","전도","전도","안전운전 의무 불이행","단일로","기타단일로","건설기계","없음","1149806","1777981","129.1618111","35.98711434","N"
"2018","2018-08-30 17","주","목","1","2","2","0","0","경북","구미시","차대차","정면충돌","정면충돌","교차로 통행방법 위반","교차로","교차로내","화물차","화물차","1060274","1807769","128.1710129","36.26530436","N"
"2018","2018-08-30 18","야","목","1","0","0","0","0","전북","남원시","차량단독","도로이탈","도로이탈 추락","안전운전 의무 불이행","단일로","교량위","농기계","없음","979866.4","1709834.7","127.2783214","35.38398746","N"
"2018","2018-08-30 19","야","목","1","0","0","0","0","경남","창원시(통합)","차대사람","횡단중","횡단중","안전운전 의무 불이행","교차로","교차로내","승용차","보행자","1102455","1696773","128.6263404","35.26117138","N"
"2018","2018-08-31 00","야","금","1","0","0","0","0","부산","강서구","차량단독","기타","기타","안전운전 의무 불이행","단일로","기타단일로","화물차","없음","1133550.4","1690192.6","128.9670314","35.19819037","N"
"2018","2018-08-31 00","야","금","1","0","0","0","0","경기","여주시","차대사람","횡단중","횡단중","과속","교차로","교차로부근","승용차","보행자","1012216","1918833","127.637781","37.26832423","N"
"2018","2018-08-31 00","야","금","1","0","0","0","0","충북","청주시","차대차","추돌","추돌","안전운전 의무 불이행","단일로","기타단일로","화물차","화물차","998810","1838293","127.4867049","36.54236993","N"
"2018","2018-08-31 01","야","금","1","0","0","0","0","경남","창원시(통합)","차대사람","차도통행중","차도통행중","안전운전 의무 불이행","단일로","기타단일로","승용차","보행자","1118845","1680602","128.8041536","35.11358158","N"
"2018","2018-08-31 05","야","금","1","0","0","0","0","대구","동구","차대사람","기타","기타","안전운전 의무 불이행","교차로","교차로횡단보도내","승용차","보행자","1100711","1764079","128.6155496","35.86810496","N"
"2018","2018-08-31 09","주","금","1","0","0","0","0","경남","창원시(통합)","차대사람","기타","기타","안전운전 의무 불이행","교차로","교차로내","특수차","보행자","1118602","1677372","128.8010249","35.08449191","N"
"2018","2018-08-31 13","주","금","1","0","0","0","0","경기","수원시","차대사람","기타","기타","과속","단일로","기타단일로","화물차","보행자","957016","1921057","127.0150737","37.28745823","N"
"2018","2018-08-31 13","주","금","1","0","0","0","0","강원","정선군","차량단독","기타","기타","안전운전 의무 불이행","단일로","기타단일로","화물차","없음","1120241","1951591","128.861326","37.5558295","N"
"2018","2018-08-31 16","주","금","1","0","0","0","0","경기","용인시","차대사람","횡단중","횡단중","안전운전 의무 불이행","교차로","교차로내","승용차","보행자","983159","1907336","127.3103148","37.1646175","N"