"발생년","발생년월일시","주야","요일","사망자수","부상자수","중상자수","경상자수","부상신고자수","발생지시도","발생지시군구","사고유형_대분류","사고유형_중분류","사고유형","가해자법규위반","도로형태_대분류","도로형태","가해자_당사자종별","피해자_당사자종별","발생위치(X_UTMK)","발생위치(Y_UTMK)","경도","위도"," 어린이사고 여부"
"2018","2018-08-31 16","주","금","1","0","0","0","0","경북","칠곡군","차대사람","횡단중","횡단중","보행자 보호의무 위반","교차로","교차로횡단보도내","승용차","보행자","1090913","1784135","128.5093336","36.04986061","N"
"2018","2018-08-31 19","야","금","1","0","0","0","0","전북","익산시","차량단독","공작물충돌","공작물충돌","안전운전 의무 불이행","단일로","기타단일로","승용차","없음","957030.4","1787769.3","127.0227195","36.0859254","N"
"2018","2018-08-31 20","야","금","1","0","0","0","0","강원","영월군","차대사람","길가장자리구역통행중","길가장자리구역통행중","안전운전 의무 불이행","단일로","지하차도(도로)내","화물차","보행자","1082104","1918931","128.4259857","37.26566636","N"
"2018","2018-08-31 22","야","금","1","0","0","0","0","경남","양산시","차대차","측면충돌","측면충돌","안전운전 의무 불이행","단일로","기타단일로","승용차","승합차","1151721","1713616","129.1708977","35.40672695","N"
"2018","2018-08-31 22","야","금","1","0","0","0","0","경기","양주시","차대사람","횡단중","횡단중","과속","단일로","기타단일로","승용차","보행자","960780","1982982","127.0542225","37.84577274","N"
"2018","2018-08-31 23","야","금","1","0","0","0","0","경기","이천시","차대사람","차도통행중","차도통행중","안전운전 의무 불이행","교차로","교차로부근","승합차","보행자","998651","1926105","127.4847718","37.33395302","N"
"2018","2018-08-31 23","야","금","1","1","1","0","0","경기","부천시","차대사람","기타","기타","안전운전 의무 불이행","교차로","교차로부근","승합차","보행자","936228","1944147","126.7785753","37.49437811","N"
"2018","2018-09-01 00","야","토","1","0","0","0","0","충남","홍성군","차량단독","공작물충돌","공작물충돌","안전운전 의무 불이행","단일로","기타단일로","화물차","없음","907692","1841184","126.4684293","36.56397036","N"
"2018","2018-09-01 03","야","토","1","0","0","0","0","부산","사상구","차대사람","차도통행중","차도통행중","과속","단일로","기타단일로","승용차","보행자","1135301","1688429.2","128.9859663","35.18206041","N"
"2018","2018-09-01 05","야","토","1","1","1","0","0","경북","안동시","차대차","측면충돌","측면충돌","안전운전 의무 불이행","단일로","기타단일로","승용차","농기계","1113416","1847723","128.7683761","36.62063124","N"
"2018","2018-09-01 06","주","토","1","0","0","0","0","충남","홍성군","차대차","측면충돌","측면충돌","교차로 통행방법 위반","교차로","교차로내","승용차","이륜차","925092","1846655","126.6623259","36.61481027","N"
"2018","2018-09-01 14","주","토","1","0","0","0","0","경북","성주군","차량단독","공작물충돌","공작물충돌","안전운전 의무 불이행","단일로","기타단일로","화물차","없음","1073563","1764014","128.3148646","35.86993493","N"
"2018","2018-09-01 15","주","토","1","0","0","0","0","부산","부산진구","차대차","측면충돌","측면충돌","안전거리 미확보","단일로","기타단일로","승용차","이륜차","1142866","1687220","129.0688137","35.17011324","N"
"2018","2018-09-01 15","주","토","1","0","0","0","0","경기","김포시","차대차","기타","기타","신호위반","교차로","교차로내","승용차","자전거","921338","1965351","126.60787","37.68432921","Y"
"2018","2018-09-01 15","주","토","1","0","0","0","0","강원","평창군","차대사람","기타","기타","안전운전 의무 불이행","단일로","기타단일로","승용차","보행자","1071566.7","1937076.7","128.3089083","37.43008339","N"
"2018","2018-09-01 16","주","토","1","0","0","0","0","경기","이천시","차대사람","기타","기타","안전운전 의무 불이행","단일로","기타단일로","승용차","보행자","989272","1911622","127.3791056","37.20334226","N"
"2018","2018-09-01 16","주","토","1","0","0","0","0","충남","천안시","차대차","측면충돌","측면충돌","안전운전 의무 불이행","교차로","교차로내","화물차","이륜차","975102","1878289","127.2205283","36.90259998","N"
"2018","2018-09-01 19","야","토","1","3","0","3","0","경기","안양시","차대차","추돌","추돌","안전운전 의무 불이행","단일로","고가도로위","승용차","승용차","947185","1936245","126.9030867","37.4238474","N"
"2018","2018-09-01 22","야","토","1","0","0","0","0","전남","강진군","차대사람","기타","기타","안전운전 의무 불이행","단일로","기타단일로","승용차","보행자","934452","1627842","126.7847802","34.64273091","N"
"2018","2018-09-01 23","야","토","1","0","0","0","0","서울","서초구","차대사람","기타","기타","안전운전 의무 불이행","기타","기타","승용차","보행자","955147","1943257","126.9926427","37.48746935","N"
"2018","2018-09-02 02","야","일","1","1","0","1","0","경기","군포시","차대사람","횡단중","횡단중","과속","교차로","교차로내","승용차","보행자","949178","1928207","126.9261629","37.35150941","N"
"2018","2018-09-02 04","야","일","3","0","0","0","0","전남","순천시","차대차","추돌","추돌","과속","단일로","기타단일로","승용차","원동기장치자전거","998694","1657379","127.4857034","34.91118532","N"
"2018","2018-09-02 05","야","일","1","0","0","0","0","서울","용산구","차대사람","횡단중","횡단중","안전운전 의무 불이행","교차로","교차로횡단보도내","승용차","보행자","953337","1950150","126.9717317","37.54950802","N"
"2018","2018-09-02 07","주","일","1","4","0","4","0","대전","동구","차대차","추돌","추돌","안전운전 의무 불이행","단일로","지하차도(도로)내","승용차","농기계","996875","1813464","127.4651864","36.31852486","N"
"2018","2018-09-02 09","주","일","1","0","0","0","0","경남","진주시","차대차","측면충돌","측면충돌","안전운전 의무 불이행","단일로","기타단일로","승용차","이륜차","1056202","1688247","128.1173121","35.18796096","N"
"2018","2018-09-02 13","주","일","1","2","1","1","0","울산","울주군","차대차","추돌","추돌","안전거리 미확보","단일로","기타단일로","화물차","승용차","1157429","1731096","129.2371221","35.56338085","Y"
"2018","2018-09-02 13","주","일","1","0","0","0","0","경기","평택시","차량단독","공작물충돌","공작물충돌","안전운전 의무 불이행","교차로","교차로내","이륜차","없음","942736.7","1887490.2","126.8565566","36.98412925","N"
"2018","2018-09-02 13","주","일","3","5","4","1","0","경남","고성군","차대차","정면충돌","정면충돌","중앙선 침범","교차로","교차로부근","승용차","승용차","1078090","1672400","128.3562089","35.04361638","N"
"2018","2018-09-02 16","주","일","2","4","0","4","0","경남","함안군","차대차","추돌","추돌","안전운전 의무 불이행","단일로","기타단일로","특수차","승용차","1091203","1699890","128.5030057","35.29036132","Y"
"2018","2018-09-02 17","주","일","1","0","0","0","0","경기","광주시","차대차","측면충돌","측면충돌","교차로 통행방법 위반","교차로","교차로내","이륜차","승용차","983297","1941261","127.3111054","37.47041642","N"
"2018","2018-09-02 19","야","일","1","2","0","2","0","충남","공주시","차대차","정면충돌","정면충돌","중앙선 침범","단일로","기타단일로","이륜차","승용차","965518","1846343","127.1143973","36.61431809","N"
"2018","2018-09-02 19","야","일","1","0","0","0","0","충남","당진시","차대사람","횡단중","횡단중","안전운전 의무 불이행","단일로","기타단일로","화물차","보행자","912003","1884931","126.5115519","36.95868901","N"
"2018","2018-09-02 19","야","일","1","1","0","1","0","제주","서귀포시","차대차","측면충돌","측면충돌","과속","교차로","교차로내","이륜차","승용차","926500","1477025","126.710684","33.28210811","N"
"2018","2018-09-03 02","야","월","1","0","0","0","0","서울","동대문구","차대사람","기타","기타","안전운전 의무 불이행","교차로","교차로부근","화물차","보행자","959707","1954136","127.0436246","37.58573554","N"
"2018","2018-09-03 04","야","월","1","0","0","0","0","충남","천안시","차대사람","횡단중","횡단중","과속","교차로","교차로내","승용차","보행자","971698","1872436","127.1825385","36.84974221","N"
"2018","2018-09-03 05","야","월","1","0","0","0","0","경북","안동시","차대사람","횡단중","횡단중","신호위반","교차로","교차로내","승용차","보행자","1106765","1841674","128.6931706","36.5668796","N"
"2018","2018-09-03 06","주","월","1","2","2","0","0","서울","영등포구","차대사람","보도통행중","보도통행중","기타","단일로","기타단일로","승용차","보행자","947447","1947089","126.9052737","37.5216017","N"
"2018","2018-09-03 11","주","월","1","0","0","0","0","충남","홍성군","차대차","추돌","추돌","과속","단일로","기타단일로","승용차","이륜차","918030","1844724","126.5835684","36.5968232","N"
"2018","2018-09-03 15","주","월","1","3","2","1","0","경기","양평군","차대차","정면충돌","정면충돌","중앙선 침범","단일로","기타단일로","승용차","승용차","984847","1951451","127.3284242","37.56229174","N"
"2018","2018-09-03 17","주","월","1","2","0","2","0","경기","화성시","차량단독","공작물충돌","공작물충돌","안전운전 의무 불이행","단일로","기타단일로","화물차","없음","946679","1902548","126.8997842","37.1200899","N"
"2018","2018-09-03 19","야","월","1","0","0","0","0","충북","제천시","차대차","추돌","추돌","안전운전 의무 불이행","단일로","기타단일로","이륜차","건설기계","1064880","1903970","128.2304458","37.13217701","N"
"2018","2018-09-03 21","야","월","1","0","0","0","0","대전","서구","차대사람","횡단중","횡단중","안전운전 의무 불이행","단일로","기타단일로","승용차","보행자","989092","1814057","127.3784729","36.32381432","N"
"2018","2018-09-03 22","야","월","1","0","0","0","0","전남","순천시","차대사람","횡단중","횡단중","안전운전 의무 불이행","단일로","기타단일로","승용차","보행자","998613","1662448","127.4848082","34.95689512","N"
"2018","2018-09-04 00","야","화","1","0","0","0","0","대구","달성군","차대사람","횡단중","횡단중","안전운전 의무 불이행","교차로","교차로부근","승용차","보행자","1085685","1744041","128.446988","35.68889179","N"
"2018","2018-09-04 08","주","화","2","15","8","7","0","경남","고성군","차량단독","공작물충돌","공작물충돌","안전운전 의무 불이행","단일로","기타단일로","승합차","없음","1065608","1666726","128.218914","34.99334422","N"
"2018","2018-09-04 09","주","화","1","0","0","0","0","경남","함양군","차대차","측면충돌","측면충돌","신호위반","교차로","교차로횡단보도내","화물차","자전거","1025524","1725056","127.781506","35.52110924","N"
"2018","2018-09-04 10","주","화","1","0","0","0","0","충남","논산시","차량단독","공작물충돌","공작물충돌","안전운전 의무 불이행","단일로","기타단일로","이륜차","없음","959820","1797406","127.0532117","36.17292421","N"
"2018","2018-09-04 13","주","화","1","0","0","0","0","충남","부여군","차대사람","횡단중","횡단중","안전운전 의무 불이행","단일로","기타단일로","화물차","보행자","929474","1810726","126.7145966","36.29126603","N"
"2018","2018-09-04 15","주","화","1","0","0","0","0","충남","서산시","차대차","측면충돌","측면충돌","신호위반","교차로","교차로내","화물차","이륜차","899070","1888289","126.365854","36.98765565","N"
"2018","2018-09-04 17","주","화","1","2","1","1","0","충남","태안군","차대차","측면충돌","측면충돌","신호위반","교차로","교차로내","승합차","화물차","892313","1862284","126.2936321","36.75253289","N"
"2018","2018-09-04 18","야","화","1","1","0","1","0","경기","시흥시","차대차","추돌","추돌","안전운전 의무 불이행","단일로","기타단일로","이륜차","승용차","937503","1931851","126.7940397","37.38364057","N"
"2018","2018-09-04 19","야","화","1","0","0","0","0","전북","고창군","차대사람","기타","기타","안전운전 의무 불이행","교차로","교차로내","승합차","보행자","914012","1725764","126.5516103","35.52409287","N"
"2018","2018-09-04 22","야","화","1","2","2","0","0","경남","밀양시","차대차","추돌","추돌","안전운전 의무 불이행","단일로","기타단일로","승용차","승용차","1114345","1716607","128.7598003","35.4386825","Y"
"2018","2018-09-05 00","야","수","1","0","0","0","0","경남","함안군","차대차","추돌","추돌","안전운전 의무 불이행","단일로","기타단일로","이륜차","건설기계","1081684","1697669","128.3981114","35.27115973","N"
"2018","2018-09-05 07","주","수","1","0","0","0","0","대전","동구","차량단독","공작물충돌","공작물충돌","안전운전 의무 불이행","단일로","기타단일로","승용차","없음","999576","1816700","127.4952747","36.3477038","N"
"2018","2018-09-05 09","주","수","1","0","0","0","0","경북","영양군","차대사람","길가장자리구역통행중","길가장자리구역통행중","안전운전 의무 불이행","단일로","기타단일로","화물차","보행자","1144639","1853033","129.1184437","36.66425385","N"
"2018","2018-09-05 11","주","수","1","0","0","0","0","울산","울주군","차대차","추돌","추돌","안전운전 의무 불이행","단일로","기타단일로","화물차","화물차","1154804","1731954","129.2083328","35.57152746","N"
"2018","2018-09-05 14","주","수","1","0","0","0","0","경북","영천시","차대사람","횡단중","횡단중","과속","단일로","기타단일로","승용차","보행자","1127795","1795932","128.9206211","36.15204137","N"
"2018","2018-09-05 15","주","수","1","0","0","0","0","부산","강서구","차대차","측면충돌","측면충돌","안전운전 의무 불이행","교차로","교차로내","화물차","원동기장치자전거","1131666","1691724","128.9465823","35.21224378","N"
"2018","2018-09-05 16","주","수","1","0","0","0","0","강원","원주시","차량단독","공작물충돌","공작물충돌","기타","단일로","기타단일로","화물차","없음","1037974.2","1936353.3","127.9291938","37.42555151","N"
"2018","2018-09-05 18","야","수","1","0","0","0","0","경기","김포시","차대차","기타","기타","안전운전 의무 불이행","교차로","교차로내","이륜차","화물차","916886","1966990","126.5571976","37.69870738","N"
"2018","2018-09-05 18","야","수","1","1","0","1","0","강원","양구군","차대차","정면충돌","정면충돌","중앙선 침범","단일로","기타단일로","승용차","승용차","1054407.1","2029583.6","128.1219313","38.2649798","N"
"2018","2018-09-05 21","야","수","1","0","0","0","0","대구","동구","차대차","추돌","추돌","안전운전 의무 불이행","단일로","고가도로위","승용차","이륜차","1103619","1765186","128.647899","35.87778041","N"
"2018","2018-09-05 23","야","수","1","0","0","0","0","부산","금정구","차대사람","횡단중","횡단중","신호위반","교차로","교차로부근","승합차","보행자","1144769","1693779","129.0908561","35.22896144","N"
"2018","2018-09-05 23","야","수","1","0","0","0","0","경남","김해시","차대사람","횡단중","횡단중","안전운전 의무 불이행","교차로","교차로부근","승용차","보행자","1125033","1696464","128.874447","35.25582119","N"
"2018","2018-09-06 01","야","목","1","1","0","0","1","경기","여주시","차량단독","도로이탈","도로이탈 추락","과속","단일로","기타단일로","승용차","없음","1011800","1921133","127.6331255","37.28906176","N"
"2018","2018-09-06 04","야","목","1","1","1","0","0","충남","예산군","차량단독","공작물충돌","공작물충돌","안전운전 의무 불이행","교차로","교차로내","승용차","없음","926034","1853289","126.6722193","36.67468291","N"
"2018","2018-09-06 04","야","목","1","0","0","0","0","경북","포항시","차대사람","횡단중","횡단중","안전운전 의무 불이행","단일로","기타단일로","승용차","보행자","1167486","1785416","129.3594228","36.05123595","N"
"2018","2018-09-06 05","야","목","1","0","0","0","0","전남","강진군","차대사람","횡단중","횡단중","안전운전 의무 불이행","단일로","기타단일로","승용차","보행자","928119","1638023","126.7148175","34.73410874","N"
"2018","2018-09-06 07","주","목","1","0","0","0","0","전남","해남군","차대차","측면충돌","측면충돌","과속","단일로","기타단일로","승합차","사륜오토바이(ATV)","921146","1604352","126.6417829","34.42998108","N"
"2018","2018-09-06 10","주","목","1","0","0","0","0","경남","합천군","차대사람","횡단중","횡단중","안전운전 의무 불이행","교차로","교차로횡단보도내","화물차","보행자","1060721","1730378","128.1700783","35.56756197","N"
"2018","2018-09-06 15","주","목","1","0","0","0","0","전북","고창군","차대차","추돌","추돌","안전운전 의무 불이행","단일로","기타단일로","화물차","화물차","927525.7","1722565.6","126.7009289","35.49633654","N"
"2018","2018-09-06 17","주","목","1","1","0","1","0","충남","논산시","차량단독","공작물충돌","공작물충돌","안전운전 의무 불이행","단일로","기타단일로","화물차","없음","963325","1787131","127.0926641","36.0804288","N"
"2018","2018-09-06 18","야","목","1","0","0","0","0","전남","나주시","차량단독","도로이탈","도로이탈 기타","안전운전 의무 불이행","단일로","기타단일로","사륜오토바이(ATV)","없음","920205.4","1663576.1","126.6259497","34.9639234","N"
"2018","2018-09-06 20","야","목","1","0","0","0","0","충북","영동군","차대차","정면충돌","정면충돌","중앙선 침범","단일로","기타단일로","승용차","승합차","1026657","1799959","127.796506","36.19640761","N"
"2018","2018-09-07 00","야","금","1","0","0","0","0","경기","안산시","차대차","추돌","추돌","안전운전 의무 불이행","단일로","기타단일로","승용차","자전거","917522","1920528","126.5696196","37.28002678","N"
"2018","2018-09-07 00","야","금","1","0","0","0","0","대전","서구","차대사람","차도통행중","차도통행중","안전운전 의무 불이행","단일로","기타단일로","승용차","보행자","988828","1815710","127.3755079","36.33871378","N"
"2018","2018-09-07 04","야","금","1","1","1","0","0","경북","포항시","차량단독","공작물충돌","공작물충돌","안전운전 의무 불이행","단일로","기타단일로","승용차","없음","1170404","1788299","129.3924248","36.07670769","Y"
"2018","2018-09-07 04","야","금","1","1","0","1","0","대전","유성구","차대차","추돌","추돌","안전운전 의무 불이행","단일로","기타단일로","승용차","화물차","984472","1818580","127.326911","36.36452748","N"
"2018","2018-09-07 05","야","금","1","0","0","0","0","울산","남구","차대사람","횡단중","횡단중","안전운전 의무 불이행","단일로","기타단일로","승용차","보행자","1165542","1728293","129.3260308","35.53679724","N"
"2018","2018-09-07 07","주","금","1","0","0","0","0","충남","부여군","차량단독","공작물충돌","공작물충돌","안전운전 의무 불이행","단일로","기타단일로","화물차","없음","945377","1808915","126.8918146","36.27597197","N"
"2018","2018-09-07 08","주","금","1","0","0","0","0","충북","청주시","차대사람","횡단중","횡단중","안전운전 의무 불이행","교차로","교차로내","화물차","보행자","998525","1852911","127.4834927","36.67415116","N"
"2018","2018-09-07 10","주","금","1","0","0","0","0","충북","충주시","차대사람","기타","기타","안전운전 의무 불이행","단일로","기타단일로","승용차","보행자","1034160","1902540","127.8845324","37.12091354","N"
"2018","2018-09-07 10","주","금","1","0","0","0","0","충남","보령시","차대차","기타","기타","기타","교차로","교차로내","승합차","이륜차","917251","1818369","126.5776799","36.35919069","N"
"2018","2018-09-07 12","주","금","1","2","2","0","0","경북","청송군","차대차","측면충돌","측면충돌","교차로 통행방법 위반","교차로","교차로내","화물차","화물차","1130690","1810752","128.9552661","36.28522358","N"
"2018","2018-09-07 13","주","금","1","0","0","0","0","충남","천안시","차대사람","기타","기타","안전운전 의무 불이행","교차로","교차로부근","건설기계","보행자","978942","1862046","127.2640807","36.75626919","N"
"2018","2018-09-07 14","주","금","1","1","0","1","0","충남","공주시","차대차","추돌","추돌","안전운전 의무 불이행","교차로","교차로부근","승합차","이륜차","960277","1830386","127.0566123","36.47026401","N"
"2018","2018-09-07 18","야","금","1","2","2","0","0","전남","장흥군","차대차","정면충돌","정면충돌","중앙선 침범","단일로","기타단일로","승용차","화물차","938419","1639943","126.8271803","34.75209504","N"
"2018","2018-09-07 19","야","금","1","0","0","0","0","경기","의왕시","차대차","기타","기타","신호위반","교차로","교차로내","승용차","원동기장치자전거","954585","1932781","126.9869309","37.39301755","N"
"2018","2018-09-08 01","야","토","1","0","0","0","0","충북","진천군","차대사람","기타","기타","안전운전 의무 불이행","단일로","기타단일로","화물차","보행자","994133","1867688","127.4342265","36.80734617","N"
"2018","2018-09-08 07","주","토","1","1","1","0","0","세종","세종시","차대차","정면충돌","정면충돌","중앙선 침범","단일로","기타단일로","승용차","승용차","978657","1844620","127.2613734","36.5991702","N"
"2018","2018-09-08 12","주","토","1","0","0","0","0","전북","김제시","차대사람","기타","기타","기타","단일로","기타단일로","승용차","보행자","942024.3","1758139.3","126.8582133","35.81801799","N"
"2018","2018-09-08 13","주","토","1","4","4","0","0","강원","고성군","차량단독","공작물충돌","공작물충돌","안전운전 의무 불이행","단일로","기타단일로","화물차","없음","1079442","2049835","128.4103613","38.44560399","N"
"2018","2018-09-08 18","야","토","1","0","0","0","0","강원","인제군","차량단독","기타","기타","안전운전 의무 불이행","단일로","교량위","이륜차","없음","1051148","1997398","128.0823697","37.97510676","N"
"2018","2018-09-08 19","야","토","1","0","0","0","0","경기","김포시","차대차","측면충돌","측면충돌","중앙선 침범","단일로","기타단일로","승용차","자전거","918344","1960559","126.5744545","37.64088082","N"
"2018","2018-09-08 19","야","토","1","0","0","0","0","충북","충주시","차대사람","횡단중","횡단중","안전운전 의무 불이행","단일로","기타단일로","승용차","보행자","1038832","1884454","127.9361893","36.95770215","N"
"2018","2018-09-08 22","야","토","1","0","0","0","0","전남","해남군","차대사람","횡단중","횡단중","안전운전 의무 불이행","단일로","기타단일로","승용차","보행자","890949","1621190","126.3110298","34.57904884","N"
"2018","2018-09-09 01","야","일","1","0","0","0","0","경기","고양시","차대사람","횡단중","횡단중","안전운전 의무 불이행","단일로","기타단일로","화물차","보행자","947892","1960847","126.9093304","37.64562862","N"
"2018","2018-09-09 02","야","일","1","0","0","0","0","서울","은평구","차량단독","공작물충돌","공작물충돌","안전운전 의무 불이행","단일로","기타단일로","원동기장치자전거","없음","948379","1957711","126.9150721","37.61739138","N"
"2018","2018-09-09 04","야","일","1","0","0","0","0","경기","용인시","차대사람","차도통행중","차도통행중","안전운전 의무 불이행","단일로","기타단일로","화물차","보행자","977088","1924229","127.2414162","37.31676134","N"
"2018","2018-09-09 05","야","일","1","4","0","4","0","경기","평택시","차대차","기타","기타","과속","교차로","교차로내","승용차","승합차","958172","1890948","127.0297983","37.01611163","N"
"2018","2018-09-09 11","주","일","1","0","0","0","0","충남","천안시","차량단독","기타","기타","안전운전 의무 불이행","단일로","기타단일로","이륜차","없음","980310","1877277","127.2790122","36.89360041","N"
"2018","2018-09-09 12","주","일","1","0","0","0","0","경기","남양주시","차대차","측면충돌","측면충돌","교차로 통행방법 위반","교차로","교차로내","승용차","이륜차","988068","1962584","127.3647134","37.66268606","N"
"2018","2018-09-09 13","주","일","1","0","0","0","0","충남","당진시","차대차","기타","기타","안전운전 의무 불이행","단일로","기타단일로","이륜차","화물차","927869","1868160","126.6913485","36.80886993","N"
"2018","2018-09-09 14","주","일","1","0","0","0","0","경남","함안군","차대차","측면충돌","측면충돌","안전운전 의무 불이행","단일로","기타단일로","화물차","화물차","1077516","1699974","128.3525069","35.29227315","N"
"2018","2018-09-09 15","주","일","1","0","0","0","0","충북","영동군","차량단독","전복","전복","안전운전 의무 불이행","단일로","기타단일로","농기계","없음","1027046","1787380","127.8004002","36.08298946","N"
"2018","2018-09-09 15","주","일","1","0","0","0","0","대구","수성구","차대사람","횡단중","횡단중","안전운전 의무 불이행","단일로","기타단일로","승용차","보행자","1100118","1762240","128.6087513","35.85158818","N"
"2018","2018-09-09 17","주","일","1","0","0","0","0","경기","고양시","차량단독","공작물충돌","공작물충돌","안전운전 의무 불이행","단일로","기타단일로","농기계","없음","947776","1960893","126.9080123","37.64603662","N"
"2018","2018-09-09 19","야","일","1","0","0","0","0","충남","태안군","차대사람","기타","기타","안전운전 의무 불이행","단일로","기타단일로","승합차","보행자","880796","1855744","126.1656629","36.69221398","N"
"2018","2018-09-09 20","야","일","1","0","0","0","0","경북","경산시","차대차","측면충돌","측면충돌","신호위반","교차로","교차로내","이륜차","화물차","1111487","1758562","128.7341182","35.81720671","N"
"2018","2018-09-09 23","야","일","1","0","0","0","0","경기","부천시","차대사람","기타","기타","안전운전 의무 불이행","교차로","교차로부근","승용차","보행자","936475","1942475","126.7815137","37.47932545","N"
"2018","2018-09-09 23","야","일","1","0","0","0","0","충북","청주시","차량단독","전도","전도","안전운전 의무 불이행","단일로","기타단일로","농기계","없음","991800","1844304","127.4083225","36.59652508","N"
"2018","2018-09-10 04","야","월","1","0","0","0","0","충남","천안시","차대사람","횡단중","횡단중","안전운전 의무 불이행","단일로","기타단일로","승용차","보행자","967633","1869633","127.1370619","36.82434407","N"
"2018","2018-09-10 06","주","월","1","2","0","2","0","서울","종로구","차대차","측면충돌","측면충돌","안전운전 의무 불이행","단일로","터널안","이륜차","승용차","951441","1956827","126.9498255","37.6095907","N"
"2018","2018-09-10 09","주","월","1","0","0","0","0","충남","태안군","차대차","기타","기타","안전운전 의무 불이행","기타","기타","이륜차","농기계","894065","1859415","126.3136532","36.72687227","N"
"2018","2018-09-10 09","주","월","1","0","0","0","0","대구","동구","차대차","기타","기타","기타","단일로","기타단일로","승합차","승용차","1102949","1771731","128.6413251","35.93684964","N"
"2018","2018-09-10 12","주","월","1","0","0","0","0","서울","은평구","차대사람","기타","기타","안전운전 의무 불이행","단일로","기타단일로","화물차","보행자","949895","1957444","126.9322677","37.61506879","N"
"2018","2018-09-10 15","주","월","1","0","0","0","0","충남","아산시","차대차","추돌","추돌","안전운전 의무 불이행","단일로","기타단일로","이륜차","승용차","949749","1869621","126.9365328","36.82345473","N"
"2018","2018-09-10 19","야","월","1","0","0","0","0","경기","화성시","차대사람","횡단중","횡단중","안전운전 의무 불이행","교차로","교차로내","승합차","보행자","966830","1911739","127.1262035","37.20386886","N"
"2018","2018-09-10 23","야","월","1","0","0","0","0","충남","아산시","차대사람","횡단중","횡단중","안전운전 의무 불이행","기타","기타","승용차","보행자","953346","1865589","126.9771117","36.78729315","N"
"2018","2018-09-11 03","야","화","1","0","0","0","0","부산","중구","차대사람","횡단중","횡단중","보행자 보호의무 위반","단일로","기타단일로","화물차","보행자","1138890","1679423","129.0238567","35.1003883","N"
"2018","2018-09-11 09","주","화","1","0","0","0","0","경기","양평군","차대사람","횡단중","횡단중","안전운전 의무 불이행","단일로","기타단일로","승용차","보행자","1015089","1949881","127.6708189","37.54814153","N"
"2018","2018-09-11 11","주","화","1","0","0","0","0","대구","북구","차대차","추돌","추돌","안전운전 의무 불이행","단일로","기타단일로","승용차","화물차","1096921","1772697","128.5746255","35.94617434","N"
"2018","2018-09-11 11","주","화","1","1","0","1","0","울산","남구","차대차","추돌","추돌","안전운전 의무 불이행","교차로","교차로부근","화물차","화물차","1168532","1725974","129.3585149","35.51539483","N"
"2018","2018-09-11 14","주","화","1","1","1","0","0","경북","문경시","차대차","추돌","추돌","안전거리 미확보","단일로","기타단일로","화물차","특수차","1056126","1852528","128.1280835","36.66904338","N"
"2018","2018-09-11 17","주","화","1","0","0","0","0","충남","천안시","차량단독","기타","기타","안전운전 의무 불이행","단일로","기타단일로","이륜차","없음","969747","1869741","127.1607619","36.82538763","N"
"2018","2018-09-11 20","야","화","1","0","0","0","0","경기","수원시","차대사람","횡단중","횡단중","과속","교차로","교차로내","승용차","보행자","961414","1917903","127.0648523","37.25922172","N"
"2018","2018-09-11 20","야","화","1","0","0","0","0","충북","음성군","차량단독","도로이탈","도로이탈 추락","안전운전 의무 불이행","교차로","교차로부근","이륜차","없음","997608","1886812","127.4731235","36.97975636","N"
"2018","2018-09-11 21","야","화","1","0","0","0","0","경기","구리시","차대사람","기타","기타","안전운전 의무 불이행","단일로","기타단일로","승용차","보행자","967749","1954997","127.1346718","37.59381306","Y"
"2018","2018-09-11 23","야","화","1","0","0","0","0","경남","김해시","차대사람","횡단중","횡단중","안전운전 의무 불이행","단일로","기타단일로","승용차","보행자","1119147","1690507","128.8088966","35.20283796","N"
"2018","2018-09-12 00","야","수","1","0","0","0","0","서울","양천구","차량단독","기타","기타","안전운전 의무 불이행","단일로","기타단일로","이륜차","없음","941362","1947647","126.8363711","37.52626415","N"
"2018","2018-09-12 02","야","수","1","0","0","0","0","경북","포항시","차대사람","기타","기타","과속","단일로","기타단일로","승용차","보행자","1169379","1778934","129.3790409","35.99249861","N"
"2018","2018-09-12 06","주","수","1","0","0","0","0","세종","세종시","차대차","측면충돌","측면충돌","기타","교차로","교차로내","자전거","승용차","982134","1844645","127.3002474","36.59946707","N"
"2018","2018-09-12 09","주","수","1","0","0","0","0","인천","서구","차량단독","공작물충돌","공작물충돌","안전운전 의무 불이행","단일로","기타단일로","승용차","없음","927736","1947563","126.6821817","37.52453994","N"
"2018","2018-09-12 11","주","수","1","2","2","0","0","전남","화순군","차대차","측면충돌","측면충돌","신호위반","교차로","교차로내","승용차","승용차","951887","1673036","126.9724174","35.05122549","N"
"2018","2018-09-12 11","주","수","1","0","0","0","0","대구","중구","차대사람","횡단중","횡단중","안전운전 의무 불이행","교차로","교차로횡단보도내","건설기계","보행자","1099604","1763799","128.6032548","35.86569414","N"
"2018","2018-09-12 12","주","수","1","0","0","0","0","강원","화천군","차량단독","공작물충돌","공작물충돌","안전운전 의무 불이행","단일로","터널안","이륜차","없음","1020014","2014163","127.7283524","38.12742638","N"
"2018","2018-09-12 13","주","수","1","0","0","0","0","경기","평택시","차량단독","전도","전도","안전운전 의무 불이행","교차로","교차로내","사륜오토바이(ATV)","없음","962358","1898009","127.0764997","37.07993737","N"