"발생년","발생년월일시","주야","요일","사망자수","부상자수","중상자수","경상자수","부상신고자수","발생지시도","발생지시군구","사고유형_대분류","사고유형_중분류","사고유형","가해자법규위반","도로형태_대분류","도로형태","가해자_당사자종별","피해자_당사자종별","발생위치(X_UTMK)","발생위치(Y_UTMK)","경도","위도"," 어린이사고 여부"
"2018","2018-10-06 16","주","토","1","0","0","0","0","부산","중구","차대사람","횡단중","횡단중","안전운전 의무 불이행","단일로","기타단일로","이륜차","보행자","1139001","1679604","129.0251046","35.10200454","N"
"2018","2018-10-06 16","주","토","1","0","0","0","0","경기","안성시","차대사람","보도통행중","보도통행중","기타","단일로","기타단일로","화물차","보행자","976602","1890532","127.2369859","37.01300167","Y"
"2018","2018-10-06 18","야","토","2","2","2","0","0","강원","횡성군","차대차","기타","기타","안전운전 의무 불이행","교차로","교차로내","승용차","화물차","1041697","1944564","127.9717333","37.49939773","N"
"2018","2018-10-07 03","야","일","1","1","1","0","0","충남","아산시","차량단독","공작물충돌","공작물충돌","안전운전 의무 불이행","기타","기타","승용차","없음","959269","1867413","127.0433959","36.8040088","N"
"2018","2018-10-07 05","야","일","1","0","0","0","0","대구","동구","차대사람","횡단중","횡단중","안전운전 의무 불이행","기타","기타","승용차","보행자","1108574","1773790","128.7039551","35.95480048","N"
"2018","2018-10-07 05","야","일","1","0","0","0","0","울산","울주군","차량단독","공작물충돌","공작물충돌","안전운전 의무 불이행","단일로","기타단일로","승용차","없음","1144665","1734290","129.0969025","35.5941155","N"
"2018","2018-10-07 05","야","일","1","1","1","0","0","경기","양주시","차량단독","공작물충돌","공작물충돌","안전운전 의무 불이행","단일로","기타단일로","승용차","없음","959911","1974943","127.0447906","37.77328018","N"
"2018","2018-10-07 06","주","일","1","0","0","0","0","충북","청주시","차대사람","횡단중","횡단중","중앙선 침범","교차로","교차로부근","화물차","보행자","998274","1855517","127.4806778","36.69764358","N"
"2018","2018-10-07 07","주","일","1","0","0","0","0","대전","유성구","차량단독","기타","기타","안전운전 의무 불이행","단일로","기타단일로","승용차","없음","981241","1808366","127.2911414","36.27238655","N"
"2018","2018-10-07 08","주","일","1","0","0","0","0","경기","고양시","차대사람","기타","기타","안전운전 의무 불이행","단일로","기타단일로","승용차","보행자","946541","1962062","126.893928","37.65650166","N"
"2018","2018-10-07 13","주","일","1","0","0","0","0","전북","군산시","차대차","측면충돌","측면충돌","신호위반","교차로","교차로내","승용차","이륜차","928394.5","1776107.8","126.7057273","35.97910796","N"
"2018","2018-10-07 14","주","일","1","0","0","0","0","전남","고흥군","차량단독","기타","기타","안전운전 의무 불이행","단일로","기타단일로","이륜차","없음","967725","1609685","127.1485152","34.48058135","N"
"2018","2018-10-07 18","야","일","1","2","2","0","0","서울","영등포구","차대차","측면충돌","측면충돌","중앙선 침범","단일로","기타단일로","승용차","승합차","948676","1947658","126.9191415","37.5267994","N"
"2018","2018-10-07 19","야","일","1","0","0","0","0","강원","원주시","차대사람","차도통행중","차도통행중","안전운전 의무 불이행","단일로","기타단일로","승용차","보행자","1027959","1922873","127.8154923","37.30440042","N"
"2018","2018-10-07 22","야","일","1","0","0","0","0","경북","포항시","차대사람","횡단중","횡단중","안전운전 의무 불이행","단일로","기타단일로","승용차","보행자","1167703","1780790","129.3608497","36.00951309","N"
"2018","2018-10-08 03","야","월","1","2","1","1","0","경기","수원시","차대차","기타","기타","신호위반","교차로","교차로내","이륜차","화물차","957763","1918422","127.0236505","37.26374136","N"
"2018","2018-10-08 09","주","월","1","0","0","0","0","충남","부여군","차량단독","전도","전도","안전운전 의무 불이행","단일로","기타단일로","농기계","없음","941173","1798625","126.8457821","36.18296034","N"
"2018","2018-10-08 10","주","월","1","2","1","1","0","충북","영동군","차대차","측면충돌","측면충돌","안전운전 의무 불이행","교차로","교차로내","화물차","화물차","1015670","1789892","127.6740975","36.10588715","N"
"2018","2018-10-08 10","주","월","1","0","0","0","0","경북","상주시","차대사람","횡단중","횡단중","안전운전 의무 불이행","단일로","기타단일로","승용차","보행자","1041008","1827679","127.9575871","36.44580635","N"
"2018","2018-10-08 14","주","월","1","0","0","0","0","전남","신안군","차대사람","기타","기타","안전운전 의무 불이행","단일로","기타단일로","화물차","보행자","872699","1648871","126.107926","34.82649899","N"
"2018","2018-10-08 18","야","월","1","0","0","0","0","부산","해운대구","차대사람","횡단중","횡단중","안전운전 의무 불이행","단일로","기타단일로","승용차","보행자","1151377","1686839.7","129.1621694","35.16543919","N"
"2018","2018-10-08 18","야","월","1","0","0","0","0","강원","정선군","차대사람","횡단중","횡단중","안전운전 의무 불이행","교차로","교차로부근","화물차","보행자","1103697","1931148","128.6711819","37.37361168","N"
"2018","2018-10-08 18","야","월","1","0","0","0","0","충남","당진시","차대사람","횡단중","횡단중","안전운전 의무 불이행","단일로","기타단일로","승용차","보행자","926031","1875602","126.6700202","36.87580816","N"
"2018","2018-10-08 19","야","월","1","0","0","0","0","강원","정선군","차대사람","차도통행중","차도통행중","안전운전 의무 불이행","단일로","기타단일로","승용차","보행자","1123518","1912488","128.8918885","37.20303208","N"
"2018","2018-10-08 20","야","월","1","0","0","0","0","광주","광산구","차대사람","횡단중","횡단중","과속","단일로","기타단일로","승용차","보행자","934044","1682378","126.776028","35.1344498","N"
"2018","2018-10-08 22","야","월","1","1","0","1","0","경기","평택시","차대차","측면충돌","측면충돌","신호위반","교차로","교차로내","화물차","승용차","960189.6","1883379.3","127.0528775","36.94797369","N"
"2018","2018-10-08 23","야","월","1","0","0","0","0","경북","구미시","차대사람","횡단중","횡단중","과속","단일로","기타단일로","승용차","보행자","1083015","1793643","128.4226606","36.13627784","N"
"2018","2018-10-09 04","야","화","1","0","0","0","0","경북","문경시","차대차","추돌","추돌","안전운전 의무 불이행","단일로","기타단일로","승용차","화물차","1061586","1844487","128.1885352","36.59622122","N"
"2018","2018-10-09 05","야","화","1","0","0","0","0","경기","수원시","차대사람","횡단중","횡단중","안전운전 의무 불이행","교차로","교차로횡단보도내","승용차","보행자","960355","1916424","127.0529887","37.24584586","N"
"2018","2018-10-09 05","야","화","1","0","0","0","0","경북","포항시","차대차","추돌","추돌","안전운전 의무 불이행","단일로","기타단일로","화물차","농기계","1149137","1789570","129.1565792","36.09165825","N"
"2018","2018-10-09 10","주","화","1","0","0","0","0","서울","마포구","차대사람","횡단중","횡단중","신호위반","단일로","기타단일로","건설기계","보행자","951870","1951044","126.9550659","37.55749033","N"
"2018","2018-10-09 12","주","화","1","0","0","0","0","서울","동대문구","차대차","기타","기타","안전거리 미확보","교차로","교차로횡단보도내","자전거","화물차","958590","1952836","127.0310469","37.57396874","N"
"2018","2018-10-09 12","주","화","1","0","0","0","0","전북","남원시","차대사람","횡단중","횡단중","안전운전 의무 불이행","교차로","교차로부근","화물차","보행자","989660.8","1712596","127.3861262","35.40903537","N"
"2018","2018-10-09 12","주","화","1","0","0","0","0","전남","신안군","차대사람","기타","기타","안전운전 의무 불이행","기타","기타","화물차","보행자","876574","1668412","126.1474025","35.00313958","N"
"2018","2018-10-09 12","주","화","1","0","0","0","0","전남","나주시","차량단독","도로이탈","도로이탈 추락","안전운전 의무 불이행","교차로","교차로부근","사륜오토바이(ATV)","없음","918028.6","1669794.9","126.6014955","35.0198203","N"
"2018","2018-10-09 13","주","화","1","0","0","0","0","서울","은평구","차대차","기타","기타","신호위반","교차로","교차로내","이륜차","승합차","949066","1957684","126.9228582","37.61718636","N"
"2018","2018-10-09 19","야","화","1","2","1","1","0","전남","완도군","차대차","추돌","추돌","안전운전 의무 불이행","단일로","기타단일로","승용차","농기계","936057.6","1601715.5","126.8042603","34.40723727","Y"
"2018","2018-10-09 20","야","화","2","0","0","0","0","경기","화성시","차대차","기타","기타","중앙선 침범","단일로","기타단일로","이륜차","승용차","927949","1902506","126.688968","37.11845655","N"
"2018","2018-10-09 21","야","화","1","0","0","0","0","경북","김천시","차대사람","차도통행중","차도통행중","안전거리 미확보","단일로","기타단일로","승용차","보행자","1059140","1794197","128.1573652","36.14302239","N"
"2018","2018-10-09 22","야","화","1","0","0","0","0","서울","양천구","차량단독","전도","전도","안전운전 의무 불이행","단일로","교량위","이륜차","없음","941233","1947550","126.834919","37.52538168","N"
"2018","2018-10-10 04","야","수","1","0","0","0","0","전북","군산시","차량단독","공작물충돌","공작물충돌","안전운전 의무 불이행","단일로","기타단일로","화물차","없음","911960.6","1748684.1","126.5264857","35.73054221","N"
"2018","2018-10-10 05","야","수","1","0","0","0","0","광주","북구","차대사람","횡단중","횡단중","안전운전 의무 불이행","단일로","기타단일로","화물차","보행자","947562.8","1686453.1","126.9241519","35.17198959","N"
"2018","2018-10-10 06","주","수","1","1","1","0","0","부산","영도구","차량단독","공작물충돌","공작물충돌","안전운전 의무 불이행","교차로","교차로부근","이륜차","없음","1142502.2","1678961.4","129.0633962","35.09572292","N"
"2018","2018-10-10 10","주","수","1","1","0","1","0","경기","성남시","차대차","기타","기타","안전거리 미확보","단일로","기타단일로","승용차","승용차","964683","1927973","127.1012381","37.3501199","N"
"2018","2018-10-10 10","주","수","1","9","2","7","0","인천","미추홀구","차대차","추돌","추돌","안전운전 의무 불이행","교차로","교차로내","화물차","승용차","927370","1938669","126.6789178","37.44435168","N"
"2018","2018-10-10 10","주","수","1","0","0","0","0","경기","파주시","차대사람","차도통행중","차도통행중","안전운전 의무 불이행","단일로","기타단일로","승합차","보행자","931702","1971414","126.7248316","37.73980266","N"
"2018","2018-10-10 13","주","수","1","0","0","0","0","경북","포항시","차대사람","횡단중","횡단중","안전운전 의무 불이행","단일로","기타단일로","원동기장치자전거","보행자","1167576","1784077","129.3601375","36.03915458","N"
"2018","2018-10-10 13","주","수","1","0","0","0","0","경북","안동시","차대사람","차도통행중","차도통행중","안전운전 의무 불이행","교차로","교차로내","승용차","보행자","1111295","1841407","128.7437472","36.56395577","N"
"2018","2018-10-10 14","주","수","1","0","0","0","0","전남","여수시","차대사람","횡단중","횡단중","신호위반","교차로","교차로부근","건설기계","보행자","1014898.8","1643385","127.6628465","34.78488399","N"
"2018","2018-10-10 17","주","수","1","0","0","0","0","경북","상주시","차대차","측면충돌","측면충돌","안전운전 의무 불이행","교차로","교차로내","화물차","이륜차","1071131","1819013","128.2928969","36.36592544","N"
"2018","2018-10-10 17","주","수","1","0","0","0","0","경북","의성군","차대차","측면충돌","측면충돌","안전운전 의무 불이행","단일로","기타단일로","이륜차","화물차","1111290","1804395","128.7383869","36.23035891","N"
"2018","2018-10-10 17","주","수","1","0","0","0","0","광주","북구","차대사람","횡단중","횡단중","보행자 보호의무 위반","단일로","기타단일로","건설기계","보행자","945607.7","1685869.9","126.9027212","35.16662708","N"
"2018","2018-10-10 18","야","수","1","0","0","0","0","충북","옥천군","차대사람","횡단중","횡단중","안전운전 의무 불이행","단일로","기타단일로","승용차","보행자","1015071","1822132","127.6680638","36.39655721","N"
"2018","2018-10-10 18","야","수","1","0","0","0","0","충남","논산시","차대사람","횡단중","횡단중","안전운전 의무 불이행","단일로","기타단일로","승용차","보행자","964292","1792420","127.1031642","36.12814817","N"
"2018","2018-10-10 20","야","수","2","1","1","0","0","경북","김천시","차대차","기타","기타","안전운전 의무 불이행","단일로","기타단일로","화물차","화물차","1068433","1799030","128.2610741","36.18597992","N"
"2018","2018-10-11 00","야","목","1","0","0","0","0","부산","부산진구","차대사람","기타","기타","안전운전 의무 불이행","단일로","기타단일로","승용차","보행자","1139272.3","1684680.2","129.0289354","35.14772412","N"
"2018","2018-10-11 10","주","목","1","0","0","0","0","서울","성북구","차대차","측면충돌","측면충돌","신호위반","교차로","교차로내","승용차","이륜차","958721","1956113","127.0323456","37.60351097","N"
"2018","2018-10-11 12","주","목","1","2","2","0","0","경북","의성군","차대차","정면충돌","정면충돌","중앙선 침범","기타","기타","이륜차","승용차","1105680","1803227","128.6758158","36.22046069","N"
"2018","2018-10-11 16","주","목","1","0","0","0","0","서울","도봉구","차대사람","기타","기타","안전운전 의무 불이행","교차로","교차로횡단보도내","승합차","보행자","959379","1961975","127.039474","37.65637552","N"
"2018","2018-10-11 16","주","목","1","0","0","0","0","강원","평창군","차대사람","보도통행중","보도통행중","중앙선 침범","단일로","기타단일로","화물차","보행자","1093087.1","1959876.1","128.5550076","37.63363905","N"
"2018","2018-10-11 16","주","목","1","0","0","0","0","인천","계양구","차대사람","횡단중","횡단중","보행자 보호의무 위반","교차로","교차로횡단보도내","승합차","보행자","934500","1951469","126.7583756","37.56024935","Y"
"2018","2018-10-11 16","주","목","1","0","0","0","0","경기","남양주시","차대사람","기타","기타","안전운전 의무 불이행","단일로","기타단일로","승용차","보행자","972248","1962306","127.1853566","37.65983827","N"
"2018","2018-10-11 17","주","목","1","0","0","0","0","전남","여수시","차대사람","횡단중","횡단중","과속","교차로","교차로내","승용차","보행자","1018822.2","1636525.3","127.7055763","34.72296002","N"
"2018","2018-10-11 18","야","목","1","0","0","0","0","경남","창녕군","차대차","측면충돌","측면충돌","안전운전 의무 불이행","교차로","교차로내","화물차","화물차","1103679","1715288","128.6421412","35.4279606","N"
"2018","2018-10-11 21","야","목","1","1","1","0","0","부산","남구","차대차","추돌","추돌","안전운전 의무 불이행","교차로","교차로내","승용차","이륜차","1146819","1680788","129.1110636","35.11156753","N"
"2018","2018-10-12 00","야","금","1","0","0","0","0","강원","화천군","차량단독","공작물충돌","공작물충돌","중앙선 침범","단일로","기타단일로","승용차","없음","1016036","2007905","127.6828245","38.07110435","N"
"2018","2018-10-12 00","야","금","1","0","0","0","0","경북","포항시","차대차","측면충돌","측면충돌","안전운전 의무 불이행","교차로","교차로부근","승용차","승용차","1165757","1782407","129.3396055","36.02441731","N"
"2018","2018-10-12 02","야","금","1","3","2","1","0","광주","서구","차대차","측면충돌","측면충돌","신호위반","교차로","교차로내","승용차","승용차","945980.2","1684155.1","126.9069236","35.15118531","N"
"2018","2018-10-12 04","야","금","1","0","0","0","0","전남","여수시","차량단독","공작물충돌","공작물충돌","안전운전 의무 불이행","단일로","기타단일로","승합차","없음","1019121","1643253","127.7089926","34.78362317","N"
"2018","2018-10-12 12","주","금","1","0","0","0","0","경기","의정부시","차대차","측면충돌","측면충돌","신호위반","교차로","교차로내","자전거","승용차","959787","1970048","127.0436537","37.72915612","N"
"2018","2018-10-12 15","주","금","1","0","0","0","0","강원","강릉시","차량단독","기타","기타","안전운전 의무 불이행","교차로","교차로부근","농기계","없음","1134699","1966042","129.0276265","37.68403654","N"
"2018","2018-10-12 16","주","금","1","12","3","9","0","충북","음성군","차대차","추돌","추돌","안전운전 의무 불이행","단일로","기타단일로","화물차","승용차","997480.1","1887301","127.4716848","36.9841641","N"
"2018","2018-10-12 16","주","금","1","0","0","0","0","경북","포항시","차량단독","공작물충돌","공작물충돌","안전운전 의무 불이행","단일로","기타단일로","이륜차","없음","1142478","1795230","129.0836628","36.14366754","N"
"2018","2018-10-12 17","주","금","1","3","3","0","0","충남","당진시","차대차","측면충돌","측면충돌","신호위반","교차로","교차로내","승용차","승용차","917756","1890886","126.5755167","37.01288338","N"
"2018","2018-10-12 19","야","금","1","0","0","0","0","경기","안산시","차대사람","횡단중","횡단중","안전운전 의무 불이행","교차로","교차로횡단보도내","승합차","보행자","942007","1924326","126.8455024","37.3161082","N"
"2018","2018-10-12 20","야","금","1","0","0","0","0","제주","제주시","차대차","기타","기타","중앙선 침범","단일로","기타단일로","이륜차","승용차","902813","1497668","126.4541157","33.46639823","N"
"2018","2018-10-12 22","야","금","1","0","0","0","0","경기","용인시","차대차","측면충돌","측면충돌","안전운전 의무 불이행","단일로","교량위","승용차","화물차","973991","1906958","127.207067","37.16099991","N"
"2018","2018-10-12 22","야","금","1","0","0","0","0","경남","사천시","차대사람","횡단중","횡단중","보행자 보호의무 위반","교차로","교차로부근","승용차","보행자","1051957","1659556","128.0688906","34.92948557","N"
"2018","2018-10-12 23","야","금","1","2","0","0","2","경북","문경시","차대차","추돌","추돌","안전운전 의무 불이행","단일로","기타단일로","승용차","화물차","1058360","1846911","128.1526545","36.61827512","N"
"2018","2018-10-13 01","야","토","1","0","0","0","0","전북","전주시","차량단독","기타","기타","안전운전 의무 불이행","단일로","기타단일로","이륜차","없음","964718","1760705","127.1093106","35.84222907","N"
"2018","2018-10-13 06","주","토","1","0","0","0","0","경북","경산시","차대사람","횡단중","횡단중","과속","교차로","교차로횡단보도내","승용차","보행자","1110513","1758479","128.7233272","35.81656874","N"
"2018","2018-10-13 10","주","토","1","0","0","0","0","경남","산청군","차대사람","횡단중","횡단중","안전운전 의무 불이행","단일로","기타단일로","이륜차","보행자","1037134","1699849","127.9084029","35.29346092","N"
"2018","2018-10-13 10","주","토","1","0","0","0","0","대구","서구","차대사람","기타","기타","안전운전 의무 불이행","교차로","교차로내","화물차","보행자","1096648","1765396","128.5707118","35.88038658","N"
"2018","2018-10-13 10","주","토","1","2","1","1","0","경기","동두천시","차대차","정면충돌","정면충돌","신호위반","교차로","교차로내","승용차","건설기계","957149","1990173","127.0125266","37.91042005","N"
"2018","2018-10-13 12","주","토","1","0","0","0","0","부산","사상구","차대차","측면충돌","측면충돌","교차로 통행방법 위반","단일로","지하차도(도로)내","화물차","이륜차","1134813","1689365","128.9807614","35.19056147","N"
"2018","2018-10-13 13","주","토","1","0","0","0","0","광주","광산구","차대차","측면충돌","측면충돌","안전운전 의무 불이행","교차로","교차로내","이륜차","화물차","937683","1689880.5","126.8154024","35.20232847","N"
"2018","2018-10-13 14","주","토","1","1","1","0","0","강원","양양군","차량단독","공작물충돌","공작물충돌","안전운전 의무 불이행","단일로","기타단일로","승용차","없음","1099132","2013252","128.6308355","38.11399529","N"
"2018","2018-10-13 18","야","토","1","0","0","0","0","경남","남해군","차량단독","도로이탈","도로이탈 추락","안전운전 의무 불이행","단일로","기타단일로","이륜차","없음","1036496","1649448","127.8991676","34.83901244","N"
"2018","2018-10-13 19","야","토","1","0","0","0","0","경기","고양시","차량단독","기타","기타","안전운전 의무 불이행","기타","기타","자전거","없음","935581","1964925","126.7694285","37.68160114","N"
"2018","2018-10-13 21","야","토","1","0","0","0","0","서울","송파구","차대사람","횡단중","횡단중","신호위반","단일로","기타단일로","승용차","보행자","965793","1944290","127.1130146","37.49723602","N"
"2018","2018-10-14 01","야","일","1","0","0","0","0","경기","평택시","차량단독","공작물충돌","공작물충돌","안전운전 의무 불이행","교차로","교차로내","이륜차","없음","961422","1902784","127.0657237","37.12294122","N"
"2018","2018-10-14 02","야","일","1","0","0","0","0","경기","파주시","차량단독","공작물충돌","공작물충돌","안전운전 의무 불이행","단일로","기타단일로","이륜차","없음","933519","1988077","126.7439225","37.89011007","N"
"2018","2018-10-14 08","주","일","1","1","0","1","0","경북","포항시","차대사람","횡단중","횡단중","신호위반","교차로","교차로내","승용차","보행자","1165465","1780616","129.3359918","36.00832778","Y"
"2018","2018-10-14 15","주","일","1","0","0","0","0","강원","횡성군","차량단독","도로이탈","도로이탈 기타","안전운전 의무 불이행","단일로","기타단일로","사륜오토바이(ATV)","없음","1052932","1944875","128.0988556","37.5016249","N"
"2018","2018-10-14 16","주","일","1","0","0","0","0","충남","천안시","차량단독","공작물충돌","공작물충돌","안전운전 의무 불이행","단일로","기타단일로","이륜차","없음","980301","1877274","127.2789113","36.89357318","N"
"2018","2018-10-14 17","주","일","1","0","0","0","0","경북","칠곡군","차량단독","공작물충돌","공작물충돌","안전운전 의무 불이행","단일로","기타단일로","승용차","없음","1095308","1781282","128.5577764","36.02372198","N"
"2018","2018-10-14 18","야","일","1","1","0","1","0","대전","유성구","차대차","측면충돌","측면충돌","신호위반","교차로","교차로내","이륜차","승용차","986554","1821820","127.3500627","36.39376856","N"
"2018","2018-10-14 19","야","일","1","7","2","5","0","경남","함양군","차대차","추돌","추돌","안전운전 의무 불이행","단일로","기타단일로","화물차","승용차","1025482","1727622","127.7811234","35.54424676","Y"
"2018","2018-10-14 22","야","일","1","0","0","0","0","대전","동구","차대사람","횡단중","횡단중","안전운전 의무 불이행","단일로","기타단일로","승용차","보행자","995839","1813360","127.4536456","36.31758333","N"
"2018","2018-10-15 01","야","월","1","0","0","0","0","경기","화성시","차량단독","기타","기타","안전운전 의무 불이행","단일로","기타단일로","이륜차","없음","947492","1919612","126.9077351","37.27394476","N"
"2018","2018-10-15 04","야","월","1","0","0","0","0","경기","성남시","차량단독","공작물충돌","공작물충돌","안전운전 의무 불이행","단일로","터널안","승용차","없음","967183","1935880","127.129114","37.42148262","N"
"2018","2018-10-15 05","야","월","1","0","0","0","0","광주","북구","차대사람","횡단중","횡단중","안전운전 의무 불이행","단일로","기타단일로","화물차","보행자","948126","1687451","126.9302738","35.18101663","N"
"2018","2018-10-15 06","주","월","1","1","0","1","0","전남","여수시","차대차","정면충돌","정면충돌","중앙선 침범","단일로","기타단일로","승용차","화물차","1025049.2","1629908.9","127.7733908","34.66316093","N"
"2018","2018-10-15 12","주","월","1","0","0","0","0","서울","노원구","차대사람","보도통행중","보도통행중","기타","단일로","기타단일로","승용차","보행자","961344","1961159","127.0617941","37.64910564","N"
"2018","2018-10-15 12","주","월","1","0","0","0","0","경남","산청군","차대사람","길가장자리구역통행중","길가장자리구역통행중","안전운전 의무 불이행","단일로","기타단일로","화물차","보행자","1032433","1718922","127.8574595","35.46559995","N"
"2018","2018-10-15 14","주","월","1","1","0","0","1","충북","청주시","차대차","측면충돌","측면충돌","안전운전 의무 불이행","단일로","지하차도(도로)내","이륜차","화물차","1003185","1840593","127.5355935","36.56310011","N"
"2018","2018-10-15 15","주","월","1","0","0","0","0","경북","청송군","차대차","정면충돌","정면충돌","중앙선 침범","단일로","기타단일로","화물차","건설기계","1132201","1810883","128.9721087","36.2861983","N"
"2018","2018-10-15 17","주","월","1","1","0","1","0","경기","시흥시","차대차","측면충돌","측면충돌","중앙선 침범","교차로","교차로부근","승용차","승용차","936723","1934329","126.7850174","37.40592216","N"
"2018","2018-10-15 18","야","월","1","0","0","0","0","제주","서귀포시","차량단독","기타","기타","안전운전 의무 불이행","단일로","기타단일로","원동기장치자전거","없음","894876","1471793","126.3717294","33.23230456","N"
"2018","2018-10-15 19","야","월","1","0","0","0","0","제주","서귀포시","차대사람","횡단중","횡단중","과속","단일로","기타단일로","승합차","보행자","925416","1484598","126.698419","33.3503348","N"
"2018","2018-10-15 20","야","월","2","10","8","2","0","경북","상주시","차대차","추돌","추돌","안전운전 의무 불이행","단일로","기타단일로","화물차","승합차","1058066","1842440","128.1490292","36.57798943","N"
"2018","2018-10-16 09","주","화","1","0","0","0","0","광주","남구","차대사람","횡단중","횡단중","안전운전 의무 불이행","교차로","교차로횡단보도내","승용차","보행자","945418","1682172","126.9008826","35.13327385","N"
"2018","2018-10-16 15","주","화","1","0","0","0","0","경기","안성시","차대사람","차도통행중","차도통행중","안전운전 의무 불이행","교차로","교차로부근","승합차","보행자","968793","1888872","127.1492759","36.99781103","N"
"2018","2018-10-16 15","주","화","1","1","0","1","0","강원","평창군","차대차","기타","기타","안전운전 의무 불이행","단일로","기타단일로","승용차","화물차","1107514.1","1964711.4","128.7191974","37.6756366","N"
"2018","2018-10-16 17","주","화","1","0","0","0","0","경기","화성시","차량단독","공작물충돌","공작물충돌","안전운전 의무 불이행","교차로","교차로부근","사륜오토바이(ATV)","없음","953601","1909770","126.9772516","37.18555658","N"
"2018","2018-10-16 18","야","화","1","0","0","0","0","경기","광주시","차대사람","횡단중","횡단중","안전운전 의무 불이행","단일로","기타단일로","승용차","보행자","981113","1941327","127.286405","37.47096926","N"
"2018","2018-10-16 20","야","화","1","0","0","0","0","광주","서구","차대사람","차도통행중","차도통행중","안전운전 의무 불이행","단일로","기타단일로","승용차","보행자","945497","1684526","126.9015944","35.15450353","N"
"2018","2018-10-17 03","야","수","1","0","0","0","0","경기","성남시","차량단독","전복","전복","안전운전 의무 불이행","단일로","기타단일로","이륜차","없음","970994","1938600","127.1720769","37.44612695","N"
"2018","2018-10-17 07","주","수","1","0","0","0","0","충남","홍성군","차대차","측면충돌","측면충돌","중앙선 침범","단일로","기타단일로","이륜차","화물차","925437","1845071","126.6663373","36.60055904","N"
"2018","2018-10-17 12","주","수","1","0","0","0","0","대전","서구","차대차","기타","기타","안전운전 의무 불이행","단일로","기타단일로","이륜차","승용차","984246","1805211","127.3246618","36.24399635","N"
"2018","2018-10-17 13","주","수","1","5","0","5","0","부산","기장군","차대차","추돌","추돌","안전운전 의무 불이행","단일로","기타단일로","화물차","화물차","1157066","1700000","129.2271238","35.28317997","Y"
"2018","2018-10-17 14","주","수","1","0","0","0","0","경기","수원시","차대사람","기타","기타","안전운전 의무 불이행","단일로","기타단일로","승합차","보행자","962954","1918628","127.0821829","37.26581927","N"
"2018","2018-10-17 16","주","수","1","0","0","0","0","강원","춘천시","차대사람","기타","기타","안전운전 의무 불이행","단일로","기타단일로","화물차","보행자","1020715","1986708.3","127.7355575","37.87996635","N"
"2018","2018-10-17 18","야","수","1","0","0","0","0","경남","고성군","차대사람","횡단중","횡단중","보행자 보호의무 위반","단일로","기타단일로","승용차","보행자","1077728","1670425","128.3520554","35.02583696","N"
"2018","2018-10-17 19","야","수","1","0","0","0","0","충남","태안군","차대사람","길가장자리구역통행중","길가장자리구역통행중","안전운전 의무 불이행","교차로","교차로내","승합차","보행자","892971","1853207","126.3022726","36.67079738","N"
"2018","2018-10-17 19","야","수","1","0","0","0","0","경북","고령군","차대사람","횡단중","횡단중","안전운전 의무 불이행","단일로","기타단일로","승용차","보행자","1070003","1749751","128.2741845","35.74160915","N"
"2018","2018-10-17 20","야","수","1","0","0","0","0","서울","성북구","차대사람","횡단중","횡단중","신호위반","교차로","교차로내","화물차","보행자","956678","1957451","127.0091217","37.61547661","N"
"2018","2018-10-17 20","야","수","1","0","0","0","0","경북","김천시","차대사람","차도통행중","차도통행중","안전운전 의무 불이행","단일로","기타단일로","승용차","보행자","1064696","1800320","128.2196227","36.1978662","N"
"2018","2018-10-17 22","야","수","1","0","0","0","0","충남","천안시","차량단독","기타","기타","안전운전 의무 불이행","단일로","기타단일로","이륜차","없음","968789","1869750","127.1500193","36.82543763","N"
"2018","2018-10-17 23","야","수","1","1","1","0","0","강원","춘천시","차량단독","도로이탈","도로이탈 기타","안전운전 의무 불이행","단일로","기타단일로","이륜차","없음","1012838.8","1980242.8","127.64588","37.82183729","N"
"2018","2018-10-18 06","주","목","1","0","0","0","0","전북","정읍시","차량단독","도로이탈","도로이탈 추락","안전운전 의무 불이행","단일로","기타단일로","승용차","없음","933076.7","1736053.6","126.7610118","35.61833222","N"
"2018","2018-10-18 10","주","목","1","1","1","0","0","충남","서천군","차량단독","도로이탈","도로이탈 추락","안전운전 의무 불이행","단일로","기타단일로","원동기장치자전거","없음","916466","1794935","126.5714345","36.14788006","N"
"2018","2018-10-18 12","주","목","1","4","4","0","0","경기","성남시","차량단독","전도","전도","안전운전 의무 불이행","단일로","기타단일로","승합차","없음","964941","1937878","127.1036813","37.4394095","N"
"2018","2018-10-18 12","주","목","1","1","1","0","0","충남","홍성군","차대사람","기타","기타","안전운전 의무 불이행","교차로","교차로부근","화물차","보행자","917326","1843454","126.575835","36.5853148","N"
"2018","2018-10-18 15","주","목","1","0","0","0","0","경기","김포시","차대차","기타","기타","신호위반","교차로","교차로내","이륜차","이륜차","915994","1960208","126.5478617","37.63750557","N"
"2018","2018-10-18 18","야","목","1","0","0","0","0","경기","연천군","차대사람","횡단중","횡단중","안전운전 의무 불이행","교차로","교차로내","승용차","보행자","962070","2005594","127.0676918","38.04962304","N"
"2018","2018-10-18 19","야","목","1","0","0","0","0","충남","태안군","차대사람","횡단중","횡단중","안전운전 의무 불이행","기타","기타","화물차","보행자","887412","1860022","126.2390739","36.73157708","N"
"2018","2018-10-18 19","야","목","1","1","0","0","1","경남","김해시","차대차","추돌","추돌","과속","교차로","교차로내","승용차","화물차","1122521","1706133","128.8482855","35.34329279","N"