"발생년","발생년월일시","주야","요일","사망자수","부상자수","중상자수","경상자수","부상신고자수","발생지시도","발생지시군구","사고유형_대분류","사고유형_중분류","사고유형","가해자법규위반","도로형태_대분류","도로형태","가해자_당사자종별","피해자_당사자종별","발생위치(X_UTMK)","발생위치(Y_UTMK)","경도","위도"," 어린이사고 여부"
"2018","2018-10-18 22","야","목","1","0","0","0","0","경기","고양시","차대차","기타","기타","안전운전 의무 불이행","교차로","교차로내","이륜차","승용차","947158","1965575","126.900668","37.68819974","N"
"2018","2018-10-18 23","야","목","1","3","0","3","0","충북","청주시","차대차","추돌","추돌","안전운전 의무 불이행","단일로","기타단일로","승합차","승용차","1004729","1858863","127.5529609","36.72779711","N"
"2018","2018-10-19 05","야","금","2","3","2","1","0","경북","상주시","차대차","추돌","추돌","안전운전 의무 불이행","단일로","기타단일로","화물차","화물차","1063929","1825664","128.2131698","36.42638765","N"
"2018","2018-10-19 07","주","금","1","0","0","0","0","부산","금정구","차대사람","기타","기타","안전운전 의무 불이행","단일로","기타단일로","승용차","보행자","1144747.8","1696996.3","129.0911898","35.25796393","N"
"2018","2018-10-19 08","주","금","1","1","0","1","0","대구","달성군","차대사람","보도통행중","보도통행중","과속","단일로","기타단일로","화물차","보행자","1087865","1749896","128.4717189","35.74148312","N"
"2018","2018-10-19 11","주","금","1","0","0","0","0","전남","보성군","차대차","측면충돌","측면충돌","교차로 통행방법 위반","교차로","교차로내","화물차","원동기장치자전거","986242.3","1649991","127.3495177","34.84447087","N"
"2018","2018-10-19 12","주","금","1","0","0","0","0","충남","청양군","차대사람","기타","기타","안전운전 의무 불이행","단일로","기타단일로","승용차","보행자","937827","1821289","126.8067687","36.38706387","N"
"2018","2018-10-19 13","주","금","2","1","0","1","0","인천","연수구","차대차","추돌","추돌","안전운전 의무 불이행","교차로","교차로부근","승용차","화물차","923600","1927952","126.6374099","37.34745775","N"
"2018","2018-10-19 15","주","금","1","0","0","0","0","충북","청주시","차대차","측면충돌","측면충돌","신호위반","교차로","교차로내","승용차","화물차","985051","1848713","127.3327819","36.63619018","N"
"2018","2018-10-19 15","주","금","1","0","0","0","0","경남","진주시","차대차","기타","기타","신호위반","교차로","교차로부근","승용차","이륜차","1053223","1688818","128.0846297","35.19327185","N"
"2018","2018-10-19 16","주","금","1","0","0","0","0","충남","태안군","차대사람","횡단중","횡단중","안전운전 의무 불이행","기타","기타","승용차","보행자","888222","1861666","126.2479028","36.74648966","N"
"2018","2018-10-19 16","주","금","1","0","0","0","0","전북","남원시","차대사람","기타","기타","안전운전 의무 불이행","기타","기타","승용차","보행자","988878.9","1712308.2","127.3775185","35.40643191","N"
"2018","2018-10-19 16","주","금","1","1","1","0","0","대구","중구","차대차","기타","기타","안전운전 의무 불이행","단일로","기타단일로","승용차","승용차","1098120","1764189","128.586868","35.86935961","N"
"2018","2018-10-19 18","야","금","1","1","1","0","0","전북","부안군","차대차","추돌","추돌","안전운전 의무 불이행","단일로","기타단일로","화물차","농기계","933366.6","1746153.9","126.7633767","35.70941312","N"
"2018","2018-10-20 00","야","토","1","1","1","0","0","경기","부천시","차대사람","횡단중","횡단중","신호위반","교차로","교차로횡단보도내","승용차","보행자","935213","1943944","126.7671118","37.49247781","N"
"2018","2018-10-20 04","야","토","1","0","0","0","0","경북","포항시","차대차","기타","기타","신호위반","교차로","교차로횡단보도내","승용차","화물차","1169219","1780497","129.3776007","36.00661073","N"
"2018","2018-10-20 07","주","토","1","0","0","0","0","전남","영암군","차대사람","횡단중","횡단중","보행자 보호의무 위반","단일로","기타단일로","화물차","보행자","910249.4","1638051.7","126.519641","34.73295297","N"
"2018","2018-10-20 10","주","토","1","0","0","0","0","경기","화성시","차대차","측면충돌","측면충돌","신호위반","교차로","교차로내","원동기장치자전거","화물차","949459","1907186","126.9307631","37.16205005","N"
"2018","2018-10-20 11","주","토","1","0","0","0","0","인천","동구","차대차","측면충돌","측면충돌","안전운전 의무 불이행","단일로","기타단일로","이륜차","승용차","924918","1942520","126.6508082","37.47886391","N"
"2018","2018-10-20 12","주","토","1","0","0","0","0","전남","나주시","차량단독","전도","전도","안전운전 의무 불이행","교차로","교차로부근","농기계","없음","925539.2","1677343.7","126.6831354","35.08846516","N"
"2018","2018-10-20 14","주","토","1","2","0","0","2","경북","영덕군","차대사람","기타","기타","안전운전 의무 불이행","단일로","기타단일로","이륜차","보행자","1168046","1826398","129.3744343","36.42041889","N"
"2018","2018-10-20 19","야","토","1","0","0","0","0","강원","강릉시","차대사람","횡단중","횡단중","안전운전 의무 불이행","단일로","기타단일로","승용차","보행자","1136604.5","1958653.6","129.0478471","37.61718418","N"
"2018","2018-10-20 19","야","토","1","0","0","0","0","충남","천안시","차대사람","횡단중","횡단중","안전운전 의무 불이행","단일로","기타단일로","화물차","보행자","973276.4","1875490.2","127.2001355","36.8773203","N"
"2018","2018-10-20 19","야","토","1","0","0","0","0","전남","무안군","차대사람","횡단중","횡단중","안전운전 의무 불이행","교차로","교차로부근","승용차","보행자","903998.7","1648392.8","126.4501929","34.82562234","N"
"2018","2018-10-20 22","야","토","1","0","0","0","0","충남","예산군","차량단독","전복","전복","안전운전 의무 불이행","단일로","기타단일로","이륜차","없음","944373","1847756","126.8778464","36.62605582","N"
"2018","2018-10-20 23","야","토","1","2","2","0","0","충북","보은군","차대차","추돌","추돌","안전운전 의무 불이행","단일로","기타단일로","승용차","화물차","1009731","1832134","127.6086407","36.4867968","N"
"2018","2018-10-21 07","주","일","1","1","0","1","0","충남","예산군","차대차","추돌","추돌","안전운전 의무 불이행","단일로","기타단일로","화물차","화물차","944652","1848968","126.8808793","36.6369976","N"
"2018","2018-10-21 11","주","일","1","0","0","0","0","강원","평창군","차대차","측면충돌","측면충돌","기타","단일로","기타단일로","이륜차","승용차","1075790.4","1937376.1","128.3566741","37.4324455","N"
"2018","2018-10-21 13","주","일","1","1","1","0","0","경기","화성시","차량단독","공작물충돌","공작물충돌","안전운전 의무 불이행","단일로","기타단일로","승용차","없음","926627","1907646","126.6735846","37.16468206","N"
"2018","2018-10-21 15","주","일","1","1","1","0","0","충남","논산시","차대차","기타","기타","안전운전 의무 불이행","교차로","교차로부근","승용차","이륜차","959682","1797310","127.0516821","36.172053","N"
"2018","2018-10-21 16","주","일","1","0","0","0","0","부산","서구","차대차","측면충돌","측면충돌","안전운전 의무 불이행","교차로","교차로부근","이륜차","승용차","1138525.7","1677036.5","129.0194619","35.07892625","N"
"2018","2018-10-21 16","주","일","1","0","0","0","0","경기","안산시","차대사람","기타","기타","안전운전 의무 불이행","교차로","교차로내","화물차","보행자","918097","1917078","126.5764848","37.24898324","N"
"2018","2018-10-21 16","주","일","1","0","0","0","0","전북","김제시","차대사람","기타","기타","안전운전 의무 불이행","단일로","기타단일로","화물차","보행자","955085","1755203","127.0029536","35.79222959","N"
"2018","2018-10-21 18","야","일","1","0","0","0","0","충남","천안시","차대차","추돌","추돌","안전운전 의무 불이행","단일로","기타단일로","승용차","건설기계","966734","1878015","127.126614","36.89987197","N"
"2018","2018-10-21 18","야","일","1","1","0","1","0","충남","서천군","차대차","추돌","추돌","안전운전 의무 불이행","단일로","기타단일로","승용차","농기계","933375","1788632","126.7599128","36.09236831","N"
"2018","2018-10-21 18","야","일","1","0","0","0","0","경남","함안군","차대차","추돌","추돌","안전운전 의무 불이행","단일로","기타단일로","화물차","자전거","1083549","1707055","128.4195721","35.35562818","N"
"2018","2018-10-21 19","야","일","1","0","0","0","0","광주","광산구","차대사람","차도통행중","차도통행중","안전운전 의무 불이행","단일로","기타단일로","승용차","보행자","934332","1682108","126.7792105","35.13203419","N"
"2018","2018-10-21 20","야","일","1","0","0","0","0","충남","당진시","차대차","추돌","추돌","과속","단일로","기타단일로","승용차","이륜차","940912","1876627","126.8369033","36.88609631","N"
"2018","2018-10-22 06","주","월","1","0","0","0","0","충남","서산시","차대사람","횡단중","횡단중","과속","단일로","기타단일로","승용차","보행자","906810","1864911","126.4556879","36.77774639","N"
"2018","2018-10-22 09","주","월","1","0","0","0","0","경기","포천시","차대사람","횡단중","횡단중","안전운전 의무 불이행","단일로","기타단일로","승합차","보행자","988276","2003951","127.3664007","38.03553395","N"
"2018","2018-10-22 11","주","월","1","0","0","0","0","제주","서귀포시","차량단독","도로이탈","도로이탈 기타","안전운전 의무 불이행","단일로","기타단일로","사륜오토바이(ATV)","없음","905491","1474877","126.4853199","33.26109902","N"
"2018","2018-10-22 13","주","월","1","1","1","0","0","강원","양양군","차량단독","전도","전도","안전운전 의무 불이행","단일로","기타단일로","이륜차","없음","1098293","2006034","128.6202735","38.04904528","N"
"2018","2018-10-22 15","주","월","1","0","0","0","0","경기","안양시","차대차","측면충돌","측면충돌","안전운전 의무 불이행","교차로","교차로내","건설기계","자전거","948081","1934538","126.9133328","37.40851236","N"
"2018","2018-10-22 18","야","월","1","0","0","0","0","충남","청양군","차대사람","차도통행중","차도통행중","안전운전 의무 불이행","단일로","기타단일로","승용차","보행자","929539","1826495","126.7138919","36.43342119","N"
"2018","2018-10-22 18","야","월","1","2","0","2","0","대전","유성구","차대차","측면충돌","측면충돌","신호위반","교차로","교차로내","승용차","승합차","989986","1822899","127.3883192","36.403538","N"
"2018","2018-10-22 19","야","월","1","0","0","0","0","경북","영주시","차대사람","횡단중","횡단중","안전운전 의무 불이행","교차로","교차로부근","화물차","보행자","1089653","1867900","128.505033","36.80502864","N"
"2018","2018-10-23 06","주","화","1","0","0","0","0","전남","여수시","차대사람","횡단중","횡단중","과속","단일로","기타단일로","승용차","보행자","1012367.2","1644486.9","127.6351919","34.7948545","N"
"2018","2018-10-23 06","주","화","1","0","0","0","0","경북","경산시","차대사람","횡단중","횡단중","안전운전 의무 불이행","교차로","교차로내","승용차","보행자","1111960","1757105","128.739149","35.80401928","N"
"2018","2018-10-23 08","주","화","1","0","0","0","0","경기","부천시","차대사람","횡단중","횡단중","안전운전 의무 불이행","교차로","교차로내","화물차","보행자","938449","1946541","126.8034984","37.51610597","N"
"2018","2018-10-23 14","주","화","1","0","0","0","0","제주","서귀포시","차대사람","기타","기타","안전운전 의무 불이행","교차로","교차로내","화물차","보행자","927148","1476645","126.7176728","33.27872483","N"
"2018","2018-10-23 15","주","화","1","0","0","0","0","경북","경주시","차대차","측면충돌","측면충돌","안전운전 의무 불이행","단일로","기타단일로","승합차","이륜차","1155200","1761566","129.2184204","35.83833871","N"
"2018","2018-10-23 16","주","화","1","0","0","0","0","대전","동구","차량단독","도로이탈","도로이탈 추락","안전운전 의무 불이행","단일로","기타단일로","화물차","없음","998345","1812844","127.481564","36.31293891","N"
"2018","2018-10-23 17","주","화","1","0","0","0","0","강원","원주시","차대사람","길가장자리구역통행중","길가장자리구역통행중","안전운전 의무 불이행","기타","기타","화물차","보행자","1039345.6","1927136.9","127.944203","37.34242153","N"
"2018","2018-10-23 18","야","화","1","14","6","8","0","충남","논산시","차대차","기타","기타","안전운전 의무 불이행","단일로","기타단일로","승합차","화물차","959727","1797705","127.0521622","36.17561596","N"
"2018","2018-10-23 19","야","화","2","4","4","0","0","충남","홍성군","차대차","기타","기타","기타","단일로","기타단일로","화물차","승용차","915321.4","1847681.3","126.5529638","36.62324299","Y"
"2018","2018-10-23 20","야","화","1","0","0","0","0","경기","화성시","차량단독","전복","전복","안전운전 의무 불이행","단일로","기타단일로","승용차","없음","944453","1906596","126.8744279","37.15644778","N"
"2018","2018-10-23 20","야","화","1","0","0","0","0","전남","광양시","차량단독","기타","기타","안전운전 의무 불이행","단일로","기타단일로","이륜차","없음","1024276","1660717.4","127.7658425","34.94099949","N"
"2018","2018-10-24 06","주","수","1","0","0","0","0","전남","장성군","차대사람","횡단중","횡단중","안전운전 의무 불이행","교차로","교차로내","승용차","보행자","945735","1712188","126.9023777","35.40393179","N"
"2018","2018-10-24 07","주","수","1","0","0","0","0","경북","경주시","차대사람","차도통행중","차도통행중","안전운전 의무 불이행","단일로","기타단일로","승용차","보행자","1163425","1755666","129.3082441","35.78383304","N"
"2018","2018-10-24 10","주","수","1","0","0","0","0","충남","공주시","차대차","측면충돌","측면충돌","과속","교차로","교차로내","화물차","농기계","952726","1842672","126.9715783","36.58067655","N"
"2018","2018-10-24 10","주","수","1","4","0","3","1","대전","서구","차대차","기타","기타","안전거리 미확보","단일로","기타단일로","승용차","승용차","989277","1816320","127.3805028","36.34421829","N"
"2018","2018-10-24 13","주","수","1","0","0","0","0","인천","강화군","차대차","측면충돌","측면충돌","안전운전 의무 불이행","기타","기타","농기계","승합차","908707","1974472","126.4634929","37.76535567","N"
"2018","2018-10-24 13","주","수","1","0","0","0","0","광주","광산구","차대사람","횡단중","횡단중","안전운전 의무 불이행","단일로","기타단일로","화물차","보행자","940751","1690331","126.8490722","35.20657628","N"
"2018","2018-10-24 14","주","수","1","0","0","0","0","제주","서귀포시","차량단독","도로이탈","도로이탈 기타","안전운전 의무 불이행","단일로","기타단일로","자전거","없음","945263","1495584","126.9110421","33.45061471","N"
"2018","2018-10-24 15","주","수","1","0","0","0","0","서울","용산구","차대차","기타","기타","신호위반","교차로","교차로횡단보도내","승용차","자전거","955065","1947423","126.9914605","37.52501477","N"
"2018","2018-10-24 15","주","수","1","1","0","1","0","울산","울주군","차대차","추돌","추돌","안전운전 의무 불이행","단일로","기타단일로","화물차","화물차","1151079","1740814","129.1688996","35.6519554","N"
"2018","2018-10-24 15","주","수","1","1","0","1","0","경기","안성시","차대차","추돌","추돌","안전운전 의무 불이행","단일로","기타단일로","화물차","건설기계","977512","1894648","127.247092","37.05012673","N"
"2018","2018-10-24 15","주","수","1","0","0","0","0","경남","의령군","차량단독","전도","전도","안전운전 의무 불이행","단일로","지하차도(도로)내","농기계","없음","1070448","1705105","128.2752224","35.33905785","N"
"2018","2018-10-24 16","주","수","1","0","0","0","0","경기","평택시","차대사람","차도통행중","차도통행중","안전운전 의무 불이행","교차로","교차로부근","건설기계","보행자","950034","1888141","126.9385063","36.99041167","N"
"2018","2018-10-24 17","주","수","1","0","0","0","0","제주","제주시","차대차","측면충돌","측면충돌","안전운전 의무 불이행","교차로","교차로내","화물차","이륜차","889690","1493225","126.3134623","33.42506036","N"
"2018","2018-10-24 18","야","수","1","1","0","1","0","경북","청도군","차대차","추돌","추돌","안전운전 의무 불이행","단일로","기타단일로","승용차","농기계","1106323","1740872","128.6746211","35.65831462","N"
"2018","2018-10-24 18","야","수","1","0","0","0","0","경남","의령군","차대사람","횡단중","횡단중","안전운전 의무 불이행","불명","불명","승용차","보행자","1067460","1703408","128.2422045","35.32396376","N"
"2018","2018-10-24 22","야","수","1","0","0","0","0","경북","포항시","차량단독","공작물충돌","공작물충돌","안전운전 의무 불이행","단일로","기타단일로","승용차","없음","1170823","1788353","129.3970874","36.07712073","N"
"2018","2018-10-24 22","야","수","1","0","0","0","0","인천","부평구","차대사람","기타","기타","보행자 보호의무 위반","교차로","교차로횡단보도내","승용차","보행자","931425","1943167","126.7243369","37.48520124","N"
"2018","2018-10-24 22","야","수","1","0","0","0","0","경기","고양시","차대사람","횡단중","횡단중","안전운전 의무 불이행","단일로","기타단일로","승용차","보행자","942896","1968252","126.8521214","37.71207139","N"
"2018","2018-10-25 01","야","목","2","2","2","0","0","충북","제천시","차대차","정면충돌","정면충돌","중앙선 침범","기타","기타","승용차","승용차","1062716","1898345","128.2056137","37.08162323","N"
"2018","2018-10-25 06","주","목","1","0","0","0","0","강원","속초시","차대사람","횡단중","횡단중","안전운전 의무 불이행","단일로","기타단일로","화물차","보행자","1095816","2024495","128.594529","38.21566393","N"
"2018","2018-10-25 06","주","목","1","0","0","0","0","충남","홍성군","차대사람","횡단중","횡단중","안전운전 의무 불이행","기타","기타","승용차","보행자","924170","1841913","126.6524841","36.57199268","N"
"2018","2018-10-25 07","주","목","1","1","0","1","0","충남","예산군","차대차","추돌","추돌","안전운전 의무 불이행","기타","기타","화물차","승용차","943386","1853265","126.8664013","36.67565805","N"
"2018","2018-10-25 08","주","목","1","0","0","0","0","경북","김천시","차대차","측면충돌","측면충돌","교차로 통행방법 위반","교차로","교차로내","화물차","이륜차","1052057","1793419","128.0785871","36.13641475","N"
"2018","2018-10-25 11","주","목","1","0","0","0","0","경북","군위군","차대차","측면충돌","측면충돌","안전운전 의무 불이행","단일로","기타단일로","승용차","자전거","1103180","1799733","128.6475455","36.18923646","N"
"2018","2018-10-25 15","주","목","1","0","0","0","0","광주","남구","차대사람","횡단중","횡단중","보행자 보호의무 위반","교차로","교차로내","화물차","보행자","945703","1683709","126.9039097","35.14714801","N"
"2018","2018-10-25 16","주","목","1","0","0","0","0","경북","영덕군","차대사람","기타","기타","안전운전 의무 불이행","단일로","기타단일로","화물차","보행자","1168804","1817914","129.3810425","36.34384088","N"
"2018","2018-10-25 17","주","목","1","0","0","0","0","전북","고창군","차대차","측면충돌","측면충돌","신호위반","교차로","교차로내","이륜차","화물차","910305","1719126","126.5114633","35.46392055","N"
"2018","2018-10-26 02","야","금","1","0","0","0","0","서울","마포구","차량단독","공작물충돌","공작물충돌","안전운전 의무 불이행","단일로","기타단일로","승용차","없음","946642","1951330","126.8958559","37.55978004","N"
"2018","2018-10-26 04","야","금","1","0","0","0","0","충남","보령시","차량단독","도로이탈","도로이탈 추락","안전운전 의무 불이행","교차로","교차로내","승용차","없음","920146","1818587","126.6099216","36.36140052","N"
"2018","2018-10-26 05","야","금","1","0","0","0","0","전북","완주군","차량단독","공작물충돌","공작물충돌","안전운전 의무 불이행","단일로","기타단일로","화물차","없음","964104.3","1738141.1","127.1035249","35.63876802","N"
"2018","2018-10-26 06","주","금","1","0","0","0","0","충북","진천군","차대사람","기타","기타","과속","교차로","교차로내","승용차","보행자","991692","1869715","127.4068389","36.82560067","N"
"2018","2018-10-26 06","주","금","1","0","0","0","0","대구","달서구","차대사람","횡단중","횡단중","안전운전 의무 불이행","교차로","교차로횡단보도내","화물차","보행자","1094988","1758703","128.5515274","35.82021407","N"
"2018","2018-10-26 11","주","금","1","0","0","0","0","경북","영덕군","차대차","기타","기타","중앙선 침범","단일로","기타단일로","자전거","승용차","1165811","1839844","129.3523989","36.54196277","N"
"2018","2018-10-26 12","주","금","1","0","0","0","0","경북","안동시","차대차","추돌","추돌","안전운전 의무 불이행","단일로","기타단일로","승용차","농기계","1104127","1831057","128.6622625","36.4714768","N"
"2018","2018-10-26 14","주","금","1","0","0","0","0","충북","단양군","차대차","추돌","추돌","안전운전 의무 불이행","기타","기타","승용차","화물차","1069998","1891227","128.2868738","37.01694942","N"
"2018","2018-10-26 18","야","금","1","0","0","0","0","충남","홍성군","차대사람","횡단중","횡단중","과속","기타","기타","승용차","보행자","923630","1840147","126.6466245","36.55603075","N"
"2018","2018-10-26 18","야","금","1","0","0","0","0","전북","정읍시","차대사람","차도통행중","차도통행중","안전운전 의무 불이행","단일로","기타단일로","화물차","보행자","943258.5","1737742.9","126.873317","35.63420001","N"
"2018","2018-10-26 18","야","금","1","0","0","0","0","경북","영천시","차대사람","횡단중","횡단중","안전운전 의무 불이행","단일로","기타단일로","화물차","보행자","1125908","1765529","128.8948126","35.87825904","N"
"2018","2018-10-26 18","야","금","1","0","0","0","0","경남","함안군","차대사람","차도통행중","차도통행중","안전운전 의무 불이행","단일로","기타단일로","승용차","보행자","1082732","1696313","128.4094962","35.25884808","N"
"2018","2018-10-26 21","야","금","1","0","0","0","0","경남","거제시","차대사람","차도통행중","차도통행중","안전운전 의무 불이행","단일로","기타단일로","승용차","보행자","1101908","1655497","128.6152525","34.88909894","N"
"2018","2018-10-26 22","야","금","1","0","0","0","0","경기","고양시","차량단독","공작물충돌","공작물충돌","안전운전 의무 불이행","단일로","기타단일로","승용차","없음","930869","1965566","126.7159337","37.68703505","N"
"2018","2018-10-26 23","야","금","1","1","1","0","0","경북","예천군","차대사람","기타","기타","과속","단일로","기타단일로","승용차","보행자","1087484","1848689","128.4785223","36.63207258","N"
"2018","2018-10-27 01","야","토","1","2","0","2","0","경북","구미시","차대차","측면충돌","측면충돌","신호위반","교차로","교차로내","이륜차","승용차","1083329","1789572","128.4257192","36.09955253","N"
"2018","2018-10-27 02","야","토","1","0","0","0","0","경남","창원시(통합)","차대사람","횡단중","횡단중","과속","교차로","교차로내","승용차","보행자","1098507","1690916","128.5822434","35.20876393","N"
"2018","2018-10-27 04","야","토","1","1","0","0","1","강원","원주시","차대차","추돌","추돌","안전운전 의무 불이행","단일로","기타단일로","승용차","화물차","1034065","1910159","127.88381","37.1895946","N"
"2018","2018-10-27 06","주","토","1","0","0","0","0","대구","북구","차대사람","횡단중","횡단중","신호위반","교차로","교차로횡단보도내","승용차","보행자","1098933","1767781","128.5963184","35.90165775","N"
"2018","2018-10-27 07","주","토","1","0","0","0","0","충북","청주시","차대차","정면충돌","정면충돌","신호위반","교차로","교차로내","건설기계","승용차","998584","1862326","127.4841355","36.75902616","N"
"2018","2018-10-27 10","주","토","1","0","0","0","0","제주","서귀포시","차대차","측면충돌","측면충돌","기타","교차로","교차로내","승용차","이륜차","883706","1470725","126.2520048","33.22152845","N"
"2018","2018-10-27 12","주","토","1","0","0","0","0","인천","미추홀구","차대차","정면충돌","정면충돌","안전운전 의무 불이행","교차로","교차로부근","이륜차","화물차","925349","1940257","126.6559118","37.45850302","N"
"2018","2018-10-27 14","주","토","1","0","0","0","0","충북","진천군","차대차","기타","기타","교차로 통행방법 위반","교차로","교차로내","화물차","이륜차","999012","1877336","127.4889112","36.89433724","N"
"2018","2018-10-27 15","주","토","1","0","0","0","0","충북","영동군","차대차","추돌","추돌","안전운전 의무 불이행","단일로","기타단일로","화물차","승용차","1035002","1802294","127.8894301","36.21719271","N"
"2018","2018-10-27 15","주","토","1","0","0","0","0","경북","안동시","차량단독","도로이탈","도로이탈 추락","안전운전 의무 불이행","단일로","기타단일로","농기계","없음","1095097","1835772","128.5620664","36.51491516","N"
"2018","2018-10-27 18","야","토","2","0","0","0","0","전북","고창군","차대차","추돌","추돌","안전운전 의무 불이행","단일로","기타단일로","화물차","농기계","910408","1719081.8","126.5126032","35.46353136","N"
"2018","2018-10-27 19","야","토","1","0","0","0","0","전남","영암군","차대사람","횡단중","횡단중","안전운전 의무 불이행","단일로","기타단일로","승용차","보행자","925910.3","1655006.1","126.6891945","34.88708438","N"
"2018","2018-10-27 23","야","토","1","0","0","0","0","충남","서산시","차대사람","횡단중","횡단중","과속","교차로","교차로내","승용차","보행자","907307","1864325","126.4613279","36.77251336","N"
"2018","2018-10-28 00","야","일","1","0","0","0","0","경북","고령군","차대사람","차도통행중","차도통행중","안전운전 의무 불이행","단일로","기타단일로","승용차","보행자","1087317","1758296","128.4665754","35.81725783","N"
"2018","2018-10-28 02","야","일","1","1","0","1","0","경남","통영시","차량단독","공작물충돌","공작물충돌","중앙선 침범","단일로","기타단일로","승용차","없음","1084338","1654474","128.4228927","34.88148704","N"
"2018","2018-10-28 06","주","일","1","0","0","0","0","서울","동대문구","차대사람","횡단중","횡단중","보행자 보호의무 위반","교차로","교차로횡단보도내","승용차","보행자","960800","1954594","127.0559795","37.58991083","N"
"2018","2018-10-28 07","주","일","1","0","0","0","0","제주","제주시","차량단독","전도","전도","안전운전 의무 불이행","단일로","기타단일로","자전거","없음","875641","1482179","126.1639036","33.32391705","N"
"2018","2018-10-29 05","야","월","1","0","0","0","0","서울","강남구","차대사람","보도통행중","보도통행중","안전운전 의무 불이행","단일로","기타단일로","승용차","보행자","959710","1946601","127.0440725","37.51782045","N"
"2018","2018-10-29 05","야","월","1","0","0","0","0","경기","여주시","차대사람","횡단중","횡단중","안전운전 의무 불이행","단일로","기타단일로","승용차","보행자","1015213","1922832","127.6716651","37.30432687","N"
"2018","2018-10-29 05","야","월","1","0","0","0","0","전북","군산시","차량단독","공작물충돌","공작물충돌","안전운전 의무 불이행","단일로","기타단일로","승용차","없음","926516","1772768","126.6852016","35.94885964","N"
"2018","2018-10-29 06","주","월","1","0","0","0","0","경남","사천시","차대사람","횡단중","횡단중","안전운전 의무 불이행","단일로","기타단일로","승용차","보행자","1053612","1676226","128.0880855","35.07971209","N"
"2018","2018-10-29 09","주","월","1","1","0","1","0","서울","영등포구","차대차","정면충돌","정면충돌","신호위반","교차로","교차로내","이륜차","승합차","947466","1947515","126.9054582","37.52544238","N"
"2018","2018-10-29 09","주","월","1","0","0","0","0","서울","강남구","차대차","기타","기타","안전거리 미확보","단일로","기타단일로","승합차","승용차","961227","1943892","127.0613815","37.49346819","N"
"2018","2018-10-29 09","주","월","1","18","4","13","1","경기","이천시","차대차","추돌","추돌","안전거리 미확보","단일로","기타단일로","승합차","승용차","993385","1915782","127.4254182","37.24087908","N"
"2018","2018-10-29 09","주","월","1","0","0","0","0","경북","고령군","차량단독","공작물충돌","공작물충돌","안전운전 의무 불이행","단일로","기타단일로","화물차","없음","1082769","1745868","128.4149524","35.70561184","N"
"2018","2018-10-29 10","주","월","1","0","0","0","0","경북","영천시","차량단독","공작물충돌","공작물충돌","안전운전 의무 불이행","단일로","기타단일로","화물차","없음","1127458","1782632","128.9147255","36.03221224","N"
"2018","2018-10-29 11","주","월","1","1","1","0","0","경남","진주시","차대차","추돌","추돌","안전운전 의무 불이행","단일로","기타단일로","화물차","승용차","1058804","1687503","128.1458373","35.18110358","N"
"2018","2018-10-29 13","주","월","1","0","0","0","0","전남","순천시","차대사람","기타","기타","안전운전 의무 불이행","단일로","교량위","화물차","보행자","978504","1667843","127.2644167","35.00531671","N"
"2018","2018-10-29 13","주","월","1","0","0","0","0","경북","상주시","차대사람","길가장자리구역통행중","길가장자리구역통행중","안전운전 의무 불이행","교차로","교차로내","승용차","보행자","1041563","1815947","127.963152","36.34001782","N"
"2018","2018-10-29 16","주","월","1","0","0","0","0","서울","성북구","차대사람","차도통행중","차도통행중","과속","기타","기타","승용차","보행자","959003","1955243","127.035589","37.59568209","N"
"2018","2018-10-29 17","주","월","1","0","0","0","0","경북","청도군","차대사람","횡단중","횡단중","안전운전 의무 불이행","기타","기타","화물차","보행자","1114777","1740584","128.7679573","35.65477142","N"
"2018","2018-10-29 18","야","월","1","0","0","0","0","경북","영주시","차대사람","횡단중","횡단중","보행자 보호의무 위반","교차로","교차로횡단보도내","화물차","보행자","1101311","1869498","128.635913","36.8182552","N"
"2018","2018-10-29 19","야","월","1","0","0","0","0","인천","연수구","차대사람","횡단중","횡단중","안전운전 의무 불이행","교차로","교차로부근","승합차","보행자","928084","1935035","126.6873429","37.41165472","N"
"2018","2018-10-29 20","야","월","1","0","0","0","0","전북","익산시","차대사람","기타","기타","안전운전 의무 불이행","단일로","기타단일로","화물차","보행자","951656.4","1775161.4","126.9638014","35.97200624","N"
"2018","2018-10-29 22","야","월","1","1","0","1","0","경북","포항시","차대차","기타","기타","신호위반","교차로","교차로내","승용차","이륜차","1168903","1781952","129.3744067","36.01977669","N"
"2018","2018-10-30 05","야","화","1","0","0","0","0","대전","중구","차대사람","차도통행중","차도통행중","안전운전 의무 불이행","단일로","기타단일로","승용차","보행자","989806","1812036","127.386454","36.30560191","N"
"2018","2018-10-30 06","주","화","1","0","0","0","0","서울","강북구","차대사람","횡단중","횡단중","안전운전 의무 불이행","단일로","기타단일로","승용차","보행자","957010","1958945","127.0127956","37.62895785","N"
"2018","2018-10-30 07","주","화","1","0","0","0","0","충북","청주시","차대차","측면충돌","측면충돌","신호위반","교차로","교차로내","자전거","승용차","999106","1849246","127.4899992","36.64111209","N"
"2018","2018-10-30 07","주","화","1","1","0","0","1","경기","양주시","차대차","측면충돌","측면충돌","신호위반","교차로","교차로내","이륜차","승합차","954704","1980092","126.9853455","37.81944411","N"