"발생년","발생년월일시","주야","요일","사망자수","부상자수","중상자수","경상자수","부상신고자수","발생지시도","발생지시군구","사고유형_대분류","사고유형_중분류","사고유형","가해자법규위반","도로형태_대분류","도로형태","가해자_당사자종별","피해자_당사자종별","발생위치(X_UTMK)","발생위치(Y_UTMK)","경도","위도"," 어린이사고 여부"
"2018","2018-10-30 08","주","화","1","0","0","0","0","경북","구미시","차대차","기타","기타","기타","단일로","기타단일로","이륜차","화물차","1075473","1795987","128.3390694","36.15802479","N"
"2018","2018-10-30 11","주","화","1","0","0","0","0","전북","전주시","차대차","측면충돌","측면충돌","중앙선 침범","교차로","교차로내","화물차","이륜차","968349.7","1756787.3","127.1496801","35.80703095","N"
"2018","2018-10-30 13","주","화","1","0","0","0","0","경남","창원시(통합)","차대사람","차도통행중","차도통행중","안전운전 의무 불이행","단일로","기타단일로","화물차","보행자","1103862","1693370","128.6413755","35.23034741","N"
"2018","2018-10-30 15","주","화","1","0","0","0","0","경기","용인시","차대차","추돌","추돌","안전운전 의무 불이행","교차로","교차로내","건설기계","승용차","974167","1915231","127.2087629","37.23557771","N"
"2018","2018-10-30 15","주","화","1","0","0","0","0","경남","밀양시","차량단독","기타","기타","안전운전 의무 불이행","단일로","기타단일로","화물차","없음","1100291","1720392","128.605454","35.47432081","N"
"2018","2018-10-30 16","주","화","1","0","0","0","0","전북","전주시","차대사람","횡단중","횡단중","안전운전 의무 불이행","단일로","기타단일로","승용차","보행자","968501","1760040","127.1512265","35.83636231","N"
"2018","2018-10-30 16","주","화","1","0","0","0","0","전남","담양군","차대차","측면충돌","측면충돌","안전운전 의무 불이행","교차로","교차로내","화물차","이륜차","952062","1692445","126.97321","35.22624193","N"
"2018","2018-10-30 17","주","화","2","0","0","0","0","경북","영덕군","차대차","추돌","추돌","안전운전 의무 불이행","단일로","교량위","승용차","농기계","1168504","1839898","129.3824817","36.54197827","N"
"2018","2018-10-30 17","주","화","1","0","0","0","0","경남","창원시(통합)","차대사람","차도통행중","차도통행중","안전운전 의무 불이행","단일로","기타단일로","화물차","보행자","1096194","1686998","128.5563782","35.1736652","N"
"2018","2018-10-30 17","주","화","1","0","0","0","0","대구","수성구","차량단독","공작물충돌","공작물충돌","안전운전 의무 불이행","단일로","고가도로위","승용차","없음","1107149","1763483","128.6867683","35.8620492","N"
"2018","2018-10-30 18","야","화","1","0","0","0","0","경기","안산시","차대사람","횡단중","횡단중","보행자 보호의무 위반","교차로","교차로내","승용차","보행자","935003","1926730","126.7662516","37.33731234","N"
"2018","2018-10-30 22","야","화","1","0","0","0","0","경기","광명시","차대차","추돌","추돌","안전운전 의무 불이행","단일로","기타단일로","승용차","건설기계","945211","1941275","126.880404","37.46906915","N"
"2018","2018-10-31 00","야","수","1","0","0","0","0","경기","김포시","차량단독","기타","기타","안전운전 의무 불이행","단일로","기타단일로","이륜차","없음","930935","1960001","126.717209","37.63688504","N"
"2018","2018-10-31 06","주","수","1","0","0","0","0","경기","수원시","차대사람","횡단중","횡단중","안전운전 의무 불이행","교차로","교차로내","승용차","보행자","957146","1919735","127.0166165","37.27554814","N"
"2018","2018-10-31 07","주","수","1","0","0","0","0","경북","상주시","차대차","측면충돌","측면충돌","교차로 통행방법 위반","교차로","교차로내","화물차","원동기장치자전거","1050403","1837784","128.0630759","36.5364527","N"
"2018","2018-10-31 08","주","수","1","1","0","1","0","전남","순천시","차대차","기타","기타","과속","단일로","기타단일로","승용차","화물차","1003346","1663815","127.5366541","34.96921745","N"
"2018","2018-10-31 12","주","수","1","0","0","0","0","경북","청송군","차대차","측면충돌","측면충돌","안전운전 의무 불이행","단일로","기타단일로","화물차","농기계","1141861","1839277","129.0848317","36.540709","N"
"2018","2018-10-31 13","주","수","1","0","0","0","0","충북","옥천군","차대차","측면충돌","측면충돌","교차로 통행방법 위반","교차로","교차로내","이륜차","승용차","1002168","1809841","127.5241422","36.28586438","N"
"2018","2018-10-31 18","야","수","1","0","0","0","0","전북","익산시","차대차","추돌","추돌","안전운전 의무 불이행","단일로","기타단일로","이륜차","농기계","960274","1775877","127.059344","35.97884692","N"
"2018","2018-10-31 18","야","수","1","0","0","0","0","경남","김해시","차대사람","기타","기타","안전운전 의무 불이행","단일로","기타단일로","승용차","보행자","1125543","1693152","128.879546","35.22590149","N"
"2018","2018-10-31 23","야","수","1","0","0","0","0","전남","무안군","차량단독","공작물충돌","공작물충돌","안전운전 의무 불이행","교차로","교차로부근","승용차","없음","908459.8","1665577.4","126.4970877","34.98097331","N"
"2018","2018-11-01 06","주","목","1","0","0","0","0","서울","강북구","차대사람","기타","기타","신호위반","교차로","교차로내","승용차","보행자","956835","1960802","127.0107026","37.64568702","N"
"2018","2018-11-01 09","주","목","1","0","0","0","0","경남","함안군","차대사람","횡단중","횡단중","안전운전 의무 불이행","교차로","교차로부근","화물차","보행자","1082710","1697925","128.4094168","35.27338353","N"
"2018","2018-11-01 09","주","목","1","0","0","0","0","광주","북구","차대차","측면충돌","측면충돌","교차로 통행방법 위반","교차로","교차로내","이륜차","승용차","943091","1690578","126.8747617","35.20893885","N"
"2018","2018-11-01 10","주","목","1","0","0","0","0","강원","삼척시","차대차","측면충돌","측면충돌","안전운전 의무 불이행","교차로","교차로부근","승용차","자전거","1147527","1940965","129.1680074","37.45612587","N"
"2018","2018-11-01 11","주","목","1","1","0","1","0","경북","칠곡군","차대차","정면충돌","정면충돌","중앙선 침범","단일로","기타단일로","이륜차","승용차","1088603","1785381","128.4838308","36.06130586","N"
"2018","2018-11-01 15","주","목","1","0","0","0","0","서울","영등포구","차대사람","횡단중","횡단중","안전운전 의무 불이행","단일로","기타단일로","화물차","보행자","946256","1945919","126.8918818","37.5109877","N"
"2018","2018-11-01 18","야","목","1","1","1","0","0","강원","평창군","차대사람","기타","기타","안전운전 의무 불이행","단일로","기타단일로","승용차","보행자","1080903.7","1934596.6","128.4141597","37.40696189","N"
"2018","2018-11-01 18","야","목","1","0","0","0","0","전북","군산시","차대사람","횡단중","횡단중","보행자 보호의무 위반","교차로","교차로내","승용차","보행자","926639.6","1770282","126.6868016","35.92645733","N"
"2018","2018-11-01 22","야","목","1","0","0","0","0","서울","금천구","차대사람","횡단중","횡단중","신호위반","교차로","교차로횡단보도내","승용차","보행자","946765","1941301","126.897975","37.46939433","N"
"2018","2018-11-01 22","야","목","1","0","0","0","0","전남","목포시","차대차","기타","기타","과속","단일로","기타단일로","승용차","승용차","901166.9","1645395.8","126.4195838","34.79832992","N"
"2018","2018-11-01 23","야","목","1","0","0","0","0","충북","진천군","차대사람","길가장자리구역통행중","길가장자리구역통행중","안전운전 의무 불이행","단일로","기타단일로","승용차","보행자","994243","1879120","127.435373","36.91040219","N"
"2018","2018-11-02 01","야","금","1","0","0","0","0","경기","화성시","차대사람","횡단중","횡단중","안전운전 의무 불이행","단일로","기타단일로","승용차","보행자","958882","1912645","127.0365891","37.2117189","N"
"2018","2018-11-02 06","주","금","1","1","1","0","0","충남","천안시","차대차","측면충돌","측면충돌","신호위반","교차로","교차로내","화물차","승용차","964289","1866991","127.0996897","36.80040741","N"
"2018","2018-11-02 07","주","금","1","0","0","0","0","충남","천안시","차대차","측면충돌","측면충돌","중앙선 침범","교차로","교차로부근","승용차","원동기장치자전거","967451","1880552","127.1345525","36.92276648","N"
"2018","2018-11-02 09","주","금","1","1","1","0","0","울산","울주군","차대차","기타","기타","안전운전 의무 불이행","단일로","기타단일로","화물차","화물차","1158934","1725148","129.2525551","35.50953466","N"
"2018","2018-11-02 10","주","금","1","0","0","0","0","경기","남양주시","차대사람","보도통행중","보도통행중","보행자 보호의무 위반","교차로","교차로횡단보도내","화물차","보행자","973998","1959264","127.2053056","37.632471","N"
"2018","2018-11-02 11","주","금","1","0","0","0","0","부산","해운대구","차대사람","차도통행중","차도통행중","기타","단일로","기타단일로","화물차","보행자","1148782.6","1690618.3","129.1343743","35.19988505","N"
"2018","2018-11-02 15","주","금","1","0","0","0","0","광주","광산구","차대차","기타","기타","안전거리 미확보","단일로","기타단일로","자전거","승용차","939157","1691536","126.8314721","35.21734577","N"
"2018","2018-11-02 17","주","금","1","1","0","1","0","울산","남구","차대사람","기타","기타","안전운전 의무 불이행","단일로","기타단일로","화물차","보행자","1164063","1728608","129.3097876","35.53988194","N"
"2018","2018-11-02 18","야","금","1","0","0","0","0","대전","대덕구","차대사람","보도통행중","보도통행중","보행자 보호의무 위반","단일로","기타단일로","화물차","보행자","991831","1818607","127.4089406","36.36486158","N"
"2018","2018-11-02 21","야","금","1","0","0","0","0","경기","용인시","차대차","기타","기타","신호위반","교차로","교차로내","승용차","이륜차","961995","1925328","127.0710244","37.32617257","N"
"2018","2018-11-03 00","야","토","1","0","0","0","0","인천","미추홀구","차대차","추돌","추돌","보행자 보호의무 위반","단일로","기타단일로","이륜차","건설기계","925120","1940023","126.6533465","37.45637552","N"
"2018","2018-11-03 00","야","토","1","1","1","0","0","광주","북구","차량단독","공작물충돌","공작물충돌","안전운전 의무 불이행","교차로","교차로내","화물차","없음","945010.3","1685190.7","126.8962067","35.16047042","N"
"2018","2018-11-03 04","야","토","1","0","0","0","0","전남","여수시","차대사람","횡단중","횡단중","안전운전 의무 불이행","단일로","기타단일로","화물차","보행자","1020822","1639738.3","127.7274974","34.75189527","N"
"2018","2018-11-03 12","주","토","1","0","0","0","0","충북","보은군","차량단독","도로이탈","도로이탈 추락","안전운전 의무 불이행","단일로","지하차도(도로)내","화물차","없음","1017546","1825187","127.6957326","36.42405684","N"
"2018","2018-11-03 13","주","토","1","0","0","0","0","인천","서구","차대사람","횡단중","횡단중","안전운전 의무 불이행","교차로","교차로내","승용차","보행자","927002","1945363","126.6740942","37.50465417","N"
"2018","2018-11-03 16","주","토","1","0","0","0","0","전남","무안군","차량단독","공작물충돌","공작물충돌","안전운전 의무 불이행","단일로","기타단일로","이륜차","없음","893279.5","1681942.9","126.3286962","35.12702861","N"
"2018","2018-11-03 16","주","토","1","0","0","0","0","경북","김천시","차량단독","전복","전복","안전운전 의무 불이행","교차로","교차로내","이륜차","없음","1069568","1791379","128.2730187","36.11692607","N"
"2018","2018-11-03 17","주","토","1","0","0","0","0","경남","하동군","차대사람","횡단중","횡단중","안전운전 의무 불이행","단일로","기타단일로","승용차","보행자","1037119","1669593","127.9068772","35.02064377","N"
"2018","2018-11-03 17","주","토","1","0","0","0","0","경기","고양시","차대사람","횡단중","횡단중","신호위반","교차로","교차로부근","승합차","보행자","935607","1962929","126.7698996","37.66361368","N"
"2018","2018-11-03 18","야","토","1","0","0","0","0","전남","영암군","차량단독","도로이탈","도로이탈 기타","안전운전 의무 불이행","교차로","교차로내","농기계","없음","933757.6","1650557.9","126.7754174","34.84751776","N"
"2018","2018-11-03 22","야","토","1","0","0","0","0","부산","강서구","차대차","기타","기타","중앙선 침범","단일로","기타단일로","승용차","이륜차","1127770","1677477","128.9015853","35.08431787","N"
"2018","2018-11-03 22","야","토","1","0","0","0","0","경북","경주시","차대사람","차도통행중","차도통행중","안전운전 의무 불이행","교차로","교차로내","승용차","보행자","1151612","1762097","129.1788093","35.84368568","N"
"2018","2018-11-04 11","주","일","1","0","0","0","0","제주","서귀포시","차대차","기타","기타","안전운전 의무 불이행","단일로","기타단일로","이륜차","승합차","893243","1477688","126.3535116","33.28530662","N"
"2018","2018-11-04 13","주","일","1","0","0","0","0","경북","청송군","차량단독","도로이탈","도로이탈 추락","안전운전 의무 불이행","단일로","기타단일로","승용차","없음","1145728","1811375","129.1227768","36.28868321","N"
"2018","2018-11-04 14","주","일","1","0","0","0","0","강원","춘천시","차량단독","공작물충돌","공작물충돌","안전운전 의무 불이행","단일로","기타단일로","승용차","없음","1024592.2","1996408.1","127.7799773","37.9672933","N"
"2018","2018-11-04 17","주","일","1","0","0","0","0","서울","송파구","차대사람","횡단중","횡단중","안전운전 의무 불이행","단일로","기타단일로","승용차","보행자","962630","1944913","127.0772006","37.50272875","N"
"2018","2018-11-04 19","야","일","1","1","0","1","0","충남","부여군","차대차","정면충돌","정면충돌","중앙선 침범","기타","기타","이륜차","승용차","946013","1808919","126.8988953","36.27604383","N"
"2018","2018-11-05 01","야","월","1","1","0","0","1","충남","태안군","차대차","정면충돌","정면충돌","중앙선 침범","단일로","기타단일로","사륜오토바이(ATV)","승용차","893620","1861225","126.3084186","36.74313581","N"
"2018","2018-11-05 06","주","월","1","0","0","0","0","경기","안양시","차대사람","횡단중","횡단중","안전운전 의무 불이행","교차로","교차로횡단보도내","승용차","보행자","951918","1933692","126.9567428","37.4010942","N"
"2018","2018-11-05 06","주","월","1","0","0","0","0","경남","의령군","차대사람","차도통행중","차도통행중","안전운전 의무 불이행","단일로","지하차도(도로)내","건설기계","보행자","1077948","1706590","128.3578874","35.35188908","N"
"2018","2018-11-05 07","주","월","1","3","2","1","0","서울","강남구","차대차","정면충돌","정면충돌","신호위반","교차로","교차로내","승용차","승용차","958299","1946861","127.0280911","37.5201012","N"
"2018","2018-11-05 10","주","월","1","1","0","1","0","강원","홍천군","차대차","기타","기타","중앙선 침범","단일로","기타단일로","승용차","승용차","1041743.4","1963858.3","127.9733582","37.67329954","N"
"2018","2018-11-05 11","주","월","1","0","0","0","0","대전","대덕구","차대차","추돌","추돌","안전운전 의무 불이행","단일로","기타단일로","승용차","화물차","992695","1824916","127.4185122","36.42174632","N"
"2018","2018-11-05 13","주","월","1","0","0","0","0","경북","김천시","차대사람","횡단중","횡단중","신호위반","단일로","기타단일로","화물차","보행자","1055775","1789742","128.1196482","36.10305899","N"
"2018","2018-11-05 13","주","월","1","0","0","0","0","경북","상주시","차대사람","길가장자리구역통행중","길가장자리구역통행중","안전운전 의무 불이행","단일로","기타단일로","화물차","보행자","1071548","1818764","128.2975219","36.36364989","N"
"2018","2018-11-05 13","주","월","1","0","0","0","0","인천","연수구","차대사람","기타","기타","안전운전 의무 불이행","교차로","교차로내","화물차","보행자","927423","1935292","126.679849","37.41391945","N"
"2018","2018-11-05 17","주","월","1","1","1","0","0","서울","마포구","차대차","정면충돌","정면충돌","신호위반","교차로","교차로부근","이륜차","건설기계","949313.3","1949964.3","126.9261945","37.5476217","N"
"2018","2018-11-05 19","야","월","1","0","0","0","0","전남","나주시","차대사람","길가장자리구역통행중","길가장자리구역통행중","안전운전 의무 불이행","단일로","기타단일로","화물차","보행자","937216.2","1671140.9","126.8116973","35.03333166","N"
"2018","2018-11-05 20","야","월","1","2","2","0","0","제주","서귀포시","차대차","기타","기타","과속","단일로","기타단일로","승용차","승용차","910627","1472958","126.5406439","33.24422978","N"
"2018","2018-11-05 23","야","월","1","0","0","0","0","인천","연수구","차대차","측면충돌","측면충돌","안전운전 의무 불이행","교차로","교차로부근","자전거","승합차","926383","1936149","126.6680122","37.42156135","N"
"2018","2018-11-06 05","야","화","1","0","0","0","0","경기","안산시","차량단독","공작물충돌","공작물충돌","안전운전 의무 불이행","단일로","기타단일로","화물차","없음","938498","1922683","126.8060392","37.3010737","N"
"2018","2018-11-06 11","주","화","1","0","0","0","0","강원","동해시","차량단독","공작물충돌","공작물충돌","안전운전 의무 불이행","단일로","기타단일로","이륜차","없음","1141743.5","1943895.8","129.1032045","37.48343766","N"
"2018","2018-11-06 11","주","화","1","0","0","0","0","경북","경주시","차량단독","도로이탈","도로이탈 기타","안전운전 의무 불이행","단일로","기타단일로","화물차","없음","1151005","1749684","129.1697483","35.73190823","N"
"2018","2018-11-06 19","야","화","1","1","0","0","1","경남","김해시","차대차","측면충돌","측면충돌","신호위반","교차로","교차로내","이륜차","승용차","1119996","1687132","128.8177298","35.17231194","N"
"2018","2018-11-06 20","야","화","1","1","1","0","0","경남","남해군","차대사람","횡단중","횡단중","보행자 보호의무 위반","단일로","기타단일로","승용차","보행자","1046214","1636482","128.0047403","34.7216974","N"
"2018","2018-11-06 22","야","화","1","0","0","0","0","경남","창원시(통합)","차대차","추돌","추돌","안전운전 의무 불이행","단일로","기타단일로","화물차","화물차","1097536","1694633","128.5720179","35.24236951","N"
"2018","2018-11-07 06","주","수","1","0","0","0","0","전남","목포시","차대사람","기타","기타","안전운전 의무 불이행","단일로","기타단일로","승용차","보행자","898884","1646001","126.394559","34.80356235","N"
"2018","2018-11-07 07","주","수","1","1","1","0","0","전남","완도군","차대차","측면충돌","측면충돌","신호위반","단일로","기타단일로","승용차","화물차","933489.2","1595896.5","126.7767674","34.35460151","N"
"2018","2018-11-07 13","주","수","1","0","0","0","0","부산","사상구","차대차","측면충돌","측면충돌","안전운전 의무 불이행","교차로","교차로내","화물차","자전거","1134938.6","1685771.9","128.9815527","35.15815583","N"
"2018","2018-11-07 13","주","수","1","0","0","0","0","충남","공주시","차대차","추돌","추돌","안전운전 의무 불이행","단일로","기타단일로","화물차","화물차","960802","1810070","127.0634968","36.28713467","N"
"2018","2018-11-07 14","주","수","1","0","0","0","0","충남","서산시","차량단독","도로이탈","도로이탈 기타","안전운전 의무 불이행","단일로","기타단일로","농기계","없음","911980","1850746","126.5152473","36.65056425","N"
"2018","2018-11-07 17","주","수","1","0","0","0","0","충북","음성군","차대사람","횡단중","횡단중","안전운전 의무 불이행","교차로","교차로부근","승용차","보행자","1016861","1879535","127.6892874","36.91401002","N"
"2018","2018-11-07 17","주","수","1","0","0","0","0","전북","익산시","차대사람","횡단중","횡단중","안전운전 의무 불이행","교차로","교차로내","화물차","보행자","952047.2","1782844.1","126.9676703","36.04128925","N"
"2018","2018-11-07 17","주","수","1","2","0","2","0","경남","고성군","차대차","추돌","추돌","안전운전 의무 불이행","단일로","기타단일로","승합차","농기계","1062709","1667181","128.187184","34.99763081","N"
"2018","2018-11-07 18","야","수","1","0","0","0","0","충남","아산시","차대사람","횡단중","횡단중","안전운전 의무 불이행","단일로","기타단일로","화물차","보행자","958894","1874026","127.0388344","36.86360475","N"
"2018","2018-11-07 19","야","수","1","1","0","1","0","충남","홍성군","차량단독","기타","기타","중앙선 침범","교차로","교차로부근","승합차","없음","909814","1841335","126.4921222","36.56553424","N"
"2018","2018-11-08 00","야","목","1","0","0","0","0","경기","수원시","차대사람","횡단중","횡단중","과속","교차로","교차로내","승용차","보행자","956452","1921624","127.0086779","37.29254273","N"
"2018","2018-11-08 01","야","목","1","0","0","0","0","전남","여수시","차대사람","횡단중","횡단중","안전운전 의무 불이행","교차로","교차로내","승용차","보행자","1018455","1641392","127.7016724","34.76685348","N"
"2018","2018-11-08 04","야","목","1","0","0","0","0","경기","성남시","차량단독","공작물충돌","공작물충돌","안전운전 의무 불이행","단일로","기타단일로","승용차","없음","966261","1931241","127.1189059","37.3796353","N"
"2018","2018-11-08 04","야","목","1","0","0","0","0","울산","중구","차대사람","횡단중","횡단중","안전운전 의무 불이행","단일로","기타단일로","승합차","보행자","1163981","1730296","129.3092253","35.55510797","N"
"2018","2018-11-08 09","주","목","1","0","0","0","0","전남","구례군","차대차","정면충돌","정면충돌","중앙선 침범","단일로","기타단일로","승용차","승합차","1006007","1689043","127.5659872","35.19669391","N"
"2018","2018-11-08 14","주","목","1","0","0","0","0","전남","영암군","차량단독","기타","기타","안전운전 의무 불이행","단일로","기타단일로","화물차","없음","925277","1659026","126.6819051","34.92328404","N"
"2018","2018-11-08 15","주","목","1","5","4","1","0","충남","서천군","차량단독","도로이탈","도로이탈 추락","안전운전 의무 불이행","단일로","기타단일로","승합차","없음","923151","1792738","126.645952","36.12862779","N"
"2018","2018-11-08 19","야","목","2","0","0","0","0","전남","해남군","차량단독","기타","기타","안전운전 의무 불이행","단일로","기타단일로","승합차","없음","893892","1622918","126.3428951","34.59493718","N"
"2018","2018-11-08 20","야","목","1","1","0","1","0","전남","보성군","차대차","추돌","추돌","안전운전 의무 불이행","단일로","기타단일로","화물차","화물차","966557","1646412","127.1343444","34.81174024","N"
"2018","2018-11-08 20","야","목","1","0","0","0","0","제주","서귀포시","차대사람","횡단중","횡단중","안전운전 의무 불이행","교차로","교차로내","승용차","보행자","920666","1475953","126.6481324","33.27202618","N"
"2018","2018-11-08 20","야","목","1","1","0","0","1","울산","울주군","차대차","기타","기타","신호위반","교차로","교차로내","이륜차","승용차","1166887","1714688","129.3380665","35.41396248","N"
"2018","2018-11-08 21","야","목","1","3","0","2","1","강원","원주시","차대차","추돌","추돌","안전운전 의무 불이행","교차로","교차로부근","화물차","승합차","1039780.4","1926383.3","127.9490712","37.33561032","N"
"2018","2018-11-08 21","야","목","2","0","0","0","0","경기","파주시","차량단독","공작물충돌","공작물충돌","안전운전 의무 불이행","단일로","기타단일로","승용차","없음","937431","1984198","126.7887459","37.85542832","N"
"2018","2018-11-09 03","야","금","1","0","0","0","0","광주","광산구","차대사람","차도통행중","차도통행중","안전운전 의무 불이행","단일로","지하차도(도로)내","승용차","보행자","939228","1688108","126.8325051","35.18644142","N"
"2018","2018-11-09 05","야","금","1","0","0","0","0","경남","김해시","차대사람","기타","기타","안전운전 의무 불이행","단일로","기타단일로","화물차","보행자","1128729","1694234","128.9147158","35.23525101","N"
"2018","2018-11-09 06","주","금","1","0","0","0","0","경기","평택시","차대차","기타","기타","안전운전 의무 불이행","단일로","기타단일로","승용차","승용차","963955","1891071","127.0947993","37.01746013","N"
"2018","2018-11-09 06","주","금","1","0","0","0","0","충북","청주시","차대사람","횡단중","횡단중","안전운전 의무 불이행","교차로","교차로횡단보도내","화물차","보행자","987678","1847388","127.3621885","36.62428297","N"
"2018","2018-11-09 06","주","금","1","0","0","0","0","전북","익산시","차대사람","횡단중","횡단중","과속","단일로","기타단일로","승용차","보행자","952415","1773663","126.9723049","35.95853455","N"
"2018","2018-11-09 11","주","금","1","0","0","0","0","전남","해남군","차대차","정면충돌","정면충돌","안전운전 의무 불이행","교차로","교차로내","화물차","자전거","910759","1597868","126.5294236","34.37066913","N"
"2018","2018-11-09 12","주","금","1","0","0","0","0","경기","포천시","차대차","측면충돌","측면충돌","신호위반","교차로","교차로내","승용차","사륜오토바이(ATV)","970097","1981815","127.1601665","37.83560783","N"
"2018","2018-11-09 15","주","금","1","0","0","0","0","강원","태백시","차량단독","전도","전도","안전운전 의무 불이행","단일로","터널안","승용차","없음","1135858","1900257","129.0286809","37.09110347","N"
"2018","2018-11-09 20","야","금","1","1","1","0","0","경북","상주시","차대차","측면충돌","측면충돌","안전운전 의무 불이행","단일로","기타단일로","화물차","화물차","1061587","1840848","128.1882551","36.56341769","N"
"2018","2018-11-10 11","주","토","1","1","0","1","0","충남","아산시","차대차","추돌","추돌","안전운전 의무 불이행","단일로","기타단일로","이륜차","승용차","952420","1871414","126.9663694","36.8397555","N"
"2018","2018-11-10 14","주","토","1","0","0","0","0","제주","제주시","차대차","기타","기타","신호위반","교차로","교차로내","승용차","이륜차","900248","1500587","126.4261918","33.4924861","N"
"2018","2018-11-10 15","주","토","1","0","0","0","0","경북","성주군","차량단독","도로이탈","도로이탈 기타","안전운전 의무 불이행","교차로","교차로부근","화물차","없음","1063029","1774832","128.1990446","35.96819825","N"
"2018","2018-11-10 18","야","토","1","0","0","0","0","경기","안양시","차대사람","횡단중","횡단중","안전운전 의무 불이행","단일로","기타단일로","승용차","보행자","948301","1934207","126.9158417","37.40554126","N"
"2018","2018-11-10 23","야","토","1","1","1","0","0","충북","제천시","차대차","측면충돌","측면충돌","신호위반","교차로","교차로내","승용차","승용차","1062725","1904542","128.2062335","37.13747976","N"
"2018","2018-11-10 23","야","토","1","0","0","0","0","광주","북구","차대사람","기타","기타","안전운전 의무 불이행","단일로","기타단일로","승용차","보행자","945669","1684906","126.9034577","35.15793919","N"
"2018","2018-11-11 01","야","일","1","0","0","0","0","대구","달서구","차대사람","기타","기타","과속","단일로","기타단일로","승용차","보행자","1096653","1761932","128.5703472","35.84915962","N"
"2018","2018-11-11 02","야","일","1","0","0","0","0","제주","제주시","차량단독","공작물충돌","공작물충돌","안전운전 의무 불이행","단일로","기타단일로","승용차","없음","938168","1504826","126.8340679","33.5335827","N"
"2018","2018-11-11 03","야","일","1","0","0","0","0","경기","수원시","차대차","추돌","추돌","안전운전 의무 불이행","단일로","기타단일로","승용차","화물차","953846","1916125","126.9796185","37.24285098","N"
"2018","2018-11-11 03","야","일","1","0","0","0","0","제주","제주시","차대사람","횡단중","횡단중","안전운전 의무 불이행","단일로","기타단일로","승용차","보행자","909612","1501366","126.5269012","33.50034386","N"
"2018","2018-11-11 07","주","일","2","8","4","4","0","서울","송파구","차대차","기타","기타","안전운전 의무 불이행","단일로","기타단일로","승용차","승합차","963373","1946466","127.0855292","37.51675637","N"
"2018","2018-11-11 11","주","일","1","0","0","0","0","경남","양산시","차량단독","공작물충돌","공작물충돌","안전운전 의무 불이행","단일로","기타단일로","이륜차","없음","1141061","1706921","129.0523829","35.34794804","N"
"2018","2018-11-11 21","야","일","1","1","1","0","0","경기","광명시","차대차","정면충돌","정면충돌","중앙선 침범","단일로","기타단일로","승용차","승용차","944457","1942803","126.8717624","37.48279624","N"
"2018","2018-11-12 00","야","월","1","1","1","0","0","경남","양산시","차량단독","공작물충돌","공작물충돌","안전운전 의무 불이행","교차로","교차로내","승용차","없음","1136460","1704461","129.0013542","35.32641365","N"
"2018","2018-11-12 04","야","월","1","0","0","0","0","충남","아산시","차량단독","공작물충돌","공작물충돌","안전운전 의무 불이행","기타","기타","승용차","없음","959750","1868921","127.048708","36.81762315","N"
"2018","2018-11-12 06","주","월","1","1","0","0","1","전남","순천시","차대차","기타","기타","안전운전 의무 불이행","단일로","기타단일로","승용차","화물차","993859","1653225","127.4328057","34.87370848","N"
"2018","2018-11-12 08","주","월","1","0","0","0","0","전남","신안군","차량단독","공작물충돌","공작물충돌","안전운전 의무 불이행","교차로","교차로부근","이륜차","없음","875842","1668342","126.1393931","35.0024189","N"
"2018","2018-11-12 10","주","월","1","0","0","0","0","전북","정읍시","차량단독","전도","전도","안전운전 의무 불이행","단일로","기타단일로","자전거","없음","941737.2","1745842.9","126.8559295","35.70713997","N"
"2018","2018-11-12 13","주","월","1","0","0","0","0","대전","동구","차대차","측면충돌","측면충돌","안전운전 의무 불이행","교차로","교차로횡단보도내","건설기계","자전거","996679","1810309","127.4630163","36.29008035","N"
"2018","2018-11-12 18","야","월","1","0","0","0","0","대구","서구","차대사람","기타","기타","안전운전 의무 불이행","기타","기타","화물차","보행자","1095351","1766203","128.5564418","35.88778856","N"
"2018","2018-11-13 04","야","화","1","0","0","0","0","서울","중구","차대차","추돌","추돌","신호위반","교차로","교차로내","자전거","화물차","953467","1950667","126.9731706","37.55417442","N"
"2018","2018-11-13 04","야","화","1","0","0","0","0","충남","아산시","차대차","기타","기타","안전운전 의무 불이행","교차로","교차로내","승용차","이륜차","958355","1864130","127.0333295","36.77437458","N"
"2018","2018-11-13 04","야","화","1","0","0","0","0","경북","고령군","차량단독","공작물충돌","공작물충돌","안전운전 의무 불이행","단일로","지하차도(도로)내","이륜차","없음","1086610","1758820","128.4588069","35.82204434","N"
"2018","2018-11-13 06","주","화","1","0","0","0","0","충남","금산군","차량단독","기타","기타","안전거리 미확보","단일로","기타단일로","이륜차","없음","1001736","1800883","127.5193117","36.20510374","N"
"2018","2018-11-13 10","주","화","1","0","0","0","0","경기","김포시","차대사람","차도통행중","차도통행중","과속","단일로","교량위","화물차","보행자","924263","1960433","126.6415504","37.64025248","N"
"2018","2018-11-13 12","주","화","1","4","1","3","0","전북","완주군","차대차","측면충돌","측면충돌","신호위반","교차로","교차로내","승용차","승용차","979535.2","1760670.4","127.2733857","35.84233852","N"
"2018","2018-11-13 14","주","화","1","0","0","0","0","강원","평창군","차대사람","기타","기타","안전운전 의무 불이행","단일로","기타단일로","승합차","보행자","1081380.8","1940956.1","128.4202515","37.46423572","N"
"2018","2018-11-13 16","주","화","1","0","0","0","0","전남","강진군","차량단독","공작물충돌","공작물충돌","안전운전 의무 불이행","단일로","기타단일로","사륜오토바이(ATV)","없음","928171","1634649","126.7156728","34.70368901","N"