"발생년","발생년월일시","주야","요일","사망자수","부상자수","중상자수","경상자수","부상신고자수","발생지시도","발생지시군구","사고유형_대분류","사고유형_중분류","사고유형","가해자법규위반","도로형태_대분류","도로형태","가해자_당사자종별","피해자_당사자종별","발생위치(X_UTMK)","발생위치(Y_UTMK)","경도","위도"," 어린이사고 여부"
"2018","2018-11-27 01","야","화","1","0","0","0","0","경남","창원시(통합)","차대사람","기타","기타","안전운전 의무 불이행","교차로","교차로부근","승용차","보행자","1098175","1693720","128.578931","35.23407597","N"
"2018","2018-11-27 04","야","화","1","0","0","0","0","전남","여수시","차량단독","공작물충돌","공작물충돌","안전운전 의무 불이행","단일로","기타단일로","승용차","없음","1015658.8","1641218.9","127.671113","34.76533928","N"
"2018","2018-11-27 06","주","화","1","1","1","0","0","인천","중구","차대차","추돌","추돌","안전운전 의무 불이행","단일로","기타단일로","화물차","건설기계","913087","1942042","126.5170705","37.47351857","N"
"2018","2018-11-27 07","주","화","1","0","0","0","0","서울","종로구","차대사람","횡단중","횡단중","안전운전 의무 불이행","단일로","기타단일로","승합차","보행자","953238","1952341","126.9704712","37.5692509","N"
"2018","2018-11-27 10","주","화","1","7","3","4","0","경기","성남시","차대차","추돌","추돌","과속","단일로","기타단일로","건설기계","승용차","964386","1936238","127.0974867","37.42460608","N"
"2018","2018-11-27 10","주","화","1","0","0","0","0","강원","태백시","차대사람","차도통행중","차도통행중","안전운전 의무 불이행","기타","기타","승용차","보행자","1129700","1904519","128.9601491","37.13038261","N"
"2018","2018-11-27 10","주","화","1","0","0","0","0","대전","동구","차량단독","기타","기타","안전운전 의무 불이행","교차로","교차로부근","승합차","없음","993962","1817944","127.4326999","36.35890011","N"
"2018","2018-11-27 14","주","화","1","0","0","0","0","경북","경산시","차대차","정면충돌","정면충돌","중앙선 침범","단일로","교량위","승합차","화물차","1119451","1768816","128.8237926","35.90869627","N"
"2018","2018-11-27 16","주","화","1","0","0","0","0","대구","서구","차대사람","기타","기타","안전운전 의무 불이행","교차로","교차로내","화물차","보행자","1095625","1771669","128.5601344","35.93703524","N"
"2018","2018-11-28 02","야","수","1","0","0","0","0","서울","금천구","차량단독","전복","전복","안전운전 의무 불이행","교차로","교차로내","승용차","없음","945545.5","1940795.3","126.884222","37.46476529","N"
"2018","2018-11-28 05","야","수","1","0","0","0","0","충남","청양군","차대사람","횡단중","횡단중","안전운전 의무 불이행","단일로","기타단일로","승용차","보행자","938388","1828516","126.8124494","36.45224895","N"
"2018","2018-11-28 06","주","수","1","0","0","0","0","충북","음성군","차대사람","횡단중","횡단중","과속","교차로","교차로내","승용차","보행자","1006211.6","1887406.5","127.5697984","36.98509798","N"
"2018","2018-11-28 06","주","수","1","0","0","0","0","충남","예산군","차대사람","횡단중","횡단중","안전운전 의무 불이행","교차로","교차로부근","승용차","보행자","933078","1854882","126.7509057","36.68956428","N"
"2018","2018-11-28 13","주","수","1","0","0","0","0","충북","청주시","차대차","측면충돌","측면충돌","신호위반","단일로","기타단일로","자전거","승용차","998813","1846348.4","127.486726","36.61498992","N"
"2018","2018-11-28 13","주","수","1","0","0","0","0","경북","경산시","차대사람","차도통행중","차도통행중","안전운전 의무 불이행","단일로","기타단일로","승용차","보행자","1118829","1761921","128.8158726","35.84662231","N"
"2018","2018-11-28 14","주","수","1","0","0","0","0","경기","의왕시","차대사람","횡단중","횡단중","안전운전 의무 불이행","단일로","기타단일로","승합차","보행자","955759","1932532","127.0002084","37.39082999","Y"
"2018","2018-11-28 16","주","수","2","2","2","0","0","전북","남원시","차대차","측면충돌","측면충돌","신호위반","교차로","교차로내","승용차","건설기계","984444","1709614","127.3287265","35.38207941","N"
"2018","2018-11-28 20","야","수","1","1","1","0","0","경기","화성시","차대차","추돌","추돌","안전운전 의무 불이행","단일로","기타단일로","승용차","화물차","941773","1903381","126.8444975","37.12730583","N"
"2018","2018-11-29 04","야","목","1","0","0","0","0","서울","성동구","차대사람","기타","기타","과속","단일로","기타단일로","승용차","보행자","959955","1950388","127.0466383","37.5519646","N"
"2018","2018-11-29 05","야","목","1","0","0","0","0","전북","순창군","차량단독","공작물충돌","공작물충돌","안전운전 의무 불이행","교차로","교차로부근","화물차","없음","972134.6","1710913.1","127.1931555","35.39352493","N"
"2018","2018-11-29 07","주","목","1","1","1","0","0","경북","청도군","차량단독","도로이탈","도로이탈 추락","안전운전 의무 불이행","기타","기타","원동기장치자전거","없음","1108088","1739092","128.6938776","35.64207705","N"
"2018","2018-11-29 10","주","목","1","0","0","0","0","제주","제주시","차대사람","기타","기타","안전운전 의무 불이행","단일로","기타단일로","승용차","보행자","906084","1500797","126.4889842","33.49490837","N"
"2018","2018-11-29 11","주","목","1","3","1","2","0","서울","중랑구","차대차","정면충돌","정면충돌","중앙선 침범","불명","불명","승용차","승용차","963306","1955941","127.0842968","37.60215509","N"
"2018","2018-11-29 16","주","목","1","1","1","0","0","제주","서귀포시","차대차","추돌","추돌","안전운전 의무 불이행","단일로","기타단일로","승용차","농기계","886548","1474188","126.2820644","33.25305991","N"
"2018","2018-11-29 17","주","목","1","0","0","0","0","경기","파주시","차대사람","횡단중","횡단중","신호위반","교차로","교차로횡단보도내","승용차","보행자","937384","1976469","126.7888803","37.78576764","N"
"2018","2018-11-29 19","야","목","1","0","0","0","0","전남","담양군","차대사람","횡단중","횡단중","안전운전 의무 불이행","단일로","기타단일로","승용차","보행자","957800","1694870","127.0361384","35.24836561","N"
"2018","2018-11-29 22","야","목","1","0","0","0","0","전북","무주군","차대사람","횡단중","횡단중","안전운전 의무 불이행","단일로","기타단일로","승용차","보행자","1013096","1757756.1","127.6449693","35.81618886","N"
"2018","2018-11-29 23","야","목","1","4","1","3","0","서울","서초구","차대차","측면충돌","측면충돌","신호위반","교차로","교차로내","승용차","승합차","956965","1945592","127.0130697","37.50860202","N"
"2018","2018-11-29 23","야","목","1","0","0","0","0","경기","이천시","차량단독","도로이탈","도로이탈 추락","안전운전 의무 불이행","교차로","교차로부근","승용차","없음","1004219","1908169","127.5475247","37.17226858","N"
"2018","2018-11-29 23","야","목","1","0","0","0","0","경기","용인시","차량단독","기타","기타","안전운전 의무 불이행","단일로","기타단일로","승합차","없음","969250","1914833","127.1533467","37.23184088","N"
"2018","2018-11-30 03","야","금","1","0","0","0","0","울산","동구","차대사람","기타","기타","안전운전 의무 불이행","단일로","기타단일로","승용차","보행자","1174918","1722793","129.4282171","35.48562367","N"
"2018","2018-11-30 04","야","금","1","0","0","0","0","경기","고양시","차대차","추돌","추돌","과속","단일로","기타단일로","승용차","이륜차","939920","1962947","126.8187965","37.66406845","N"
"2018","2018-11-30 05","야","금","1","4","0","0","4","경기","평택시","차대차","추돌","추돌","안전거리 미확보","단일로","기타단일로","화물차","화물차","954079","1892752","126.9836792","37.03218173","N"
"2018","2018-11-30 06","주","금","1","0","0","0","0","경북","상주시","차대사람","길가장자리구역통행중","길가장자리구역통행중","안전운전 의무 불이행","교차로","교차로내","화물차","보행자","1065178","1827677","128.2272715","36.44444992","N"
"2018","2018-11-30 07","주","금","1","0","0","0","0","전북","부안군","차대사람","횡단중","횡단중","중앙선 침범","교차로","교차로부근","승합차","보행자","924918","1735221","126.6710063","35.61023963","N"
"2018","2018-11-30 14","주","금","1","0","0","0","0","충남","천안시","차대차","기타","기타","기타","교차로","교차로내","화물차","이륜차","974777","1879381","127.216844","36.91243513","N"
"2018","2018-11-30 18","야","금","1","0","0","0","0","경남","창원시(통합)","차대사람","횡단중","횡단중","안전운전 의무 불이행","단일로","기타단일로","승용차","보행자","1096927","1693667","128.5652115","35.23371961","N"
"2018","2018-12-01 02","야","토","1","2","2","0","0","경기","양주시","차대차","정면충돌","정면충돌","중앙선 침범","단일로","기타단일로","승용차","승용차","951453","1969921","126.9490897","37.72760744","N"
"2018","2018-12-01 06","주","토","1","0","0","0","0","충남","당진시","차대차","측면충돌","측면충돌","안전운전 의무 불이행","단일로","기타단일로","화물차","화물차","927213","1873691","126.6834651","36.85867483","N"
"2018","2018-12-01 07","주","토","1","0","0","0","0","경남","함양군","차량단독","도로이탈","도로이탈 추락","안전운전 의무 불이행","단일로","기타단일로","이륜차","없음","1027777","1741376","127.8069153","35.66819673","N"
"2018","2018-12-01 09","주","토","1","0","0","0","0","경남","의령군","차대차","측면충돌","측면충돌","교차로 통행방법 위반","교차로","교차로내","이륜차","화물차","1063508","1704645","128.198823","35.33537597","N"
"2018","2018-12-01 15","주","토","1","0","0","0","0","부산","부산진구","차대사람","횡단중","횡단중","과속","교차로","교차로내","승용차","보행자","1140093.1","1687169.2","129.0383657","35.17004581","N"
"2018","2018-12-01 15","주","토","1","0","0","0","0","충남","서산시","차량단독","도로이탈","도로이탈 추락","안전운전 의무 불이행","단일로","기타단일로","자전거","없음","918498","1869444","126.5861653","36.81968263","N"
"2018","2018-12-01 17","주","토","1","0","0","0","0","서울","광진구","차대차","측면충돌","측면충돌","안전운전 의무 불이행","단일로","기타단일로","자전거","건설기계","963435.5","1949696.2","127.0860756","37.54587388","N"
"2018","2018-12-01 18","야","토","1","1","0","1","0","강원","원주시","차대차","추돌","추돌","안전거리 미확보","단일로","기타단일로","승용차","건설기계","1031094.2","1925890","127.850996","37.33149538","N"
"2018","2018-12-01 21","야","토","1","0","0","0","0","울산","남구","차대사람","횡단중","횡단중","안전운전 의무 불이행","교차로","교차로부근","승용차","보행자","1159532","1728907","129.2598862","35.54331628","N"
"2018","2018-12-01 22","야","토","1","0","0","0","0","서울","관악구","차대사람","기타","기타","안전운전 의무 불이행","교차로","교차로부근","승용차","보행자","948753","1941764","126.9204237","37.47367986","N"
"2018","2018-12-02 04","야","일","1","0","0","0","0","대구","서구","차량단독","공작물충돌","공작물충돌","안전운전 의무 불이행","단일로","기타단일로","이륜차","없음","1095361","1764317","128.5563268","35.87078607","N"
"2018","2018-12-02 11","주","일","1","0","0","0","0","경북","김천시","차대사람","횡단중","횡단중","교차로 통행방법 위반","교차로","교차로내","화물차","보행자","1056511","1791754","128.1279689","36.12115508","N"
"2018","2018-12-02 14","주","일","1","0","0","0","0","경남","통영시","차대차","기타","기타","안전거리 미확보","단일로","기타단일로","승용차","이륜차","1078531","1659404","128.3598177","34.92640446","N"
"2018","2018-12-02 17","주","일","1","0","0","0","0","강원","홍천군","차량단독","도로이탈","도로이탈 추락","안전운전 의무 불이행","단일로","기타단일로","승용차","없음","1059342","1962728","128.1728186","37.66214267","N"
"2018","2018-12-02 22","야","일","1","0","0","0","0","전남","구례군","차대사람","차도통행중","차도통행중","안전운전 의무 불이행","단일로","기타단일로","화물차","보행자","998724","1690305","127.4859811","35.20809071","N"
"2018","2018-12-03 00","야","월","1","0","0","0","0","충남","부여군","차량단독","공작물충돌","공작물충돌","안전운전 의무 불이행","단일로","기타단일로","화물차","없음","938534","1806387","126.8158264","36.25277057","N"
"2018","2018-12-03 01","야","월","1","3","0","3","0","충남","천안시","차대차","추돌","추돌","안전운전 의무 불이행","단일로","기타단일로","승용차","승용차","971093.8","1885104.1","127.1752777","36.96391958","N"
"2018","2018-12-03 05","야","월","1","0","0","0","0","경기","남양주시","차대사람","기타","기타","안전운전 의무 불이행","교차로","교차로내","화물차","보행자","971532","1961985","127.1772514","37.65692308","N"
"2018","2018-12-03 07","주","월","1","0","0","0","0","경기","파주시","차대사람","횡단중","횡단중","보행자 보호의무 위반","교차로","교차로횡단보도내","승용차","보행자","936133","1973433","126.7749412","37.75831901","N"
"2018","2018-12-03 08","주","월","1","1","0","1","0","충남","공주시","차대차","정면충돌","정면충돌","안전운전 의무 불이행","단일로","기타단일로","화물차","화물차","959872","1813283","127.0529755","36.3160623","N"
"2018","2018-12-03 10","주","월","1","1","0","1","0","경기","연천군","차대차","측면충돌","측면충돌","안전운전 의무 불이행","단일로","교량위","승용차","승용차","962029","2000296","127.0675053","38.00187255","N"
"2018","2018-12-03 15","주","월","1","0","0","0","0","강원","정선군","차대차","측면충돌","측면충돌","과속","단일로","기타단일로","승용차","농기계","1121046","1934280","128.8675914","37.39973256","N"
"2018","2018-12-03 16","주","월","1","0","0","0","0","전북","전주시","차대차","측면충돌","측면충돌","안전운전 의무 불이행","교차로","교차로내","원동기장치자전거","승용차","960125","1759674","127.0585035","35.83275755","N"
"2018","2018-12-03 17","주","월","1","0","0","0","0","경기","고양시","차대사람","기타","기타","중앙선 침범","교차로","교차로횡단보도내","화물차","보행자","938861","1960322","126.80701","37.64033997","N"
"2018","2018-12-03 20","야","월","1","1","1","0","0","전남","장흥군","차대사람","기타","기타","안전운전 의무 불이행","교차로","교차로내","승용차","보행자","953982","1639880","126.9972147","34.75234767","N"
"2018","2018-12-04 00","야","화","1","0","0","0","0","경기","평택시","차대사람","기타","기타","안전운전 의무 불이행","단일로","기타단일로","승용차","보행자","950004","1887692","126.9381989","36.98636278","N"
"2018","2018-12-04 03","야","화","1","0","0","0","0","경북","칠곡군","차대차","기타","기타","안전운전 의무 불이행","단일로","기타단일로","특수차","화물차","1086192.9","1773269.7","128.4557542","35.95234308","N"
"2018","2018-12-04 04","야","화","1","0","0","0","0","대구","북구","차대사람","횡단중","횡단중","안전거리 미확보","교차로","교차로내","승합차","보행자","1099858","1765825","128.6063216","35.88393154","N"
"2018","2018-12-04 07","주","화","1","0","0","0","0","서울","강서구","차대사람","횡단중","횡단중","안전운전 의무 불이행","교차로","교차로내","특수차","보행자","942636","1950482","126.850567","37.55189622","N"
"2018","2018-12-04 07","주","화","1","2","0","2","0","충남","논산시","차량단독","공작물충돌","공작물충돌","과속","단일로","기타단일로","승합차","없음","964232","1796009","127.1023341","36.16050262","N"
"2018","2018-12-04 10","주","화","1","0","0","0","0","충북","청주시","차량단독","전도","전도","안전운전 의무 불이행","단일로","기타단일로","이륜차","없음","982914.9","1845204.4","127.3089659","36.60452437","N"
"2018","2018-12-04 17","주","화","1","0","0","0","0","인천","서구","차대차","기타","기타","신호위반","교차로","교차로내","화물차","화물차","924541","1946484","126.646138","37.5145594","N"
"2018","2018-12-04 19","야","화","1","8","0","7","1","충북","제천시","차대차","측면충돌","측면충돌","안전운전 의무 불이행","단일로","기타단일로","승용차","승합차","1062164","1903883","128.1998628","37.13157729","N"
"2018","2018-12-04 21","야","화","1","0","0","0","0","대구","동구","차량단독","도로이탈","도로이탈 추락","안전운전 의무 불이행","단일로","교량위","승용차","없음","1111885","1763086","128.7391571","35.85794107","N"
"2018","2018-12-05 06","주","수","1","0","0","0","0","전남","해남군","차대사람","횡단중","횡단중","안전운전 의무 불이행","단일로","기타단일로","승용차","보행자","913005","1607437","126.5528756","34.45714479","N"
"2018","2018-12-05 06","주","수","1","0","0","0","0","인천","남동구","차대사람","횡단중","횡단중","과속","단일로","기타단일로","승용차","보행자","931354.1","1939141.3","126.7239101","37.44891279","N"
"2018","2018-12-05 08","주","수","1","0","0","0","0","경기","남양주시","차량단독","공작물충돌","공작물충돌","안전운전 의무 불이행","단일로","기타단일로","건설기계","없음","980225","1957711","127.275921","37.61862834","N"
"2018","2018-12-05 10","주","수","1","0","0","0","0","경기","평택시","차대차","기타","기타","기타","단일로","기타단일로","화물차","화물차","943335","1890100","126.8630829","37.00768991","N"
"2018","2018-12-05 10","주","수","1","0","0","0","0","충남","당진시","차대사람","횡단중","횡단중","안전운전 의무 불이행","단일로","기타단일로","승용차","보행자","927091","1882713","126.6812283","36.93998668","N"
"2018","2018-12-05 11","주","수","1","0","0","0","0","제주","제주시","차대차","기타","기타","안전운전 의무 불이행","교차로","교차로내","승용차","화물차","881503","1488163","126.2260844","33.37853993","N"
"2018","2018-12-05 13","주","수","1","0","0","0","0","전남","고흥군","차량단독","기타","기타","안전운전 의무 불이행","단일로","기타단일로","농기계","없음","977177","1625845","127.2510156","34.62656522","N"
"2018","2018-12-05 14","주","수","1","1","0","1","0","전남","화순군","차대차","측면충돌","측면충돌","기타","교차로","교차로내","이륜차","화물차","947619.7","1668378.6","126.92592","35.00901747","N"
"2018","2018-12-05 17","주","수","1","0","0","0","0","강원","고성군","차대차","정면충돌","정면충돌","중앙선 침범","기타","기타","이륜차","승용차","1085491","2042365","128.4787619","38.37773318","N"
"2018","2018-12-05 17","주","수","1","0","0","0","0","제주","서귀포시","차대차","측면충돌","측면충돌","안전운전 의무 불이행","교차로","교차로내","이륜차","승용차","914567","1474979","126.5827418","33.26277589","N"
"2018","2018-12-05 23","야","수","1","0","0","0","0","전남","강진군","차대사람","길가장자리구역통행중","길가장자리구역통행중","안전운전 의무 불이행","단일로","기타단일로","화물차","보행자","937125","1606889","126.8154934","34.45395553","N"
"2018","2018-12-06 03","야","목","1","19","13","6","0","충북","충주시","차대차","추돌","추돌","안전운전 의무 불이행","단일로","터널안","승합차","건설기계","1023200","1893418","127.7608774","37.03902184","N"
"2018","2018-12-06 06","주","목","1","0","0","0","0","서울","구로구","차대사람","기타","기타","신호위반","교차로","교차로횡단보도내","건설기계","보행자","941276","1943489","126.83573","37.48878243","N"
"2018","2018-12-06 06","주","목","1","2","2","0","0","경북","구미시","차대차","기타","기타","안전운전 의무 불이행","단일로","기타단일로","화물차","건설기계","1076087","1805377","128.3468061","36.24262439","N"
"2018","2018-12-06 09","주","목","1","0","0","0","0","부산","기장군","차대사람","횡단중","횡단중","안전운전 의무 불이행","교차로","교차로부근","화물차","보행자","1156195","1695130","129.2166239","35.23942305","N"
"2018","2018-12-06 11","주","목","1","0","0","0","0","경기","남양주시","차대사람","횡단중","횡단중","보행자 보호의무 위반","단일로","기타단일로","화물차","보행자","970704","1957135","127.1680589","37.61318247","N"
"2018","2018-12-06 12","주","목","1","0","0","0","0","서울","광진구","차대사람","횡단중","횡단중","안전운전 의무 불이행","교차로","교차로횡단보도내","승합차","보행자","964208","1948640","127.0948719","37.53638428","N"
"2018","2018-12-06 18","야","목","1","0","0","0","0","충북","제천시","차대차","정면충돌","정면충돌","중앙선 침범","기타","기타","화물차","이륜차","1057976","1880979","128.1509516","36.92539417","N"
"2018","2018-12-06 18","야","목","1","0","0","0","0","충남","공주시","차대사람","횡단중","횡단중","보행자 보호의무 위반","단일로","기타단일로","승용차","보행자","966802","1830648","127.1294315","36.47287431","N"
"2018","2018-12-06 19","야","목","2","0","0","0","0","충남","공주시","차량단독","공작물충돌","공작물충돌","안전운전 의무 불이행","단일로","기타단일로","승용차","없음","965859","1833471","127.1187809","36.49829054","N"
"2018","2018-12-06 22","야","목","1","0","0","0","0","전남","영광군","차대차","추돌","추돌","안전운전 의무 불이행","단일로","기타단일로","승용차","화물차","910967","1694868","126.5214004","35.24527989","N"
"2018","2018-12-06 22","야","목","1","0","0","0","0","대구","북구","차대사람","횡단중","횡단중","과속","단일로","기타단일로","승용차","보행자","1099593","1765132","128.6032995","35.87771153","N"
"2018","2018-12-06 23","야","목","1","0","0","0","0","강원","춘천시","차대사람","횡단중","횡단중","안전운전 의무 불이행","단일로","기타단일로","승합차","보행자","1019791","1985711","127.7250231","37.87099822","N"
"2018","2018-12-07 05","야","금","1","0","0","0","0","인천","미추홀구","차대사람","횡단중","횡단중","안전운전 의무 불이행","단일로","기타단일로","화물차","보행자","924389","1941065","126.6449751","37.46570727","N"
"2018","2018-12-07 07","주","금","1","0","0","0","0","전남","화순군","차량단독","도로이탈","도로이탈 추락","안전운전 의무 불이행","단일로","기타단일로","이륜차","없음","949862","1667247","126.9505625","34.99892754","N"
"2018","2018-12-07 14","주","금","1","1","0","1","0","전남","장성군","차대차","정면충돌","정면충돌","중앙선 침범","단일로","기타단일로","승용차","화물차","937908","1694397","126.8175332","35.24306529","N"
"2018","2018-12-07 17","주","금","1","0","0","0","0","경기","구리시","차량단독","기타","기타","안전운전 의무 불이행","기타","기타","원동기장치자전거","없음","967503","1956621","127.1318131","37.60844204","N"
"2018","2018-12-07 18","야","금","1","0","0","0","0","전남","완도군","차대사람","차도통행중","차도통행중","안전운전 의무 불이행","단일로","기타단일로","승용차","보행자","929207","1593611","126.7303951","34.33370786","N"
"2018","2018-12-08 03","야","토","1","3","0","3","0","대전","서구","차대차","추돌","추돌","안전운전 의무 불이행","교차로","교차로부근","승용차","승용차","989498","1816836","127.3829587","36.34887268","N"
"2018","2018-12-08 05","야","토","1","0","0","0","0","서울","강남구","차대차","기타","기타","안전운전 의무 불이행","단일로","기타단일로","자전거","화물차","964678","1943323","127.1004472","37.48847802","N"
"2018","2018-12-08 07","주","토","1","1","1","0","0","서울","광진구","차대차","정면충돌","정면충돌","중앙선 침범","단일로","교량위","승용차","승용차","961134","1948530","127.0600841","37.53526832","N"
"2018","2018-12-08 07","주","토","1","0","0","0","0","경기","안산시","차대차","추돌","추돌","안전운전 의무 불이행","단일로","기타단일로","승용차","건설기계","939514","1925952","126.8172361","37.33060487","N"
"2018","2018-12-08 17","주","토","1","0","0","0","0","경남","진주시","차대사람","횡단중","횡단중","보행자 보호의무 위반","단일로","기타단일로","승용차","보행자","1052569","1689113","128.077465","35.19596624","N"
"2018","2018-12-09 06","주","일","2","4","0","4","0","전북","군산시","차량단독","기타","기타","안전운전 의무 불이행","단일로","기타단일로","승합차","없음","938445","1777444","126.8170994","35.99184042","N"
"2018","2018-12-09 13","주","일","1","0","0","0","0","강원","강릉시","차대차","기타","기타","안전운전 의무 불이행","단일로","기타단일로","자전거","승용차","1115234","1991382","128.8109605","37.91502421","N"
"2018","2018-12-09 17","주","일","1","0","0","0","0","경남","하동군","차대차","기타","기타","안전운전 의무 불이행","단일로","기타단일로","승용차","화물차","1035651","1670575","127.8908283","35.02955153","N"
"2018","2018-12-09 18","야","일","1","1","0","1","0","경기","수원시","차대사람","횡단중","횡단중","안전운전 의무 불이행","단일로","기타단일로","승용차","보행자","956446","1922056","127.0085849","37.29643635","N"
"2018","2018-12-09 18","야","일","1","0","0","0","0","충남","예산군","차대차","정면충돌","정면충돌","기타","교차로","교차로내","화물차","이륜차","925067.7","1855416.7","126.6611979","36.69378621","N"
"2018","2018-12-09 19","야","일","1","0","0","0","0","전북","군산시","차대사람","횡단중","횡단중","과속","교차로","교차로횡단보도내","승용차","보행자","928794","1777435","126.7100391","35.99110206","N"
"2018","2018-12-09 19","야","일","1","0","0","0","0","경북","군위군","차대사람","차도통행중","차도통행중","안전운전 의무 불이행","단일로","기타단일로","승용차","보행자","1095752","1802553","128.5652907","36.21541957","N"
"2018","2018-12-09 21","야","일","1","1","0","1","0","강원","원주시","차대차","추돌","추돌","안전운전 의무 불이행","단일로","기타단일로","화물차","화물차","1038819.1","1940163.3","127.9389434","37.45985785","N"
"2018","2018-12-09 23","야","일","1","0","0","0","0","충북","청주시","차대사람","횡단중","횡단중","안전운전 의무 불이행","교차로","교차로부근","승용차","보행자","989970","1846918","127.3878287","36.62007281","N"
"2018","2018-12-10 00","야","월","1","0","0","0","0","부산","부산진구","차대차","측면충돌","측면충돌","신호위반","교차로","교차로내","승용차","이륜차","1142030.8","1685064.2","129.0592745","35.15079959","N"
"2018","2018-12-10 04","야","월","1","0","0","0","0","경북","영천시","차량단독","전복","전복","안전운전 의무 불이행","교차로","교차로부근","화물차","없음","1132771","1780222","128.9732758","36.00978093","N"
"2018","2018-12-10 05","야","월","1","0","0","0","0","경기","의정부시","차대차","기타","기타","안전운전 의무 불이행","단일로","기타단일로","승용차","이륜차","959639","1967602","127.0421099","37.7071037","N"
"2018","2018-12-10 06","주","월","1","0","0","0","0","경남","고성군","차대사람","기타","기타","안전운전 의무 불이행","교차로","교차로내","화물차","보행자","1067949","1673349","128.2451058","35.05290684","N"
"2018","2018-12-10 08","주","월","1","0","0","0","0","경북","포항시","차대차","측면충돌","측면충돌","안전운전 의무 불이행","교차로","교차로내","승용차","자전거","1167266","1782554","129.3563759","36.02548392","N"
"2018","2018-12-10 10","주","월","1","0","0","0","0","충북","진천군","차량단독","공작물충돌","공작물충돌","안전운전 의무 불이행","단일로","기타단일로","화물차","없음","994249","1875458","127.4354681","36.87739082","N"
"2018","2018-12-10 10","주","월","1","0","0","0","0","전남","함평군","차대차","추돌","추돌","기타","단일로","기타단일로","이륜차","승용차","911898","1672326","126.5340365","35.0421249","N"
"2018","2018-12-10 11","주","월","1","0","0","0","0","경남","창원시(통합)","차대차","기타","기타","신호위반","단일로","기타단일로","이륜차","승용차","1109886","1704758","128.7090878","35.33236811","N"
"2018","2018-12-10 15","주","월","1","0","0","0","0","경북","구미시","차량단독","공작물충돌","공작물충돌","안전운전 의무 불이행","단일로","기타단일로","승용차","없음","1077489","1791069","128.3609955","36.11353127","N"
"2018","2018-12-10 19","야","월","1","0","0","0","0","전북","군산시","차대차","기타","기타","안전운전 의무 불이행","단일로","기타단일로","승용차","특수차","922884","1776118","126.6446079","35.97877973","N"
"2018","2018-12-10 19","야","월","1","0","0","0","0","경북","포항시","차대사람","횡단중","횡단중","과속","교차로","교차로횡단보도내","승용차","보행자","1168745","1783245","129.3729299","36.0314554","N"
"2018","2018-12-11 01","야","화","1","0","0","0","0","경기","오산시","차대사람","횡단중","횡단중","안전운전 의무 불이행","교차로","교차로횡단보도내","승합차","보행자","961264","1908079","127.063671","37.17066353","N"
"2018","2018-12-11 02","야","화","1","0","0","0","0","경북","안동시","차량단독","도로이탈","도로이탈 기타","안전운전 의무 불이행","단일로","기타단일로","승용차","없음","1133871","1845360","128.9966555","36.59668176","N"
"2018","2018-12-11 07","주","화","1","0","0","0","0","부산","수영구","차대사람","횡단중","횡단중","보행자 보호의무 위반","단일로","기타단일로","승용차","보행자","1147590.6","1686177.1","129.1204899","35.16003005","N"
"2018","2018-12-11 07","주","화","1","0","0","0","0","경기","부천시","차대사람","횡단중","횡단중","과속","단일로","기타단일로","승용차","보행자","934370","1944450","126.7575312","37.49697881","N"
"2018","2018-12-11 09","주","화","1","0","0","0","0","서울","은평구","차대사람","기타","기타","안전운전 의무 불이행","단일로","기타단일로","승합차","보행자","947591","1957153","126.9061836","37.61231753","N"
"2018","2018-12-11 12","주","화","1","0","0","0","0","충남","공주시","차대차","측면충돌","측면충돌","안전운전 의무 불이행","단일로","기타단일로","화물차","건설기계","958765","1814823","127.0405624","36.32989891","N"
"2018","2018-12-11 16","주","화","1","0","0","0","0","울산","북구","차대사람","기타","기타","안전운전 의무 불이행","단일로","기타단일로","화물차","보행자","1172509","1741412","129.405645","35.65383199","N"
"2018","2018-12-11 17","주","화","1","0","0","0","0","서울","동대문구","차대사람","기타","기타","보행자 보호의무 위반","교차로","교차로부근","이륜차","보행자","959962","1952954","127.0465774","37.575093","N"
"2018","2018-12-11 17","주","화","1","0","0","0","0","전남","여수시","차대사람","횡단중","횡단중","안전운전 의무 불이행","교차로","교차로부근","승용차","보행자","1014597.2","1645868.7","127.6595931","34.80728564","N"
"2018","2018-12-11 18","야","화","1","0","0","0","0","충남","보령시","차대사람","횡단중","횡단중","안전운전 의무 불이행","단일로","기타단일로","승용차","보행자","919699","1830458","126.603711","36.46837103","N"
"2018","2018-12-11 19","야","화","1","0","0","0","0","강원","인제군","차대사람","횡단중","횡단중","안전운전 의무 불이행","교차로","교차로내","승용차","보행자","1065229","2015686","128.244352","38.13901622","N"
"2018","2018-12-12 04","야","수","1","0","0","0","0","경북","경산시","차대차","추돌","추돌","안전운전 의무 불이행","단일로","교량위","화물차","승합차","1121615","1770770","128.8480676","35.92604203","N"
"2018","2018-12-12 04","야","수","1","0","0","0","0","경남","고성군","차량단독","전복","전복","안전운전 의무 불이행","단일로","기타단일로","화물차","없음","1077301","1665772","128.3469425","34.98391621","N"
"2018","2018-12-12 04","야","수","1","0","0","0","0","대구","북구","차량단독","기타","기타","안전운전 의무 불이행","단일로","기타단일로","화물차","없음","1093996","1768493","128.5417018","35.9085631","N"