"발생년","발생년월일시","주야","요일","사망자수","부상자수","중상자수","경상자수","부상신고자수","발생지시도","발생지시군구","사고유형_대분류","사고유형_중분류","사고유형","가해자법규위반","도로형태_대분류","도로형태","가해자_당사자종별","피해자_당사자종별","발생위치(X_UTMK)","발생위치(Y_UTMK)","경도","위도"," 어린이사고 여부"
"2018","2018-12-12 06","주","수","1","0","0","0","0","충북","청주시","차대사람","기타","기타","안전운전 의무 불이행","단일로","기타단일로","승용차","보행자","998552","1852527","127.4837956","36.67068947","N"
"2018","2018-12-12 06","주","수","1","0","0","0","0","경남","김해시","차대사람","횡단중","횡단중","안전운전 의무 불이행","교차로","교차로부근","승용차","보행자","1128737","1694804","128.9148929","35.24038815","N"
"2018","2018-12-12 06","주","수","1","0","0","0","0","경남","양산시","차대차","정면충돌","정면충돌","중앙선 침범","단일로","기타단일로","화물차","이륜차","1151058","1713580","129.1635922","35.40650326","N"
"2018","2018-12-12 07","주","수","1","0","0","0","0","강원","삼척시","차량단독","공작물충돌","공작물충돌","안전운전 의무 불이행","단일로","기타단일로","승용차","없음","1149354.9","1937648.5","129.1879948","37.42595129","N"
"2018","2018-12-12 08","주","수","1","0","0","0","0","충남","서산시","차대사람","기타","기타","안전운전 의무 불이행","교차로","교차로부근","승용차","보행자","914093","1859048","126.5379524","36.72558849","N"
"2018","2018-12-12 11","주","수","1","0","0","0","0","경기","오산시","차대사람","기타","기타","교차로 통행방법 위반","교차로","교차로내","승용차","보행자","961613","1905087","127.0677557","37.14370825","N"
"2018","2018-12-12 12","주","수","1","0","0","0","0","충북","괴산군","차량단독","기타","기타","기타","단일로","기타단일로","화물차","없음","1028509","1867633","127.8196032","36.8064391","N"
"2018","2018-12-12 18","야","수","1","0","0","0","0","경기","남양주시","차대사람","횡단중","횡단중","안전운전 의무 불이행","단일로","기타단일로","승용차","보행자","972149","1957945","127.1844005","37.6205282","N"
"2018","2018-12-12 19","야","수","1","0","0","0","0","경남","거제시","차대사람","횡단중","횡단중","안전운전 의무 불이행","단일로","기타단일로","화물차","보행자","1110987","1651361","128.7140433","34.85085836","N"
"2018","2018-12-12 21","야","수","1","0","0","0","0","충북","청주시","차량단독","공작물충돌","공작물충돌","안전운전 의무 불이행","교차로","교차로부근","승용차","없음","1004772","1850288","127.553389","36.65049414","N"
"2018","2018-12-12 21","야","수","1","0","0","0","0","경남","함안군","차대사람","차도통행중","차도통행중","안전운전 의무 불이행","교차로","교차로내","화물차","보행자","1084676","1708082","128.4320812","35.3647923","N"
"2018","2018-12-13 13","주","목","1","1","1","0","0","서울","성북구","차량단독","공작물충돌","공작물충돌","안전운전 의무 불이행","단일로","기타단일로","승용차","없음","958178","1956131","127.026193","37.60364868","N"
"2018","2018-12-13 13","주","목","1","0","0","0","0","경북","구미시","차대사람","횡단중","횡단중","보행자 보호의무 위반","교차로","교차로내","승합차","보행자","1074137","1793079","128.3239437","36.13191293","N"
"2018","2018-12-13 17","주","목","1","0","0","0","0","전남","여수시","차대사람","횡단중","횡단중","안전운전 의무 불이행","단일로","기타단일로","화물차","보행자","1014658","1643520.7","127.6602168","34.78611119","N"
"2018","2018-12-13 18","야","목","1","2","1","1","0","경남","진주시","차대차","측면충돌","측면충돌","신호위반","교차로","교차로내","화물차","승용차","1059085","1687422","128.1489175","35.18035674","N"
"2018","2018-12-13 18","야","목","1","0","0","0","0","경남","창녕군","차대사람","기타","기타","안전운전 의무 불이행","단일로","기타단일로","화물차","보행자","1091342","1724397","128.5072788","35.51129027","N"
"2018","2018-12-13 23","야","목","1","0","0","0","0","전남","담양군","차량단독","공작물충돌","공작물충돌","안전운전 의무 불이행","단일로","기타단일로","승용차","없음","956748","1694441","127.0245977","35.24445255","N"
"2018","2018-12-14 12","주","금","1","2","1","0","1","경기","김포시","차대차","기타","기타","신호위반","교차로","교차로내","이륜차","건설기계","922430","1958055","126.6210287","37.61866798","N"
"2018","2018-12-14 12","주","금","2","0","0","0","0","경북","경주시","차량단독","공작물충돌","공작물충돌","안전운전 의무 불이행","교차로","교차로부근","화물차","없음","1161215","1760263","129.2847287","35.8256257","N"
"2018","2018-12-14 13","주","금","1","0","0","0","0","대구","동구","차대사람","횡단중","횡단중","보행자 보호의무 위반","단일로","기타단일로","화물차","보행자","1103305","1766885","128.6446415","35.89312892","N"
"2018","2018-12-14 14","주","금","1","2","0","2","0","대구","남구","차대차","추돌","추돌","안전운전 의무 불이행","단일로","고가도로위","화물차","화물차","1100042","1759530","128.6075701","35.82716665","N"
"2018","2018-12-14 16","주","금","1","0","0","0","0","경기","남양주시","차대사람","횡단중","횡단중","중앙선 침범","교차로","교차로횡단보도내","화물차","보행자","969272","1956786","127.1518484","37.60999007","N"
"2018","2018-12-14 17","주","금","1","2","0","2","0","경기","남양주시","차대차","추돌","추돌","안전운전 의무 불이행","단일로","기타단일로","승용차","승용차","965713.8","1963202.4","127.1112332","37.66769684","N"
"2018","2018-12-14 17","주","금","1","0","0","0","0","경남","고성군","차대사람","차도통행중","차도통행중","안전운전 의무 불이행","단일로","기타단일로","승합차","보행자","1066973","1667955","128.2339692","35.00433625","N"
"2018","2018-12-14 20","야","금","1","0","0","0","0","전남","목포시","차대사람","기타","기타","안전운전 의무 불이행","단일로","기타단일로","승용차","보행자","898466.2","1645573.6","126.3900439","34.79966732","N"
"2018","2018-12-14 21","야","금","1","0","0","0","0","경기","의정부시","차대사람","횡단중","횡단중","안전운전 의무 불이행","교차로","교차로부근","승합차","보행자","961670","1972084","127.0649145","37.74758745","N"
"2018","2018-12-15 00","야","토","1","0","0","0","0","전북","완주군","차대사람","횡단중","횡단중","보행자 보호의무 위반","교차로","교차로횡단보도내","승용차","보행자","968017.2","1773197","127.145341","35.95496921","N"
"2018","2018-12-15 00","야","토","1","0","0","0","0","전남","화순군","차대사람","차도통행중","차도통행중","안전운전 의무 불이행","단일로","기타단일로","승용차","보행자","947116","1673210","126.9200922","35.05255564","N"
"2018","2018-12-15 02","야","토","1","0","0","0","0","경기","파주시","차량단독","공작물충돌","공작물충돌","안전운전 의무 불이행","단일로","기타단일로","승용차","없음","945722","1970824","126.8839903","37.73542414","N"
"2018","2018-12-15 03","야","토","1","1","0","1","0","충북","음성군","차대차","기타","기타","중앙선 침범","단일로","기타단일로","승용차","승용차","1003749.8","1891601.9","127.5421566","37.02293013","N"
"2018","2018-12-15 05","야","토","1","0","0","0","0","서울","강서구","차대차","측면충돌","측면충돌","안전운전 의무 불이행","단일로","기타단일로","화물차","자전거","940319","1952842","126.8241451","37.57301958","N"
"2018","2018-12-15 10","주","토","1","10","2","8","0","충남","논산시","차대차","추돌","추돌","안전거리 미확보","기타","기타","승용차","승용차","961059","1793255","127.0671943","36.13555169","Y"
"2018","2018-12-15 11","주","토","1","0","0","0","0","경북","문경시","차대사람","차도통행중","차도통행중","보행자 보호의무 위반","교차로","교차로내","화물차","보행자","1054843","1858214","128.1141343","36.72037396","N"
"2018","2018-12-15 13","주","토","1","3","1","2","0","경기","용인시","차대차","기타","기타","안전운전 의무 불이행","단일로","기타단일로","화물차","승용차","965854","1915038","127.115054","37.23357047","N"
"2018","2018-12-15 15","주","토","1","2","1","1","0","전남","보성군","차대차","추돌","추돌","안전운전 의무 불이행","단일로","기타단일로","승용차","농기계","967899","1652826","127.1487716","34.86962175","N"
"2018","2018-12-15 17","주","토","1","0","0","0","0","전남","담양군","차대차","정면충돌","정면충돌","기타","교차로","교차로내","승용차","이륜차","951998","1705748","126.9717281","35.34618711","N"
"2018","2018-12-15 18","야","토","1","0","0","0","0","전북","남원시","차대사람","횡단중","횡단중","보행자 보호의무 위반","단일로","기타단일로","승용차","보행자","990521.3","1713788.1","127.3955897","35.41979287","N"
"2018","2018-12-15 18","야","토","1","0","0","0","0","경기","고양시","차대사람","차도통행중","차도통행중","안전운전 의무 불이행","교차로","교차로부근","승용차","보행자","936913","1964435","126.784576","37.67727753","N"
"2018","2018-12-15 22","야","토","1","0","0","0","0","서울","성북구","차량단독","공작물충돌","공작물충돌","안전운전 의무 불이행","단일로","기타단일로","이륜차","없음","956967","1954807","127.0125517","37.59165934","N"
"2018","2018-12-15 22","야","토","1","1","1","0","0","전남","강진군","차대사람","기타","기타","안전운전 의무 불이행","단일로","기타단일로","승용차","보행자","937159.4","1607259.8","126.8158406","34.45730135","N"
"2018","2018-12-15 23","야","토","1","0","0","0","0","경북","구미시","차대사람","횡단중","횡단중","안전운전 의무 불이행","교차로","교차로내","승용차","보행자","1074608","1793601","128.3292273","36.13658254","N"
"2018","2018-12-15 23","야","토","1","0","0","0","0","경남","창원시(통합)","차대사람","횡단중","횡단중","안전운전 의무 불이행","교차로","교차로내","승용차","보행자","1101351","1696428","128.614163","35.25817344","N"
"2018","2018-12-17 01","야","월","1","1","1","0","0","경북","포항시","차량단독","도로이탈","도로이탈 추락","안전운전 의무 불이행","교차로","교차로부근","승용차","없음","1166184","1778883","129.3436025","35.99258889","N"
"2018","2018-12-17 03","야","월","1","0","0","0","0","경남","산청군","차량단독","도로이탈","도로이탈 추락","안전운전 의무 불이행","단일로","기타단일로","승용차","없음","1027579","1694321","127.803132","35.24392459","N"
"2018","2018-12-17 04","야","월","1","1","1","0","0","경남","창원시(통합)","차대차","기타","기타","안전운전 의무 불이행","단일로","기타단일로","화물차","승용차","1114303","1680076","128.7542499","35.10936557","N"
"2018","2018-12-17 05","야","월","1","0","0","0","0","충남","홍성군","차대사람","횡단중","횡단중","중앙선 침범","단일로","기타단일로","승용차","보행자","930811","1843729","126.7265377","36.58886709","N"
"2018","2018-12-17 06","주","월","1","0","0","0","0","경남","창원시(통합)","차대차","기타","기타","안전운전 의무 불이행","단일로","기타단일로","화물차","화물차","1102614","1706954","128.6293631","35.35293914","N"
"2018","2018-12-17 07","주","월","1","1","1","0","0","전북","익산시","차대사람","기타","기타","안전운전 의무 불이행","단일로","교량위","승용차","보행자","949866.8","1790092","126.9430059","36.10652211","N"
"2018","2018-12-17 07","주","월","1","1","0","1","0","경남","창원시(통합)","차대차","정면충돌","정면충돌","안전운전 의무 불이행","단일로","교량위","화물차","화물차","1109336","1689849","128.701052","35.198023","N"
"2018","2018-12-17 08","주","월","1","4","1","3","0","충남","홍성군","차대차","추돌","추돌","안전운전 의무 불이행","단일로","기타단일로","건설기계","승용차","916549","1845198","126.5669612","36.6009673","N"
"2018","2018-12-17 14","주","월","1","0","0","0","0","경북","포항시","차대차","기타","기타","안전운전 의무 불이행","교차로","교차로부근","화물차","자전거","1167842","1776838","129.3615542","35.97387696","N"
"2018","2018-12-17 18","야","월","1","0","0","0","0","충북","괴산군","차대차","정면충돌","정면충돌","중앙선 침범","단일로","기타단일로","이륜차","승합차","1023964","1869938","127.7687242","36.82734379","N"
"2018","2018-12-17 21","야","월","1","0","0","0","0","경기","성남시","차대사람","기타","기타","안전운전 의무 불이행","교차로","교차로내","승용차","보행자","969922","1939268","127.1599305","37.45211378","N"
"2018","2018-12-17 21","야","월","1","0","0","0","0","경북","청도군","차량단독","도로이탈","도로이탈 추락","안전운전 의무 불이행","단일로","기타단일로","이륜차","없음","1132251","1758537","128.9639016","35.8144022","N"
"2018","2018-12-18 00","야","화","1","0","0","0","0","서울","은평구","차대사람","차도통행중","차도통행중","안전운전 의무 불이행","단일로","기타단일로","승용차","보행자","947755","1960927","126.9077718","37.64634187","N"
"2018","2018-12-18 02","야","화","1","0","0","0","0","경북","경주시","차량단독","전도","전도","안전운전 의무 불이행","단일로","지하차도(도로)내","화물차","없음","1164206","1748995","129.3155153","35.72358527","N"
"2018","2018-12-18 03","야","화","1","0","0","0","0","경기","양주시","차량단독","전복","전복","안전운전 의무 불이행","단일로","기타단일로","승용차","없음","951447","1979829","126.9483586","37.81690626","N"
"2018","2018-12-18 05","야","화","1","0","0","0","0","경북","문경시","차대차","추돌","추돌","안전운전 의무 불이행","단일로","기타단일로","화물차","화물차","1057530","1850244","128.1436228","36.64837064","N"
"2018","2018-12-18 06","주","화","1","0","0","0","0","충남","아산시","차대차","추돌","추돌","안전거리 미확보","단일로","기타단일로","화물차","화물차","954151","1851610","126.9869725","36.66131897","N"
"2018","2018-12-18 06","주","화","1","0","0","0","0","경기","남양주시","차대사람","횡단중","횡단중","안전운전 의무 불이행","교차로","교차로내","화물차","보행자","973313","1971256","127.197103","37.74053831","N"
"2018","2018-12-18 07","주","화","1","0","0","0","0","경기","광주시","차대차","추돌","추돌","안전운전 의무 불이행","기타","기타","승합차","화물차","985754","1924852","127.3392078","37.3225503","N"
"2018","2018-12-18 07","주","화","1","0","0","0","0","충남","홍성군","차대사람","횡단중","횡단중","안전운전 의무 불이행","교차로","교차로내","승용차","보행자","924847","1848298","126.6594256","36.62960103","N"
"2018","2018-12-18 08","주","화","1","1","1","0","0","경기","고양시","차대차","추돌","추돌","안전운전 의무 불이행","단일로","기타단일로","승합차","화물차","932279","1965086","126.7319688","37.68281425","N"
"2018","2018-12-18 11","주","화","1","0","0","0","0","충남","천안시","차대사람","기타","기타","안전운전 의무 불이행","교차로","교차로부근","화물차","보행자","968490","1875443","127.1464303","36.87674717","N"
"2018","2018-12-18 16","주","화","1","1","0","1","0","전북","완주군","차대차","측면충돌","측면충돌","교차로 통행방법 위반","교차로","교차로내","이륜차","승용차","973739.8","1775141.3","127.208734","35.97266953","N"
"2018","2018-12-18 17","주","화","1","0","0","0","0","충북","충주시","차대사람","횡단중","횡단중","신호위반","단일로","기타단일로","승용차","보행자","1036273","1885983","127.9075189","36.97158705","N"
"2018","2018-12-18 18","야","화","1","0","0","0","0","충남","부여군","차대차","정면충돌","정면충돌","중앙선 침범","단일로","기타단일로","이륜차","승용차","929623","1810385","126.7162865","36.28820292","N"
"2018","2018-12-18 18","야","화","1","1","1","0","0","대전","유성구","차대차","기타","기타","중앙선 침범","단일로","기타단일로","승용차","화물차","980514","1818150","127.2828026","36.36057883","N"
"2018","2018-12-18 19","야","화","1","0","0","0","0","인천","중구","차대사람","횡단중","횡단중","신호위반","교차로","교차로횡단보도내","승용차","보행자","923560","1941349","126.6355721","37.46819868","N"
"2018","2018-12-18 22","야","화","1","0","0","0","0","서울","구로구","차대사람","보도통행중","보도통행중","보행자 보호의무 위반","교차로","교차로횡단보도내","승합차","보행자","945726","1944557","126.8859857","37.49868077","N"
"2018","2018-12-19 03","야","수","1","0","0","0","0","경남","양산시","차량단독","공작물충돌","공작물충돌","안전운전 의무 불이행","단일로","기타단일로","승용차","없음","1140553","1710266","129.0473695","35.3781702","N"
"2018","2018-12-19 05","야","수","1","0","0","0","0","경기","양평군","차대차","기타","기타","안전운전 의무 불이행","단일로","기타단일로","승용차","화물차","988982","1946812","127.3753139","37.52053649","N"
"2018","2018-12-19 05","야","수","1","0","0","0","0","전북","군산시","차대사람","횡단중","횡단중","안전운전 의무 불이행","단일로","기타단일로","승용차","보행자","922164.4","1773971.5","126.6368374","35.95937194","N"
"2018","2018-12-19 06","주","수","1","0","0","0","0","경기","평택시","차대사람","횡단중","횡단중","안전운전 의무 불이행","교차로","교차로내","승용차","보행자","958711","1897197","127.0355141","37.07246438","N"
"2018","2018-12-19 06","주","수","1","0","0","0","0","충북","충주시","차대차","기타","기타","안전운전 의무 불이행","단일로","기타단일로","화물차","화물차","1020234","1895237","127.7275748","37.05548747","N"
"2018","2018-12-19 06","주","수","1","0","0","0","0","경남","진주시","차량단독","전도","전도","안전운전 의무 불이행","교차로","교차로부근","이륜차","없음","1051826","1686764","128.0691559","35.17482461","N"
"2018","2018-12-19 07","주","수","1","0","0","0","0","경북","문경시","차대차","정면충돌","정면충돌","중앙선 침범","단일로","기타단일로","승용차","승합차","1059382","1847259","128.16411","36.62134898","N"
"2018","2018-12-19 09","주","수","1","0","0","0","0","전남","고흥군","차량단독","전도","전도","안전운전 의무 불이행","단일로","기타단일로","사륜오토바이(ATV)","없음","983803","1610558","127.323592","34.48883234","N"
"2018","2018-12-19 12","주","수","1","0","0","0","0","경북","구미시","차대차","측면충돌","측면충돌","안전운전 의무 불이행","단일로","기타단일로","화물차","자전거","1073880","1793745","128.3211502","36.13793641","N"
"2018","2018-12-19 13","주","수","1","0","0","0","0","경북","경주시","차대사람","횡단중","횡단중","안전운전 의무 불이행","단일로","기타단일로","승용차","보행자","1164478","1750499","129.3188295","35.73709361","N"
"2018","2018-12-19 17","주","수","2","0","0","0","0","전북","고창군","차대차","추돌","추돌","안전운전 의무 불이행","교차로","교차로내","승합차","화물차","918734.3","1716624","126.6046026","35.44208841","N"
"2018","2018-12-19 18","야","수","1","0","0","0","0","경북","경주시","차대사람","차도통행중","차도통행중","안전운전 의무 불이행","단일로","기타단일로","승용차","보행자","1164050","1748956","129.3137833","35.72325981","N"
"2018","2018-12-19 19","야","수","1","0","0","0","0","충남","아산시","차대사람","횡단중","횡단중","안전운전 의무 불이행","단일로","기타단일로","승용차","보행자","958493","1876947","127.0341759","36.88991803","N"
"2018","2018-12-19 19","야","수","1","0","0","0","0","제주","제주시","차대사람","횡단중","횡단중","안전운전 의무 불이행","단일로","기타단일로","승용차","보행자","886711","1494802","126.2812264","33.43897065","N"
"2018","2018-12-19 20","야","수","1","0","0","0","0","경기","평택시","차대차","측면충돌","측면충돌","신호위반","교차로","교차로내","승용차","이륜차","966688","1888224","127.1256476","36.99189754","N"
"2018","2018-12-20 04","야","목","1","0","0","0","0","충북","청주시","차대차","측면충돌","측면충돌","안전운전 의무 불이행","교차로","교차로횡단보도내","승용차","자전거","993705","1847600","127.4295937","36.62625304","N"
"2018","2018-12-20 04","야","목","1","0","0","0","0","경기","남양주시","차대사람","횡단중","횡단중","안전운전 의무 불이행","교차로","교차로내","승용차","보행자","965765","1961282","127.1119038","37.65038978","N"
"2018","2018-12-20 05","야","목","1","0","0","0","0","경기","평택시","차대사람","횡단중","횡단중","과속","교차로","교차로내","승용차","보행자","963064","1889684","127.0848514","37.00492285","N"
"2018","2018-12-20 06","주","목","1","1","0","1","0","충북","청주시","차대사람","횡단중","횡단중","안전운전 의무 불이행","교차로","교차로횡단보도내","승용차","보행자","1000227","1845104","127.5025381","36.60377234","N"
"2018","2018-12-20 06","주","목","1","1","0","1","0","경남","진주시","차대차","추돌","추돌","안전운전 의무 불이행","단일로","기타단일로","승용차","승용차","1054458","1682018","128.0977462","35.13189199","N"
"2018","2018-12-20 06","주","목","1","0","0","0","0","경남","밀양시","차대사람","길가장자리구역통행중","길가장자리구역통행중","안전운전 의무 불이행","단일로","기타단일로","승용차","보행자","1115189","1715026","128.7688734","35.42433308","N"
"2018","2018-12-20 07","주","목","1","0","0","0","0","경기","이천시","차대차","정면충돌","정면충돌","안전운전 의무 불이행","단일로","기타단일로","승용차","이륜차","996934","1919042","127.4654185","37.27028329","N"
"2018","2018-12-20 07","주","목","1","0","0","0","0","경기","김포시","차대차","기타","기타","기타","단일로","기타단일로","특수차","화물차","919932","1968384","126.5915924","37.7115416","N"
"2018","2018-12-20 13","주","목","1","0","0","0","0","경기","김포시","차대차","기타","기타","안전운전 의무 불이행","단일로","기타단일로","승용차","이륜차","922531","1962831","126.6216664","37.66171968","N"
"2018","2018-12-20 15","주","목","1","0","0","0","0","서울","구로구","차대사람","기타","기타","안전운전 의무 불이행","교차로","교차로내","건설기계","보행자","942490","1944647","126.8493711","37.499296","N"
"2018","2018-12-20 17","주","목","4","1","1","0","0","강원","화천군","차량단독","도로이탈","도로이탈 기타","과속","단일로","기타단일로","승용차","없음","1021341","2017694","127.7435986","38.15921946","N"
"2018","2018-12-20 18","야","목","1","0","0","0","0","부산","사하구","차대사람","횡단중","횡단중","보행자 보호의무 위반","교차로","교차로횡단보도내","승용차","보행자","1133115","1678428.1","128.960354","35.09219967","N"
"2018","2018-12-20 18","야","목","1","0","0","0","0","충남","부여군","차대사람","길가장자리구역통행중","길가장자리구역통행중","안전운전 의무 불이행","단일로","기타단일로","특수차","보행자","944732","1808369","126.884672","36.27101304","N"
"2018","2018-12-20 18","야","목","1","0","0","0","0","제주","서귀포시","차대사람","기타","기타","안전운전 의무 불이행","단일로","기타단일로","승용차","보행자","891913","1473753","126.3397003","33.24968771","N"
"2018","2018-12-20 18","야","목","1","0","0","0","0","대구","동구","차대사람","차도통행중","차도통행중","안전운전 의무 불이행","기타","기타","승용차","보행자","1103558","1765547","128.6472703","35.88104104","N"
"2018","2018-12-20 18","야","목","1","0","0","0","0","울산","울주군","차대사람","차도통행중","차도통행중","안전운전 의무 불이행","단일로","기타단일로","승용차","보행자","1157786","1725934","129.2400543","35.5168017","N"
"2018","2018-12-20 19","야","목","1","0","0","0","0","제주","서귀포시","차대사람","횡단중","횡단중","안전운전 의무 불이행","교차로","교차로내","승용차","보행자","898839","1474274","126.4139799","33.25505769","N"
"2018","2018-12-20 20","야","목","1","0","0","0","0","충남","아산시","차대사람","기타","기타","안전운전 의무 불이행","단일로","기타단일로","승용차","보행자","961900","1867751","127.0728723","36.80716527","N"
"2018","2018-12-20 20","야","목","1","0","0","0","0","경기","의정부시","차대사람","횡단중","횡단중","보행자 보호의무 위반","교차로","교차로부근","화물차","보행자","958608","1973002","127.0301063","37.75572795","N"
"2018","2018-12-20 21","야","목","1","1","1","0","0","강원","원주시","차량단독","공작물충돌","공작물충돌","안전운전 의무 불이행","단일로","기타단일로","승용차","없음","1035316.8","1916677.3","127.8982225","37.24830323","N"
"2018","2018-12-21 01","야","금","1","0","0","0","0","경기","남양주시","차대사람","기타","기타","안전운전 의무 불이행","단일로","기타단일로","승용차","보행자","971139","1963482","127.1727367","37.67040366","N"
"2018","2018-12-21 02","야","금","1","0","0","0","0","충남","공주시","차량단독","전도","전도","안전운전 의무 불이행","기타","기타","화물차","없음","967396","1827555","127.1361921","36.4450111","N"
"2018","2018-12-21 05","야","금","1","0","0","0","0","경기","의정부시","차대사람","기타","기타","안전운전 의무 불이행","단일로","기타단일로","화물차","보행자","963438","1970189","127.0850779","37.73058007","N"
"2018","2018-12-21 06","주","금","1","0","0","0","0","서울","강남구","차대사람","횡단중","횡단중","안전운전 의무 불이행","단일로","기타단일로","화물차","보행자","959992","1945399","127.047329","37.50699866","N"
"2018","2018-12-21 06","주","금","1","0","0","0","0","부산","연제구","차대사람","길가장자리구역통행중","길가장자리구역통행중","안전운전 의무 불이행","단일로","기타단일로","승합차","보행자","1144623","1688353","129.0882995","35.18007439","N"
"2018","2018-12-21 07","주","금","1","0","0","0","0","충남","천안시","차대사람","기타","기타","안전운전 의무 불이행","단일로","기타단일로","화물차","보행자","967102","1884183","127.1304761","36.95548541","N"
"2018","2018-12-21 09","주","금","1","0","0","0","0","경기","남양주시","차대사람","횡단중","횡단중","안전운전 의무 불이행","단일로","기타단일로","건설기계","보행자","982941","1961521","127.306608","37.65302385","N"
"2018","2018-12-21 11","주","금","1","0","0","0","0","전남","해남군","차량단독","기타","기타","안전운전 의무 불이행","단일로","기타단일로","화물차","없음","903420","1628439","126.4461523","34.6456581","N"
"2018","2018-12-21 16","주","금","1","0","0","0","0","경기","부천시","차대사람","보도통행중","보도통행중","보행자 보호의무 위반","교차로","교차로횡단보도내","승용차","보행자","933812","1943629","126.7512929","37.48953937","N"
"2018","2018-12-21 17","주","금","1","0","0","0","0","경북","포항시","차대사람","횡단중","횡단중","안전운전 의무 불이행","단일로","기타단일로","승용차","보행자","1166852","1778635","129.3509574","35.99024001","N"
"2018","2018-12-21 17","주","금","1","0","0","0","0","경남","창녕군","차대사람","횡단중","횡단중","안전운전 의무 불이행","교차로","교차로내","승용차","보행자","1082253","1723998","128.4070208","35.50848829","N"
"2018","2018-12-21 17","주","금","1","0","0","0","0","인천","남동구","차대사람","횡단중","횡단중","안전운전 의무 불이행","단일로","기타단일로","승합차","보행자","932768","1938977","126.739909","37.44753584","N"
"2018","2018-12-21 17","주","금","1","1","0","0","1","경기","남양주시","차대차","측면충돌","측면충돌","신호위반","교차로","교차로내","이륜차","화물차","967514","1962728","127.1316661","37.66348648","N"
"2018","2018-12-21 18","야","금","1","0","0","0","0","충남","서천군","차대차","정면충돌","정면충돌","중앙선 침범","단일로","기타단일로","승용차","자전거","928895","1788873","126.7101302","36.09422325","N"
"2018","2018-12-21 18","야","금","1","0","0","0","0","전북","익산시","차대사람","길가장자리구역통행중","길가장자리구역통행중","안전운전 의무 불이행","단일로","기타단일로","승합차","보행자","955638","1780997","127.0076345","36.02480696","N"
"2018","2018-12-21 23","야","금","1","0","0","0","0","광주","동구","차대차","측면충돌","측면충돌","안전거리 미확보","단일로","기타단일로","이륜차","승합차","946682","1684501","126.9146059","35.15434167","N"
"2018","2018-12-21 23","야","금","1","0","0","0","0","경기","양주시","차량단독","공작물충돌","공작물충돌","안전운전 의무 불이행","교차로","교차로내","승용차","없음","958417","1976248","127.027752","37.7849753","N"
"2018","2018-12-22 08","주","토","1","0","0","0","0","경북","예천군","차대사람","차도통행중","차도통행중","과속","단일로","기타단일로","승용차","보행자","1089753","1846922","128.5036914","36.61593439","N"
"2018","2018-12-22 11","주","토","2","6","4","2","0","강원","평창군","차대차","정면충돌","정면충돌","중앙선 침범","단일로","기타단일로","승용차","승용차","1081260.1","1935501.2","128.4182858","37.41508352","Y"
"2018","2018-12-22 13","주","토","1","1","1","0","0","경북","청도군","차대차","정면충돌","정면충돌","중앙선 침범","교차로","교차로부근","화물차","화물차","1117469","1744824","128.7983084","35.69267452","N"
"2018","2018-12-22 16","주","토","1","2","2","0","0","충남","논산시","차대차","기타","기타","안전운전 의무 불이행","단일로","기타단일로","승합차","승용차","970996","1795946","127.1775369","36.16016076","N"
"2018","2018-12-22 17","주","토","1","1","0","1","0","경기","남양주시","차대사람","횡단중","횡단중","안전운전 의무 불이행","교차로","교차로부근","화물차","보행자","970431","1966978","127.1645668","37.70189136","N"
"2018","2018-12-22 18","야","토","1","0","0","0","0","전남","곡성군","차대사람","길가장자리구역통행중","길가장자리구역통행중","안전운전 의무 불이행","단일로","기타단일로","화물차","보행자","981886.6","1699826.7","127.3007861","35.29378528","N"
"2018","2018-12-22 19","야","토","1","0","0","0","0","경북","포항시","차대사람","차도통행중","차도통행중","안전운전 의무 불이행","단일로","기타단일로","승용차","보행자","1168831","1786884","129.3746616","36.06423164","N"
"2018","2018-12-22 20","야","토","1","0","0","0","0","경기","여주시","차대사람","차도통행중","차도통행중","안전운전 의무 불이행","단일로","기타단일로","승용차","보행자","1011512","1932413","127.6300516","37.39074202","N"
"2018","2018-12-22 20","야","토","1","0","0","0","0","경남","김해시","차대사람","횡단중","횡단중","보행자 보호의무 위반","단일로","기타단일로","승합차","보행자","1125817","1693213","128.8825655","35.22641703","N"
"2018","2018-12-22 21","야","토","1","0","0","0","0","제주","서귀포시","차대사람","기타","기타","안전운전 의무 불이행","단일로","기타단일로","승용차","보행자","944894","1492984","126.9072314","33.42714572","N"
"2018","2018-12-23 04","야","일","1","0","0","0","0","전남","순천시","차대사람","기타","기타","과속","단일로","기타단일로","승용차","보행자","998938","1660615","127.4883703","34.9403664","N"
"2018","2018-12-23 04","야","일","1","0","0","0","0","대구","북구","차대차","기타","기타","안전운전 의무 불이행","단일로","기타단일로","화물차","자전거","1094809","1772564","128.5511961","35.94518277","N"
"2018","2018-12-23 05","야","일","1","0","0","0","0","전남","여수시","차대사람","횡단중","횡단중","신호위반","교차로","교차로부근","승용차","보행자","1020123","1637788","127.7198137","34.73432197","N"
"2018","2018-12-23 11","주","일","1","0","0","0","0","제주","제주시","차대차","기타","기타","신호위반","교차로","교차로부근","승용차","이륜차","908633","1500507","126.5164505","33.4925139","N"
"2018","2018-12-23 12","주","일","1","0","0","0","0","강원","강릉시","차대차","후진중충돌","후진중충돌","안전운전 의무 불이행","단일로","기타단일로","승용차","승용차","1124150","1972839","128.9091842","37.74677054","N"