"발생년","발생년월일시","주야","요일","사망자수","부상자수","중상자수","경상자수","부상신고자수","발생지시도","발생지시군구","사고유형_대분류","사고유형_중분류","사고유형","가해자법규위반","도로형태_대분류","도로형태","가해자_당사자종별","피해자_당사자종별","발생위치(X_UTMK)","발생위치(Y_UTMK)","경도","위도"," 어린이사고 여부"
"2018","2018-12-23 12","주","일","1","2","1","1","0","경북","경산시","차대차","추돌","추돌","안전운전 의무 불이행","단일로","기타단일로","화물차","화물차","1120735","1756612","128.8361715","35.79853535","N"
"2018","2018-12-23 13","주","일","1","3","0","2","1","전남","화순군","차대사람","기타","기타","보행자 보호의무 위반","교차로","교차로내","화물차","보행자","952912","1673529","126.9836286","35.05571922","N"
"2018","2018-12-23 15","주","일","1","0","0","0","0","강원","평창군","차량단독","공작물충돌","공작물충돌","안전운전 의무 불이행","단일로","기타단일로","화물차","없음","1077765","1958660","128.381245","37.62410402","N"
"2018","2018-12-23 15","주","일","1","0","0","0","0","경북","경산시","차대차","측면충돌","측면충돌","중앙선 침범","단일로","기타단일로","화물차","이륜차","1116721","1764921","128.7929738","35.87391721","N"
"2018","2018-12-23 22","야","일","1","0","0","0","0","서울","강남구","차대사람","횡단중","횡단중","신호위반","단일로","기타단일로","승용차","보행자","960781","1947051","127.0561677","37.52192263","N"
"2018","2018-12-24 03","야","월","1","0","0","0","0","부산","연제구","차대사람","차도통행중","차도통행중","과속","단일로","기타단일로","승용차","보행자","1145534","1689236","129.0984568","35.18790185","N"
"2018","2018-12-24 04","야","월","1","0","0","0","0","인천","미추홀구","차대사람","기타","기타","보행자 보호의무 위반","교차로","교차로횡단보도내","승합차","보행자","924854","1940995","126.65024","37.46511431","N"
"2018","2018-12-24 05","야","월","1","0","0","0","0","서울","서초구","차대차","기타","기타","안전운전 의무 불이행","단일로","기타단일로","승용차","승용차","959188.7","1940745.3","127.0384984","37.46501785","N"
"2018","2018-12-24 05","야","월","1","0","0","0","0","경기","안산시","차대사람","횡단중","횡단중","안전운전 의무 불이행","단일로","기타단일로","화물차","보행자","943301","1926126","126.8599678","37.33241214","N"
"2018","2018-12-24 05","야","월","1","0","0","0","0","대구","서구","차대사람","차도통행중","차도통행중","안전운전 의무 불이행","단일로","기타단일로","화물차","보행자","1096687.8","1763941.9","128.5709762","35.86727459","N"
"2018","2018-12-24 06","주","월","1","0","0","0","0","광주","북구","차대사람","횡단중","횡단중","안전운전 의무 불이행","단일로","기타단일로","화물차","보행자","946769","1688102","126.9153286","35.18681548","N"
"2018","2018-12-24 07","주","월","1","0","0","0","0","전북","익산시","차대차","측면충돌","측면충돌","기타","교차로","교차로내","자전거","승용차","951178.5","1772958.6","126.9586366","35.95212288","N"
"2018","2018-12-24 08","주","월","1","0","0","0","0","경기","시흥시","차대사람","횡단중","횡단중","보행자 보호의무 위반","교차로","교차로횡단보도내","화물차","보행자","931502","1927689","126.7266435","37.34570418","N"
"2018","2018-12-24 08","주","월","1","0","0","0","0","경남","양산시","차대차","측면충돌","측면충돌","안전운전 의무 불이행","교차로","교차로내","승용차","자전거","1153183","1716002","129.1874409","35.42800795","N"
"2018","2018-12-24 09","주","월","1","0","0","0","0","경기","용인시","차대사람","횡단중","횡단중","안전운전 의무 불이행","교차로","교차로횡단보도내","화물차","보행자","974222","1914977","127.2093917","37.23328969","N"
"2018","2018-12-24 09","주","월","1","0","0","0","0","대전","중구","차대사람","횡단중","횡단중","보행자 보호의무 위반","교차로","교차로내","승용차","보행자","992010.8","1813868.5","127.4109934","36.32214354","N"
"2018","2018-12-24 10","주","월","1","0","0","0","0","전남","영광군","차량단독","공작물충돌","공작물충돌","안전운전 의무 불이행","단일로","기타단일로","원동기장치자전거","없음","912993","1697391","126.543399","35.26820476","N"
"2018","2018-12-24 17","주","월","1","0","0","0","0","충남","논산시","차대사람","차도통행중","차도통행중","안전운전 의무 불이행","단일로","기타단일로","승용차","보행자","961209","1790664","127.0689891","36.11219853","N"
"2018","2018-12-24 18","야","월","1","0","0","0","0","경북","성주군","차대사람","횡단중","횡단중","안전운전 의무 불이행","단일로","기타단일로","승용차","보행자","1073576","1772751","128.3158168","35.94869945","N"
"2018","2018-12-24 19","야","월","1","0","0","0","0","경기","성남시","차대사람","차도통행중","차도통행중","안전운전 의무 불이행","단일로","기타단일로","승용차","보행자","963087.8","1935433.6","127.0828549","37.41730472","N"
"2018","2018-12-24 20","야","월","1","0","0","0","0","서울","종로구","차대사람","차도통행중","차도통행중","안전운전 의무 불이행","단일로","기타단일로","승합차","보행자","953300.5","1952399.8","126.9711752","37.56978404","N"
"2018","2018-12-24 20","야","월","1","0","0","0","0","경북","경주시","차대사람","차도통행중","차도통행중","안전운전 의무 불이행","단일로","기타단일로","화물차","보행자","1153748","1748044","129.1997533","35.71670326","N"
"2018","2018-12-24 20","야","월","1","0","0","0","0","경남","창원시(통합)","차대사람","차도통행중","차도통행중","안전운전 의무 불이행","단일로","기타단일로","승용차","보행자","1093388","1689593","128.5258619","35.19732578","N"
"2018","2018-12-25 01","야","화","1","0","0","0","0","인천","계양구","차대차","측면충돌","측면충돌","안전운전 의무 불이행","단일로","기타단일로","승용차","화물차","932885","1947483","126.7404558","37.52420803","N"
"2018","2018-12-25 05","야","화","1","0","0","0","0","서울","양천구","차대사람","차도통행중","차도통행중","안전운전 의무 불이행","단일로","기타단일로","건설기계","보행자","941006","1947532","126.8323516","37.52520495","N"
"2018","2018-12-25 18","야","화","1","0","0","0","0","경북","경산시","차대차","측면충돌","측면충돌","안전운전 의무 불이행","교차로","교차로부근","승용차","화물차","1111249","1757767","128.7313735","35.81006749","N"
"2018","2018-12-25 19","야","화","1","0","0","0","0","경남","창원시(통합)","차량단독","도로이탈","도로이탈 추락","안전운전 의무 불이행","기타","기타","사륜오토바이(ATV)","없음","1106732","1704601","128.6743701","35.33129481","N"
"2018","2018-12-26 05","야","수","1","0","0","0","0","전북","익산시","차대사람","횡단중","횡단중","안전운전 의무 불이행","교차로","교차로횡단보도내","승용차","보행자","950714","1774411","126.9533959","35.96519379","N"
"2018","2018-12-26 05","야","수","1","1","0","0","1","대구","북구","차대차","기타","기타","안전운전 의무 불이행","단일로","기타단일로","특수차","승용차","1097608","1768684","128.5817486","35.90993096","N"
"2018","2018-12-26 05","야","수","1","1","0","0","1","인천","미추홀구","차대차","추돌","추돌","안전운전 의무 불이행","단일로","교량위","화물차","특수차","923794","1938538","126.6385087","37.44288327","N"
"2018","2018-12-26 08","주","수","1","2","2","0","0","충북","제천시","차대차","측면충돌","측면충돌","중앙선 침범","단일로","기타단일로","승용차","승용차","1052207","1879957","128.0861103","36.91651908","N"
"2018","2018-12-26 10","주","수","1","0","0","0","0","강원","춘천시","차대차","정면충돌","정면충돌","신호위반","교차로","교차로내","승용차","이륜차","1019601.8","1988140.5","127.7229379","37.89289943","N"
"2018","2018-12-26 15","주","수","1","3","3","0","0","경북","경주시","차대차","정면충돌","정면충돌","중앙선 침범","단일로","터널안","화물차","승용차","1177268","1749102","129.4598838","35.7222844","N"
"2018","2018-12-26 16","주","수","1","0","0","0","0","경기","안양시","차대차","측면충돌","측면충돌","기타","교차로","교차로부근","자전거","승합차","952235","1933135","126.9603603","37.39609013","N"
"2018","2018-12-26 16","주","수","1","0","0","0","0","경남","김해시","차대사람","보도통행중","보도통행중","보행자 보호의무 위반","교차로","교차로횡단보도내","화물차","보행자","1119687","1691561","128.8149807","35.21227524","N"
"2018","2018-12-26 17","주","수","1","0","0","0","0","충남","청양군","차대차","측면충돌","측면충돌","교차로 통행방법 위반","교차로","교차로부근","승용차","사륜오토바이(ATV)","935914","1823574","126.7852516","36.40753663","N"
"2018","2018-12-26 20","야","수","1","1","1","0","0","전남","목포시","차대사람","횡단중","횡단중","안전운전 의무 불이행","단일로","기타단일로","승합차","보행자","899301","1646061","126.3991099","34.80414464","N"
"2018","2018-12-27 00","야","목","1","0","0","0","0","경기","오산시","차대사람","횡단중","횡단중","과속","단일로","기타단일로","승용차","보행자","961421","1905704","127.065562","37.14926195","N"
"2018","2018-12-27 00","야","목","1","0","0","0","0","광주","서구","차대사람","횡단중","횡단중","안전운전 의무 불이행","단일로","기타단일로","승용차","보행자","941785.4","1680941.3","126.8610983","35.12197335","N"
"2018","2018-12-27 01","야","목","1","0","0","0","0","경기","안산시","차량단독","기타","기타","안전운전 의무 불이행","교차로","교차로내","원동기장치자전거","없음","939172","1922412","126.813666","37.29867544","N"
"2018","2018-12-27 04","야","목","1","0","0","0","0","대전","동구","차대차","추돌","추돌","안전운전 의무 불이행","단일로","기타단일로","승용차","승용차","998069","1806668","127.4785048","36.25725859","N"
"2018","2018-12-27 09","주","목","1","0","0","0","0","강원","삼척시","차대사람","기타","기타","안전운전 의무 불이행","단일로","기타단일로","승용차","보행자","1147361.9","1939337.3","129.1658162","37.44148674","N"
"2018","2018-12-27 10","주","목","1","0","0","0","0","경북","안동시","차량단독","도로이탈","도로이탈 추락","기타","단일로","기타단일로","승용차","없음","1116366","1857303","128.802814","36.70661629","N"
"2018","2018-12-27 13","주","목","1","0","0","0","0","경기","성남시","차대사람","횡단중","횡단중","안전운전 의무 불이행","교차로","교차로내","화물차","보행자","968885","1939179","127.1482099","37.45127725","N"
"2018","2018-12-27 14","주","목","1","0","0","0","0","경기","여주시","차량단독","기타","기타","안전운전 의무 불이행","단일로","기타단일로","승용차","없음","1001759","1930441","127.5198668","37.37303656","N"
"2018","2018-12-27 18","야","목","1","4","4","0","0","충북","청주시","차대차","측면충돌","측면충돌","신호위반","교차로","교차로내","승용차","승용차","999882.7","1834967.6","127.49869","36.51239169","N"
"2018","2018-12-27 18","야","목","1","0","0","0","0","전남","광양시","차대사람","기타","기타","안전운전 의무 불이행","단일로","기타단일로","승용차","보행자","1005712","1665799","127.5625863","34.98709752","N"
"2018","2018-12-27 19","야","목","1","0","0","0","0","경기","김포시","차대사람","차도통행중","차도통행중","안전거리 미확보","교차로","교차로부근","특수차","보행자","925891","1962930","126.6597478","37.66288942","N"
"2018","2018-12-28 00","야","금","1","0","0","0","0","경기","용인시","차대사람","횡단중","횡단중","안전운전 의무 불이행","단일로","기타단일로","승합차","보행자","963611","1924589","127.0893006","37.31957616","N"
"2018","2018-12-28 00","야","금","1","0","0","0","0","충북","음성군","차대사람","차도통행중","차도통행중","안전운전 의무 불이행","교차로","교차로부근","승용차","보행자","999313","1886498","127.4922812","36.97692861","N"
"2018","2018-12-28 00","야","금","1","2","1","1","0","경기","파주시","차대차","정면충돌","정면충돌","신호위반","교차로","교차로내","승용차","승합차","934048","1970270","126.7515599","37.72966441","N"
"2018","2018-12-28 02","야","금","2","3","1","2","0","경기","구리시","차대차","정면충돌","정면충돌","중앙선 침범","단일로","기타단일로","승용차","승용차","967961.9","1955392.9","127.1370661","37.59738888","N"
"2018","2018-12-28 06","주","금","1","0","0","0","0","경기","수원시","차대사람","횡단중","횡단중","과속","교차로","교차로부근","승용차","보행자","958791","1918081","127.0352628","37.26071376","N"
"2018","2018-12-28 16","주","금","1","0","0","0","0","대전","중구","차대사람","기타","기타","신호위반","교차로","교차로횡단보도내","승용차","보행자","990779.7","1813479","127.3972825","36.31862103","N"
"2018","2018-12-28 20","야","금","1","0","0","0","0","경북","경주시","차대사람","횡단중","횡단중","안전운전 의무 불이행","단일로","지하차도(도로)내","승용차","보행자","1164504","1750401","129.3190968","35.73620611","N"
"2018","2018-12-28 20","야","금","1","0","0","0","0","대전","동구","차대사람","횡단중","횡단중","안전운전 의무 불이행","교차로","교차로부근","승합차","보행자","994831","1813457","127.4424156","36.31845295","N"
"2018","2018-12-28 23","야","금","1","0","0","0","0","경남","거제시","차량단독","공작물충돌","공작물충돌","안전운전 의무 불이행","단일로","기타단일로","승용차","없음","1100299","1650160","128.5970078","34.8411409","N"
"2018","2018-12-29 06","주","토","1","2","0","2","0","광주","광산구","차대차","추돌","추돌","안전거리 미확보","단일로","교량위","화물차","화물차","938098","1685303","126.8203049","35.16108097","N"
"2018","2018-12-29 16","주","토","1","2","2","0","0","서울","중구","차대차","추돌","추돌","과속","단일로","터널안","승용차","건설기계","955681","1949858","126.9982846","37.54699188","N"
"2018","2018-12-29 18","야","토","1","1","0","1","0","경기","양평군","차대차","기타","기타","안전거리 미확보","단일로","기타단일로","화물차","건설기계","1000274","1944676","127.5031","37.5013491","N"
"2018","2018-12-29 19","야","토","1","1","0","1","0","경기","오산시","차대차","측면충돌","측면충돌","신호위반","교차로","교차로내","승합차","승합차","962619","1906772","127.0789989","37.15893753","N"
"2018","2018-12-29 19","야","토","1","0","0","0","0","전남","영암군","차대차","기타","기타","신호위반","교차로","교차로내","승합차","원동기장치자전거","925505","1645225","126.6856287","34.79886088","N"
"2018","2018-12-29 20","야","토","1","0","0","0","0","전북","전주시","차대사람","횡단중","횡단중","과속","교차로","교차로횡단보도내","승용차","보행자","969239","1761737.7","127.1593324","35.85169224","N"
"2018","2018-12-29 22","야","토","1","0","0","0","0","경기","부천시","차대차","후진중충돌","후진중충돌","안전운전 의무 불이행","교차로","교차로내","승용차","승용차","937206","1944499","126.7896082","37.49761772","N"
"2018","2018-12-30 00","야","일","1","0","0","0","0","강원","강릉시","차량단독","공작물충돌","공작물충돌","안전운전 의무 불이행","단일로","기타단일로","화물차","없음","1124182","1974083","128.90976","37.75797531","N"
"2018","2018-12-30 04","야","일","1","0","0","0","0","서울","강북구","차대사람","횡단중","횡단중","안전운전 의무 불이행","단일로","기타단일로","승용차","보행자","957823","1957100","127.0221154","37.61236624","N"
"2018","2018-12-30 06","주","일","1","0","0","0","0","대구","동구","차대사람","횡단중","횡단중","안전운전 의무 불이행","교차로","교차로내","승용차","보행자","1111366","1764545","128.7336141","35.87115172","N"
"2018","2018-12-30 10","주","일","1","0","0","0","0","서울","서초구","차량단독","공작물충돌","공작물충돌","안전운전 의무 불이행","단일로","기타단일로","이륜차","없음","954140","1945112","126.9811367","37.50413956","N"
"2018","2018-12-30 15","주","일","1","1","0","1","0","경기","평택시","차대차","측면충돌","측면충돌","신호위반","교차로","교차로내","이륜차","승합차","966067","1888699","127.1186478","36.99615709","N"
"2018","2018-12-30 20","야","일","1","0","0","0","0","전남","광양시","차대사람","횡단중","횡단중","안전운전 의무 불이행","단일로","기타단일로","승용차","보행자","1018075","1659802","127.697917","34.9328745","N"
"2018","2018-12-31 06","주","월","1","0","0","0","0","전남","나주시","차대사람","횡단중","횡단중","과속","교차로","교차로부근","승용차","보행자","933906","1669917","126.7755073","35.02208488","N"
"2018","2018-12-31 12","주","월","1","2","0","2","0","충남","천안시","차대차","추돌","추돌","안전운전 의무 불이행","단일로","기타단일로","화물차","화물차","968489","1876939","127.1463569","36.89023273","N"
"2018","2018-12-31 14","주","월","1","4","2","2","0","대구","달서구","차대차","정면충돌","정면충돌","중앙선 침범","교차로","교차로부근","승용차","승용차","1089566","1762066","128.4918909","35.85104103","N"
"2018","2018-12-31 15","주","월","1","0","0","0","0","경북","군위군","차량단독","전도","전도","안전운전 의무 불이행","단일로","기타단일로","이륜차","없음","1088591","1805450","128.4859597","36.24221654","N"
"2018","2018-12-31 18","야","월","1","1","1","0","0","경남","양산시","차량단독","공작물충돌","공작물충돌","안전운전 의무 불이행","교차로","교차로내","승용차","없음","1138495","1706055","129.0240063","35.34050149","N"
"2018","2018-12-31 20","야","월","1","0","0","0","0","서울","용산구","차대사람","기타","기타","안전운전 의무 불이행","단일로","기타단일로","승용차","보행자","951972","1948328","126.9563985","37.53301583","N"
"2019","2019-01-01 00","야","화","1","0","0","0","0","부산","해운대구","차대사람","기타","기타","중앙선 침범","교차로","교차로내","승용차","보행자","1150507","1685987","129.1524645","35.15788411","N"
"2019","2019-01-01 03","야","화","1","0","0","0","0","경기","안산시","차대차","정면충돌","정면충돌","중앙선 침범","단일로","기타단일로","승용차","승용차","943018","1921233","126.857149","37.28829231","N"
"2019","2019-01-01 16","주","화","1","0","0","0","0","경북","청도군","차대차","측면충돌","측면충돌","안전운전 의무 불이행","교차로","교차로부근","승용차","사륜오토바이(ATV)","1100414","1739893","128.6092297","35.65010817","N"
"2019","2019-01-01 19","야","화","1","0","0","0","0","대전","서구","차대사람","횡단중","횡단중","안전운전 의무 불이행","교차로","교차로부근","승용차","보행자","989194","1817621","127.3795598","36.35594639","N"
"2019","2019-01-01 21","야","화","1","0","0","0","0","경북","영천시","차대사람","기타","기타","안전운전 의무 불이행","단일로","기타단일로","승용차","보행자","1127700","1767912","128.9150412","35.89950573","N"
"2019","2019-01-02 03","야","수","1","1","1","0","0","충북","충주시","차대차","추돌","추돌","안전운전 의무 불이행","단일로","기타단일로","특수차","화물차","1029070","1892384","127.8268431","37.02953764","N"
"2019","2019-01-02 06","주","수","1","0","0","0","0","인천","계양구","차대차","기타","기타","안전운전 의무 불이행","단일로","기타단일로","승용차","기타","929876.8","1947636.2","126.7064001","37.52536494","N"
"2019","2019-01-02 10","주","수","1","0","0","0","0","서울","중구","차대사람","횡단중","횡단중","안전운전 의무 불이행","단일로","기타단일로","건설기계","보행자","955430","1952240","126.9952985","37.56844929","N"
"2019","2019-01-02 10","주","수","1","0","0","0","0","경기","광주시","차대차","측면충돌","측면충돌","중앙선 침범","교차로","교차로부근","자전거","승용차","978481","1935323","127.2568148","37.41679362","N"
"2019","2019-01-02 15","주","수","1","0","0","0","0","충남","서천군","차량단독","전도","전도","안전운전 의무 불이행","단일로","기타단일로","화물차","없음","921337","1795200","126.6255482","36.15067652","N"
"2019","2019-01-02 16","주","수","1","0","0","0","0","전북","전주시","차대사람","횡단중","횡단중","안전운전 의무 불이행","단일로","기타단일로","승용차","보행자","967706","1756943","127.1425492","35.80841378","N"
"2019","2019-01-02 18","야","수","1","0","0","0","0","전북","정읍시","차대차","추돌","추돌","안전운전 의무 불이행","단일로","기타단일로","승용차","자전거","944254","1744685","126.8838305","35.69684616","N"
"2019","2019-01-02 18","야","수","1","0","0","0","0","경남","김해시","차대차","추돌","추돌","안전운전 의무 불이행","단일로","기타단일로","화물차","자전거","1118877","1703127","128.8077579","35.31663552","N"
"2019","2019-01-02 19","야","수","1","0","0","0","0","경기","평택시","차대사람","기타","기타","안전운전 의무 불이행","단일로","기타단일로","승용차","보행자","961473","1888668","127.0670214","36.99570056","N"
"2019","2019-01-02 23","야","수","1","0","0","0","0","경남","거제시","차대사람","기타","기타","안전운전 의무 불이행","교차로","교차로내","승용차","보행자","1102011","1655579","128.6163896","34.8898279","N"
"2019","2019-01-03 03","야","목","1","0","0","0","0","전남","영암군","차량단독","공작물충돌","공작물충돌","중앙선 침범","단일로","기타단일로","승용차","없음","898187","1639048","126.3877819","34.74080413","N"
"2019","2019-01-03 07","주","목","1","0","0","0","0","울산","울주군","차량단독","도로이탈","도로이탈 기타","안전운전 의무 불이행","단일로","기타단일로","승용차","없음","1155134","1740560","129.2136267","35.64903729","N"
"2019","2019-01-03 12","주","목","1","1","0","1","0","서울","노원구","차대사람","기타","기타","안전운전 의무 불이행","단일로","기타단일로","화물차","보행자","962122","1962574","127.0705398","37.66189171","N"
"2019","2019-01-03 17","주","목","1","0","0","0","0","서울","중구","차대사람","횡단중","횡단중","안전운전 의무 불이행","단일로","기타단일로","승합차","보행자","954851","1951572","126.9887834","37.56240025","N"
"2019","2019-01-03 20","야","목","1","0","0","0","0","충남","공주시","차대차","정면충돌","정면충돌","신호위반","단일로","기타단일로","이륜차","화물차","966471","1834506","127.1255695","36.50764269","N"
"2019","2019-01-04 05","야","금","1","0","0","0","0","경기","안산시","차대차","기타","기타","신호위반","교차로","교차로횡단보도내","자전거","승용차","937483","1926422","126.7942722","37.33470658","N"
"2019","2019-01-04 07","주","금","1","0","0","0","0","대구","달서구","차대사람","횡단중","횡단중","안전운전 의무 불이행","단일로","기타단일로","화물차","보행자","1090596","1762173","128.5033081","35.85191091","N"
"2019","2019-01-04 08","주","금","1","0","0","0","0","경북","칠곡군","차대차","기타","기타","안전운전 의무 불이행","단일로","기타단일로","건설기계","승용차","1088316","1781427","128.4802025","36.02568842","N"
"2019","2019-01-04 10","주","금","1","0","0","0","0","경기","평택시","차대차","정면충돌","정면충돌","신호위반","교차로","교차로내","화물차","승용차","951345","1893594","126.9528858","37.03963375","N"
"2019","2019-01-04 15","주","금","1","0","0","0","0","경기","여주시","차대사람","횡단중","횡단중","안전운전 의무 불이행","교차로","교차로부근","화물차","보행자","1012158","1921969","127.6371781","37.29659281","N"
"2019","2019-01-05 01","야","토","1","0","0","0","0","경기","안성시","차대사람","기타","기타","안전운전 의무 불이행","단일로","기타단일로","승용차","보행자","975158","1890274","127.2207627","37.0106389","N"
"2019","2019-01-05 01","야","토","1","0","0","0","0","전북","전주시","차량단독","공작물충돌","공작물충돌","안전운전 의무 불이행","단일로","지하차도(도로)내","승용차","없음","965734","1759766","127.1206012","35.83379911","N"
"2019","2019-01-05 02","야","토","1","0","0","0","0","강원","평창군","차대사람","차도통행중","차도통행중","안전운전 의무 불이행","단일로","기타단일로","승용차","보행자","1073052.2","1955971.8","128.3275756","37.60026323","N"
"2019","2019-01-05 04","야","토","1","0","0","0","0","부산","사하구","차대사람","횡단중","횡단중","안전운전 의무 불이행","단일로","기타단일로","승용차","보행자","1134753","1675887","128.9779054","35.06907567","N"
"2019","2019-01-05 08","주","토","1","1","0","1","0","대구","동구","차대차","측면충돌","측면충돌","안전운전 의무 불이행","기타","기타","화물차","화물차","1103506","1772775","128.6476351","35.94620162","N"
"2019","2019-01-05 17","주","토","1","1","0","1","0","전남","순천시","차대차","추돌","추돌","안전운전 의무 불이행","단일로","기타단일로","화물차","화물차","1004320","1657059","127.5472889","34.90829133","N"
"2019","2019-01-06 04","야","일","1","0","0","0","0","전북","완주군","차량단독","도로이탈","도로이탈 추락","안전운전 의무 불이행","단일로","기타단일로","승용차","없음","960550","1755323","127.0634238","35.79354629","N"
"2019","2019-01-06 05","야","일","1","1","1","0","0","인천","남동구","차대사람","기타","기타","안전운전 의무 불이행","교차로","교차로부근","승용차","보행자","931877","1939094","126.7298258","37.44852515","N"
"2019","2019-01-06 12","주","일","1","0","0","0","0","대구","달성군","차대차","측면충돌","측면충돌","과속","교차로","교차로내","이륜차","특수차","1084705","1737537","128.4354742","35.63034132","N"
"2019","2019-01-06 14","주","일","1","3","2","1","0","강원","횡성군","차대차","정면충돌","정면충돌","중앙선 침범","단일로","기타단일로","승용차","승용차","1066853","1953784","128.2571537","37.5810167","N"
"2019","2019-01-06 15","주","일","1","0","0","0","0","충북","보은군","차량단독","전도","전도","안전운전 의무 불이행","단일로","교량위","원동기장치자전거","없음","1017598","1827505","127.6963653","36.4449532","N"
"2019","2019-01-06 15","주","일","1","2","1","1","0","전남","나주시","차대차","정면충돌","정면충돌","신호위반","교차로","교차로내","화물차","승용차","926228","1664316","126.6918482","34.97105161","N"
"2019","2019-01-06 18","야","일","1","0","0","0","0","전북","김제시","차대사람","기타","기타","안전운전 의무 불이행","단일로","기타단일로","승용차","보행자","945487","1756823","126.8966329","35.80634913","N"
"2019","2019-01-06 20","야","일","1","0","0","0","0","인천","연수구","차대사람","횡단중","횡단중","안전운전 의무 불이행","단일로","기타단일로","승용차","보행자","925018","1934089","126.6527963","37.40288538","N"
"2019","2019-01-06 21","야","일","1","1","0","1","0","강원","원주시","차량단독","공작물충돌","공작물충돌","안전운전 의무 불이행","단일로","기타단일로","승용차","없음","1042457","1934873","127.9797729","37.41201406","N"
"2019","2019-01-07 05","야","월","1","0","0","0","0","경남","거제시","차대차","기타","기타","신호위반","교차로","교차로내","승합차","이륜차","1102904","1655374","128.6261355","34.88788951","N"
"2019","2019-01-07 05","야","월","1","0","0","0","0","대구","수성구","차대사람","횡단중","횡단중","안전운전 의무 불이행","단일로","기타단일로","화물차","보행자","1102978","1764773","128.6407459","35.87412514","N"
"2019","2019-01-07 09","주","월","1","0","0","0","0","충남","홍성군","차대사람","횡단중","횡단중","안전운전 의무 불이행","단일로","기타단일로","승용차","보행자","925174","1844871","126.6634165","36.59873562","N"
"2019","2019-01-07 18","야","월","1","0","0","0","0","대전","중구","차대사람","횡단중","횡단중","안전운전 의무 불이행","교차로","교차로내","승합차","보행자","991972","1812502","127.4105752","36.3098236","N"
"2019","2019-01-07 18","야","월","1","0","0","0","0","경기","고양시","차대차","측면충돌","측면충돌","안전운전 의무 불이행","단일로","기타단일로","승용차","이륜차","943285","1960805","126.857114","37.64497706","N"
"2019","2019-01-07 20","야","월","1","1","0","1","0","경기","이천시","차대차","추돌","추돌","안전운전 의무 불이행","교차로","교차로내","승용차","화물차","994132","1914752","127.4338485","37.2315996","N"
"2019","2019-01-08 02","야","화","1","0","0","0","0","경남","진주시","차량단독","도로이탈","도로이탈 기타","안전운전 의무 불이행","단일로","기타단일로","승용차","없음","1068093","1688498","128.2479322","35.18948797","N"
"2019","2019-01-08 04","야","화","1","0","0","0","0","서울","강서구","차대사람","횡단중","횡단중","안전운전 의무 불이행","교차로","교차로내","승용차","보행자","944117","1950716","126.867315","37.5540963","N"
"2019","2019-01-08 05","야","화","1","0","0","0","0","인천","부평구","차대차","기타","기타","안전운전 의무 불이행","단일로","기타단일로","승합차","이륜차","930598","1943828","126.714921","37.49109694","N"
"2019","2019-01-08 14","주","화","1","0","0","0","0","부산","수영구","차대사람","기타","기타","안전운전 의무 불이행","교차로","교차로내","승용차","보행자","1146737","1684266","129.1107814","35.14292906","N"
"2019","2019-01-08 14","주","화","1","0","0","0","0","충남","당진시","차대차","측면충돌","측면충돌","기타","단일로","기타단일로","자전거","건설기계","936240","1883160","126.7839265","36.94467969","N"
"2019","2019-01-08 16","주","화","1","0","0","0","0","경기","김포시","차대사람","횡단중","횡단중","안전운전 의무 불이행","단일로","기타단일로","화물차","보행자","920954.6","1965669.4","126.6034877","37.68716574","N"
"2019","2019-01-08 17","주","화","1","0","0","0","0","울산","울주군","차대사람","횡단중","횡단중","안전운전 의무 불이행","단일로","지하차도(도로)내","승용차","보행자","1166863","1716084","129.3380881","35.42654748","N"
"2019","2019-01-08 18","야","화","1","0","0","0","0","경기","평택시","차대차","정면충돌","정면충돌","안전운전 의무 불이행","교차로","교차로내","승용차","이륜차","966062","1888130","127.1186172","36.99102781","N"
"2019","2019-01-08 18","야","화","1","0","0","0","0","경기","양평군","차대사람","횡단중","횡단중","안전운전 의무 불이행","교차로","교차로내","승용차","보행자","1011257","1945204","127.6273662","37.50603969","N"
"2019","2019-01-08 18","야","화","1","1","0","1","0","경남","양산시","차대사람","기타","기타","안전운전 의무 불이행","교차로","교차로부근","승용차","보행자","1150501","1712700","129.1572979","35.39865608","N"
"2019","2019-01-08 19","야","화","1","0","0","0","0","충남","홍성군","차대사람","차도통행중","차도통행중","과속","단일로","기타단일로","승용차","보행자","923456.9","1844009.9","126.6443063","36.59083734","N"
"2019","2019-01-08 21","야","화","1","1","0","0","1","경기","안성시","차대차","기타","기타","안전운전 의무 불이행","교차로","교차로내","화물차","이륜차","977129","1890477","127.2429114","37.01251886","N"
"2019","2019-01-09 06","주","수","1","0","0","0","0","충남","공주시","차대사람","기타","기타","과속","단일로","기타단일로","승용차","보행자","968625","1845362","127.1491814","36.60558189","N"
"2019","2019-01-09 18","야","수","1","1","1","0","0","경기","화성시","차대사람","횡단중","횡단중","안전운전 의무 불이행","단일로","기타단일로","화물차","보행자","947643","1903886","126.9105416","37.13220475","N"
"2019","2019-01-10 01","야","목","1","3","2","1","0","경기","용인시","차대사람","기타","기타","안전운전 의무 불이행","단일로","기타단일로","화물차","보행자","976942","1916502","127.2400081","37.24710726","N"
"2019","2019-01-10 05","야","목","1","0","0","0","0","경북","경산시","차대사람","횡단중","횡단중","안전운전 의무 불이행","단일로","교량위","승용차","보행자","1119461","1768698","128.8238856","35.90763144","N"