"발생년","발생년월일시","주야","요일","사망자수","부상자수","중상자수","경상자수","부상신고자수","발생지시도","발생지시군구","사고유형_대분류","사고유형_중분류","사고유형","가해자법규위반","도로형태_대분류","도로형태","가해자_당사자종별","피해자_당사자종별","발생위치(X_UTMK)","발생위치(Y_UTMK)","경도","위도"," 어린이사고 여부"
"2019","2019-01-10 08","주","목","1","0","0","0","0","충남","아산시","차량단독","도로이탈","도로이탈 추락","안전운전 의무 불이행","단일로","기타단일로","승용차","없음","955469","1875543","127.0003218","36.87712412","N"
"2019","2019-01-10 12","주","목","1","0","0","0","0","경북","영덕군","차량단독","공작물충돌","공작물충돌","안전운전 의무 불이행","단일로","기타단일로","이륜차","없음","1170204","1846026","129.4028186","36.59689091","N"
"2019","2019-01-10 14","주","목","1","0","0","0","0","경북","예천군","차대차","추돌","추돌","안전운전 의무 불이행","단일로","기타단일로","화물차","자전거","1081892","1849125","128.4160289","36.63649988","N"
"2019","2019-01-10 15","주","목","1","0","0","0","0","전남","장흥군","차대차","측면충돌","측면충돌","기타","교차로","교차로내","자전거","승용차","945922","1631896","126.9096681","34.67995747","N"
"2019","2019-01-10 16","주","목","1","0","0","0","0","경남","사천시","차대차","측면충돌","측면충돌","안전운전 의무 불이행","단일로","기타단일로","승용차","원동기장치자전거","1042788","1671675","127.9691231","35.03919313","N"
"2019","2019-01-10 18","야","목","1","0","0","0","0","경기","고양시","차대사람","횡단중","횡단중","보행자 보호의무 위반","교차로","교차로내","화물차","보행자","945089","1955328","126.8779733","37.5957228","N"
"2019","2019-01-10 20","야","목","1","0","0","0","0","충북","충주시","차대차","기타","기타","과속","기타","기타","승용차","승용차","1024453","1884972","127.7746929","36.96285504","N"
"2019","2019-01-10 20","야","목","1","2","2","0","0","경북","상주시","차대차","측면충돌","측면충돌","신호위반","교차로","교차로내","승용차","승용차","1070921","1820243","128.2906685","36.37702882","N"
"2019","2019-01-10 23","야","목","1","0","0","0","0","충남","당진시","차대차","추돌","추돌","안전운전 의무 불이행","교차로","교차로부근","화물차","특수차","936193","1883223","126.7833933","36.94524438","N"
"2019","2019-01-11 05","야","금","1","1","0","1","0","경북","영천시","차대차","기타","기타","안전운전 의무 불이행","단일로","기타단일로","특수차","화물차","1136134","1769168","129.0086849","35.90968858","N"
"2019","2019-01-11 06","주","금","1","1","0","1","0","경기","양주시","차대차","측면충돌","측면충돌","신호위반","교차로","교차로내","승용차","승용차","960065","1979081","127.0463113","37.81058245","N"
"2019","2019-01-11 07","주","금","1","0","0","0","0","경기","광주시","차대사람","차도통행중","차도통행중","보행자 보호의무 위반","교차로","교차로부근","화물차","보행자","978091","1932576","127.252489","37.39202376","N"
"2019","2019-01-11 08","주","금","1","0","0","0","0","경기","고양시","차대사람","차도통행중","차도통행중","안전운전 의무 불이행","기타","기타","승용차","보행자","941778","1961232","126.8399986","37.64873122","N"
"2019","2019-01-11 14","주","금","1","0","0","0","0","충북","진천군","차대차","기타","기타","안전운전 의무 불이행","교차로","교차로내","화물차","원동기장치자전거","995009","1887832","127.4439144","36.9889409","N"
"2019","2019-01-11 15","주","금","1","0","0","0","0","충남","논산시","차대차","기타","기타","안전운전 의무 불이행","단일로","기타단일로","화물차","이륜차","964618","1804504","127.1062422","36.23710288","N"
"2019","2019-01-11 17","주","금","2","0","0","0","0","제주","서귀포시","차대사람","기타","기타","안전운전 의무 불이행","단일로","기타단일로","승용차","보행자","893272.3","1477578","126.3538391","33.28431752","N"
"2019","2019-01-11 22","야","금","1","1","0","1","0","경북","칠곡군","차대차","측면충돌","측면충돌","신호위반","교차로","교차로내","화물차","승용차","1081444","1771617","128.4029323","35.93785191","N"
"2019","2019-01-11 23","야","금","1","0","0","0","0","충남","천안시","차대사람","기타","기타","안전운전 의무 불이행","단일로","기타단일로","승합차","보행자","967247.9","1867785.8","127.1328233","36.80767918","N"
"2019","2019-01-12 05","야","토","2","4","4","0","0","대구","달성군","차대차","측면충돌","측면충돌","신호위반","교차로","교차로내","승용차","승합차","1087747","1744593","128.4698345","35.69368672","N"
"2019","2019-01-12 05","야","토","1","0","0","0","0","경기","의정부시","차대차","추돌","추돌","안전운전 의무 불이행","단일로","기타단일로","승용차","건설기계","958946","1970050","127.03411","37.72913682","N"
"2019","2019-01-12 06","주","토","1","0","0","0","0","경기","부천시","차대차","기타","기타","안전운전 의무 불이행","교차로","교차로횡단보도내","승용차","자전거","936229","1944288","126.7785744","37.49564901","N"
"2019","2019-01-12 07","주","토","1","2","2","0","0","강원","원주시","차대차","정면충돌","정면충돌","중앙선 침범","단일로","기타단일로","승용차","화물차","1037934","1928867","127.9283553","37.3580748","N"
"2019","2019-01-12 09","주","토","1","0","0","0","0","경기","고양시","차대차","측면충돌","측면충돌","안전운전 의무 불이행","단일로","기타단일로","이륜차","건설기계","942707","1957621","126.8508122","37.61624415","N"
"2019","2019-01-12 11","주","토","1","0","0","0","0","경북","안동시","차대사람","길가장자리구역통행중","길가장자리구역통행중","과속","단일로","기타단일로","승용차","보행자","1102900","1831884","128.6486792","36.47906348","N"
"2019","2019-01-12 12","주","토","1","4","3","1","0","경기","광주시","차대차","추돌","추돌","안전운전 의무 불이행","단일로","터널안","건설기계","승용차","983163.9","1930523.7","127.3098451","37.37363081","N"
"2019","2019-01-12 20","야","토","1","0","0","0","0","경기","화성시","차대사람","기타","기타","안전운전 의무 불이행","단일로","기타단일로","승용차","보행자","950255.1","1910792.6","126.9394889","37.19460169","N"
"2019","2019-01-12 20","야","토","1","3","0","3","0","경기","화성시","차대차","정면충돌","정면충돌","중앙선 침범","단일로","기타단일로","승용차","승합차","929015","1905987","126.7006362","37.14991348","N"
"2019","2019-01-12 21","야","토","1","0","0","0","0","경기","김포시","차대사람","차도통행중","차도통행중","안전운전 의무 불이행","단일로","기타단일로","승용차","보행자","929352","1958474","126.6994163","37.62300243","N"
"2019","2019-01-12 22","야","토","1","0","0","0","0","인천","남동구","차대사람","횡단중","횡단중","안전운전 의무 불이행","교차로","교차로내","승합차","보행자","931188","1934117","126.7225009","37.40361669","N"
"2019","2019-01-13 05","야","일","1","0","0","0","0","충북","충주시","차대사람","기타","기타","안전운전 의무 불이행","단일로","기타단일로","승용차","보행자","1026097","1886722","127.793221","36.97858601","N"
"2019","2019-01-13 05","야","일","1","7","4","3","0","경기","하남시","차대차","추돌","추돌","안전운전 의무 불이행","단일로","기타단일로","승용차","화물차","977000","1943223","127.2398318","37.48796582","N"
"2019","2019-01-13 07","주","일","1","0","0","0","0","충남","금산군","차대사람","차도통행중","차도통행중","안전운전 의무 불이행","단일로","기타단일로","화물차","보행자","1006132","1782333","127.5680694","36.03784361","N"
"2019","2019-01-13 08","주","일","1","0","0","0","0","경기","김포시","차대차","추돌","추돌","안전운전 의무 불이행","기타","기타","승용차","특수차","934451","1958140","126.7572236","37.62037005","N"
"2019","2019-01-13 11","주","일","1","0","0","0","0","충남","서산시","차량단독","도로이탈","도로이탈 추락","안전운전 의무 불이행","교차로","교차로부근","자전거","없음","917076","1864287","126.5707848","36.77307616","N"
"2019","2019-01-13 11","주","일","1","0","0","0","0","경기","남양주시","차대사람","기타","기타","안전운전 의무 불이행","단일로","기타단일로","승용차","보행자","982680","1951727","127.303881","37.56474126","N"
"2019","2019-01-13 17","주","일","1","0","0","0","0","인천","부평구","차대사람","횡단중","횡단중","안전운전 의무 불이행","단일로","기타단일로","승용차","보행자","929603.8","1944143.3","126.7036453","37.49386341","N"
"2019","2019-01-13 18","야","일","1","0","0","0","0","전남","진도군","차량단독","기타","기타","안전운전 의무 불이행","단일로","기타단일로","농기계","없음","884420","1610799","126.2412704","34.48464995","N"
"2019","2019-01-13 21","야","일","1","0","0","0","0","인천","중구","차량단독","공작물충돌","공작물충돌","안전운전 의무 불이행","교차로","교차로내","승용차","없음","922818.9","1939755","126.6273592","37.45377086","N"
"2019","2019-01-14 00","야","월","1","1","1","0","0","경기","시흥시","차대차","기타","기타","안전운전 의무 불이행","단일로","기타단일로","이륜차","승용차","936954","1938048","126.7873097","37.43945759","N"
"2019","2019-01-14 04","야","월","1","0","0","0","0","경북","문경시","차량단독","공작물충돌","공작물충돌","안전운전 의무 불이행","교차로","교차로내","승용차","없음","1061602","1844465","128.1887123","36.59602187","N"
"2019","2019-01-14 05","야","월","1","1","1","0","0","충북","영동군","차대차","추돌","추돌","안전운전 의무 불이행","단일로","기타단일로","화물차","특수차","1030312.9","1807702.6","127.8374699","36.26611192","N"
"2019","2019-01-14 05","야","월","2","2","2","0","0","경북","김천시","차대차","추돌","추돌","기타","단일로","고가도로위","화물차","화물차","1060789","1795019","128.175757","36.15033079","N"
"2019","2019-01-14 07","주","월","1","0","0","0","0","경기","김포시","차대차","추돌","추돌","안전운전 의무 불이행","기타","기타","이륜차","건설기계","932481","1958782","126.7348428","37.62601356","N"
"2019","2019-01-14 07","주","월","1","0","0","0","0","대전","대덕구","차대차","기타","기타","신호위반","교차로","교차로부근","화물차","자전거","990556","1826775","127.3946289","36.43848705","N"
"2019","2019-01-14 11","주","월","1","0","0","0","0","강원","삼척시","차대사람","횡단중","횡단중","안전운전 의무 불이행","교차로","교차로횡단보도내","승용차","보행자","1147537","1939338","129.1677949","37.44146514","N"
"2019","2019-01-14 11","주","월","1","0","0","0","0","전남","순천시","차량단독","전도","전도","안전운전 의무 불이행","단일로","기타단일로","화물차","없음","998380","1667505","127.4822464","35.00249613","N"
"2019","2019-01-14 14","주","월","1","0","0","0","0","충남","논산시","차대차","측면충돌","측면충돌","안전운전 의무 불이행","교차로","교차로내","승용차","이륜차","963968","1793003","127.0995369","36.13339224","N"
"2019","2019-01-14 15","주","월","1","0","0","0","0","강원","횡성군","차량단독","공작물충돌","공작물충돌","안전운전 의무 불이행","단일로","기타단일로","승용차","없음","1060272","1935236","128.1811046","37.41429755","N"
"2019","2019-01-14 17","주","월","1","0","0","0","0","서울","구로구","차대사람","횡단중","횡단중","안전운전 의무 불이행","교차로","교차로내","승용차","보행자","945828","1943562","126.8872128","37.48971867","N"
"2019","2019-01-14 17","주","월","1","0","0","0","0","경북","영덕군","차량단독","도로이탈","도로이탈 추락","안전운전 의무 불이행","단일로","기타단일로","사륜오토바이(ATV)","없음","1161420","1824701","129.3002066","36.40626468","N"
"2019","2019-01-14 19","야","월","1","0","0","0","0","충남","서천군","차량단독","도로이탈","도로이탈 추락","안전운전 의무 불이행","기타","기타","농기계","없음","936403","1797589","126.7928221","36.17331917","N"
"2019","2019-01-15 02","야","화","2","0","0","0","0","경기","평택시","차량단독","공작물충돌","공작물충돌","안전운전 의무 불이행","단일로","기타단일로","화물차","없음","954298","1892940","126.98613","37.03388705","N"
"2019","2019-01-15 04","야","화","1","0","0","0","0","대전","동구","차량단독","공작물충돌","공작물충돌","안전운전 의무 불이행","단일로","교량위","승용차","없음","994663","1814573","127.4405364","36.32851328","N"
"2019","2019-01-15 07","주","화","1","0","0","0","0","경기","광명시","차대차","추돌","추돌","안전운전 의무 불이행","단일로","기타단일로","건설기계","이륜차","943570","1942189","126.8617773","37.4772084","N"
"2019","2019-01-15 15","주","화","1","0","0","0","0","강원","홍천군","차량단독","공작물충돌","공작물충돌","안전운전 의무 불이행","단일로","기타단일로","승용차","없음","1025134","1959264","127.784857","37.63249516","N"
"2019","2019-01-15 21","야","화","1","2","0","2","0","경기","화성시","차대차","측면충돌","측면충돌","중앙선 침범","단일로","기타단일로","화물차","승용차","954991","1907917","126.9930229","37.16892205","N"
"2019","2019-01-15 22","야","화","1","0","0","0","0","충북","청주시","차대사람","횡단중","횡단중","과속","교차로","교차로횡단보도내","승용차","보행자","996951","1849998","127.465889","36.64788688","N"
"2019","2019-01-15 23","야","화","1","0","0","0","0","충남","천안시","차량단독","공작물충돌","공작물충돌","안전운전 의무 불이행","단일로","기타단일로","승용차","없음","971956","1873268","127.1854017","36.85724998","N"
"2019","2019-01-16 04","야","수","1","0","0","0","0","서울","성동구","차량단독","기타","기타","안전운전 의무 불이행","교차로","교차로부근","승용차","없음","957987","1949576","127.0244051","37.54455817","N"
"2019","2019-01-16 04","야","수","1","2","0","2","0","부산","기장군","차대차","추돌","추돌","안전운전 의무 불이행","단일로","기타단일로","승용차","승용차","1149079","1708176","129.1408188","35.35809431","N"
"2019","2019-01-16 06","주","수","1","1","0","1","0","경기","김포시","차대차","추돌","추돌","안전운전 의무 불이행","단일로","기타단일로","화물차","화물차","937092","1954932","126.7874241","37.59164155","N"
"2019","2019-01-16 09","주","수","1","0","0","0","0","전남","영암군","차대차","추돌","추돌","안전운전 의무 불이행","단일로","기타단일로","화물차","화물차","918662","1652304","126.6101429","34.86216591","N"
"2019","2019-01-16 09","주","수","1","0","0","0","0","경기","고양시","차량단독","기타","기타","안전운전 의무 불이행","단일로","기타단일로","이륜차","없음","934208","1964188","126.7539251","37.67486135","N"
"2019","2019-01-16 11","주","수","1","0","0","0","0","전남","진도군","차량단독","기타","기타","기타","단일로","기타단일로","화물차","없음","871662.9","1604886.2","126.1032614","34.42983297","N"
"2019","2019-01-16 14","주","수","1","0","0","0","0","인천","중구","차대사람","횡단중","횡단중","안전운전 의무 불이행","교차로","교차로부근","화물차","보행자","920566","1939920","126.601872","37.45506713","N"
"2019","2019-01-16 19","야","수","1","0","0","0","0","경남","창원시(통합)","차대사람","기타","기타","안전운전 의무 불이행","단일로","기타단일로","승용차","보행자","1105124","1701654","128.6563023","35.3048978","N"
"2019","2019-01-16 20","야","수","1","0","0","0","0","경남","고성군","차대차","정면충돌","정면충돌","안전운전 의무 불이행","단일로","기타단일로","화물차","화물차","1071503","1660131","128.2829388","34.93347972","N"
"2019","2019-01-16 21","야","수","1","4","0","3","1","전남","화순군","차량단독","도로이탈","도로이탈 추락","과속","단일로","기타단일로","승용차","없음","966462.9","1667079.5","127.1324861","34.99810421","Y"
"2019","2019-01-16 22","야","수","1","0","0","0","0","서울","강남구","차대사람","횡단중","횡단중","안전운전 의무 불이행","단일로","기타단일로","승용차","보행자","961407","1945530","127.0633317","37.50823968","N"
"2019","2019-01-16 22","야","수","1","2","2","0","0","제주","제주시","차대사람","기타","기타","과속","교차로","교차로내","승용차","보행자","910936","1502096","126.5410808","33.50703839","N"
"2019","2019-01-17 05","야","목","1","0","0","0","0","서울","강동구","차대사람","횡단중","횡단중","과속","교차로","교차로횡단보도내","승용차","보행자","969058","1948101","127.1497905","37.5317016","N"
"2019","2019-01-17 05","야","목","1","0","0","0","0","충남","아산시","차대사람","기타","기타","안전운전 의무 불이행","기타","기타","승용차","보행자","960348","1871841","127.0552604","36.8439705","N"
"2019","2019-01-17 05","야","목","1","0","0","0","0","인천","남동구","차대사람","차도통행중","차도통행중","안전운전 의무 불이행","단일로","기타단일로","화물차","보행자","929950","1939510","126.7080022","37.45213053","N"
"2019","2019-01-17 07","주","목","1","0","0","0","0","경남","고성군","차대사람","보도통행중","보도통행중","신호위반","교차로","교차로횡단보도내","승용차","보행자","1062683","1667382","128.1869142","34.9994448","N"
"2019","2019-01-17 08","주","목","1","1","1","0","0","경기","여주시","차대차","정면충돌","정면충돌","중앙선 침범","단일로","기타단일로","승용차","승용차","1002496.5","1913374.8","127.5281391","37.21920053","N"
"2019","2019-01-17 08","주","목","1","0","0","0","0","인천","강화군","차대차","추돌","추돌","안전운전 의무 불이행","단일로","기타단일로","화물차","자전거","905336","1979044","126.424629","37.80621407","N"
"2019","2019-01-17 11","주","목","1","4","2","2","0","서울","동작구","차대차","추돌","추돌","과속","교차로","교차로내","승용차","승용차","953853","1942637","126.9780449","37.48181733","N"
"2019","2019-01-17 11","주","목","1","0","0","0","0","경기","동두천시","차대사람","기타","기타","중앙선 침범","교차로","교차로부근","승용차","보행자","961406","1992675","127.0608188","37.93316058","N"
"2019","2019-01-17 13","주","목","1","0","0","0","0","경기","화성시","차대사람","횡단중","횡단중","보행자 보호의무 위반","교차로","교차로횡단보도내","승용차","보행자","932283","1912968","126.7368014","37.21307817","N"
"2019","2019-01-17 18","야","목","1","0","0","0","0","경기","성남시","차대사람","횡단중","횡단중","안전운전 의무 불이행","단일로","기타단일로","승용차","보행자","964710","1928239","127.1015303","37.35251856","N"
"2019","2019-01-18 00","야","금","1","0","0","0","0","서울","구로구","차대사람","기타","기타","안전운전 의무 불이행","교차로","교차로내","승용차","보행자","943085","1943620","126.8561816","37.49007643","N"
"2019","2019-01-18 05","야","금","1","0","0","0","0","부산","금정구","차대사람","횡단중","횡단중","과속","교차로","교차로내","승용차","보행자","1144773","1696993","129.0914661","35.25793054","N"
"2019","2019-01-18 05","야","금","1","0","0","0","0","부산","사하구","차대사람","횡단중","횡단중","과속","단일로","기타단일로","승용차","보행자","1134539","1679615","128.9761645","35.1027096","N"
"2019","2019-01-18 06","주","금","1","0","0","0","0","인천","서구","차대사람","횡단중","횡단중","보행자 보호의무 위반","교차로","교차로횡단보도내","화물차","보행자","926485","1955479","126.6672316","37.59578496","N"
"2019","2019-01-18 07","주","금","1","0","0","0","0","경기","이천시","차대차","기타","기타","중앙선 침범","단일로","기타단일로","자전거","승용차","1000545","1915827","127.5061447","37.24130804","N"
"2019","2019-01-18 10","주","금","1","2","0","2","0","서울","도봉구","차량단독","기타","기타","안전운전 의무 불이행","단일로","기타단일로","이륜차","없음","958964","1959934","127.034884","37.63796123","N"
"2019","2019-01-18 10","주","금","1","0","0","0","0","충북","충주시","차대차","기타","기타","신호위반","교차로","교차로내","화물차","원동기장치자전거","1037991","1884737","127.926757","36.96028751","N"
"2019","2019-01-18 12","주","금","1","0","0","0","0","충남","논산시","차대차","측면충돌","측면충돌","안전거리 미확보","교차로","교차로부근","이륜차","승용차","962344.2","1801428","127.0810862","36.20928566","N"
"2019","2019-01-18 15","주","금","1","0","0","0","0","경기","수원시","차대사람","기타","기타","보행자 보호의무 위반","교차로","교차로횡단보도내","승합차","보행자","956658","1921669","127.0109994","37.29295797","N"
"2019","2019-01-18 19","야","금","1","0","0","0","0","경북","김천시","차대사람","차도통행중","차도통행중","안전운전 의무 불이행","단일로","기타단일로","승용차","보행자","1068302","1796755","128.2594194","36.16548031","N"
"2019","2019-01-19 06","주","토","1","0","0","0","0","경북","경주시","차대차","기타","기타","중앙선 침범","단일로","기타단일로","이륜차","승용차","1156348","1766676","129.2321281","35.88420775","N"
"2019","2019-01-19 07","주","토","1","0","0","0","0","서울","구로구","차대차","기타","기타","안전거리 미확보","단일로","기타단일로","이륜차","승용차","946338","1944412","126.8929196","37.49740965","N"
"2019","2019-01-19 11","주","토","1","0","0","0","0","전북","전주시","차대차","기타","기타","신호위반","교차로","교차로내","건설기계","자전거","967246","1758547.2","127.137392","35.82286206","N"
"2019","2019-01-19 11","주","토","1","0","0","0","0","전남","무안군","차대사람","차도통행중","차도통행중","안전운전 의무 불이행","교차로","교차로내","승용차","보행자","906314","1666296","126.4735008","34.98725577","N"
"2019","2019-01-19 18","야","토","1","0","0","0","0","전남","여수시","차대사람","횡단중","횡단중","안전운전 의무 불이행","단일로","기타단일로","승용차","보행자","1018715","1641819","127.7045231","34.77069931","N"
"2019","2019-01-19 19","야","토","1","0","0","0","0","경기","평택시","차대차","정면충돌","정면충돌","기타","교차로","교차로내","승용차","이륜차","963409","1890305","127.0886988","37.01053416","N"
"2019","2019-01-19 19","야","토","1","0","0","0","0","충북","제천시","차대사람","횡단중","횡단중","안전운전 의무 불이행","교차로","교차로부근","승합차","보행자","1062090","1900852","128.1987786","37.10426206","N"
"2019","2019-01-19 20","야","토","1","1","1","0","0","경기","시흥시","차대사람","기타","기타","신호위반","교차로","교차로내","이륜차","보행자","938085","1937798","126.800115","37.43728071","N"
"2019","2019-01-19 22","야","토","1","0","0","0","0","경기","안산시","차대사람","횡단중","횡단중","안전운전 의무 불이행","교차로","교차로횡단보도내","승용차","보행자","942272","1925627","126.8483917","37.32785108","N"
"2019","2019-01-20 01","야","일","1","2","2","0","0","경기","광주시","차대차","추돌","추돌","안전운전 의무 불이행","단일로","기타단일로","승용차","특수차","977746","1933565","127.2485617","37.40093013","N"
"2019","2019-01-20 02","야","일","1","0","0","0","0","강원","속초시","차대사람","길가장자리구역통행중","길가장자리구역통행중","안전운전 의무 불이행","교차로","교차로부근","승용차","보행자","1094346.6","2023280.9","128.5775851","38.20487899","N"
"2019","2019-01-20 06","주","일","1","0","0","0","0","경북","의성군","차대사람","차도통행중","차도통행중","안전운전 의무 불이행","단일로","기타단일로","승용차","보행자","1115482","1827601","128.7884637","36.43902645","N"
"2019","2019-01-20 06","주","일","1","0","0","0","0","경기","연천군","차량단독","공작물충돌","공작물충돌","안전운전 의무 불이행","교차로","교차로내","승용차","없음","961157","2003331","127.0574089","38.02918887","N"
"2019","2019-01-20 08","주","일","1","5","1","4","0","인천","중구","차대차","추돌","추돌","안전운전 의무 불이행","단일로","기타단일로","승용차","승합차","911105","1944223","126.4943951","37.49298582","N"
"2019","2019-01-20 09","주","일","1","0","0","0","0","제주","서귀포시","차대차","측면충돌","측면충돌","신호위반","교차로","교차로내","이륜차","화물차","883791.6","1471474","126.2528274","33.22829208","N"
"2019","2019-01-20 11","주","일","1","0","0","0","0","충북","충주시","차대사람","기타","기타","안전운전 의무 불이행","교차로","교차로내","승용차","보행자","1038440","1887714","127.9319522","36.98710459","N"
"2019","2019-01-20 17","주","일","1","1","0","1","0","충남","당진시","차대차","추돌","추돌","안전운전 의무 불이행","단일로","기타단일로","화물차","화물차","936103","1883108","126.7823924","36.94420169","N"
"2019","2019-01-20 21","야","일","1","0","0","0","0","대구","서구","차대사람","차도통행중","차도통행중","안전운전 의무 불이행","단일로","기타단일로","승용차","보행자","1095659","1766254","128.5598599","35.88821824","N"
"2019","2019-01-20 23","야","일","1","7","1","6","0","경남","함양군","차대차","기타","기타","안전운전 의무 불이행","단일로","기타단일로","승용차","화물차","1021535","1726489","127.7375494","35.53412464","N"
"2019","2019-01-21 00","야","월","1","0","0","0","0","서울","구로구","차대차","측면충돌","측면충돌","신호위반","교차로","교차로내","승용차","이륜차","943093","1943401","126.856289","37.48810305","N"
"2019","2019-01-21 06","주","월","1","0","0","0","0","경기","광명시","차대사람","횡단중","횡단중","안전운전 의무 불이행","단일로","기타단일로","화물차","보행자","944558","1941727","126.8729857","37.47310415","N"
"2019","2019-01-21 09","주","월","1","0","0","0","0","충남","서천군","차대차","측면충돌","측면충돌","기타","교차로","교차로내","승합차","원동기장치자전거","927568","1786842","126.6955771","36.07581587","N"
"2019","2019-01-21 12","주","월","1","0","0","0","0","서울","금천구","차대사람","횡단중","횡단중","보행자 보호의무 위반","기타","기타","화물차","보행자","945810","1941615","126.8871526","37.47216896","N"
"2019","2019-01-21 13","주","월","1","0","0","0","0","충북","음성군","차대차","기타","기타","안전운전 의무 불이행","단일로","기타단일로","화물차","이륜차","1009330","1893220","127.6049112","37.03747741","N"
"2019","2019-01-21 18","야","월","1","0","0","0","0","충남","금산군","차대사람","기타","기타","안전운전 의무 불이행","단일로","기타단일로","승용차","보행자","1001507","1781389","127.5167269","36.02935076","N"
"2019","2019-01-22 00","야","화","1","0","0","0","0","경기","하남시","차량단독","공작물충돌","공작물충돌","과속","단일로","기타단일로","승용차","없음","972549","1950278","127.1892206","37.55143449","N"
"2019","2019-01-22 00","야","화","1","0","0","0","0","경기","화성시","차량단독","기타","기타","안전운전 의무 불이행","단일로","기타단일로","이륜차","없음","958922","1915813","127.0368653","37.24027635","N"
"2019","2019-01-22 01","야","화","1","1","1","0","0","강원","춘천시","차량단독","공작물충돌","공작물충돌","안전운전 의무 불이행","단일로","기타단일로","승용차","없음","1010131","1981239","127.6151268","37.83085027","N"
"2019","2019-01-22 05","야","화","1","0","0","0","0","경기","성남시","차대사람","횡단중","횡단중","안전운전 의무 불이행","단일로","기타단일로","승용차","보행자","966565","1934724","127.122182","37.41104079","N"
"2019","2019-01-22 06","주","화","1","0","0","0","0","대구","북구","차대사람","횡단중","횡단중","안전운전 의무 불이행","단일로","지하차도(도로)내","화물차","보행자","1095668","1770773","128.5605031","35.92895404","N"
"2019","2019-01-22 06","주","화","1","0","0","0","0","경기","의정부시","차대사람","횡단중","횡단중","안전운전 의무 불이행","교차로","교차로부근","승합차","보행자","962105","1972649","127.0698225","37.75269794","N"
"2019","2019-01-22 07","주","화","1","0","0","0","0","경기","성남시","차대사람","횡단중","횡단중","신호위반","교차로","교차로내","승합차","보행자","964914","1927151","127.1038852","37.34271941","N"
"2019","2019-01-22 08","주","화","1","1","0","1","0","전남","나주시","차대차","정면충돌","정면충돌","중앙선 침범","단일로","기타단일로","승용차","건설기계","931345","1661296","126.7481478","34.94418119","N"
"2019","2019-01-22 08","주","화","1","0","0","0","0","경북","영주시","차대사람","횡단중","횡단중","안전운전 의무 불이행","교차로","교차로내","화물차","보행자","1099696","1870043","128.61788","36.82333886","N"
"2019","2019-01-22 13","주","화","1","1","1","0","0","서울","강남구","차대차","기타","기타","안전운전 의무 불이행","단일로","기타단일로","이륜차","화물차","959104","1945529","127.0372747","37.50813147","N"
"2019","2019-01-22 16","주","화","1","0","0","0","0","강원","영월군","차량단독","공작물충돌","공작물충돌","안전운전 의무 불이행","단일로","기타단일로","화물차","없음","1086271.6","1910160.9","128.4719677","37.18624641","N"
"2019","2019-01-22 17","주","화","1","1","1","0","0","강원","양구군","차량단독","공작물충돌","공작물충돌","안전운전 의무 불이행","교차로","교차로내","승용차","없음","1043556","2010206","127.9967096","38.09093519","N"
"2019","2019-01-22 21","야","화","1","0","0","0","0","서울","금천구","차대사람","기타","기타","안전운전 의무 불이행","교차로","교차로내","승용차","보행자","947696.5","1939261.9","126.9086534","37.45106862","N"
"2019","2019-01-23 03","야","수","1","0","0","0","0","서울","종로구","차대사람","기타","기타","안전운전 의무 불이행","단일로","기타단일로","화물차","보행자","955745","1954622","126.9987214","37.58993392","N"
"2019","2019-01-23 05","야","수","1","0","0","0","0","경기","수원시","차대차","기타","기타","안전운전 의무 불이행","교차로","교차로부근","승용차","이륜차","953008","1921419","126.9698361","37.29052728","N"
"2019","2019-01-23 07","주","수","1","0","0","0","0","경기","성남시","차대사람","횡단중","횡단중","신호위반","단일로","기타단일로","승용차","보행자","966980","1937193","127.126761","37.43331024","N"
"2019","2019-01-23 12","주","수","1","0","0","0","0","경남","함안군","차량단독","전도","전도","안전운전 의무 불이행","단일로","기타단일로","사륜오토바이(ATV)","없음","1094270","1708857","128.5377631","35.37091864","N"
"2019","2019-01-23 13","주","수","1","0","0","0","0","전북","완주군","차량단독","전복","전복","안전거리 미확보","교차로","교차로부근","자전거","없음","972844","1782166","127.1985574","36.03597838","N"
"2019","2019-01-23 15","주","수","1","0","0","0","0","경남","양산시","차대사람","횡단중","횡단중","보행자 보호의무 위반","단일로","기타단일로","승용차","보행자","1138662","1705100","129.0256816","35.3318702","N"
"2019","2019-01-23 16","주","수","1","0","0","0","0","강원","원주시","차대차","측면충돌","측면충돌","교차로 통행방법 위반","단일로","기타단일로","화물차","이륜차","1036469","1929218","127.9118301","37.36129734","N"
"2019","2019-01-23 23","야","수","1","0","0","0","0","경북","안동시","차대차","측면충돌","측면충돌","중앙선 침범","단일로","기타단일로","화물차","이륜차","1118055","1857402","128.8217345","36.7073001","N"
"2019","2019-01-24 00","야","목","1","0","0","0","0","서울","성동구","차대사람","횡단중","횡단중","안전운전 의무 불이행","단일로","기타단일로","승용차","보행자","959688","1950590","127.0436045","37.55377364","N"
"2019","2019-01-24 04","야","목","1","0","0","0","0","경기","성남시","차대사람","횡단중","횡단중","안전운전 의무 불이행","교차로","교차로내","승용차","보행자","968065","1938270","127.1389784","37.44305596","N"