"발생년","발생년월일시","주야","요일","사망자수","부상자수","중상자수","경상자수","부상신고자수","발생지시도","발생지시군구","사고유형_대분류","사고유형_중분류","사고유형","가해자법규위반","도로형태_대분류","도로형태","가해자_당사자종별","피해자_당사자종별","발생위치(X_UTMK)","발생위치(Y_UTMK)","경도","위도"," 어린이사고 여부"
"2019","2019-01-24 07","주","목","1","0","0","0","0","부산","북구","차대사람","횡단중","횡단중","안전운전 의무 불이행","단일로","기타단일로","승용차","보행자","1137290","1691658","129.0083422","35.21089492","N"
"2019","2019-01-24 09","주","목","1","0","0","0","0","경북","상주시","차대차","측면충돌","측면충돌","안전운전 의무 불이행","교차로","교차로내","건설기계","이륜차","1061596","1819914","128.1866891","36.37470579","N"
"2019","2019-01-24 13","주","목","1","0","0","0","0","전남","해남군","차량단독","공작물충돌","공작물충돌","안전운전 의무 불이행","단일로","기타단일로","화물차","없음","913890","1603111","126.5629451","34.41821123","N"
"2019","2019-01-24 14","주","목","1","0","0","0","0","부산","사상구","차대차","측면충돌","측면충돌","신호위반","교차로","교차로부근","이륜차","승용차","1135740","1688706","128.9908318","35.18449627","N"
"2019","2019-01-24 14","주","목","1","0","0","0","0","전남","강진군","차대차","측면충돌","측면충돌","안전운전 의무 불이행","단일로","기타단일로","건설기계","원동기장치자전거","933036","1626233","126.769458","34.62813057","N"
"2019","2019-01-24 15","주","목","1","0","0","0","0","전남","나주시","차량단독","기타","기타","기타","교차로","교차로내","화물차","없음","925309","1677471","126.6805987","35.08959591","N"
"2019","2019-01-24 18","야","목","1","0","0","0","0","전남","보성군","차대사람","길가장자리구역통행중","길가장자리구역통행중","안전운전 의무 불이행","단일로","기타단일로","건설기계","보행자","968486","1642669","127.1555755","34.77804898","N"
"2019","2019-01-24 20","야","목","3","5","4","1","0","강원","삼척시","차대차","측면충돌","측면충돌","안전거리 미확보","단일로","지하차도(도로)내","화물차","승용차","1149446.5","1937500.2","129.1889996","37.42460034","Y"
"2019","2019-01-24 21","야","목","1","0","0","0","0","대전","대덕구","차대사람","횡단중","횡단중","안전운전 의무 불이행","단일로","기타단일로","승용차","보행자","992933.8","1819983.9","127.4212209","36.37728358","N"
"2019","2019-01-24 23","야","목","1","0","0","0","0","인천","미추홀구","차대사람","횡단중","횡단중","안전운전 의무 불이행","기타","기타","승용차","보행자","927665.7","1940840.8","126.6820472","37.46394889","N"
"2019","2019-01-25 02","야","금","1","3","1","2","0","대구","달성군","차대차","추돌","추돌","안전운전 의무 불이행","단일로","기타단일로","승용차","화물차","1085197","1739788","128.4411451","35.65059236","N"
"2019","2019-01-25 02","야","금","1","0","0","0","0","경북","영천시","차량단독","공작물충돌","공작물충돌","안전운전 의무 불이행","단일로","기타단일로","승용차","없음","1128708","1768344","128.9262776","35.90326735","N"
"2019","2019-01-25 04","야","금","1","1","1","0","0","서울","도봉구","차량단독","기타","기타","안전운전 의무 불이행","단일로","기타단일로","이륜차","없음","960281","1965423","127.049512","37.68749225","N"
"2019","2019-01-25 05","야","금","1","0","0","0","0","인천","남동구","차대사람","횡단중","횡단중","안전운전 의무 불이행","단일로","기타단일로","화물차","보행자","931325","1933975","126.7240619","37.40234702","N"
"2019","2019-01-25 07","주","금","1","1","1","0","0","강원","인제군","차대차","추돌","추돌","안전운전 의무 불이행","단일로","기타단일로","화물차","건설기계","1060000","2008528","128.1840842","38.07487062","N"
"2019","2019-01-25 10","주","금","1","1","0","1","0","경남","진주시","차대차","기타","기타","안전운전 의무 불이행","단일로","기타단일로","화물차","승용차","1053557","1688633","128.0882864","35.191586","N"
"2019","2019-01-25 15","주","금","1","1","0","1","0","경기","이천시","차대차","정면충돌","정면충돌","중앙선 침범","단일로","기타단일로","원동기장치자전거","승용차","998453","1906192","127.482578","37.15445579","N"
"2019","2019-01-25 18","야","금","1","0","0","0","0","경북","안동시","차대사람","차도통행중","차도통행중","과속","단일로","기타단일로","승용차","보행자","1109771","1840963","128.7266564","36.56013042","N"
"2019","2019-01-25 18","야","금","1","0","0","0","0","경남","함안군","차대사람","기타","기타","안전운전 의무 불이행","단일로","교량위","승용차","보행자","1084075","1698703","128.4245033","35.28028413","N"
"2019","2019-01-25 19","야","금","1","1","1","0","0","제주","서귀포시","차대사람","횡단중","횡단중","안전운전 의무 불이행","교차로","교차로내","승용차","보행자","941734.3","1487414.7","126.8736052","33.37674771","N"
"2019","2019-01-25 23","야","금","1","0","0","0","0","서울","도봉구","차대사람","기타","기타","안전운전 의무 불이행","단일로","기타단일로","승용차","보행자","958977","1961402","127.0349488","37.65119311","N"
"2019","2019-01-25 23","야","금","1","2","2","0","0","전북","익산시","차대차","정면충돌","정면충돌","과속","단일로","기타단일로","승용차","승용차","962642","1784432","127.0852062","36.05606966","N"
"2019","2019-01-26 00","야","토","1","0","0","0","0","경기","군포시","차대사람","기타","기타","안전운전 의무 불이행","단일로","기타단일로","화물차","보행자","949890","1929081","126.9341427","37.35942588","N"
"2019","2019-01-26 02","야","토","2","1","1","0","0","강원","원주시","차대차","기타","기타","안전운전 의무 불이행","단일로","기타단일로","승용차","승용차","1036472","1929242","127.9118651","37.36151354","N"
"2019","2019-01-26 08","주","토","1","0","0","0","0","부산","해운대구","차량단독","전복","전복","안전운전 의무 불이행","단일로","기타단일로","이륜차","없음","1148432","1692638","129.1308884","35.21814146","N"
"2019","2019-01-26 09","주","토","1","0","0","0","0","전남","영광군","차대사람","횡단중","횡단중","안전운전 의무 불이행","교차로","교차로부근","승합차","보행자","909226.2","1698288.9","126.501891","35.27596542","N"
"2019","2019-01-26 11","주","토","1","0","0","0","0","경북","영양군","차량단독","전복","전복","안전운전 의무 불이행","단일로","기타단일로","승용차","없음","1137405","1854206","129.0377361","36.6758969","N"
"2019","2019-01-26 14","주","토","1","1","1","0","0","경기","고양시","차대차","측면충돌","측면충돌","신호위반","교차로","교차로내","승용차","화물차","945946","1963630","126.8870665","37.67059904","N"
"2019","2019-01-27 03","야","일","1","0","0","0","0","경기","안산시","차대차","추돌","추돌","안전운전 의무 불이행","단일로","기타단일로","승용차","화물차","946588","1922658","126.89732","37.3013484","N"
"2019","2019-01-27 05","야","일","1","0","0","0","0","경기","화성시","차대사람","차도통행중","차도통행중","안전운전 의무 불이행","단일로","기타단일로","승용차","보행자","938065","1914660","126.8018217","37.22873081","N"
"2019","2019-01-27 06","주","일","1","0","0","0","0","대전","서구","차대사람","횡단중","횡단중","안전운전 의무 불이행","단일로","기타단일로","승용차","보행자","987915","1817864","127.3653008","36.35812191","N"
"2019","2019-01-28 07","주","월","1","1","1","0","0","충북","영동군","차량단독","공작물충돌","공작물충돌","안전운전 의무 불이행","단일로","기타단일로","화물차","없음","1020711","1800733","127.7303896","36.20353122","N"
"2019","2019-01-28 07","주","월","1","0","0","0","0","충남","부여군","차대사람","기타","기타","과속","단일로","기타단일로","승용차","보행자","953541","1806219","126.9828711","36.25209477","N"
"2019","2019-01-28 07","주","월","1","0","0","0","0","전남","진도군","차대사람","횡단중","횡단중","과속","교차로","교차로부근","승용차","보행자","890597.2","1605263.3","126.3092393","34.43541285","N"
"2019","2019-01-28 08","주","월","1","0","0","0","0","충남","논산시","차량단독","공작물충돌","공작물충돌","안전운전 의무 불이행","단일로","기타단일로","화물차","없음","963863","1801375","127.0979846","36.20886579","N"
"2019","2019-01-28 10","주","월","1","1","0","1","0","전북","익산시","차량단독","공작물충돌","공작물충돌","안전운전 의무 불이행","단일로","기타단일로","화물차","없음","964593","1781194","127.1070132","36.02694992","N"
"2019","2019-01-28 10","주","월","1","0","0","0","0","전남","광양시","차대차","측면충돌","측면충돌","교차로 통행방법 위반","교차로","교차로내","건설기계","특수차","1023838","1661422","127.7610662","34.94736357","N"
"2019","2019-01-28 12","주","월","1","0","0","0","0","인천","미추홀구","차량단독","기타","기타","안전운전 의무 불이행","단일로","기타단일로","승용차","없음","926497","1939780","126.6689387","37.45429592","N"
"2019","2019-01-28 13","주","월","1","1","1","0","0","경북","의성군","차대차","추돌","추돌","안전운전 의무 불이행","단일로","기타단일로","화물차","화물차","1072004","1816647","128.3024085","36.34453211","N"
"2019","2019-01-28 14","주","월","1","1","0","1","0","경북","안동시","차량단독","도로이탈","도로이탈 추락","안전운전 의무 불이행","단일로","기타단일로","화물차","없음","1086461","1837744","128.4658515","36.53351021","N"
"2019","2019-01-28 16","주","월","1","0","0","0","0","전북","순창군","차량단독","기타","기타","안전운전 의무 불이행","교차로","교차로내","농기계","없음","969549.1","1712790.2","127.1646151","35.41037448","N"
"2019","2019-01-28 17","주","월","1","0","0","0","0","경남","창원시(통합)","차대사람","보도통행중","보도통행중","기타","단일로","기타단일로","건설기계","보행자","1097460","1692735","128.5709577","35.22526546","N"
"2019","2019-01-28 18","야","월","1","0","0","0","0","경남","양산시","차대사람","횡단중","횡단중","안전운전 의무 불이행","단일로","기타단일로","승용차","보행자","1147211","1704707","129.119642","35.32710447","N"
"2019","2019-01-28 19","야","월","1","0","0","0","0","경북","영주시","차대사람","횡단중","횡단중","안전운전 의무 불이행","교차로","교차로내","승용차","보행자","1099882","1869648","128.6199133","36.81975911","N"
"2019","2019-01-28 19","야","월","1","0","0","0","0","경기","의정부시","차대사람","횡단중","횡단중","안전운전 의무 불이행","단일로","기타단일로","승용차","보행자","957098","1970979","127.0130843","37.73742513","N"
"2019","2019-01-28 20","야","월","1","0","0","0","0","전남","신안군","차대차","기타","기타","안전운전 의무 불이행","교차로","교차로부근","이륜차","화물차","856280","1641723","125.9296581","34.75987785","N"
"2019","2019-01-28 23","야","월","1","0","0","0","0","충남","홍성군","차대사람","차도통행중","차도통행중","과속","교차로","교차로내","승용차","보행자","924278","1842059","126.6536766","36.57331732","N"
"2019","2019-01-29 05","야","화","1","0","0","0","0","서울","중구","차대사람","기타","기타","안전운전 의무 불이행","단일로","기타단일로","화물차","보행자","955908","1952047","127.0007227","37.56673275","N"
"2019","2019-01-29 06","주","화","1","0","0","0","0","제주","제주시","차대사람","횡단중","횡단중","안전운전 의무 불이행","교차로","교차로횡단보도내","승용차","보행자","901102.8","1497380","126.4357458","33.46364437","N"
"2019","2019-01-29 07","주","화","1","0","0","0","0","부산","사하구","차대사람","기타","기타","보행자 보호의무 위반","기타","기타","승합차","보행자","1136448.7","1678338.3","128.996901","35.09094425","N"
"2019","2019-01-29 07","주","화","1","0","0","0","0","전남","장흥군","차량단독","도로이탈","도로이탈 기타","안전운전 의무 불이행","단일로","기타단일로","사륜오토바이(ATV)","없음","950125","1618648","126.9563271","34.56070591","N"
"2019","2019-01-29 08","주","화","1","1","1","0","0","전북","김제시","차대사람","기타","기타","안전운전 의무 불이행","단일로","기타단일로","승용차","보행자","944226","1756725","126.8826833","35.80539474","N"
"2019","2019-01-29 09","주","화","1","0","0","0","0","부산","사상구","차대사람","횡단중","횡단중","신호위반","교차로","교차로횡단보도내","승용차","보행자","1135633","1688941","128.9896956","35.18662904","N"
"2019","2019-01-29 12","주","화","1","0","0","0","0","경남","거제시","차대차","측면충돌","측면충돌","안전운전 의무 불이행","교차로","교차로내","승용차","이륜차","1104351","1652831","128.641651","34.86481454","N"
"2019","2019-01-29 15","주","화","1","1","1","0","0","경남","김해시","차대차","측면충돌","측면충돌","신호위반","교차로","교차로내","화물차","화물차","1121508","1691716","128.8350058","35.21345358","N"
"2019","2019-01-29 16","주","화","1","0","0","0","0","경남","합천군","차량단독","전도","전도","안전운전 의무 불이행","교차로","교차로내","사륜오토바이(ATV)","없음","1062244","1719092","128.1860178","35.46571257","N"
"2019","2019-01-29 23","야","화","1","0","0","0","0","전북","익산시","차량단독","공작물충돌","공작물충돌","안전운전 의무 불이행","단일로","기타단일로","화물차","없음","944776","1790317","126.8864327","36.10827427","N"
"2019","2019-01-30 00","야","수","1","0","0","0","0","서울","용산구","차대사람","횡단중","횡단중","안전운전 의무 불이행","단일로","기타단일로","승용차","보행자","953317","1948358","126.9716193","37.53335531","N"
"2019","2019-01-30 06","주","수","1","0","0","0","0","광주","광산구","차대사람","횡단중","횡단중","안전운전 의무 불이행","교차로","교차로횡단보도내","승용차","보행자","936653","1686891","126.8043177","35.17530916","N"
"2019","2019-01-30 09","주","수","1","0","0","0","0","충남","보령시","차대차","측면충돌","측면충돌","안전운전 의무 불이행","교차로","교차로내","승용차","자전거","918963","1817354","126.5968654","36.35018696","N"
"2019","2019-01-30 09","주","수","1","0","0","0","0","광주","북구","차대사람","횡단중","횡단중","보행자 보호의무 위반","교차로","교차로횡단보도내","화물차","보행자","947284.3","1688102.5","126.9209882","35.18684718","N"
"2019","2019-01-30 10","주","수","1","0","0","0","0","충북","증평군","차대차","측면충돌","측면충돌","안전운전 의무 불이행","교차로","교차로내","승용차","자전거","1009210","1863217","127.603197","36.76701464","N"
"2019","2019-01-30 10","주","수","1","0","0","0","0","충남","논산시","차대차","측면충돌","측면충돌","안전운전 의무 불이행","교차로","교차로부근","화물차","자전거","968613","1803971","127.1507222","36.23243572","N"
"2019","2019-01-30 11","주","수","1","0","0","0","0","서울","은평구","차대사람","횡단중","횡단중","보행자 보호의무 위반","교차로","교차로횡단보도내","화물차","보행자","948778","1957704","126.9195936","37.61735061","N"
"2019","2019-01-30 11","주","수","1","0","0","0","0","경남","김해시","차량단독","공작물충돌","공작물충돌","안전운전 의무 불이행","단일로","기타단일로","승용차","없음","1113047","1698089","128.7429416","35.27189517","N"
"2019","2019-01-30 11","주","수","1","0","0","0","0","대구","북구","차대사람","횡단중","횡단중","안전운전 의무 불이행","교차로","교차로횡단보도내","승합차","보행자","1095894","1772150","128.5631742","35.94134483","N"
"2019","2019-01-30 11","주","수","1","0","0","0","0","울산","울주군","차대사람","횡단중","횡단중","안전운전 의무 불이행","단일로","기타단일로","화물차","보행자","1140035","1736699","129.0462284","35.61649472","N"
"2019","2019-01-30 13","주","수","1","0","0","0","0","경북","경산시","차대사람","기타","기타","안전운전 의무 불이행","교차로","교차로내","승용차","보행자","1111597","1759327","128.7354425","35.82409","N"
"2019","2019-01-30 15","주","수","1","0","0","0","0","전북","김제시","차량단독","공작물충돌","공작물충돌","안전운전 의무 불이행","단일로","기타단일로","승용차","없음","942975","1767739","126.8680502","35.90462081","N"
"2019","2019-01-30 15","주","수","1","0","0","0","0","경북","예천군","차대차","측면충돌","측면충돌","안전운전 의무 불이행","교차로","교차로내","승용차","이륜차","1084100","1850637","128.44089","36.64993622","N"
"2019","2019-01-30 18","야","수","1","0","0","0","0","서울","양천구","차대사람","차도통행중","차도통행중","안전운전 의무 불이행","단일로","기타단일로","화물차","보행자","941204","1948103","126.8345465","37.53036403","N"
"2019","2019-01-30 18","야","수","1","0","0","0","0","전남","영암군","차대사람","길가장자리구역통행중","길가장자리구역통행중","안전운전 의무 불이행","단일로","기타단일로","화물차","보행자","921939.5","1648313.4","126.6463676","34.82644107","N"
"2019","2019-01-30 19","야","수","1","1","1","0","0","전남","완도군","차대사람","길가장자리구역통행중","길가장자리구역통행중","안전운전 의무 불이행","단일로","기타단일로","승용차","보행자","943134","1600089","126.8813604","34.39298347","N"
"2019","2019-01-30 21","야","수","1","0","0","0","0","경북","경주시","차대사람","기타","기타","안전운전 의무 불이행","단일로","기타단일로","승용차","보행자","1155554","1764670","129.2229436","35.8662561","N"
"2019","2019-01-31 00","야","목","1","2","1","1","0","서울","구로구","차대사람","횡단중","횡단중","안전운전 의무 불이행","교차로","교차로횡단보도내","승용차","보행자","940264","1943538","126.8242793","37.48915915","N"
"2019","2019-01-31 03","야","목","1","1","0","1","0","충북","옥천군","차대차","추돌","추돌","안전운전 의무 불이행","단일로","기타단일로","승용차","화물차","1008545.2","1811219.4","127.5951719","36.29825591","N"
"2019","2019-01-31 04","야","목","1","0","0","0","0","경기","오산시","차대사람","횡단중","횡단중","안전운전 의무 불이행","교차로","교차로부근","승용차","보행자","962124","1905003","127.0735137","37.14297192","N"
"2019","2019-01-31 06","주","목","1","0","0","0","0","경기","평택시","차대사람","횡단중","횡단중","보행자 보호의무 위반","교차로","교차로횡단보도내","승용차","보행자","960735","1885034","127.0589169","36.96291244","N"
"2019","2019-01-31 06","주","목","1","0","0","0","0","제주","서귀포시","차대사람","횡단중","횡단중","안전운전 의무 불이행","단일로","기타단일로","승용차","보행자","920915.3","1476006.2","126.6508044","33.2725243","N"
"2019","2019-01-31 10","주","목","1","0","0","0","0","충남","부여군","차량단독","공작물충돌","공작물충돌","안전운전 의무 불이행","단일로","기타단일로","승용차","없음","940885","1813754","126.8414359","36.31933026","N"
"2019","2019-01-31 12","주","목","1","1","1","0","0","충남","서산시","차대차","정면충돌","정면충돌","안전운전 의무 불이행","단일로","기타단일로","승합차","화물차","900696","1853478","126.3886701","36.67407796","N"
"2019","2019-01-31 16","주","목","2","0","0","0","0","경기","양주시","차대차","측면충돌","측면충돌","신호위반","교차로","교차로내","건설기계","사륜오토바이(ATV)","953797","1987878","126.9745427","37.88957186","N"
"2019","2019-01-31 18","야","목","1","0","0","0","0","경기","군포시","차대사람","횡단중","횡단중","안전운전 의무 불이행","단일로","기타단일로","이륜차","보행자","951040","1928762","126.9471494","37.356612","N"
"2019","2019-01-31 18","야","목","1","0","0","0","0","경기","연천군","차대차","측면충돌","측면충돌","중앙선 침범","단일로","기타단일로","화물차","이륜차","961495","2004962","127.0611724","38.04390282","N"
"2019","2019-01-31 19","야","목","1","0","0","0","0","경기","부천시","차대차","측면충돌","측면충돌","신호위반","교차로","교차로내","승용차","이륜차","939122","1945431","126.8112054","37.5061462","N"
"2019","2019-01-31 20","야","목","1","0","0","0","0","전북","정읍시","차대사람","기타","기타","안전운전 의무 불이행","단일로","기타단일로","승용차","보행자","941494.5","1730338.4","126.854372","35.56733834","N"
"2019","2019-01-31 21","야","목","1","0","0","0","0","충북","제천시","차량단독","공작물충돌","공작물충돌","안전운전 의무 불이행","교차로","교차로부근","화물차","없음","1057569","1878106","128.1461636","36.89952194","N"
"2019","2019-01-31 23","야","목","1","0","0","0","0","경북","김천시","차대사람","차도통행중","차도통행중","안전운전 의무 불이행","단일로","기타단일로","승용차","보행자","1054928","1792283","128.110416","36.12601506","N"
"2019","2019-02-01 09","주","금","1","0","0","0","0","경북","구미시","차대차","측면충돌","측면충돌","안전운전 의무 불이행","단일로","기타단일로","승용차","자전거","1084209","1789152","128.4354492","36.09569048","N"
"2019","2019-02-01 14","주","금","1","0","0","0","0","경북","김천시","차량단독","전도","전도","안전운전 의무 불이행","교차로","교차로부근","이륜차","없음","1056247","1792895","128.125117","36.13145678","N"
"2019","2019-02-01 15","주","금","1","0","0","0","0","전북","순창군","차대사람","차도통행중","차도통행중","안전운전 의무 불이행","단일로","기타단일로","화물차","보행자","977377","1717700","127.250694","35.45485335","N"
"2019","2019-02-01 22","야","금","1","0","0","0","0","전북","완주군","차대사람","차도통행중","차도통행중","과속","단일로","기타단일로","승용차","보행자","973354","1753106","127.2051919","35.77398848","N"
"2019","2019-02-02 00","야","토","1","1","1","0","0","경기","성남시","차대차","정면충돌","정면충돌","교차로 통행방법 위반","교차로","교차로내","승용차","승용차","967695","1930508","127.1351351","37.37307936","N"
"2019","2019-02-02 00","야","토","1","2","1","1","0","경기","고양시","차대사람","기타","기타","신호위반","교차로","교차로내","승용차","보행자","935293","1962819","126.7663495","37.66260019","N"
"2019","2019-02-02 03","야","토","1","0","0","0","0","대구","남구","차대사람","횡단중","횡단중","보행자 보호의무 위반","교차로","교차로횡단보도내","승용차","보행자","1099191","1761578","128.5984047","35.84571485","N"
"2019","2019-02-02 07","주","토","1","0","0","0","0","경기","의정부시","차대사람","횡단중","횡단중","안전운전 의무 불이행","단일로","기타단일로","승용차","보행자","959624","1970477","127.0417802","37.73301553","N"
"2019","2019-02-02 12","주","토","1","0","0","0","0","전남","화순군","차대사람","횡단중","횡단중","안전운전 의무 불이행","교차로","교차로부근","화물차","보행자","952968","1674243","126.9842022","35.06215996","N"
"2019","2019-02-02 13","주","토","1","0","0","0","0","전남","장성군","차대차","기타","기타","교차로 통행방법 위반","교차로","교차로내","화물차","이륜차","924057","1696287","126.6651322","35.25915158","N"
"2019","2019-02-02 19","야","토","1","0","0","0","0","전남","곡성군","차량단독","도로이탈","도로이탈 추락","안전운전 의무 불이행","교차로","교차로부근","이륜차","없음","985486","1700014","127.3403694","35.29553288","N"
"2019","2019-02-02 23","야","토","1","0","0","0","0","대전","유성구","차량단독","전도","전도","안전운전 의무 불이행","단일로","기타단일로","이륜차","없음","982299","1816587","127.3027342","36.34652234","N"
"2019","2019-02-03 05","야","일","1","3","3","0","0","경북","봉화군","차대차","기타","기타","중앙선 침범","단일로","기타단일로","승용차","승합차","1112283","1874982","128.7597175","36.86644103","N"
"2019","2019-02-03 08","주","일","1","2","2","0","0","서울","영등포구","차대차","기타","기타","신호위반","단일로","기타단일로","승용차","승용차","946793","1945276","126.8980042","37.50522336","N"
"2019","2019-02-03 16","주","일","1","4","0","4","0","경기","안양시","차대차","정면충돌","정면충돌","중앙선 침범","단일로","기타단일로","승용차","승용차","949307","1933861","126.927232","37.40247825","Y"
"2019","2019-02-03 20","야","일","1","0","0","0","0","충북","증평군","차대사람","횡단중","횡단중","신호위반","교차로","교차로내","승용차","보행자","1006884","1866014","127.5771597","36.79224866","N"
"2019","2019-02-04 13","주","월","1","0","0","0","0","대전","동구","차대사람","기타","기타","안전운전 의무 불이행","교차로","교차로부근","승용차","보행자","994294","1813782","127.4364309","36.32137994","N"
"2019","2019-02-04 16","주","월","1","0","0","0","0","대전","동구","차대차","기타","기타","안전운전 의무 불이행","교차로","교차로부근","자전거","승합차","996175","1812225","127.4573942","36.30735217","N"
"2019","2019-02-04 21","야","월","2","2","2","0","0","전북","임실군","차대차","정면충돌","정면충돌","중앙선 침범","단일로","기타단일로","승용차","승용차","985817","1729192","127.3435017","35.55862896","N"
"2019","2019-02-04 23","야","월","1","0","0","0","0","전남","목포시","차대사람","기타","기타","안전운전 의무 불이행","단일로","기타단일로","승용차","보행자","903367","1645048","126.4436711","34.7954052","N"
"2019","2019-02-05 22","야","화","1","0","0","0","0","강원","원주시","차대사람","횡단중","횡단중","안전운전 의무 불이행","단일로","기타단일로","승용차","보행자","1038622","1928644","127.9361125","37.35603637","N"
"2019","2019-02-06 03","야","수","1","0","0","0","0","부산","사하구","차량단독","전도","전도","안전운전 의무 불이행","단일로","기타단일로","이륜차","없음","1134909","1675282","128.9795174","35.06360114","N"
"2019","2019-02-06 03","야","수","1","0","0","0","0","충남","천안시","차대차","측면충돌","측면충돌","신호위반","교차로","교차로내","이륜차","승용차","969904","1869282","127.1625406","36.82125496","N"
"2019","2019-02-06 07","주","수","1","0","0","0","0","경북","청도군","차대사람","기타","기타","안전운전 의무 불이행","단일로","기타단일로","화물차","보행자","1121150","1739113","128.8381228","35.64075008","N"
"2019","2019-02-06 07","주","수","1","0","0","0","0","경북","구미시","차량단독","공작물충돌","공작물충돌","안전운전 의무 불이행","교차로","교차로부근","승용차","없음","1077978","1790340","128.3663562","36.10692035","N"
"2019","2019-02-06 10","주","수","1","1","1","0","0","경남","거창군","차량단독","공작물충돌","공작물충돌","안전운전 의무 불이행","단일로","기타단일로","화물차","없음","1037900","1747184","127.9190385","35.72022557","N"
"2019","2019-02-06 15","주","수","1","0","0","0","0","제주","제주시","차대차","기타","기타","중앙선 침범","단일로","기타단일로","승용차","이륜차","889459","1494307","126.3108449","33.43479384","N"
"2019","2019-02-06 15","주","수","1","0","0","0","0","경기","고양시","차대사람","횡단중","횡단중","신호위반","교차로","교차로횡단보도내","승합차","보행자","939414","1964862","126.8129006","37.6812946","N"
"2019","2019-02-06 19","야","수","1","0","0","0","0","전북","장수군","차대사람","길가장자리구역통행중","길가장자리구역통행중","과속","단일로","기타단일로","승용차","보행자","1001799.9","1743481.2","127.5198924","35.6875676","N"
"2019","2019-02-06 23","야","수","1","0","0","0","0","서울","송파구","차대사람","횡단중","횡단중","신호위반","기타","기타","원동기장치자전거","보행자","966177","1943929","127.1173753","37.49399631","N"
"2019","2019-02-07 00","야","목","1","0","0","0","0","경기","안산시","차대차","기타","기타","안전운전 의무 불이행","단일로","기타단일로","승용차","화물차","944643.9","1930174.5","126.8748234","37.36898375","N"
"2019","2019-02-07 03","야","목","1","0","0","0","0","서울","구로구","차대사람","횡단중","횡단중","과속","단일로","기타단일로","승용차","보행자","944957","1943163","126.8773906","37.48607091","N"
"2019","2019-02-07 04","야","목","1","0","0","0","0","경기","남양주시","차대사람","횡단중","횡단중","과속","교차로","교차로내","승용차","보행자","966373","1960696","127.1188231","37.64513049","N"
"2019","2019-02-07 07","주","목","1","0","0","0","0","경북","구미시","차대차","추돌","추돌","안전운전 의무 불이행","단일로","기타단일로","승용차","기타","1076759","1787567","128.352544","36.08201947","N"
"2019","2019-02-07 09","주","목","1","1","0","1","0","경남","함양군","차대차","측면충돌","측면충돌","안전운전 의무 불이행","단일로","기타단일로","이륜차","승용차","1021567","1725119","127.737866","35.52177124","N"
"2019","2019-02-07 17","주","목","1","0","0","0","0","충북","청주시","차대사람","기타","기타","보행자 보호의무 위반","교차로","교차로횡단보도내","화물차","보행자","998922","1852823","127.4879358","36.67335838","N"
"2019","2019-02-07 18","야","목","1","0","0","0","0","충남","당진시","차량단독","도로이탈","도로이탈 추락","안전운전 의무 불이행","단일로","기타단일로","사륜오토바이(ATV)","없음","920632","1870935","126.6099343","36.83330338","N"
"2019","2019-02-07 18","야","목","1","0","0","0","0","전남","함평군","차대사람","길가장자리구역통행중","길가장자리구역통행중","안전운전 의무 불이행","단일로","기타단일로","승용차","보행자","908006","1684519","126.490015","35.15170848","N"
"2019","2019-02-07 20","야","목","1","0","0","0","0","경기","양주시","차량단독","공작물충돌","공작물충돌","안전운전 의무 불이행","단일로","기타단일로","승용차","없음","954734","1977332","126.9858589","37.79457018","N"
"2019","2019-02-08 03","야","금","1","0","0","0","0","경기","여주시","차대사람","차도통행중","차도통행중","안전운전 의무 불이행","단일로","기타단일로","화물차","보행자","1004072","1921912","127.5459439","37.29614959","N"
"2019","2019-02-08 03","야","금","1","0","0","0","0","울산","북구","차량단독","공작물충돌","공작물충돌","안전운전 의무 불이행","단일로","기타단일로","승용차","없음","1176345","1741110","129.4479322","35.65043275","N"
"2019","2019-02-08 06","주","금","1","0","0","0","0","서울","마포구","차대사람","횡단중","횡단중","안전운전 의무 불이행","교차로","교차로내","승용차","보행자","952512","1950360","126.9623787","37.55135863","N"
"2019","2019-02-08 10","주","금","1","0","0","0","0","전남","영광군","차대차","측면충돌","측면충돌","신호위반","교차로","교차로내","승용차","건설기계","913131","1701357","126.544496","35.30397324","N"
"2019","2019-02-08 13","주","금","1","0","0","0","0","충북","옥천군","차대차","추돌","추돌","안전운전 의무 불이행","단일로","기타단일로","승용차","건설기계","1010124.4","1808319.6","127.6127225","36.27209747","N"
"2019","2019-02-08 14","주","금","1","0","0","0","0","경북","구미시","차대사람","기타","기타","기타","단일로","기타단일로","승합차","보행자","1082912","1793827","128.4215353","36.13794534","N"
"2019","2019-02-08 15","주","금","1","0","0","0","0","인천","미추홀구","차대차","측면충돌","측면충돌","안전운전 의무 불이행","단일로","기타단일로","승용차","승용차","926283","1941133","126.6663839","37.46647316","N"
"2019","2019-02-09 02","야","토","1","0","0","0","0","경북","포항시","차량단독","도로이탈","도로이탈 추락","안전운전 의무 불이행","단일로","기타단일로","승용차","없음","1168587","1784946","129.3715399","36.04681059","N"
"2019","2019-02-09 13","주","토","1","2","0","0","2","경기","평택시","차량단독","공작물충돌","공작물충돌","안전운전 의무 불이행","단일로","기타단일로","승용차","없음","963757","1896117","127.0923304","37.06293786","Y"
"2019","2019-02-09 13","주","토","1","0","0","0","0","경남","김해시","차대차","기타","기타","신호위반","교차로","교차로내","승용차","이륜차","1124361","1697264","128.8671829","35.26311644","N"