"발생년","발생년월일시","주야","요일","사망자수","부상자수","중상자수","경상자수","부상신고자수","발생지시도","발생지시군구","사고유형_대분류","사고유형_중분류","사고유형","가해자법규위반","도로형태_대분류","도로형태","가해자_당사자종별","피해자_당사자종별","발생위치(X_UTMK)","발생위치(Y_UTMK)","경도","위도"," 어린이사고 여부"
"2019","2019-02-09 22","야","토","1","3","1","2","0","인천","남동구","차대차","정면충돌","정면충돌","신호위반","교차로","교차로내","이륜차","승용차","932234","1939081","126.7338628","37.44843421","N"
"2019","2019-02-10 14","주","일","1","2","2","0","0","대전","중구","차대사람","보도통행중","보도통행중","중앙선 침범","단일로","기타단일로","승용차","보행자","993791","1813679","127.4308279","36.32044824","N"
"2019","2019-02-11 05","야","월","1","2","0","2","0","대전","유성구","차대사람","횡단중","횡단중","보행자 보호의무 위반","교차로","교차로횡단보도내","승용차","보행자","985214","1817592","127.3352007","36.355632","N"
"2019","2019-02-11 09","주","월","2","3","2","1","0","전남","구례군","차량단독","기타","기타","안전운전 의무 불이행","단일로","기타단일로","승용차","없음","994727","1693761","127.4420456","35.23924077","N"
"2019","2019-02-11 16","주","월","1","2","1","1","0","경북","청도군","차대차","측면충돌","측면충돌","안전운전 의무 불이행","단일로","기타단일로","승합차","화물차","1110013","1745675","128.7160357","35.70120625","N"
"2019","2019-02-11 19","야","월","1","0","0","0","0","서울","종로구","차대사람","차도통행중","차도통행중","안전운전 의무 불이행","단일로","기타단일로","승용차","보행자","952632","1955433","126.9634092","37.59708856","N"
"2019","2019-02-11 20","야","월","1","0","0","0","0","충남","금산군","차대사람","길가장자리구역통행중","길가장자리구역통행중","안전운전 의무 불이행","단일로","기타단일로","화물차","보행자","998172","1792549","127.4796843","36.1299668","N"
"2019","2019-02-12 00","야","화","1","0","0","0","0","서울","강남구","차대차","기타","기타","안전운전 의무 불이행","단일로","기타단일로","승용차","이륜차","958931","1942954","127.0354612","37.48491434","N"
"2019","2019-02-12 05","야","화","1","2","2","0","0","경기","용인시","차대차","측면충돌","측면충돌","신호위반","교차로","교차로내","승용차","화물차","974544","1918157","127.212913","37.26196286","N"
"2019","2019-02-12 11","주","화","1","0","0","0","0","제주","제주시","차대사람","기타","기타","안전운전 의무 불이행","기타","기타","승용차","보행자","891215","1497322","126.3293666","33.46216229","N"
"2019","2019-02-12 18","야","화","1","0","0","0","0","서울","강남구","차대차","측면충돌","측면충돌","기타","단일로","기타단일로","승용차","승용차","960592","1947218","127.0540199","37.5234198","N"
"2019","2019-02-12 20","야","화","1","0","0","0","0","전남","구례군","차대사람","횡단중","횡단중","안전운전 의무 불이행","단일로","기타단일로","승용차","보행자","995236","1693941","127.4476388","35.24086639","N"
"2019","2019-02-12 23","야","화","1","0","0","0","0","경기","화성시","차량단독","공작물충돌","공작물충돌","안전운전 의무 불이행","단일로","기타단일로","승용차","없음","955689","1908630","127.0008426","37.17538228","N"
"2019","2019-02-13 00","야","수","1","0","0","0","0","대구","수성구","차량단독","공작물충돌","공작물충돌","안전운전 의무 불이행","단일로","기타단일로","이륜차","없음","1100270","1759385","128.6100757","35.82583627","N"
"2019","2019-02-13 01","야","수","1","0","0","0","0","경기","안산시","차량단독","공작물충돌","공작물충돌","안전운전 의무 불이행","단일로","기타단일로","이륜차","없음","943014","1925499","126.8567764","37.3267432","N"
"2019","2019-02-13 04","야","수","1","0","0","0","0","서울","강남구","차대사람","차도통행중","차도통행중","과속","단일로","기타단일로","승용차","보행자","959294","1944810","127.0394643","37.50165926","N"
"2019","2019-02-13 06","주","수","1","0","0","0","0","충남","천안시","차대차","기타","기타","안전운전 의무 불이행","단일로","기타단일로","승용차","승용차","973677","1876326","127.2046016","36.88486587","N"
"2019","2019-02-13 08","주","수","2","1","0","0","1","경기","고양시","차대차","측면충돌","측면충돌","신호위반","교차로","교차로내","승용차","이륜차","941969","1961739","126.8421233","37.65331283","N"
"2019","2019-02-13 09","주","수","2","1","0","1","0","충남","당진시","차대차","측면충돌","측면충돌","기타","교차로","교차로내","승용차","건설기계","916638","1889978","126.5630515","37.00460083","N"
"2019","2019-02-13 11","주","수","1","0","0","0","0","강원","영월군","차량단독","기타","기타","안전운전 의무 불이행","단일로","기타단일로","화물차","없음","1080419","1921308","128.4072412","37.28723707","N"
"2019","2019-02-13 14","주","수","1","0","0","0","0","경남","창원시(통합)","차대사람","기타","기타","안전운전 의무 불이행","교차로","교차로부근","승용차","보행자","1106897","1685208","128.6736631","35.15644585","N"
"2019","2019-02-13 14","주","수","1","0","0","0","0","경남","고성군","차량단독","전도","전도","안전운전 의무 불이행","기타","기타","농기계","없음","1056833","1660322","128.1223287","34.93613091","N"
"2019","2019-02-13 16","주","수","1","0","0","0","0","충북","옥천군","차량단독","전도","전도","안전운전 의무 불이행","단일로","기타단일로","이륜차","없음","1023779","1814909","127.7649492","36.3312636","N"
"2019","2019-02-13 18","야","수","1","0","0","0","0","전남","보성군","차량단독","전도","전도","안전운전 의무 불이행","기타","기타","화물차","없음","961204","1644732","127.0758952","34.79640093","N"
"2019","2019-02-13 19","야","수","1","1","0","1","0","경북","경산시","차대차","측면충돌","측면충돌","신호위반","교차로","교차로내","화물차","이륜차","1111513","1760421","128.7346655","35.83396098","N"
"2019","2019-02-13 21","야","수","1","0","0","0","0","경북","포항시","차대사람","횡단중","횡단중","안전운전 의무 불이행","단일로","기타단일로","승용차","보행자","1170368","1788205","129.3920049","36.07586698","N"
"2019","2019-02-13 21","야","수","1","0","0","0","0","광주","동구","차대사람","차도통행중","차도통행중","안전운전 의무 불이행","단일로","기타단일로","화물차","보행자","946664.1","1684521.9","126.914408","35.15452917","N"
"2019","2019-02-13 22","야","수","1","0","0","0","0","충북","제천시","차대사람","횡단중","횡단중","안전운전 의무 불이행","단일로","지하차도(도로)내","승합차","보행자","1062656.7","1904565.9","128.2054666","37.13769976","N"
"2019","2019-02-14 00","야","목","1","0","0","0","0","경기","오산시","차대사람","기타","기타","과속","단일로","기타단일로","승용차","보행자","962149","1906040","127.0737428","37.1523204","N"
"2019","2019-02-14 01","야","목","1","0","0","0","0","경북","청도군","차대차","측면충돌","측면충돌","안전운전 의무 불이행","단일로","지하차도(도로)내","승용차","자전거","1114341","1736407","128.7625494","35.61716932","N"
"2019","2019-02-14 10","주","목","1","0","0","0","0","경기","김포시","차대차","기타","기타","안전운전 의무 불이행","교차로","교차로부근","승용차","화물차","919516","1961536","126.5876295","37.6497893","N"
"2019","2019-02-14 18","야","목","1","0","0","0","0","경기","이천시","차대사람","횡단중","횡단중","신호위반","교차로","교차로부근","승합차","보행자","1010301","1901849","127.6159479","37.1152516","N"
"2019","2019-02-14 19","야","목","1","0","0","0","0","경기","양평군","차대사람","기타","기타","과속","단일로","기타단일로","승용차","보행자","1003203","1943542","127.5362328","37.49112208","N"
"2019","2019-02-14 20","야","목","1","0","0","0","0","부산","부산진구","차대사람","기타","기타","안전운전 의무 불이행","단일로","기타단일로","승용차","보행자","1140578","1685600","129.0434214","35.15583344","N"
"2019","2019-02-14 20","야","목","1","0","0","0","0","경기","평택시","차량단독","공작물충돌","공작물충돌","안전운전 의무 불이행","단일로","기타단일로","승용차","없음","957042","1893386","127.0169569","37.03803692","N"
"2019","2019-02-14 22","야","목","1","0","0","0","0","경기","성남시","차대사람","기타","기타","안전운전 의무 불이행","교차로","교차로내","승합차","보행자","964747","1930110","127.1018589","37.36938453","N"
"2019","2019-02-15 02","야","금","1","0","0","0","0","대구","서구","차대사람","횡단중","횡단중","안전운전 의무 불이행","단일로","기타단일로","승용차","보행자","1096502","1763276","128.5688379","35.86129011","N"
"2019","2019-02-15 06","주","금","1","0","0","0","0","경북","김천시","차대사람","차도통행중","차도통행중","안전운전 의무 불이행","교차로","교차로부근","승합차","보행자","1056844.2","1791471.8","128.131651","36.11859152","N"
"2019","2019-02-15 07","주","금","1","4","1","3","0","경기","화성시","차량단독","전도","전도","과속","단일로","기타단일로","승합차","없음","938392","1919987","126.8050668","37.27676676","N"
"2019","2019-02-15 10","주","금","1","1","0","1","0","경기","양주시","차대사람","기타","기타","안전운전 의무 불이행","단일로","기타단일로","화물차","보행자","961192","1974226","127.0593743","37.76687316","N"
"2019","2019-02-15 11","주","금","1","0","0","0","0","강원","양양군","차대차","측면충돌","측면충돌","신호위반","교차로","교차로내","이륜차","화물차","1110548.8","1997650.2","128.7586345","37.97208737","N"
"2019","2019-02-15 12","주","금","1","0","0","0","0","충북","영동군","차대차","측면충돌","측면충돌","과속","교차로","교차로내","화물차","이륜차","1037349","1803268","127.9155886","36.22588586","N"
"2019","2019-02-15 12","주","금","1","0","0","0","0","대구","서구","차대사람","기타","기타","안전운전 의무 불이행","단일로","기타단일로","승용차","보행자","1096590","1763600","128.5698516","35.86420216","N"
"2019","2019-02-15 13","주","금","1","2","2","0","0","강원","양양군","차량단독","공작물충돌","공작물충돌","안전운전 의무 불이행","기타","기타","승용차","없음","1098267","2015229","128.6212423","38.13190455","N"
"2019","2019-02-15 14","주","금","1","0","0","0","0","경기","구리시","차대사람","횡단중","횡단중","안전운전 의무 불이행","교차로","교차로횡단보도내","승용차","보행자","968036","1956891","127.13784","37.61089432","N"
"2019","2019-02-15 15","주","금","1","0","0","0","0","전북","전주시","차대사람","기타","기타","안전운전 의무 불이행","단일로","기타단일로","승용차","보행자","966994","1755086","127.1347451","35.79164726","N"
"2019","2019-02-15 20","야","금","1","0","0","0","0","전북","군산시","차대사람","횡단중","횡단중","안전운전 의무 불이행","단일로","기타단일로","승용차","보행자","928488","1775502","126.706819","35.97365346","N"
"2019","2019-02-15 21","야","금","1","0","0","0","0","서울","성북구","차대사람","횡단중","횡단중","보행자 보호의무 위반","단일로","기타단일로","승용차","보행자","957045","1955925","127.0133696","37.60173973","N"
"2019","2019-02-16 00","야","토","1","0","0","0","0","경기","성남시","차대사람","횡단중","횡단중","안전운전 의무 불이행","기타","기타","승용차","보행자","967144","1934850","127.128719","37.41219723","N"
"2019","2019-02-16 02","야","토","1","0","0","0","0","경남","진주시","차대차","기타","기타","안전운전 의무 불이행","단일로","기타단일로","승용차","승용차","1052501","1688532","128.076681","35.1907311","N"
"2019","2019-02-16 07","주","토","1","0","0","0","0","전남","목포시","차대사람","기타","기타","안전운전 의무 불이행","교차로","교차로횡단보도내","승용차","보행자","897676","1645543","126.3814107","34.79931235","N"
"2019","2019-02-16 11","주","토","1","0","0","0","0","제주","제주시","차대사람","기타","기타","안전운전 의무 불이행","단일로","기타단일로","화물차","보행자","916474","1499810","126.6009129","33.48686914","N"
"2019","2019-02-16 13","주","토","1","0","0","0","0","경남","창원시(통합)","차대사람","횡단중","횡단중","기타","교차로","교차로내","승용차","보행자","1097128","1690643","128.5670632","35.20643715","Y"
"2019","2019-02-16 15","주","토","1","4","0","4","0","경북","경산시","차대차","정면충돌","정면충돌","신호위반","교차로","교차로내","화물차","승용차","1111361","1761255","128.7330993","35.84149601","Y"
"2019","2019-02-16 18","야","토","1","0","0","0","0","충북","제천시","차량단독","공작물충돌","공작물충돌","안전운전 의무 불이행","단일로","기타단일로","승용차","없음","1068329","1910843","128.269901","37.19388026","N"
"2019","2019-02-16 19","야","토","1","0","0","0","0","전북","익산시","차량단독","기타","기타","안전운전 의무 불이행","단일로","기타단일로","개인형이동수단(PM)","없음","951016","1773169","126.9568218","35.95401162","N"
"2019","2019-02-16 19","야","토","1","0","0","0","0","경남","사천시","차대사람","횡단중","횡단중","안전운전 의무 불이행","단일로","기타단일로","승용차","보행자","1051242","1668912","128.0616378","35.01388549","N"
"2019","2019-02-17 00","야","일","1","0","0","0","0","대구","북구","차대사람","횡단중","횡단중","안전운전 의무 불이행","단일로","기타단일로","승용차","보행자","1095929","1772707","128.5636295","35.94636245","N"
"2019","2019-02-17 01","야","일","1","2","1","1","0","부산","해운대구","차대차","기타","기타","중앙선 침범","교차로","교차로부근","승용차","승용차","1152211","1687780","129.171497","35.17378846","N"
"2019","2019-02-17 19","야","일","1","0","0","0","0","경기","양주시","차량단독","공작물충돌","공작물충돌","신호위반","교차로","교차로부근","승용차","없음","964347","1980854","127.0948692","37.82673972","N"
"2019","2019-02-17 20","야","일","1","2","2","0","0","경북","성주군","차대차","정면충돌","정면충돌","중앙선 침범","단일로","기타단일로","승용차","승용차","1069823","1770425","128.2740023","35.9280057","N"
"2019","2019-02-17 23","야","일","1","0","0","0","0","경기","안양시","차대사람","기타","기타","안전운전 의무 불이행","교차로","교차로내","승용차","보행자","949304","1931839","126.9273367","37.38425303","N"
"2019","2019-02-18 01","야","월","1","0","0","0","0","경북","경주시","차량단독","공작물충돌","공작물충돌","안전운전 의무 불이행","단일로","기타단일로","승용차","없음","1160085","1773470","129.274879","35.94482942","N"
"2019","2019-02-18 05","야","월","1","0","0","0","0","경기","수원시","차대사람","횡단중","횡단중","안전운전 의무 불이행","단일로","기타단일로","승용차","보행자","961884","1917101","127.0701936","37.25201202","N"
"2019","2019-02-18 05","야","월","1","0","0","0","0","경남","양산시","차대차","기타","기타","기타","단일로","기타단일로","승용차","승용차","1150514","1711722","129.1572606","35.38983934","N"
"2019","2019-02-18 07","주","월","1","1","0","1","0","경기","부천시","차대차","정면충돌","정면충돌","신호위반","교차로","교차로내","이륜차","승용차","934874","1945305","126.7631567","37.50472055","N"
"2019","2019-02-18 09","주","월","1","0","0","0","0","강원","횡성군","차대사람","기타","기타","안전운전 의무 불이행","단일로","기타단일로","화물차","보행자","1042457","1942203","127.9801949","37.47808253","N"
"2019","2019-02-18 10","주","월","1","1","0","1","0","충남","금산군","차대차","측면충돌","측면충돌","기타","교차로","교차로내","화물차","이륜차","997148","1791986","127.4683059","36.12488847","N"
"2019","2019-02-18 17","주","월","1","0","0","0","0","경기","여주시","차량단독","전도","전도","안전운전 의무 불이행","단일로","기타단일로","화물차","없음","1015961","1915236","127.6799425","37.23584418","N"
"2019","2019-02-18 17","주","월","1","0","0","0","0","전북","장수군","차량단독","전도","전도","안전운전 의무 불이행","단일로","기타단일로","사륜오토바이(ATV)","없음","1004540.3","1730027.7","127.5501034","35.56625529","N"
"2019","2019-02-18 17","주","월","1","0","0","0","0","경남","함양군","차량단독","도로이탈","도로이탈 추락","안전운전 의무 불이행","단일로","기타단일로","농기계","없음","1013407","1725689","127.6478778","35.52705462","N"
"2019","2019-02-19 02","야","화","1","0","0","0","0","서울","영등포구","차량단독","기타","기타","안전운전 의무 불이행","기타","기타","승용차","없음","945626","1946803","126.8846882","37.51891839","N"
"2019","2019-02-19 06","주","화","1","1","1","0","0","경기","시흥시","차량단독","공작물충돌","공작물충돌","안전운전 의무 불이행","단일로","교량위","승용차","없음","939780","1937488","126.8192993","37.43459854","N"
"2019","2019-02-19 10","주","화","1","1","1","0","0","경남","사천시","차대차","정면충돌","정면충돌","중앙선 침범","교차로","교차로부근","승용차","승용차","1052791","1675380","128.0790262","35.07212715","N"
"2019","2019-02-19 11","주","화","1","0","0","0","0","충남","홍성군","차량단독","공작물충돌","공작물충돌","안전운전 의무 불이행","단일로","기타단일로","승용차","없음","927524","1851256","126.6890852","36.65647211","N"
"2019","2019-02-20 16","주","수","1","0","0","0","0","전북","익산시","차대차","측면충돌","측면충돌","과속","교차로","교차로내","승용차","자전거","950695","1773823","126.9532217","35.95989166","N"
"2019","2019-02-20 17","주","수","1","1","1","0","0","충남","태안군","차대차","정면충돌","정면충돌","중앙선 침범","단일로","기타단일로","화물차","화물차","888153","1870772","126.245793","36.82855017","N"
"2019","2019-02-20 18","야","수","1","0","0","0","0","경기","용인시","차대사람","횡단중","횡단중","보행자 보호의무 위반","교차로","교차로부근","승용차","보행자","976111","1913058","127.2307486","37.21604218","N"
"2019","2019-02-20 22","야","수","1","0","0","0","0","경기","오산시","차대사람","기타","기타","안전운전 의무 불이행","단일로","기타단일로","승용차","보행자","961690","1906013","127.0685753","37.15205833","N"
"2019","2019-02-20 22","야","수","1","0","0","0","0","경기","안산시","차대사람","횡단중","횡단중","안전운전 의무 불이행","단일로","기타단일로","승용차","보행자","943940","1923443","126.8673833","37.30826801","N"
"2019","2019-02-21 09","주","목","1","0","0","0","0","경북","군위군","차대사람","횡단중","횡단중","안전운전 의무 불이행","단일로","기타단일로","화물차","보행자","1104725","1789902","128.6634161","36.10045526","N"
"2019","2019-02-21 11","주","목","1","0","0","0","0","충남","논산시","차량단독","공작물충돌","공작물충돌","안전운전 의무 불이행","단일로","기타단일로","승용차","없음","979467","1802443","127.2715456","36.21895161","N"
"2019","2019-02-21 11","주","목","1","0","0","0","0","광주","동구","차대사람","기타","기타","안전운전 의무 불이행","단일로","기타단일로","승용차","보행자","948491","1681684","126.9346422","35.1290357","N"
"2019","2019-02-21 16","주","목","1","0","0","0","0","경북","상주시","차대차","측면충돌","측면충돌","안전운전 의무 불이행","단일로","기타단일로","승용차","자전거","1060041","1840866","128.1709805","36.56367844","N"
"2019","2019-02-21 17","주","목","1","2","2","0","0","강원","춘천시","차대차","정면충돌","정면충돌","중앙선 침범","단일로","기타단일로","승용차","승용차","1022589","1981790","127.7567135","37.83559301","N"
"2019","2019-02-21 19","야","목","1","0","0","0","0","경북","포항시","차대차","측면충돌","측면충돌","안전운전 의무 불이행","교차로","교차로내","승용차","이륜차","1164698","1784789","129.3283541","36.04606189","N"
"2019","2019-02-21 19","야","목","1","2","0","0","2","경기","포천시","차대차","추돌","추돌","안전운전 의무 불이행","단일로","기타단일로","승용차","사륜오토바이(ATV)","985835","1997683","127.3387085","37.97900649","N"
"2019","2019-02-21 20","야","목","1","0","0","0","0","경기","수원시","차대차","기타","기타","안전거리 미확보","단일로","지하차도(도로)내","승용차","승용차","961513","1919518","127.0658852","37.27378305","N"
"2019","2019-02-22 00","야","금","1","0","0","0","0","경기","성남시","차대사람","횡단중","횡단중","안전운전 의무 불이행","단일로","기타단일로","승합차","보행자","967609","1938091","127.1338313","37.44142667","N"
"2019","2019-02-22 01","야","금","1","0","0","0","0","대전","서구","차대사람","횡단중","횡단중","보행자 보호의무 위반","교차로","교차로내","화물차","보행자","986028","1811111","127.3443894","36.29721524","N"
"2019","2019-02-22 06","주","금","1","0","0","0","0","충남","서천군","차대사람","횡단중","횡단중","안전운전 의무 불이행","단일로","기타단일로","화물차","보행자","927317","1779345","126.6934793","36.00821179","N"
"2019","2019-02-22 06","주","금","1","1","0","1","0","전남","광양시","차대차","추돌","추돌","안전운전 의무 불이행","단일로","기타단일로","승용차","특수차","1008738","1660799","127.5956897","34.9419885","N"
"2019","2019-02-22 07","주","금","1","1","0","1","0","제주","제주시","차대차","기타","기타","신호위반","교차로","교차로내","화물차","승용차","908253","1497024","126.5127167","33.46107048","N"
"2019","2019-02-22 08","주","금","1","0","0","0","0","울산","울주군","차대사람","기타","기타","안전운전 의무 불이행","단일로","기타단일로","승용차","보행자","1165579","1716370","129.3240087","35.42933941","N"
"2019","2019-02-22 10","주","금","1","0","0","0","0","경북","상주시","차대사람","차도통행중","차도통행중","안전운전 의무 불이행","교차로","교차로내","화물차","보행자","1040210","1827462","127.9486716","36.4438839","N"
"2019","2019-02-22 21","야","금","1","0","0","0","0","경기","하남시","차대차","정면충돌","정면충돌","신호위반","교차로","교차로내","이륜차","승합차","972415","1951238","127.1876674","37.56008339","N"
"2019","2019-02-23 06","주","토","1","1","0","1","0","전북","완주군","차대차","추돌","추돌","안전운전 의무 불이행","단일로","기타단일로","화물차","특수차","968495","1770852","127.1507323","35.93384256","N"
"2019","2019-02-23 06","주","토","1","0","0","0","0","경남","하동군","차대사람","횡단중","횡단중","안전운전 의무 불이행","단일로","기타단일로","승용차","보행자","1026233","1661228","127.7872891","34.94555499","N"
"2019","2019-02-23 08","주","토","1","0","0","0","0","충북","제천시","차대사람","횡단중","횡단중","보행자 보호의무 위반","단일로","지하차도(도로)내","화물차","보행자","1052890","1880698","128.0938295","36.92316043","N"
"2019","2019-02-23 12","주","토","1","1","1","0","0","경기","양주시","차대사람","기타","기타","안전운전 의무 불이행","교차로","교차로부근","승용차","보행자","956951","1977085","127.0110539","37.79245119","N"
"2019","2019-02-23 14","주","토","1","4","1","3","0","강원","춘천시","차대차","정면충돌","정면충돌","중앙선 침범","단일로","터널안","승용차","승용차","1031192","2003855","127.8554374","38.03420735","N"
"2019","2019-02-23 18","야","토","1","3","2","1","0","광주","북구","차대차","측면충돌","측면충돌","안전운전 의무 불이행","교차로","교차로내","승용차","화물차","945545","1691209","126.9016799","35.21476456","N"
"2019","2019-02-23 19","야","토","1","0","0","0","0","강원","춘천시","차대사람","횡단중","횡단중","안전운전 의무 불이행","단일로","교량위","화물차","보행자","1013217","1997712","127.6504975","37.97928217","N"
"2019","2019-02-23 19","야","토","1","0","0","0","0","전북","김제시","차대사람","길가장자리구역통행중","길가장자리구역통행중","안전운전 의무 불이행","단일로","기타단일로","화물차","보행자","942410","1756177","126.8626241","35.80034926","N"
"2019","2019-02-23 20","야","토","1","3","2","1","0","전남","신안군","차대사람","기타","기타","안전운전 의무 불이행","단일로","기타단일로","화물차","보행자","867040","1655493","126.0450095","34.88547088","N"
"2019","2019-02-24 01","야","일","1","0","0","0","0","부산","영도구","차대사람","횡단중","횡단중","안전운전 의무 불이행","단일로","기타단일로","승용차","보행자","1140319","1678470","129.0393688","35.09159987","N"
"2019","2019-02-24 06","주","일","1","0","0","0","0","서울","구로구","차량단독","공작물충돌","공작물충돌","기타","단일로","기타단일로","승용차","없음","941822","1945176","126.8417724","37.50402205","N"
"2019","2019-02-24 20","야","일","1","1","1","0","0","경남","진주시","차대차","추돌","추돌","안전운전 의무 불이행","단일로","기타단일로","화물차","화물차","1057048","1681812","128.1261591","35.12989101","N"
"2019","2019-02-25 06","주","월","1","0","0","0","0","서울","성북구","차대차","측면충돌","측면충돌","안전운전 의무 불이행","교차로","교차로내","건설기계","자전거","960330","1957666","127.0504893","37.61757933","N"
"2019","2019-02-25 06","주","월","1","0","0","0","0","충남","청양군","차대사람","차도통행중","차도통행중","안전운전 의무 불이행","단일로","기타단일로","화물차","보행자","943190","1818093","126.8667965","36.35858454","N"
"2019","2019-02-25 06","주","월","1","0","0","0","0","전남","목포시","차대사람","기타","기타","안전운전 의무 불이행","단일로","기타단일로","화물차","보행자","898739","1645678","126.393013","34.80063576","N"
"2019","2019-02-25 11","주","월","1","0","0","0","0","경기","파주시","차대사람","기타","기타","안전운전 의무 불이행","단일로","기타단일로","화물차","보행자","936774","1973124","126.7822447","37.75557867","N"
"2019","2019-02-25 12","주","월","1","0","0","0","0","전남","완도군","차량단독","도로이탈","도로이탈 추락","안전운전 의무 불이행","교차로","교차로부근","이륜차","없음","921394.7","1599209.6","126.6449613","34.38362941","N"
"2019","2019-02-25 12","주","월","1","2","2","0","0","경기","남양주시","차대차","측면충돌","측면충돌","안전운전 의무 불이행","단일로","기타단일로","승합차","화물차","977631","1960799","127.2464329","37.64640216","N"
"2019","2019-02-25 14","주","월","1","0","0","0","0","충남","보령시","차량단독","공작물충돌","공작물충돌","안전운전 의무 불이행","교차로","교차로부근","화물차","없음","923865","1826039","126.6506399","36.4288771","N"
"2019","2019-02-25 14","주","월","1","0","0","0","0","전남","순천시","차대차","측면충돌","측면충돌","안전운전 의무 불이행","단일로","기타단일로","건설기계","이륜차","998721","1665174","127.485987","34.98147693","N"
"2019","2019-02-25 14","주","월","1","0","0","0","0","경남","창원시(통합)","차대사람","횡단중","횡단중","과속","단일로","기타단일로","이륜차","보행자","1101585","1696558","128.616751","35.25932172","N"
"2019","2019-02-25 18","야","월","1","0","0","0","0","강원","양양군","차대사람","횡단중","횡단중","안전운전 의무 불이행","교차로","교차로부근","승용차","보행자","1111288","1996224","128.7668278","37.9591459","N"
"2019","2019-02-25 18","야","월","1","0","0","0","0","경북","상주시","차대차","추돌","추돌","안전운전 의무 불이행","단일로","교량위","화물차","농기계","1066810","1823919","128.2451565","36.41046097","N"
"2019","2019-02-25 19","야","월","1","0","0","0","0","경북","구미시","차대사람","횡단중","횡단중","안전운전 의무 불이행","교차로","교차로부근","승용차","보행자","1076258","1791677","128.3473779","36.11910977","N"
"2019","2019-02-25 21","야","월","1","1","0","1","0","강원","양양군","차대차","추돌","추돌","안전운전 의무 불이행","단일로","지하차도(도로)내","화물차","승합차","1097848","2015859","128.6165488","38.13762699","N"
"2019","2019-02-26 00","야","화","1","1","1","0","0","부산","영도구","차대사람","차도통행중","차도통행중","신호위반","교차로","교차로내","승용차","보행자","1142739","1676795","129.06562","35.07616161","N"
"2019","2019-02-26 01","야","화","1","2","0","2","0","대구","북구","차대차","측면충돌","측면충돌","안전운전 의무 불이행","단일로","터널안","승용차","화물차","1098670","1769179","128.5935778","35.9142865","N"
"2019","2019-02-26 05","야","화","1","0","0","0","0","경기","가평군","차량단독","공작물충돌","공작물충돌","안전운전 의무 불이행","단일로","기타단일로","승용차","없음","999264","1958758","127.491659","37.62827791","N"
"2019","2019-02-26 06","주","화","1","0","0","0","0","경북","경주시","차량단독","공작물충돌","공작물충돌","안전운전 의무 불이행","교차로","교차로부근","승용차","없음","1153386","1763609","129.1987359","35.85703612","N"
"2019","2019-02-26 17","주","화","1","5","4","1","0","경북","안동시","차대차","기타","기타","안전운전 의무 불이행","교차로","교차로내","승용차","승용차","1106030","1841475","128.6849307","36.5651679","N"
"2019","2019-02-26 18","야","화","1","0","0","0","0","광주","광산구","차대차","측면충돌","측면충돌","신호위반","단일로","기타단일로","승용차","이륜차","937853","1686753","126.8175057","35.17413984","N"
"2019","2019-02-26 19","야","화","1","0","0","0","0","인천","연수구","차대사람","차도통행중","차도통행중","안전운전 의무 불이행","교차로","교차로내","승용차","보행자","928916.5","1936340.6","126.6966237","37.42348625","N"
"2019","2019-02-26 22","야","화","1","0","0","0","0","경기","부천시","차대차","측면충돌","측면충돌","안전운전 의무 불이행","교차로","교차로내","승합차","자전거","935231.9","1947026.4","126.767054","37.52026056","N"
"2019","2019-02-27 00","야","수","1","1","0","1","0","경남","밀양시","차대차","측면충돌","측면충돌","중앙선 침범","교차로","교차로내","농기계","승용차","1121036","1711989","128.8328154","35.39626254","N"
"2019","2019-02-27 00","야","수","1","0","0","0","0","경기","양주시","차량단독","전도","전도","안전운전 의무 불이행","단일로","기타단일로","승용차","없음","962737","1975928","127.0768283","37.78227757","N"
"2019","2019-02-27 01","야","수","1","0","0","0","0","경기","성남시","차대차","추돌","추돌","안전운전 의무 불이행","교차로","교차로부근","화물차","화물차","966006","1932000","127.1159907","37.38646733","N"
"2019","2019-02-27 01","야","수","1","1","1","0","0","경북","칠곡군","차대차","추돌","추돌","안전운전 의무 불이행","교차로","교차로부근","화물차","화물차","1095173","1776608","128.5557165","35.98160186","N"
"2019","2019-02-27 01","야","수","1","0","0","0","0","대구","동구","차대차","기타","기타","안전운전 의무 불이행","단일로","기타단일로","화물차","승용차","1107520","1766319","128.6912593","35.88757276","N"
"2019","2019-02-27 05","야","수","1","0","0","0","0","울산","북구","차대차","추돌","추돌","과속","단일로","기타단일로","화물차","자전거","1168725","1731035","129.3616962","35.56097109","N"
"2019","2019-02-27 06","주","수","1","0","0","0","0","전북","익산시","차대사람","기타","기타","안전운전 의무 불이행","단일로","기타단일로","승용차","보행자","948982","1772876","126.9342868","35.95126587","N"
"2019","2019-02-27 13","주","수","1","0","0","0","0","경북","봉화군","차대차","기타","기타","안전운전 의무 불이행","단일로","기타단일로","화물차","이륜차","1112271","1874982","128.7595829","36.86644246","N"
"2019","2019-02-27 14","주","수","1","0","0","0","0","전남","함평군","차량단독","공작물충돌","공작물충돌","안전운전 의무 불이행","교차로","교차로부근","승용차","없음","915947","1671456","126.5785132","35.0346261","N"