"발생년","발생년월일시","주야","요일","사망자수","부상자수","중상자수","경상자수","부상신고자수","발생지시도","발생지시군구","사고유형_대분류","사고유형_중분류","사고유형","가해자법규위반","도로형태_대분류","도로형태","가해자_당사자종별","피해자_당사자종별","발생위치(X_UTMK)","발생위치(Y_UTMK)","경도","위도"," 어린이사고 여부"
"2019","2019-02-27 14","주","수","1","0","0","0","0","대구","중구","차대차","측면충돌","측면충돌","안전운전 의무 불이행","단일로","기타단일로","승합차","자전거","1097692","1764702","128.5821908","35.87402686","N"
"2019","2019-02-27 15","주","수","1","2","0","2","0","서울","송파구","차대차","측면충돌","측면충돌","중앙선 침범","단일로","기타단일로","이륜차","승용차","968450","1942527","127.1431484","37.48143985","Y"
"2019","2019-02-27 16","주","수","1","0","0","0","0","충북","괴산군","차대사람","횡단중","횡단중","중앙선 침범","단일로","기타단일로","화물차","보행자","1021106","1851416","127.7361637","36.66044084","N"
"2019","2019-02-27 23","야","수","1","2","1","1","0","전북","전주시","차대차","측면충돌","측면충돌","신호위반","교차로","교차로내","승용차","화물차","966982","1764112","127.134239","35.87302539","N"
"2019","2019-02-28 01","야","목","1","0","0","0","0","경기","고양시","차대사람","횡단중","횡단중","과속","교차로","교차로내","승용차","보행자","942146","1969715","126.8434963","37.72520997","N"
"2019","2019-02-28 05","야","목","1","0","0","0","0","충남","서산시","차대사람","길가장자리구역통행중","길가장자리구역통행중","안전운전 의무 불이행","단일로","기타단일로","화물차","보행자","909766.3","1865643.9","126.4887255","36.78463847","N"
"2019","2019-02-28 06","주","목","1","0","0","0","0","전북","김제시","차대차","기타","기타","안전운전 의무 불이행","단일로","기타단일로","화물차","건설기계","945941","1759154","126.9015","35.82738991","N"
"2019","2019-02-28 07","주","목","1","0","0","0","0","전북","군산시","차량단독","공작물충돌","공작물충돌","안전운전 의무 불이행","교차로","교차로내","승용차","없음","929631","1773920","126.719636","35.95947461","N"
"2019","2019-02-28 08","주","목","1","0","0","0","0","부산","남구","차대차","측면충돌","측면충돌","안전운전 의무 불이행","교차로","교차로내","화물차","자전거","1142954","1682149","129.068902","35.12439159","N"
"2019","2019-02-28 14","주","목","1","1","1","0","0","충남","공주시","차대차","추돌","추돌","안전운전 의무 불이행","단일로","기타단일로","화물차","화물차","968795","1827330","127.1518115","36.44302926","N"
"2019","2019-02-28 19","야","목","1","0","0","0","0","전북","임실군","차대사람","횡단중","횡단중","중앙선 침범","단일로","기타단일로","화물차","보행자","971149.5","1741274.8","127.1812271","35.66725346","N"
"2019","2019-02-28 19","야","목","1","0","0","0","0","대구","북구","차대차","측면충돌","측면충돌","안전운전 의무 불이행","교차로","교차로내","건설기계","자전거","1095068","1766721","128.5533687","35.89248565","N"
"2019","2019-03-01 00","야","금","1","0","0","0","0","서울","영등포구","차대사람","기타","기타","안전운전 의무 불이행","단일로","기타단일로","화물차","보행자","945654","1950281","126.8847476","37.55026757","N"
"2019","2019-03-01 03","야","금","1","0","0","0","0","경기","시흥시","차대사람","차도통행중","차도통행중","안전운전 의무 불이행","교차로","교차로내","승용차","보행자","937278","1936583","126.7910966","37.42627545","N"
"2019","2019-03-01 10","주","금","1","6","2","4","0","충남","천안시","차대차","측면충돌","측면충돌","안전운전 의무 불이행","단일로","기타단일로","승용차","승용차","968911","1853109","127.1520653","36.67542899","Y"
"2019","2019-03-01 16","주","금","1","0","0","0","0","경북","경주시","차량단독","전도","전도","안전운전 의무 불이행","단일로","기타단일로","농기계","없음","1174370","1765090","129.4313443","35.86687176","N"
"2019","2019-03-01 21","야","금","1","0","0","0","0","충남","당진시","차대사람","기타","기타","안전운전 의무 불이행","단일로","기타단일로","승용차","보행자","928332","1868209","126.6965341","36.80934679","N"
"2019","2019-03-02 12","주","토","1","0","0","0","0","전남","담양군","차량단독","기타","기타","안전운전 의무 불이행","단일로","기타단일로","승용차","없음","956459","1700028","127.0211249","35.29481647","N"
"2019","2019-03-02 14","주","토","1","1","1","0","0","경기","고양시","차대사람","횡단중","횡단중","안전운전 의무 불이행","교차로","교차로횡단보도내","건설기계","보행자","944683","1959801","126.873036","37.63601339","N"
"2019","2019-03-02 18","야","토","1","0","0","0","0","충남","보령시","차량단독","도로이탈","도로이탈 추락","안전운전 의무 불이행","단일로","기타단일로","화물차","없음","920225","1823441","126.6103037","36.40516238","N"
"2019","2019-03-02 20","야","토","1","0","0","0","0","경남","밀양시","차대사람","횡단중","횡단중","안전운전 의무 불이행","교차로","교차로부근","승합차","보행자","1114481","1719940","128.7617674","35.46871243","N"
"2019","2019-03-03 01","야","일","1","0","0","0","0","서울","종로구","차대차","기타","기타","안전운전 의무 불이행","교차로","교차로부근","승용차","이륜차","955187","1953276","126.9924835","37.57777517","N"
"2019","2019-03-03 01","야","일","1","0","0","0","0","충남","보령시","차대사람","길가장자리구역통행중","길가장자리구역통행중","안전운전 의무 불이행","단일로","기타단일로","화물차","보행자","923925","1814905","126.6523991","36.32851573","N"
"2019","2019-03-03 03","야","일","1","1","0","0","1","제주","제주시","차대차","정면충돌","정면충돌","중앙선 침범","교차로","교차로부근","화물차","화물차","892256.7","1497441.3","126.3405599","33.46334346","N"
"2019","2019-03-03 09","주","일","1","0","0","0","0","전북","무주군","차량단독","기타","기타","안전운전 의무 불이행","단일로","기타단일로","농기계","없음","1013718","1784218","127.6523117","36.0547611","N"
"2019","2019-03-03 10","주","일","1","0","0","0","0","경북","경주시","차량단독","공작물충돌","공작물충돌","안전운전 의무 불이행","교차로","교차로내","화물차","없음","1181326","1760276","129.5072545","35.82223153","N"
"2019","2019-03-03 11","주","일","1","0","0","0","0","울산","울주군","차대차","측면충돌","측면충돌","교차로 통행방법 위반","교차로","교차로내","농기계","이륜차","1144757","1733190","129.0977207","35.58418769","N"
"2019","2019-03-03 14","주","일","1","0","0","0","0","경기","파주시","차량단독","기타","기타","안전운전 의무 불이행","단일로","기타단일로","이륜차","없음","929943","1975865","126.7044396","37.77978387","N"
"2019","2019-03-04 02","야","월","1","1","1","0","0","강원","춘천시","차량단독","공작물충돌","공작물충돌","안전운전 의무 불이행","교차로","교차로내","승용차","없음","1020029","1986727","127.7277574","37.88015024","N"
"2019","2019-03-04 15","주","월","1","0","0","0","0","대구","달성군","차량단독","전도","전도","안전운전 의무 불이행","단일로","기타단일로","이륜차","없음","1084918","1754424","128.4396112","35.78256224","N"
"2019","2019-03-04 16","주","월","1","0","0","0","0","경기","부천시","차대사람","횡단중","횡단중","신호위반","교차로","교차로횡단보도내","화물차","보행자","938908","1943099","126.808978","37.48511371","N"
"2019","2019-03-04 16","주","월","1","0","0","0","0","경남","합천군","차대사람","길가장자리구역통행중","길가장자리구역통행중","안전운전 의무 불이행","단일로","기타단일로","화물차","보행자","1073629","1738316","128.3132349","35.63825221","N"
"2019","2019-03-04 18","야","월","1","0","0","0","0","경북","의성군","차대사람","기타","기타","안전운전 의무 불이행","단일로","기타단일로","화물차","보행자","1095664","1824031","128.5669468","36.40902903","N"
"2019","2019-03-04 22","야","월","1","0","0","0","0","경기","시흥시","차대차","측면충돌","측면충돌","과속","단일로","기타단일로","승용차","승용차","939079","1938646","126.8112803","37.44498982","N"
"2019","2019-03-04 23","야","월","1","0","0","0","0","서울","광진구","차대사람","횡단중","횡단중","보행자 보호의무 위반","교차로","교차로횡단보도내","화물차","보행자","961464","1949282","127.0637797","37.54206021","N"
"2019","2019-03-05 01","야","화","1","0","0","0","0","부산","사상구","차대사람","횡단중","횡단중","안전운전 의무 불이행","단일로","기타단일로","승용차","보행자","1134167","1685285","128.9730043","35.1538701","N"
"2019","2019-03-05 05","야","화","1","1","0","1","0","전북","정읍시","차대차","기타","기타","안전운전 의무 불이행","단일로","기타단일로","화물차","화물차","939326","1731146","126.8303827","35.57448911","N"
"2019","2019-03-05 08","주","화","1","0","0","0","0","강원","삼척시","차대사람","보도통행중","보도통행중","기타","단일로","기타단일로","승용차","보행자","1146934","1939389","129.1609912","37.44202063","N"
"2019","2019-03-05 09","주","화","2","5","1","4","0","강원","철원군","차대차","측면충돌","측면충돌","중앙선 침범","단일로","기타단일로","화물차","승용차","991020.2","2018495.8","127.3974889","38.16665368","N"
"2019","2019-03-05 11","주","화","1","0","0","0","0","경북","안동시","차량단독","도로이탈","도로이탈 추락","안전운전 의무 불이행","단일로","기타단일로","화물차","없음","1131551","1850709","128.9716423","36.64520994","N"
"2019","2019-03-05 11","주","화","1","0","0","0","0","경북","의성군","차대사람","횡단중","횡단중","보행자 보호의무 위반","교차로","교차로횡단보도내","화물차","보행자","1092409","1832167","128.5316195","36.48268417","N"
"2019","2019-03-05 11","주","화","1","0","0","0","0","대구","북구","차대차","측면충돌","측면충돌","과속","단일로","기타단일로","화물차","자전거","1095591","1772682","128.5598794","35.94617024","N"
"2019","2019-03-05 14","주","화","1","0","0","0","0","강원","원주시","차대사람","차도통행중","차도통행중","안전운전 의무 불이행","교차로","교차로내","승용차","보행자","1039786","1925980","127.9491128","37.33197488","N"
"2019","2019-03-05 19","야","화","1","3","0","3","0","전북","부안군","차대차","추돌","추돌","과속","단일로","기타단일로","승용차","농기계","926796","1744644","126.6908834","35.69533417","N"
"2019","2019-03-06 00","야","수","1","0","0","0","0","인천","옹진군","차대사람","횡단중","횡단중","과속","기타","기타","화물차","보행자","909138","1917656","126.4754091","37.25336161","N"
"2019","2019-03-06 01","야","수","1","0","0","0","0","경북","구미시","차량단독","공작물충돌","공작물충돌","안전운전 의무 불이행","단일로","기타단일로","승용차","없음","1068172","1806267","128.2588015","36.25123861","N"
"2019","2019-03-06 01","야","수","1","0","0","0","0","인천","서구","차량단독","공작물충돌","공작물충돌","안전운전 의무 불이행","단일로","기타단일로","이륜차","없음","928271","1942671","126.688713","37.4804913","N"
"2019","2019-03-06 04","야","수","1","1","0","1","0","강원","원주시","차량단독","공작물충돌","공작물충돌","안전운전 의무 불이행","단일로","기타단일로","이륜차","없음","1039895","1927795","127.9504408","37.34832994","N"
"2019","2019-03-06 10","주","수","1","0","0","0","0","강원","평창군","차량단독","전도","전도","안전운전 의무 불이행","단일로","기타단일로","농기계","없음","1083603","1950099","128.4464167","37.54643709","N"
"2019","2019-03-06 10","주","수","1","0","0","0","0","충남","예산군","차대차","측면충돌","측면충돌","안전운전 의무 불이행","교차로","교차로부근","이륜차","승용차","931147","1854607","126.7293174","36.68694747","N"
"2019","2019-03-06 14","주","수","1","0","0","0","0","경북","군위군","차량단독","도로이탈","도로이탈 추락","안전운전 의무 불이행","단일로","기타단일로","이륜차","없음","1106217","1796413","128.6808669","36.15898223","N"
"2019","2019-03-06 16","주","수","1","1","1","0","0","울산","울주군","차대차","추돌","추돌","안전거리 미확보","단일로","기타단일로","승용차","특수차","1144820","1724104","129.0967912","35.50228531","N"
"2019","2019-03-06 18","야","수","1","0","0","0","0","서울","관악구","차대사람","기타","기타","안전운전 의무 불이행","교차로","교차로내","화물차","보행자","950651","1942653","126.9418285","37.481796","N"
"2019","2019-03-06 19","야","수","1","0","0","0","0","경북","칠곡군","차대사람","기타","기타","안전운전 의무 불이행","단일로","기타단일로","승용차","보행자","1078101","1782498","128.3669464","36.0362164","N"
"2019","2019-03-07 05","야","목","1","0","0","0","0","경기","안산시","차대사람","횡단중","횡단중","안전운전 의무 불이행","단일로","기타단일로","승용차","보행자","944697","1929363","126.8754837","37.36167259","N"
"2019","2019-03-07 09","주","목","1","1","1","0","0","전남","화순군","차대사람","횡단중","횡단중","안전운전 의무 불이행","단일로","기타단일로","승용차","보행자","953162.3","1664649.4","126.9868737","34.97566303","N"
"2019","2019-03-07 09","주","목","1","0","0","0","0","경남","함안군","차대차","기타","기타","안전운전 의무 불이행","단일로","기타단일로","화물차","이륜차","1077177","1703680","128.3491281","35.32571262","N"
"2019","2019-03-07 11","주","목","1","0","0","0","0","경남","하동군","차량단독","도로이탈","도로이탈 추락","안전운전 의무 불이행","단일로","기타단일로","화물차","없음","1034113","1669632","127.8739294","35.02110143","N"
"2019","2019-03-07 12","주","목","1","1","1","0","0","강원","철원군","차대사람","횡단중","횡단중","보행자 보호의무 위반","단일로","기타단일로","화물차","보행자","975318.2","2023114.5","127.2180797","38.20798648","N"
"2019","2019-03-07 13","주","목","1","0","0","0","0","경남","양산시","차대사람","횡단중","횡단중","안전운전 의무 불이행","교차로","교차로내","화물차","보행자","1150013","1713545","129.1520815","35.40634574","N"
"2019","2019-03-07 14","주","목","1","0","0","0","0","부산","해운대구","차대사람","기타","기타","안전운전 의무 불이행","교차로","교차로부근","승용차","보행자","1152707","1686539","129.176712","35.16252765","N"
"2019","2019-03-07 17","주","목","1","0","0","0","0","경기","양주시","차대차","측면충돌","측면충돌","신호위반","교차로","교차로내","이륜차","화물차","955310","1977174","126.9924107","37.79317452","N"
"2019","2019-03-07 18","야","목","1","1","0","1","0","경북","성주군","차량단독","도로이탈","도로이탈 추락","안전운전 의무 불이행","기타","기타","승용차","없음","1061170","1770487","128.1780932","35.92914472","N"
"2019","2019-03-07 19","야","목","1","0","0","0","0","경기","포천시","차대사람","차도통행중","차도통행중","안전운전 의무 불이행","단일로","기타단일로","화물차","보행자","979079","1980244","127.2622871","37.82169857","N"
"2019","2019-03-07 23","야","목","1","1","1","0","0","충북","제천시","차대사람","차도통행중","차도통행중","안전운전 의무 불이행","교차로","교차로부근","승용차","보행자","1063279","1906563","128.2126416","37.15565873","N"
"2019","2019-03-08 00","야","금","1","1","1","0","0","대구","북구","차대사람","횡단중","횡단중","안전운전 의무 불이행","교차로","교차로횡단보도내","승용차","보행자","1096437","1766317","128.5684861","35.88870979","N"
"2019","2019-03-08 00","야","금","1","1","0","1","0","대전","동구","차대차","측면충돌","측면충돌","중앙선 침범","단일로","기타단일로","이륜차","승용차","993771","1814799","127.4305961","36.33054541","N"
"2019","2019-03-08 06","주","금","1","3","3","0","0","충남","천안시","차대차","기타","기타","과속","교차로","교차로부근","화물차","자전거","967734","1870645","127.1381514","36.83347021","N"
"2019","2019-03-08 06","주","금","1","1","0","1","0","대전","유성구","차대차","측면충돌","측면충돌","신호위반","교차로","교차로내","화물차","승합차","982538","1818134","127.305363","36.36047346","N"
"2019","2019-03-08 07","주","금","1","0","0","0","0","충북","영동군","차대차","측면충돌","측면충돌","신호위반","교차로","교차로내","승용차","화물차","1017045","1789537","127.6893663","36.10266339","N"
"2019","2019-03-08 07","주","금","1","0","0","0","0","충남","아산시","차량단독","기타","기타","안전운전 의무 불이행","단일로","기타단일로","이륜차","없음","949272","1875796","126.9307718","36.87909201","N"
"2019","2019-03-08 07","주","금","1","0","0","0","0","경기","남양주시","차대차","추돌","추돌","안전운전 의무 불이행","교차로","교차로내","화물차","농기계","984245","1961339","127.3213948","37.65140672","N"
"2019","2019-03-08 08","주","금","1","1","0","1","0","경기","화성시","차대차","기타","기타","신호위반","교차로","교차로내","화물차","화물차","946190","1902849","126.8942584","37.12277504","N"
"2019","2019-03-08 12","주","금","1","0","0","0","0","경남","의령군","차대사람","길가장자리구역통행중","길가장자리구역통행중","안전운전 의무 불이행","단일로","지하차도(도로)내","화물차","보행자","1074860","1716163","128.3247828","35.43843488","N"
"2019","2019-03-08 17","주","금","1","2","2","0","0","전남","장흥군","차량단독","전도","전도","안전운전 의무 불이행","단일로","기타단일로","승용차","없음","947916","1613016","126.9325931","34.50980869","N"
"2019","2019-03-08 19","야","금","1","0","0","0","0","경북","영주시","차대사람","횡단중","횡단중","안전운전 의무 불이행","단일로","기타단일로","승합차","보행자","1099766","1870434","128.6187161","36.82685555","N"
"2019","2019-03-08 19","야","금","1","0","0","0","0","경북","경산시","차대사람","횡단중","횡단중","보행자 보호의무 위반","교차로","교차로횡단보도내","승용차","보행자","1110283","1760063","128.7210004","35.83087304","N"
"2019","2019-03-08 20","야","금","1","0","0","0","0","광주","남구","차대차","측면충돌","측면충돌","중앙선 침범","단일로","기타단일로","승용차","이륜차","946856.3","1680980.9","126.9167459","35.12261098","N"
"2019","2019-03-09 01","야","토","1","1","1","0","0","경기","양평군","차대차","기타","기타","안전운전 의무 불이행","단일로","교량위","이륜차","이륜차","985200","1948651","127.3324776","37.53705953","N"
"2019","2019-03-09 01","야","토","1","1","0","1","0","경남","김해시","차대사람","횡단중","횡단중","안전운전 의무 불이행","단일로","기타단일로","화물차","보행자","1111419","1703315","128.7257558","35.31918977","N"
"2019","2019-03-09 04","야","토","1","2","0","1","1","경기","성남시","차대차","추돌","추돌","안전운전 의무 불이행","교차로","교차로부근","이륜차","화물차","967151","1935918","127.1287506","37.42182401","N"
"2019","2019-03-09 06","주","토","1","0","0","0","0","서울","용산구","차대사람","횡단중","횡단중","과속","단일로","지하차도(도로)내","승용차","보행자","953420","1948464","126.9727783","37.53431593","N"
"2019","2019-03-09 08","주","토","1","0","0","0","0","전남","고흥군","차량단독","전도","전도","안전운전 의무 불이행","단일로","기타단일로","이륜차","없음","982997","1614668","127.3147315","34.52588385","N"
"2019","2019-03-09 09","주","토","1","1","0","0","1","경북","영천시","차대차","추돌","추돌","안전운전 의무 불이행","단일로","기타단일로","승용차","화물차","1129862","1772366","128.939719","35.93936593","N"
"2019","2019-03-09 10","주","토","1","1","0","1","0","전북","김제시","차대차","측면충돌","측면충돌","안전운전 의무 불이행","교차로","교차로내","이륜차","화물차","946618","1756312","126.9091847","35.80180425","N"
"2019","2019-03-09 13","주","토","1","0","0","0","0","경기","안양시","차량단독","전도","전도","안전운전 의무 불이행","기타","기타","자전거","없음","946973","1937440","126.9006049","37.43460615","N"
"2019","2019-03-10 00","야","일","1","0","0","0","0","서울","동작구","차대사람","횡단중","횡단중","안전운전 의무 불이행","단일로","기타단일로","승용차","보행자","951882","1944172.6","126.955652","37.49555753","N"
"2019","2019-03-10 01","야","일","1","0","0","0","0","경기","동두천시","차량단독","공작물충돌","공작물충돌","신호위반","교차로","교차로내","승용차","없음","960542","1991555","127.0510486","37.92302921","N"
"2019","2019-03-10 05","야","일","1","0","0","0","0","경기","성남시","차대차","정면충돌","정면충돌","안전운전 의무 불이행","교차로","교차로부근","승용차","이륜차","966559","1931563","127.1222573","37.38254849","N"
"2019","2019-03-10 12","주","일","1","0","0","0","0","경기","화성시","차대사람","기타","기타","안전운전 의무 불이행","단일로","기타단일로","승용차","보행자","946791","1907405","126.9006996","37.16387591","N"
"2019","2019-03-10 15","주","일","1","2","0","2","0","전남","영암군","차대차","측면충돌","측면충돌","중앙선 침범","단일로","기타단일로","화물차","화물차","898146","1639134","126.3873237","34.74157543","N"
"2019","2019-03-10 20","야","일","1","1","0","1","0","경기","파주시","차대사람","횡단중","횡단중","안전운전 의무 불이행","단일로","기타단일로","승합차","보행자","940079","1971215","126.8199187","37.73859603","N"
"2019","2019-03-11 06","주","월","1","0","0","0","0","제주","서귀포시","차대사람","기타","기타","안전운전 의무 불이행","교차로","교차로부근","승용차","보행자","881053.5","1473436.2","126.2231906","33.24568874","N"
"2019","2019-03-11 08","주","월","1","0","0","0","0","제주","서귀포시","차대차","측면충돌","측면충돌","중앙선 침범","교차로","교차로횡단보도내","이륜차","승용차","887942.4","1475808.1","126.2968304","33.26781568","N"
"2019","2019-03-11 10","주","월","1","0","0","0","0","경기","성남시","차대사람","차도통행중","차도통행중","안전운전 의무 불이행","단일로","기타단일로","승용차","보행자","970909","1940376","127.1710459","37.46213241","N"
"2019","2019-03-12 03","야","화","1","0","0","0","0","전북","전주시","차량단독","공작물충돌","공작물충돌","안전운전 의무 불이행","교차로","교차로부근","승용차","없음","964809","1755487","127.1105481","35.79518681","N"
"2019","2019-03-12 10","주","화","1","0","0","0","0","전북","전주시","차대사람","횡단중","횡단중","안전운전 의무 불이행","교차로","교차로내","화물차","보행자","965839.2","1758135.1","127.1218357","35.81909857","N"
"2019","2019-03-12 10","주","화","1","0","0","0","0","전남","순천시","차량단독","도로이탈","도로이탈 추락","안전운전 의무 불이행","단일로","기타단일로","화물차","없음","996211","1669501","127.4584671","35.0204891","N"
"2019","2019-03-12 13","주","화","1","0","0","0","0","경기","광주시","차량단독","공작물충돌","공작물충돌","안전운전 의무 불이행","단일로","기타단일로","화물차","없음","981174","1937887","127.2871827","37.43996347","N"
"2019","2019-03-12 13","주","화","1","4","1","3","0","전북","진안군","차대차","기타","기타","안전운전 의무 불이행","단일로","기타단일로","승용차","승용차","993679","1755126","127.4300489","35.79254232","N"
"2019","2019-03-12 13","주","화","1","0","0","0","0","제주","제주시","차대사람","기타","기타","기타","단일로","기타단일로","화물차","보행자","910046","1501035","126.5316062","33.49739538","N"
"2019","2019-03-12 19","야","화","1","0","0","0","0","경북","영천시","차대사람","횡단중","횡단중","안전운전 의무 불이행","단일로","기타단일로","승용차","보행자","1128760","1780910","128.9288928","36.01652034","N"
"2019","2019-03-12 21","야","화","1","1","0","0","1","서울","은평구","차대차","측면충돌","측면충돌","신호위반","교차로","교차로내","이륜차","승합차","948807","1958371","126.9198754","37.62336391","N"
"2019","2019-03-12 23","야","화","2","5","5","0","0","경북","경산시","차대차","정면충돌","정면충돌","중앙선 침범","단일로","기타단일로","승용차","승용차","1113555","1758863","128.7570481","35.81968275","N"
"2019","2019-03-13 06","주","수","1","0","0","0","0","경기","수원시","차대사람","횡단중","횡단중","과속","교차로","교차로부근","화물차","보행자","953998.8","1917036.6","126.9812849","37.25107541","N"
"2019","2019-03-13 07","주","수","1","3","0","3","0","전북","익산시","차대차","정면충돌","정면충돌","신호위반","교차로","교차로내","승용차","승용차","952295","1773622","126.9709767","35.95815905","N"
"2019","2019-03-13 09","주","수","1","0","0","0","0","대구","달성군","차대사람","보도통행중","보도통행중","신호위반","단일로","기타단일로","승용차","보행자","1083798","1763407","128.4281624","35.8636404","N"
"2019","2019-03-13 09","주","수","1","1","1","0","0","대전","중구","차대차","측면충돌","측면충돌","중앙선 침범","교차로","교차로부근","자전거","승합차","990532","1814242","127.3945138","36.32549741","N"
"2019","2019-03-13 11","주","수","1","0","0","0","0","인천","부평구","차대사람","횡단중","횡단중","보행자 보호의무 위반","교차로","교차로횡단보도내","화물차","보행자","931893","1943415","126.7296071","37.48747106","N"
"2019","2019-03-13 13","주","수","1","0","0","0","0","전북","남원시","차량단독","공작물충돌","공작물충돌","안전운전 의무 불이행","단일로","기타단일로","화물차","없음","991626","1712550","127.407771","35.40863907","N"
"2019","2019-03-13 15","주","수","1","0","0","0","0","전남","함평군","차대사람","횡단중","횡단중","안전운전 의무 불이행","교차로","교차로내","화물차","보행자","911149","1675021","126.5255368","35.06635751","Y"
"2019","2019-03-13 17","주","수","1","0","0","0","0","경남","하동군","차대차","추돌","추돌","안전운전 의무 불이행","단일로","기타단일로","승용차","건설기계","1025817","1666020","127.7828819","34.98877697","N"
"2019","2019-03-13 18","야","수","1","0","0","0","0","충남","보령시","차대차","측면충돌","측면충돌","신호위반","교차로","교차로내","원동기장치자전거","승용차","919399","1816874","126.6017736","36.34589672","N"
"2019","2019-03-13 19","야","수","1","0","0","0","0","서울","성동구","차대사람","기타","기타","안전운전 의무 불이행","단일로","기타단일로","화물차","보행자","958555","1951579","127.0307216","37.56263749","N"
"2019","2019-03-13 21","야","수","1","0","0","0","0","전북","부안군","차대차","측면충돌","측면충돌","안전운전 의무 불이행","단일로","기타단일로","화물차","원동기장치자전거","930483","1747687","126.7313687","35.72303556","N"
"2019","2019-03-13 23","야","수","1","0","0","0","0","강원","강릉시","차량단독","도로이탈","도로이탈 추락","안전운전 의무 불이행","단일로","기타단일로","화물차","없음","1116908.2","1969110.3","128.8264063","37.71412566","N"
"2019","2019-03-14 00","야","목","3","0","0","0","0","경기","평택시","차대차","정면충돌","정면충돌","중앙선 침범","단일로","기타단일로","승용차","승용차","950029","1892715","126.9381467","37.03164134","N"
"2019","2019-03-14 01","야","목","1","2","1","1","0","대구","달성군","차대차","추돌","추돌","안전운전 의무 불이행","단일로","기타단일로","특수차","화물차","1085506","1738531","128.4444247","35.63923348","N"
"2019","2019-03-14 03","야","목","1","0","0","0","0","서울","금천구","차량단독","공작물충돌","공작물충돌","안전운전 의무 불이행","단일로","기타단일로","이륜차","없음","945367","1943057","126.8820358","37.48513987","N"
"2019","2019-03-14 05","야","목","1","0","0","0","0","서울","서대문구","차대차","측면충돌","측면충돌","안전운전 의무 불이행","단일로","기타단일로","승용차","승용차","949527","1953237","126.9283883","37.57713067","N"
"2019","2019-03-14 05","야","목","1","0","0","0","0","인천","부평구","차대사람","횡단중","횡단중","안전운전 의무 불이행","단일로","기타단일로","화물차","보행자","929745","1943791","126.7052762","37.49069895","N"
"2019","2019-03-14 05","야","목","1","0","0","0","0","울산","울주군","차대사람","횡단중","횡단중","안전운전 의무 불이행","교차로","교차로부근","승용차","보행자","1163998","1722876","129.307912","35.48823494","N"
"2019","2019-03-14 15","주","목","1","0","0","0","0","경북","김천시","차대차","측면충돌","측면충돌","교차로 통행방법 위반","교차로","교차로내","승용차","이륜차","1061042","1789779","128.1781628","36.10307566","N"
"2019","2019-03-14 15","주","목","1","0","0","0","0","인천","남동구","차대사람","횡단중","횡단중","안전운전 의무 불이행","교차로","교차로내","승용차","보행자","929469","1938384","126.7026721","37.44194547","N"
"2019","2019-03-14 18","야","목","1","0","0","0","0","전남","고흥군","차량단독","도로이탈","도로이탈 추락","안전운전 의무 불이행","단일로","기타단일로","화물차","없음","979089.8","1623937.3","127.27193","34.60940251","N"
"2019","2019-03-14 18","야","목","1","0","0","0","0","전남","영광군","차량단독","공작물충돌","공작물충돌","안전운전 의무 불이행","교차로","교차로부근","이륜차","없음","907912","1696477","126.4876458","35.25950992","N"
"2019","2019-03-14 19","야","목","1","0","0","0","0","전남","무안군","차대차","측면충돌","측면충돌","신호위반","교차로","교차로부근","화물차","화물차","903390","1661521","126.4420215","34.94392954","N"
"2019","2019-03-14 21","야","목","1","0","0","0","0","전남","장흥군","차량단독","공작물충돌","공작물충돌","안전운전 의무 불이행","교차로","교차로부근","승용차","없음","946964","1633268","126.9209563","34.69238396","N"
"2019","2019-03-15 01","야","금","1","0","0","0","0","서울","강서구","차대사람","기타","기타","안전운전 의무 불이행","교차로","교차로부근","승합차","보행자","943718.2","1951051.1","126.8627745","37.55709228","N"
"2019","2019-03-15 03","야","금","1","0","0","0","0","경남","거제시","차대사람","차도통행중","차도통행중","안전운전 의무 불이행","단일로","기타단일로","승용차","보행자","1101969","1655348","128.6159018","34.88774945","N"
"2019","2019-03-15 05","야","금","1","0","0","0","0","전남","여수시","차대사람","횡단중","횡단중","안전운전 의무 불이행","교차로","교차로횡단보도내","승용차","보행자","1019374","1636893","127.7116115","34.72626554","N"
"2019","2019-03-15 06","주","금","1","0","0","0","0","서울","중랑구","차대차","기타","기타","중앙선 침범","단일로","기타단일로","기타","승용차","962291.2","1954883.2","127.0728551","37.5925798","N"
"2019","2019-03-15 06","주","금","1","0","0","0","0","전남","목포시","차대사람","기타","기타","과속","단일로","기타단일로","승용차","보행자","901408","1647194","126.422008","34.81456609","N"
"2019","2019-03-15 06","주","금","1","0","0","0","0","제주","제주시","차량단독","공작물충돌","공작물충돌","안전운전 의무 불이행","교차로","교차로부근","화물차","없음","913918","1502638","126.573131","33.51217073","N"
"2019","2019-03-15 06","주","금","1","0","0","0","0","경기","고양시","차대사람","횡단중","횡단중","안전운전 의무 불이행","단일로","기타단일로","승용차","보행자","934922","1966887","126.7617801","37.69923737","N"
"2019","2019-03-15 14","주","금","1","0","0","0","0","전남","보성군","차량단독","전복","전복","안전운전 의무 불이행","단일로","교량위","사륜오토바이(ATV)","없음","970210.2","1645899.6","127.1743049","34.8072331","N"
"2019","2019-03-15 19","야","금","1","0","0","0","0","강원","홍천군","차대사람","기타","기타","안전운전 의무 불이행","단일로","기타단일로","승용차","보행자","1047180.3","1973617.3","128.0356417","37.76099327","N"
"2019","2019-03-15 20","야","금","1","0","0","0","0","경북","포항시","차대차","측면충돌","측면충돌","안전운전 의무 불이행","교차로","교차로내","승용차","승용차","1169695","1777180","129.3821693","35.97663821","N"