"발생년","발생년월일시","주야","요일","사망자수","부상자수","중상자수","경상자수","부상신고자수","발생지시도","발생지시군구","사고유형_대분류","사고유형_중분류","사고유형","가해자법규위반","도로형태_대분류","도로형태","가해자_당사자종별","피해자_당사자종별","발생위치(X_UTMK)","발생위치(Y_UTMK)","경도","위도"," 어린이사고 여부"
"2019","2019-03-16 02","야","토","1","0","0","0","0","부산","금정구","차량단독","공작물충돌","공작물충돌","안전운전 의무 불이행","교차로","교차로횡단보도내","승용차","없음","1145945","1699853","129.1048537","35.28353902","N"
"2019","2019-03-16 03","야","토","1","0","0","0","0","충북","청주시","차대차","측면충돌","측면충돌","신호위반","교차로","교차로내","화물차","이륜차","1001676","1847282","127.5187445","36.6234056","N"
"2019","2019-03-16 05","야","토","1","0","0","0","0","경남","진주시","차대차","기타","기타","안전운전 의무 불이행","교차로","교차로부근","화물차","승용차","1054947","1687289","128.1034642","35.17939247","N"
"2019","2019-03-16 06","주","토","1","1","0","1","0","경기","화성시","차대차","추돌","추돌","안전운전 의무 불이행","단일로","교량위","승용차","건설기계","934290","1912787","126.7594353","37.21159033","N"
"2019","2019-03-16 12","주","토","1","0","0","0","0","경북","경주시","차대차","측면충돌","측면충돌","안전운전 의무 불이행","교차로","교차로내","승용차","이륜차","1154821","1777980","129.2174206","35.98632196","N"
"2019","2019-03-16 15","주","토","1","3","0","2","1","경기","용인시","차대차","추돌","추돌","안전운전 의무 불이행","교차로","교차로내","승용차","이륜차","976113","1914890","127.2307125","37.23255586","N"
"2019","2019-03-16 16","주","토","1","0","0","0","0","경기","시흥시","차량단독","전도","전도","안전운전 의무 불이행","기타","기타","원동기장치자전거","없음","930946","1927840","126.7203526","37.34702395","N"
"2019","2019-03-16 17","주","토","1","0","0","0","0","경북","예천군","차량단독","도로이탈","도로이탈 추락","안전운전 의무 불이행","단일로","기타단일로","이륜차","없음","1085477","1840052","128.4551165","36.55440272","N"
"2019","2019-03-16 19","야","토","1","0","0","0","0","경남","거창군","차대차","정면충돌","정면충돌","중앙선 침범","단일로","기타단일로","이륜차","승용차","1046446","1746088","128.0134603","35.70997793","N"
"2019","2019-03-16 23","야","토","1","0","0","0","0","경남","남해군","차량단독","도로이탈","도로이탈 추락","안전운전 의무 불이행","단일로","기타단일로","이륜차","없음","1032049","1646584","127.8504209","34.81333611","N"
"2019","2019-03-16 23","야","토","1","0","0","0","0","제주","제주시","차대차","기타","기타","안전운전 의무 불이행","단일로","기타단일로","화물차","화물차","940980","1502823","126.8644837","33.51567667","N"
"2019","2019-03-17 03","야","일","2","0","0","0","0","경남","김해시","차량단독","공작물충돌","공작물충돌","안전운전 의무 불이행","단일로","기타단일로","승용차","없음","1123222","1691435","128.8537907","35.21071139","N"
"2019","2019-03-17 12","주","일","1","2","2","0","0","강원","정선군","차대차","정면충돌","정면충돌","중앙선 침범","단일로","기타단일로","승용차","승용차","1103601","1935298","128.6706794","37.41102199","N"
"2019","2019-03-17 18","야","일","1","1","0","1","0","경기","오산시","차대차","측면충돌","측면충돌","신호위반","교차로","교차로내","이륜차","승용차","961471","1908150","127.065999","37.17131208","N"
"2019","2019-03-18 03","야","월","1","0","0","0","0","경북","포항시","차량단독","기타","기타","안전운전 의무 불이행","단일로","기타단일로","이륜차","없음","1169869","1776975","129.3840543","35.97476065","N"
"2019","2019-03-18 05","야","월","1","0","0","0","0","서울","노원구","차대사람","횡단중","횡단중","안전운전 의무 불이행","단일로","기타단일로","승합차","보행자","962416","1962513","127.0738763","37.66135399","N"
"2019","2019-03-18 10","주","월","1","1","0","1","0","전남","여수시","차대차","측면충돌","측면충돌","신호위반","교차로","교차로내","화물차","건설기계","1010474.8","1634826.7","127.614385","34.70776204","N"
"2019","2019-03-18 12","주","월","1","0","0","0","0","충남","당진시","차대차","측면충돌","측면충돌","교차로 통행방법 위반","교차로","교차로내","원동기장치자전거","화물차","934878","1867988","126.7699341","36.80782785","N"
"2019","2019-03-18 13","주","월","1","1","1","0","0","경기","의왕시","차대차","추돌","추돌","안전운전 의무 불이행","단일로","기타단일로","화물차","특수차","957296","1932722","127.0175604","37.39261467","N"
"2019","2019-03-18 17","주","월","1","0","0","0","0","전남","목포시","차대사람","횡단중","횡단중","안전운전 의무 불이행","단일로","기타단일로","승용차","보행자","899191","1647453","126.3977404","34.81668409","Y"
"2019","2019-03-18 18","야","월","1","0","0","0","0","경남","김해시","차량단독","도로이탈","도로이탈 추락","안전운전 의무 불이행","단일로","기타단일로","화물차","없음","1121850","1695517","128.8393255","35.2476767","N"
"2019","2019-03-18 19","야","월","1","0","0","0","0","충남","서천군","차대사람","길가장자리구역통행중","길가장자리구역통행중","안전운전 의무 불이행","단일로","기타단일로","승용차","보행자","928767","1788176","126.7087714","36.08793045","N"
"2019","2019-03-18 19","야","월","1","0","0","0","0","전남","무안군","차대사람","차도통행중","차도통행중","안전운전 의무 불이행","교차로","교차로내","승용차","보행자","905541.8","1665077.7","126.4651794","34.97619976","N"
"2019","2019-03-18 20","야","월","1","0","0","0","0","울산","울주군","차대차","측면충돌","측면충돌","신호위반","교차로","교차로내","화물차","이륜차","1146444","1729221","129.1156155","35.54816687","N"
"2019","2019-03-19 00","야","화","1","2","1","1","0","충북","영동군","차대차","측면충돌","측면충돌","신호위반","교차로","교차로내","승용차","특수차","1024618","1797455","127.7737479","36.17388667","N"
"2019","2019-03-19 00","야","화","1","0","0","0","0","경기","파주시","차량단독","공작물충돌","공작물충돌","안전운전 의무 불이행","단일로","기타단일로","승용차","없음","934758","1970805","126.7595686","37.734537","N"
"2019","2019-03-19 10","주","화","1","0","0","0","0","충북","청주시","차대차","기타","기타","기타","교차로","교차로내","화물차","이륜차","1001878","1857352","127.5210284","36.71418559","N"
"2019","2019-03-19 13","주","화","1","0","0","0","0","제주","서귀포시","차량단독","기타","기타","안전운전 의무 불이행","단일로","기타단일로","이륜차","없음","919508.8","1478632.3","126.6354697","33.29610486","N"
"2019","2019-03-19 21","야","화","1","1","0","1","0","충남","아산시","차대차","기타","기타","안전운전 의무 불이행","단일로","기타단일로","승용차","승용차","951732","1862303","126.9592312","36.75759103","N"
"2019","2019-03-19 22","야","화","1","0","0","0","0","서울","관악구","차대사람","기타","기타","안전운전 의무 불이행","기타","기타","승용차","보행자","952162","1941717","126.9589791","37.47343905","N"
"2019","2019-03-20 05","야","수","1","1","1","0","0","부산","해운대구","차대차","측면충돌","측면충돌","신호위반","교차로","교차로내","승용차","이륜차","1150047","1686079","129.1474326","35.15878212","N"
"2019","2019-03-20 05","야","수","1","1","1","0","0","경북","김천시","차대차","추돌","추돌","안전운전 의무 불이행","교차로","교차로내","승용차","농기계","1056437","1788865","128.1269397","36.09511436","N"
"2019","2019-03-20 07","주","수","1","0","0","0","0","울산","울주군","차량단독","전도","전도","안전운전 의무 불이행","단일로","기타단일로","이륜차","없음","1159113","1727645","129.255018","35.53200999","N"
"2019","2019-03-20 08","주","수","1","0","0","0","0","전북","익산시","차대차","측면충돌","측면충돌","안전운전 의무 불이행","교차로","교차로부근","승합차","자전거","949193","1771544","126.9367116","35.93926811","Y"
"2019","2019-03-20 09","주","수","1","0","0","0","0","서울","중랑구","차대사람","횡단중","횡단중","안전운전 의무 불이행","교차로","교차로횡단보도내","건설기계","보행자","963688","1953557","127.0887426","37.58068256","N"
"2019","2019-03-20 13","주","수","1","0","0","0","0","서울","강서구","차대사람","기타","기타","안전운전 의무 불이행","단일로","기타단일로","화물차","보행자","943258","1948345","126.8577736","37.53267389","N"
"2019","2019-03-20 23","야","수","1","0","0","0","0","광주","광산구","차대사람","차도통행중","차도통행중","안전운전 의무 불이행","단일로","기타단일로","승용차","보행자","937714","1687349","126.8159343","35.17950509","N"
"2019","2019-03-21 03","야","목","1","2","0","0","2","서울","강남구","차대차","기타","기타","과속","단일로","기타단일로","화물차","승합차","960453","1947768","127.0524173","37.52837119","N"
"2019","2019-03-21 04","야","목","1","2","1","0","1","경기","안양시","차대차","추돌","추돌","과속","단일로","교량위","승용차","화물차","946114","1935214","126.8910581","37.41449297","N"
"2019","2019-03-21 07","주","목","1","1","1","0","0","전남","신안군","차대사람","횡단중","횡단중","안전운전 의무 불이행","단일로","기타단일로","승용차","보행자","877263","1652759","126.157253","34.86211084","Y"
"2019","2019-03-21 09","주","목","1","0","0","0","0","경기","수원시","차량단독","기타","기타","안전운전 의무 불이행","단일로","터널안","특수차","없음","958743","1923442","127.0344239","37.30903406","N"
"2019","2019-03-21 10","주","목","1","0","0","0","0","경기","남양주시","차량단독","공작물충돌","공작물충돌","안전운전 의무 불이행","단일로","기타단일로","승용차","없음","975857","1955253","127.2265069","37.59636903","N"
"2019","2019-03-21 15","주","목","1","0","0","0","0","전남","나주시","차량단독","도로이탈","도로이탈 추락","안전운전 의무 불이행","단일로","기타단일로","화물차","없음","933931.2","1661629.5","126.7764412","34.94736028","N"
"2019","2019-03-21 21","야","목","1","0","0","0","0","부산","수영구","차량단독","공작물충돌","공작물충돌","안전운전 의무 불이행","단일로","교량위","승용차","없음","1148735","1686075","129.1330321","35.15894107","N"
"2019","2019-03-21 21","야","목","1","0","0","0","0","충남","공주시","차대차","추돌","추돌","안전운전 의무 불이행","단일로","터널안","승용차","화물차","950474","1842067","126.9464458","36.57510844","N"
"2019","2019-03-22 03","야","금","1","0","0","0","0","인천","미추홀구","차대사람","횡단중","횡단중","과속","교차로","교차로횡단보도내","승용차","보행자","927330","1940857","126.6782499","37.46406856","N"
"2019","2019-03-22 09","주","금","1","0","0","0","0","경기","파주시","차대차","측면충돌","측면충돌","교차로 통행방법 위반","교차로","교차로부근","화물차","건설기계","945361","1978104","126.8793453","37.80101531","N"
"2019","2019-03-22 11","주","금","1","0","0","0","0","경북","의성군","차대차","추돌","추돌","안전거리 미확보","단일로","기타단일로","화물차","농기계","1104544","1826407","128.6662885","36.42951912","N"
"2019","2019-03-22 14","주","금","1","4","0","1","3","경북","안동시","차대차","측면충돌","측면충돌","과속","단일로","기타단일로","승용차","승용차","1107376","1845619","128.7005481","36.60236766","N"
"2019","2019-03-22 17","주","금","1","0","0","0","0","경기","광명시","차량단독","공작물충돌","공작물충돌","안전운전 의무 불이행","단일로","지하차도(도로)내","이륜차","없음","946499","1938216","126.895191","37.44157315","N"
"2019","2019-03-22 18","야","금","1","0","0","0","0","전북","익산시","차대차","측면충돌","측면충돌","안전운전 의무 불이행","교차로","교차로내","승용차","원동기장치자전거","951676","1774430","126.9640633","35.96541321","N"
"2019","2019-03-22 19","야","금","1","0","0","0","0","경북","성주군","차대차","기타","기타","안전운전 의무 불이행","단일로","기타단일로","승용차","승용차","1070580","1771836","128.2825184","35.94067175","N"
"2019","2019-03-22 20","야","금","1","0","0","0","0","전북","익산시","차대차","추돌","추돌","안전운전 의무 불이행","단일로","기타단일로","화물차","자전거","949599","1787911","126.9401702","36.08684573","N"
"2019","2019-03-22 22","야","금","1","2","2","0","0","충북","영동군","차대차","기타","기타","안전운전 의무 불이행","단일로","기타단일로","승용차","승용차","1034995.8","1802296.3","127.8893613","36.21721367","N"
"2019","2019-03-22 22","야","금","1","1","1","0","0","전북","부안군","차량단독","공작물충돌","공작물충돌","안전운전 의무 불이행","단일로","기타단일로","화물차","없음","925045","1748558","126.6711662","35.73048893","N"
"2019","2019-03-23 07","주","토","1","2","1","1","0","전남","나주시","차대차","정면충돌","정면충돌","중앙선 침범","교차로","교차로부근","화물차","화물차","921698","1662339","126.6424138","34.95288566","N"
"2019","2019-03-23 08","주","토","1","1","0","0","1","서울","강북구","차대차","추돌","추돌","안전운전 의무 불이행","교차로","교차로내","이륜차","화물차","957069","1961328","127.0133241","37.65043889","N"
"2019","2019-03-23 10","주","토","1","0","0","0","0","대구","중구","차대사람","횡단중","횡단중","안전운전 의무 불이행","교차로","교차로내","승합차","보행자","1098789","1764370","128.5942997","35.87092397","N"
"2019","2019-03-23 17","주","토","1","0","0","0","0","경기","여주시","차대차","기타","기타","안전운전 의무 불이행","교차로","교차로부근","승용차","화물차","1001770","1926602","127.5199819","37.33843223","N"
"2019","2019-03-23 17","주","토","1","14","0","7","7","경기","용인시","차대차","추돌","추돌","안전운전 의무 불이행","단일로","기타단일로","승합차","승용차","964889.6","1926012.3","127.1036636","37.33245459","Y"
"2019","2019-03-23 19","야","토","1","0","0","0","0","전남","화순군","차대사람","보도통행중","보도통행중","안전운전 의무 불이행","단일로","기타단일로","이륜차","보행자","953715","1674303","126.9923909","35.06273554","Y"
"2019","2019-03-23 20","야","토","1","0","0","0","0","대구","동구","차대차","측면충돌","측면충돌","신호위반","교차로","교차로내","승용차","이륜차","1105483","1765085","128.6685314","35.87667089","N"
"2019","2019-03-24 13","주","일","1","0","0","0","0","대구","달서구","차대차","측면충돌","측면충돌","안전운전 의무 불이행","단일로","고가도로위","이륜차","승용차","1094823","1757903","128.5496062","35.81301827","N"
"2019","2019-03-25 05","야","월","1","0","0","0","0","충북","청주시","차대사람","횡단중","횡단중","안전운전 의무 불이행","단일로","기타단일로","특수차","보행자","997728","1848605","127.4745859","36.6353312","N"
"2019","2019-03-25 09","주","월","1","0","0","0","0","충남","홍성군","차대사람","기타","기타","안전운전 의무 불이행","기타","기타","승용차","보행자","907295","1844430","126.4636023","36.59319001","N"
"2019","2019-03-25 15","주","월","1","1","1","0","0","경남","남해군","차대차","정면충돌","정면충돌","중앙선 침범","단일로","기타단일로","화물차","건설기계","1047493","1648478","128.0193862","34.82981151","N"
"2019","2019-03-25 17","주","월","1","1","0","1","0","경남","합천군","차대차","추돌","추돌","안전운전 의무 불이행","단일로","터널안","승용차","화물차","1056249","1747831","128.1219493","35.72518142","N"
"2019","2019-03-25 19","야","월","1","5","1","4","0","대구","달성군","차대차","기타","기타","안전운전 의무 불이행","교차로","교차로부근","승용차","승용차","1085660","1743231","128.4466255","35.68159167","N"
"2019","2019-03-25 20","야","월","1","0","0","0","0","제주","제주시","차대차","추돌","추돌","안전운전 의무 불이행","단일로","기타단일로","승용차","승용차","877457.9","1480690.5","126.1836214","33.31070285","N"
"2019","2019-03-25 21","야","월","1","1","1","0","0","전남","광양시","차대사람","횡단중","횡단중","과속","단일로","기타단일로","승용차","보행자","1018087.4","1660383.4","127.6980654","34.93811705","N"
"2019","2019-03-25 22","야","월","1","0","0","0","0","서울","동대문구","차대사람","횡단중","횡단중","안전운전 의무 불이행","단일로","기타단일로","승용차","보행자","960482","1952060","127.0525143","37.5670576","N"
"2019","2019-03-26 05","야","화","1","0","0","0","0","강원","홍천군","차대차","추돌","추돌","안전운전 의무 불이행","단일로","기타단일로","화물차","자전거","1064770","1966473","128.2346895","37.69552797","N"
"2019","2019-03-26 07","주","화","1","0","0","0","0","전남","화순군","차대사람","기타","기타","안전운전 의무 불이행","단일로","기타단일로","승용차","보행자","948793","1667354","126.9388418","34.99983878","N"
"2019","2019-03-26 09","주","화","1","0","0","0","0","경북","경산시","차대차","정면충돌","정면충돌","안전운전 의무 불이행","교차로","교차로내","화물차","이륜차","1118321.2","1758436.4","128.8097344","35.81527414","N"
"2019","2019-03-26 13","주","화","1","1","0","1","0","전북","군산시","차대차","기타","기타","중앙선 침범","단일로","기타단일로","이륜차","승용차","938316.9","1772283.7","126.8160797","35.94531042","N"
"2019","2019-03-26 14","주","화","1","0","0","0","0","세종","세종시","차대차","측면충돌","측면충돌","교차로 통행방법 위반","교차로","교차로내","이륜차","화물차","979978","1841678","127.2762194","36.57267676","N"
"2019","2019-03-26 19","야","화","1","1","0","1","0","서울","종로구","차대사람","횡단중","횡단중","안전운전 의무 불이행","단일로","기타단일로","이륜차","보행자","956930.4","1952620.8","127.0122657","37.57195294","N"
"2019","2019-03-26 19","야","화","1","0","0","0","0","경북","영주시","차대차","측면충돌","측면충돌","신호위반","교차로","교차로내","이륜차","화물차","1099380","1869094","128.6142133","36.81481878","N"
"2019","2019-03-26 19","야","화","1","0","0","0","0","경북","청송군","차대사람","횡단중","횡단중","중앙선 침범","단일로","기타단일로","승용차","보행자","1143553","1821684","129.1004652","36.38191325","N"
"2019","2019-03-26 19","야","화","1","0","0","0","0","경남","남해군","차대사람","횡단중","횡단중","보행자 보호의무 위반","단일로","기타단일로","승용차","보행자","1038898","1647032","127.9253263","34.81713724","N"
"2019","2019-03-26 20","야","화","1","0","0","0","0","경기","여주시","차량단독","전도","전도","안전운전 의무 불이행","단일로","기타단일로","이륜차","없음","1008348","1916593","127.5941298","37.24817555","N"
"2019","2019-03-27 03","야","수","1","1","0","1","0","충북","청주시","차대차","추돌","추돌","안전운전 의무 불이행","교차로","교차로부근","승용차","화물차","998794","1851773","127.486505","36.66389254","N"
"2019","2019-03-27 15","주","수","1","0","0","0","0","서울","강남구","차대사람","기타","기타","안전운전 의무 불이행","단일로","기타단일로","승합차","보행자","958006","1947460","127.0247412","37.52548689","N"
"2019","2019-03-27 17","주","수","1","0","0","0","0","경남","창원시(통합)","차대차","측면충돌","측면충돌","안전운전 의무 불이행","교차로","교차로내","화물차","자전거","1103568","1691454","128.637904","35.21310447","N"
"2019","2019-03-27 18","야","수","1","0","0","0","0","충남","공주시","차대차","측면충돌","측면충돌","과속","교차로","교차로내","승용차","이륜차","966278","1829476","127.1236336","36.46229037","N"
"2019","2019-03-28 00","야","목","1","0","0","0","0","경기","용인시","차대사람","보도통행중","보도통행중","안전운전 의무 불이행","단일로","기타단일로","승용차","보행자","980824","1914927","127.2838201","37.23299823","N"
"2019","2019-03-28 03","야","목","1","5","4","0","1","경남","창원시(통합)","차대사람","보도통행중","보도통행중","신호위반","교차로","교차로내","승용차","보행자","1100800","1696380","128.6081009","35.25779632","N"
"2019","2019-03-28 04","야","목","1","0","0","0","0","경기","의정부시","차대사람","기타","기타","신호위반","교차로","교차로횡단보도내","승용차","보행자","961225","1971793","127.0598789","37.74494591","N"
"2019","2019-03-28 12","주","목","1","0","0","0","0","경기","안성시","차대사람","기타","기타","안전운전 의무 불이행","기타","기타","농기계","보행자","971909","1891744","127.1841879","37.02379833","N"
"2019","2019-03-28 13","주","목","1","0","0","0","0","충북","단양군","차량단독","전도","전도","안전운전 의무 불이행","단일로","기타단일로","농기계","없음","1088068","1898152","128.4907916","37.07784394","N"
"2019","2019-03-28 17","주","목","1","0","0","0","0","경남","양산시","차대사람","횡단중","횡단중","안전운전 의무 불이행","교차로","교차로내","화물차","보행자","1135090","1702362","128.9859396","35.30767963","N"
"2019","2019-03-28 19","야","목","1","0","0","0","0","충북","청주시","차대차","측면충돌","측면충돌","신호위반","교차로","교차로내","승용차","원동기장치자전거","999427","1846424","127.4935922","36.61567202","N"
"2019","2019-03-28 19","야","목","1","0","0","0","0","충남","당진시","차대차","추돌","추돌","안전운전 의무 불이행","단일로","기타단일로","화물차","농기계","917017","1884498","126.5679135","36.9552417","N"
"2019","2019-03-28 19","야","목","1","0","0","0","0","전북","익산시","차량단독","공작물충돌","공작물충돌","안전운전 의무 불이행","단일로","기타단일로","승용차","없음","951686","1789214","126.9632708","36.09869885","N"
"2019","2019-03-29 06","주","금","1","5","0","0","5","경기","성남시","차대차","측면충돌","측면충돌","신호위반","교차로","교차로내","승용차","승합차","965311","1929460","127.108259","37.36354692","N"
"2019","2019-03-29 06","주","금","1","0","0","0","0","경기","포천시","차대차","측면충돌","측면충돌","안전운전 의무 불이행","교차로","교차로내","화물차","사륜오토바이(ATV)","985538","2000797","127.335264","38.00706789","N"
"2019","2019-03-29 10","주","금","1","0","0","0","0","부산","사상구","차대사람","횡단중","횡단중","안전운전 의무 불이행","교차로","교차로내","화물차","보행자","1134736","1685651","128.9793092","35.15709319","N"
"2019","2019-03-29 10","주","금","1","1","0","1","0","경북","포항시","차대차","추돌","추돌","안전운전 의무 불이행","단일로","터널안","특수차","특수차","1170338","1769046","129.3875534","35.90322966","N"
"2019","2019-03-29 11","주","금","1","0","0","0","0","대전","중구","차대사람","기타","기타","보행자 보호의무 위반","교차로","교차로횡단보도내","화물차","보행자","993742","1814477","127.4302756","36.32764225","N"
"2019","2019-03-29 16","주","금","1","5","1","2","2","경북","구미시","차대차","기타","기타","중앙선 침범","단일로","기타단일로","승용차","승용차","1073703","1789256","128.3187629","36.09748225","Y"
"2019","2019-03-29 16","주","금","1","0","0","0","0","대구","중구","차대사람","기타","기타","안전운전 의무 불이행","단일로","기타단일로","승용차","보행자","1099001.5","1764790.1","128.5967054","35.87468949","N"
"2019","2019-03-29 19","야","금","1","0","0","0","0","경기","이천시","차대사람","횡단중","횡단중","과속","교차로","교차로내","승용차","보행자","997492","1910157","127.4717421","37.19019488","N"
"2019","2019-03-29 19","야","금","1","1","0","1","0","광주","북구","차대사람","기타","기타","안전운전 의무 불이행","단일로","기타단일로","승용차","보행자","942646","1694142","126.8696245","35.24104852","N"
"2019","2019-03-29 20","야","금","1","0","0","0","0","충남","금산군","차대사람","차도통행중","차도통행중","과속","단일로","기타단일로","승용차","보행자","1005203","1784211","127.5577692","36.05478083","N"
"2019","2019-03-29 20","야","금","1","0","0","0","0","전북","장수군","차량단독","도로이탈","도로이탈 추락","안전거리 미확보","단일로","기타단일로","화물차","없음","990435","1729330","127.394456","35.55992862","N"
"2019","2019-03-29 22","야","금","1","8","1","4","3","경기","용인시","차대차","기타","기타","신호위반","단일로","기타단일로","승용차","승합차","964782","1923934","127.1025477","37.3137173","N"
"2019","2019-03-29 23","야","금","1","0","0","0","0","경기","부천시","차대사람","횡단중","횡단중","안전운전 의무 불이행","단일로","기타단일로","승용차","보행자","933925","1943522","126.7525806","37.48858308","N"
"2019","2019-03-30 10","주","토","1","4","3","1","0","경북","경주시","차대차","정면충돌","정면충돌","중앙선 침범","단일로","기타단일로","승용차","승용차","1158385","1762291","129.2538148","35.84436301","Y"
"2019","2019-03-30 11","주","토","1","1","1","0","0","전남","여수시","차량단독","공작물충돌","공작물충돌","안전운전 의무 불이행","단일로","기타단일로","이륜차","없음","1009003","1651144.9","127.5984877","34.85492956","N"
"2019","2019-03-30 14","주","토","1","3","1","2","0","제주","제주시","차대차","정면충돌","정면충돌","중앙선 침범","단일로","기타단일로","화물차","화물차","890950.3","1495159.1","126.3267813","33.44263072","N"
"2019","2019-03-30 15","주","토","1","5","0","5","0","경기","안성시","차대차","기타","기타","안전운전 의무 불이행","단일로","기타단일로","화물차","승합차","969234","1888451","127.1542492","36.99403056","N"
"2019","2019-03-30 20","야","토","1","0","0","0","0","인천","중구","차대사람","횡단중","횡단중","안전운전 의무 불이행","단일로","기타단일로","승용차","보행자","923113","1941425","126.6305098","37.46884655","N"
"2019","2019-03-31 00","야","일","1","3","3","0","0","충남","서산시","차대차","추돌","추돌","안전운전 의무 불이행","교차로","교차로내","승용차","화물차","905468","1869559","126.4400743","36.81950673","N"
"2019","2019-03-31 05","야","일","1","0","0","0","0","경기","용인시","차대사람","차도통행중","차도통행중","안전운전 의무 불이행","단일로","고가도로위","승합차","보행자","974180","1914948","127.2089193","37.23302712","N"
"2019","2019-03-31 09","주","일","1","0","0","0","0","충남","서산시","차대사람","횡단중","횡단중","안전운전 의무 불이행","단일로","기타단일로","승용차","보행자","900869","1858693","126.3899302","36.72109982","N"
"2019","2019-03-31 12","주","일","1","0","0","0","0","경기","안양시","차량단독","공작물충돌","공작물충돌","안전운전 의무 불이행","단일로","기타단일로","승용차","없음","952810","1931571","126.9669561","37.38202257","N"
"2019","2019-03-31 14","주","일","1","1","0","1","0","충북","괴산군","차대차","정면충돌","정면충돌","중앙선 침범","단일로","기타단일로","승용차","화물차","1025501","1878572","127.7862496","36.90513496","N"
"2019","2019-03-31 15","주","일","1","0","0","0","0","울산","중구","차대사람","횡단중","횡단중","안전운전 의무 불이행","단일로","기타단일로","승합차","보행자","1163769","1730189","129.3068656","35.55417874","N"
"2019","2019-03-31 20","야","일","1","0","0","0","0","세종","세종시","차대사람","차도통행중","차도통행중","안전운전 의무 불이행","단일로","기타단일로","승용차","보행자","971140","1846617","127.1772553","36.61697502","N"
"2019","2019-03-31 21","야","일","1","0","0","0","0","서울","용산구","차대사람","기타","기타","안전운전 의무 불이행","단일로","기타단일로","화물차","보행자","955310","1947062","126.9942551","37.52177289","N"
"2019","2019-03-31 21","야","일","1","0","0","0","0","경기","용인시","차대차","측면충돌","측면충돌","안전운전 의무 불이행","단일로","기타단일로","승용차","화물차","976175","1914678","127.2314182","37.23064649","N"
"2019","2019-04-01 06","주","월","1","0","0","0","0","인천","연수구","차대차","측면충돌","측면충돌","신호위반","교차로","교차로부근","승용차","이륜차","927321","1934127","126.6788111","37.40341145","N"
"2019","2019-04-01 07","주","월","1","0","0","0","0","전남","곡성군","차대사람","횡단중","횡단중","안전운전 의무 불이행","교차로","교차로내","화물차","보행자","977359","1682271","127.2514742","35.13539262","N"
"2019","2019-04-01 07","주","월","1","0","0","0","0","경남","남해군","차대사람","횡단중","횡단중","안전운전 의무 불이행","교차로","교차로내","화물차","보행자","1048647","1637243","128.031356","34.7284467","N"
"2019","2019-04-01 10","주","월","1","2","2","0","0","부산","강서구","차대차","측면충돌","측면충돌","신호위반","교차로","교차로내","화물차","화물차","1120934","1678976","128.8268344","35.09867465","N"
"2019","2019-04-01 13","주","월","1","2","1","1","0","서울","중구","차대차","정면충돌","정면충돌","신호위반","교차로","교차로내","승용차","승합차","953456","1950944","126.9730284","37.55667052","N"
"2019","2019-04-01 13","주","월","1","0","0","0","0","경기","이천시","차대사람","횡단중","횡단중","안전운전 의무 불이행","교차로","교차로횡단보도내","승용차","보행자","995580","1920822","127.4501361","37.28632276","N"
"2019","2019-04-01 14","주","월","1","0","0","0","0","강원","원주시","차량단독","도로이탈","도로이탈 추락","안전운전 의무 불이행","단일로","교량위","건설기계","없음","1047550.6","1918111.2","128.0362543","37.26068365","N"
"2019","2019-04-01 15","주","월","1","0","0","0","0","대구","달성군","차대사람","횡단중","횡단중","신호위반","교차로","교차로횡단보도내","이륜차","보행자","1085028","1754178","128.4408021","35.78033502","N"
"2019","2019-04-01 16","주","월","1","0","0","0","0","서울","양천구","차대사람","횡단중","횡단중","신호위반","교차로","교차로횡단보도내","자전거","보행자","943060","1946808","126.8556519","37.51880861","N"
"2019","2019-04-01 16","주","월","1","1","0","1","0","인천","동구","차대차","측면충돌","측면충돌","안전거리 미확보","기타","기타","승합차","사륜오토바이(ATV)","924129","1942108","126.6419278","37.47508621","N"
"2019","2019-04-01 17","주","월","1","0","0","0","0","대전","중구","차대사람","기타","기타","안전운전 의무 불이행","단일로","기타단일로","승용차","보행자","990356","1814348","127.3925516","36.3264513","N"
"2019","2019-04-01 18","야","월","1","0","0","0","0","경북","김천시","차량단독","공작물충돌","공작물충돌","안전운전 의무 불이행","교차로","교차로부근","사륜오토바이(ATV)","없음","1065885","1795069","128.2324065","36.1504485","N"
"2019","2019-04-01 19","야","월","1","0","0","0","0","경기","가평군","차량단독","기타","기타","안전운전 의무 불이행","단일로","기타단일로","승용차","없음","996989","1967700","127.4658397","37.70887115","N"
"2019","2019-04-01 22","야","월","1","0","0","0","0","경북","경산시","차대사람","기타","기타","과속","단일로","기타단일로","승용차","보행자","1119689","1768014","128.8263089","35.90143821","N"
"2019","2019-04-02 01","야","화","1","0","0","0","0","제주","제주시","차대사람","기타","기타","안전운전 의무 불이행","단일로","기타단일로","승용차","보행자","899438","1493888","126.4182243","33.43199803","N"
"2019","2019-04-02 05","야","화","1","1","0","1","0","경기","용인시","차대차","추돌","추돌","안전운전 의무 불이행","교차로","교차로내","화물차","화물차","990420","1904726","127.3921308","37.14119317","N"
"2019","2019-04-02 10","주","화","1","0","0","0","0","강원","강릉시","차대차","추돌","추돌","안전운전 의무 불이행","교차로","교차로내","화물차","자전거","1116794","1987199","128.828026","37.87713374","N"