"발생년","발생년월일시","주야","요일","사망자수","부상자수","중상자수","경상자수","부상신고자수","발생지시도","발생지시군구","사고유형_대분류","사고유형_중분류","사고유형","가해자법규위반","도로형태_대분류","도로형태","가해자_당사자종별","피해자_당사자종별","발생위치(X_UTMK)","발생위치(Y_UTMK)","경도","위도"," 어린이사고 여부"
"2019","2019-05-02 01","야","목","1","0","0","0","0","경기","부천시","차대사람","기타","기타","안전운전 의무 불이행","단일로","기타단일로","승용차","보행자","937715","1942169","126.7955634","37.47665191","N"
"2019","2019-05-02 08","주","목","1","4","3","1","0","강원","홍천군","차대차","측면충돌","측면충돌","중앙선 침범","단일로","기타단일로","승용차","화물차","1008285","1965183","127.593966","37.68615203","N"
"2019","2019-05-02 09","주","목","1","0","0","0","0","경북","청도군","차량단독","전도","전도","안전운전 의무 불이행","단일로","지하차도(도로)내","농기계","없음","1118148","1749507","128.8065001","35.73480603","N"
"2019","2019-05-02 14","주","목","1","0","0","0","0","서울","서대문구","차대차","측면충돌","측면충돌","안전운전 의무 불이행","단일로","기타단일로","승용차","이륜차","950621","1954779","126.9406734","37.59108823","N"
"2019","2019-05-02 15","주","목","1","1","0","1","0","강원","철원군","차대차","측면충돌","측면충돌","기타","교차로","교차로내","화물차","건설기계","996506.6","2029061.4","127.4600682","38.26191484","N"
"2019","2019-05-02 16","주","목","1","0","0","0","0","강원","춘천시","차대사람","기타","기타","안전운전 의무 불이행","단일로","기타단일로","화물차","보행자","1018043","1970198","127.7047622","37.73121357","N"
"2019","2019-05-02 16","주","목","1","1","0","1","0","충남","논산시","차량단독","공작물충돌","공작물충돌","안전운전 의무 불이행","단일로","기타단일로","승용차","없음","961435","1799149","127.0710838","36.18870376","N"
"2019","2019-05-02 16","주","목","1","0","0","0","0","전북","군산시","차대차","측면충돌","측면충돌","신호위반","교차로","교차로횡단보도내","건설기계","자전거","931318","1776811.8","126.7380922","35.98566492","N"
"2019","2019-05-02 16","주","목","1","0","0","0","0","대전","서구","차대사람","기타","기타","안전운전 의무 불이행","교차로","교차로내","승용차","보행자","987909","1817468","127.36524","36.35455174","N"
"2019","2019-05-02 19","야","목","2","0","0","0","0","전북","김제시","차대차","추돌","추돌","안전운전 의무 불이행","단일로","기타단일로","승용차","농기계","945294","1758671","126.8943703","35.82299944","N"
"2019","2019-05-02 20","야","목","1","0","0","0","0","충북","충주시","차대사람","횡단중","횡단중","안전운전 의무 불이행","교차로","교차로부근","화물차","보행자","1026461","1886068","127.7972879","36.97268046","N"
"2019","2019-05-03 02","야","금","1","0","0","0","0","서울","광진구","차대사람","기타","기타","안전운전 의무 불이행","단일로","교량위","승용차","보행자","962010","1948874","127.0699813","37.53840544","N"
"2019","2019-05-03 02","야","금","1","0","0","0","0","경기","용인시","차대사람","기타","기타","안전운전 의무 불이행","교차로","교차로내","승용차","보행자","962376","1916488","127.0757723","37.24650657","N"
"2019","2019-05-03 03","야","금","1","0","0","0","0","경기","수원시","차대사람","횡단중","횡단중","과속","교차로","교차로부근","승용차","보행자","953976","1920652","126.9808041","37.28366224","N"
"2019","2019-05-03 03","야","금","1","0","0","0","0","충북","청주시","차량단독","공작물충돌","공작물충돌","안전운전 의무 불이행","단일로","기타단일로","이륜차","없음","993243","1849813","127.424407","36.64620001","N"
"2019","2019-05-03 07","주","금","1","0","0","0","0","강원","원주시","차량단독","전도","전도","안전운전 의무 불이행","교차로","교차로부근","자전거","없음","1040489.3","1926990.6","127.9571067","37.34105365","N"
"2019","2019-05-03 07","주","금","1","1","1","0","0","경북","청송군","차대차","측면충돌","측면충돌","기타","단일로","기타단일로","이륜차","승용차","1136846","1808038","129.023318","36.25991032","N"
"2019","2019-05-03 08","주","금","1","0","0","0","0","충남","아산시","차량단독","공작물충돌","공작물충돌","안전운전 의무 불이행","단일로","기타단일로","화물차","없음","955306","1865260","126.9990975","36.78442195","N"
"2019","2019-05-03 10","주","금","1","0","0","0","0","충남","태안군","차량단독","기타","기타","안전운전 의무 불이행","단일로","기타단일로","자전거","없음","891829","1863266","126.288072","36.76132835","N"
"2019","2019-05-03 17","주","금","1","0","0","0","0","부산","사상구","차대사람","횡단중","횡단중","안전운전 의무 불이행","단일로","기타단일로","승용차","보행자","1135641","1689630","128.9898969","35.19283868","N"
"2019","2019-05-03 17","주","금","1","0","0","0","0","경북","김천시","차대사람","횡단중","횡단중","보행자 보호의무 위반","교차로","교차로횡단보도내","화물차","보행자","1055275","1793098","128.1143292","36.13334276","N"
"2019","2019-05-04 01","야","토","1","2","0","2","0","서울","양천구","차대차","추돌","추돌","과속","교차로","교차로부근","승용차","화물차","941066","1946411","126.8331205","37.51510519","N"
"2019","2019-05-04 01","야","토","1","0","0","0","0","경기","안양시","차대차","추돌","추돌","안전운전 의무 불이행","단일로","기타단일로","이륜차","승용차","949480","1932988","126.9292462","37.39461902","N"
"2019","2019-05-04 07","주","토","1","0","0","0","0","경남","의령군","차대사람","차도통행중","차도통행중","중앙선 침범","교차로","교차로부근","화물차","보행자","1080073","1710492","128.381655","35.38690056","N"
"2019","2019-05-04 10","주","토","1","0","0","0","0","경북","영덕군","차대차","측면충돌","측면충돌","기타","교차로","교차로내","화물차","화물차","1167731","1823797","129.3703603","36.39703766","N"
"2019","2019-05-04 11","주","토","1","0","0","0","0","부산","강서구","차대차","후진중충돌","후진중충돌","안전운전 의무 불이행","단일로","기타단일로","건설기계","자전거","1129225","1688432","128.9192547","35.1828859","N"
"2019","2019-05-04 11","주","토","1","0","0","0","0","경북","경주시","차대사람","횡단중","횡단중","안전운전 의무 불이행","단일로","지하차도(도로)내","승용차","보행자","1156844","1761331","129.2365696","35.83595926","N"
"2019","2019-05-04 11","주","토","1","0","0","0","0","경남","함양군","차량단독","전도","전도","안전운전 의무 불이행","단일로","기타단일로","이륜차","없음","1012394","1725952","127.6367085","35.52943917","N"
"2019","2019-05-04 14","주","토","1","3","1","2","0","인천","서구","차대차","정면충돌","정면충돌","중앙선 침범","단일로","기타단일로","승용차","승용차","919581","1952629","126.5893456","37.56952194","N"
"2019","2019-05-04 15","주","토","1","1","1","0","0","경기","용인시","차대차","추돌","추돌","안전운전 의무 불이행","교차로","교차로부근","화물차","화물차","987524","1907986","127.3594681","37.17054519","N"
"2019","2019-05-05 01","야","일","1","0","0","0","0","경기","화성시","차대사람","횡단중","횡단중","과속","교차로","교차로내","이륜차","보행자","959003","1912716","127.0379488","37.21236421","N"
"2019","2019-05-05 01","야","일","1","0","0","0","0","경남","창원시(통합)","차량단독","전복","전복","안전운전 의무 불이행","단일로","기타단일로","승용차","없음","1102597","1691904","128.6272935","35.21726117","N"
"2019","2019-05-05 02","야","일","1","0","0","0","0","강원","원주시","차대사람","차도통행중","차도통행중","안전운전 의무 불이행","단일로","기타단일로","승용차","보행자","1038820","1928988","127.9383662","37.35912879","N"
"2019","2019-05-05 04","야","일","1","0","0","0","0","전남","고흥군","차대차","추돌","추돌","안전운전 의무 불이행","단일로","기타단일로","화물차","농기계","971576","1617372","127.1901967","34.55001635","N"
"2019","2019-05-05 07","주","일","1","0","0","0","0","경북","성주군","차대사람","기타","기타","안전운전 의무 불이행","교차로","교차로내","화물차","보행자","1063061","1778435","128.1996862","36.00067829","N"
"2019","2019-05-05 11","주","일","1","0","0","0","0","전남","영암군","차량단독","도로이탈","도로이탈 추락","안전운전 의무 불이행","교차로","교차로부근","농기계","없음","927235","1657064","126.7035111","34.90573571","N"
"2019","2019-05-05 12","주","일","1","0","0","0","0","경북","안동시","차대사람","기타","기타","보행자 보호의무 위반","단일로","기타단일로","승용차","보행자","1109436","1841697","128.723018","36.56678444","N"
"2019","2019-05-05 15","주","일","1","0","0","0","0","서울","강동구","차대차","추돌","추돌","기타","교차로","교차로내","승용차","자전거","967257","1948982","127.1293674","37.53958022","N"
"2019","2019-05-05 16","주","일","1","0","0","0","0","전북","남원시","차대차","측면충돌","측면충돌","과속","교차로","교차로내","승용차","이륜차","981364","1707640","127.2948606","35.36422736","N"
"2019","2019-05-05 16","주","일","1","1","0","1","0","대구","동구","차대차","측면충돌","측면충돌","기타","교차로","교차로횡단보도내","이륜차","승용차","1109036","1763962","128.7077298","35.86615872","N"
"2019","2019-05-05 18","야","일","1","3","2","1","0","전남","영암군","차대차","기타","기타","안전운전 의무 불이행","기타","기타","승용차","승용차","928949.5","1644230.3","126.7233645","34.79013788","Y"
"2019","2019-05-05 20","야","일","1","0","0","0","0","충북","제천시","차대사람","횡단중","횡단중","안전운전 의무 불이행","단일로","지하차도(도로)내","승용차","보행자","1062893","1907643","128.2083856","37.16541937","N"
"2019","2019-05-05 20","야","일","1","0","0","0","0","경기","연천군","차대사람","길가장자리구역통행중","길가장자리구역통행중","안전운전 의무 불이행","단일로","기타단일로","승용차","보행자","969758","2026286","127.1544358","38.2363996","N"
"2019","2019-05-05 21","야","일","1","0","0","0","0","경기","안산시","차량단독","기타","기타","안전운전 의무 불이행","단일로","기타단일로","개인형이동수단(PM)","없음","941165","1923467","126.8360684","37.3083128","N"
"2019","2019-05-05 21","야","일","1","0","0","0","0","경남","창원시(통합)","차량단독","도로이탈","도로이탈 추락","안전운전 의무 불이행","단일로","기타단일로","이륜차","없음","1100399","1691205","128.6030616","35.21118183","N"
"2019","2019-05-06 00","야","월","3","2","2","0","0","전남","진도군","차대차","정면충돌","정면충돌","중앙선 침범","단일로","기타단일로","승용차","승용차","887803","1607787","126.2785015","34.45786716","N"
"2019","2019-05-06 01","야","월","1","0","0","0","0","서울","강서구","차대사람","횡단중","횡단중","과속","단일로","기타단일로","승용차","보행자","938879","1951303","126.8079673","37.55905423","N"
"2019","2019-05-06 02","야","월","1","0","0","0","0","서울","강서구","차대사람","횡단중","횡단중","안전운전 의무 불이행","단일로","기타단일로","승용차","보행자","941665","1949326","126.8396666","37.54141622","N"
"2019","2019-05-06 03","야","월","1","0","0","0","0","경기","김포시","차대차","추돌","추돌","과속","단일로","기타단일로","승용차","승용차","937718","1954140","126.7945819","37.58454597","N"
"2019","2019-05-06 05","야","월","1","0","0","0","0","경기","성남시","차량단독","기타","기타","안전운전 의무 불이행","단일로","기타단일로","이륜차","없음","970852","1934736","127.1706242","37.41129383","N"
"2019","2019-05-06 11","주","월","1","0","0","0","0","경북","영천시","차대차","측면충돌","측면충돌","교차로 통행방법 위반","교차로","교차로내","화물차","이륜차","1118616","1778583","128.8160006","35.99683408","N"
"2019","2019-05-06 14","주","월","1","0","0","0","0","강원","춘천시","차대사람","횡단중","횡단중","보행자 보호의무 위반","교차로","교차로횡단보도내","특수차","보행자","1023025","1987353","127.7618457","37.88572154","N"
"2019","2019-05-06 19","야","월","1","0","0","0","0","경남","밀양시","차대사람","차도통행중","차도통행중","안전운전 의무 불이행","단일로","기타단일로","화물차","보행자","1113701","1718075","128.7529116","35.45198977","N"
"2019","2019-05-06 22","야","월","1","1","0","1","0","전남","나주시","차량단독","공작물충돌","공작물충돌","안전운전 의무 불이행","단일로","기타단일로","승용차","없음","926403","1665779","126.6936358","34.98425561","N"
"2019","2019-05-07 05","야","화","1","0","0","0","0","경기","구리시","차량단독","기타","기타","안전운전 의무 불이행","단일로","기타단일로","이륜차","없음","966446","1955751","127.1198776","37.60056249","N"
"2019","2019-05-07 06","주","화","1","0","0","0","0","서울","성동구","차대사람","횡단중","횡단중","보행자 보호의무 위반","교차로","교차로횡단보도내","승용차","보행자","959699.5","1949955.5","127.0437695","37.54805521","N"
"2019","2019-05-07 07","주","화","1","0","0","0","0","전북","부안군","차량단독","공작물충돌","공작물충돌","안전운전 의무 불이행","단일로","기타단일로","화물차","없음","933326","1755428","126.7621565","35.79302166","N"
"2019","2019-05-07 08","주","화","1","1","0","1","0","인천","계양구","차대차","측면충돌","측면충돌","안전운전 의무 불이행","교차로","교차로내","승용차","화물차","930961.7","1953371.4","126.7181373","37.57713671","N"
"2019","2019-05-07 09","주","화","1","3","1","2","0","서울","마포구","차대차","정면충돌","정면충돌","중앙선 침범","단일로","기타단일로","승용차","승용차","946655","1952092","126.8959476","37.56664875","N"
"2019","2019-05-07 09","주","화","1","0","0","0","0","서울","강서구","차대사람","횡단중","횡단중","안전운전 의무 불이행","단일로","기타단일로","승합차","보행자","940275","1951398","126.8237645","37.56000204","N"
"2019","2019-05-07 09","주","화","1","0","0","0","0","대구","수성구","차량단독","공작물충돌","공작물충돌","안전운전 의무 불이행","교차로","교차로내","화물차","없음","1107045","1762286","128.6854559","35.85127055","N"
"2019","2019-05-07 10","주","화","1","0","0","0","0","전북","군산시","차대차","측면충돌","측면충돌","기타","교차로","교차로부근","농기계","화물차","934879.1","1772683.7","126.7779324","35.94869332","N"
"2019","2019-05-07 11","주","화","1","1","0","1","0","경북","구미시","차대차","기타","기타","과속","단일로","기타단일로","승용차","승용차","1073415","1807843","128.3173025","36.26506128","N"
"2019","2019-05-07 12","주","화","1","0","0","0","0","서울","종로구","차대차","기타","기타","안전운전 의무 불이행","단일로","기타단일로","자전거","화물차","953021","1952966","126.967974","37.57487308","N"
"2019","2019-05-07 12","주","화","1","0","0","0","0","서울","마포구","차대사람","횡단중","횡단중","신호위반","단일로","기타단일로","건설기계","보행자","950722","1949798","126.9421524","37.54619923","N"
"2019","2019-05-07 13","주","화","1","0","0","0","0","경기","하남시","차대사람","횡단중","횡단중","보행자 보호의무 위반","교차로","교차로횡단보도내","화물차","보행자","975828","1948390","127.2264047","37.53450887","N"
"2019","2019-05-07 14","주","화","1","0","0","0","0","경남","창녕군","차대차","측면충돌","측면충돌","신호위반","교차로","교차로내","승용차","건설기계","1088307","1711370","128.4724005","35.39412065","N"
"2019","2019-05-07 14","주","화","1","0","0","0","0","인천","강화군","차대차","측면충돌","측면충돌","안전운전 의무 불이행","단일로","기타단일로","승용차","원동기장치자전거","906591","1975185","126.4393806","37.77156728","N"
"2019","2019-05-07 15","주","화","1","0","0","0","0","서울","성동구","차대차","측면충돌","측면충돌","안전운전 의무 불이행","교차로","교차로내","원동기장치자전거","승용차","959719.3","1950347.7","127.0439721","37.55159109","N"
"2019","2019-05-07 15","주","화","1","0","0","0","0","경기","김포시","차대차","기타","기타","과속","단일로","기타단일로","승용차","자전거","931731","1955281","126.7266709","37.59440477","N"
"2019","2019-05-07 16","주","화","1","0","0","0","0","경기","동두천시","차대차","측면충돌","측면충돌","신호위반","교차로","교차로내","원동기장치자전거","승용차","960498","1989542","127.0506583","37.90488462","N"
"2019","2019-05-07 17","주","화","1","0","0","0","0","서울","강서구","차대사람","차도통행중","차도통행중","기타","단일로","기타단일로","승용차","보행자","939355","1951025","126.8133794","37.5565801","Y"
"2019","2019-05-07 20","야","화","2","0","0","0","0","대전","서구","차대사람","횡단중","횡단중","보행자 보호의무 위반","교차로","교차로횡단보도내","승용차","보행자","984143","1810838","127.3234012","36.29472486","N"
"2019","2019-05-08 02","야","수","1","0","0","0","0","경기","고양시","차대차","추돌","추돌","안전운전 의무 불이행","단일로","기타단일로","이륜차","특수차","946962","1964970","126.8984892","37.68273563","N"
"2019","2019-05-08 05","야","수","1","1","0","1","0","충남","천안시","차대차","추돌","추돌","안전운전 의무 불이행","단일로","기타단일로","화물차","화물차","972292","1880961","127.1888896","36.92660815","N"
"2019","2019-05-08 10","주","수","1","0","0","0","0","경북","김천시","차대사람","횡단중","횡단중","안전운전 의무 불이행","교차로","교차로내","승용차","보행자","1055028","1784469","128.1109817","36.05556389","N"
"2019","2019-05-08 13","주","수","1","0","0","0","0","대전","유성구","차대사람","차도통행중","차도통행중","중앙선 침범","단일로","기타단일로","승용차","보행자","984867","1817159","127.3313416","36.35172295","N"
"2019","2019-05-08 17","주","수","1","0","0","0","0","경기","포천시","차대차","측면충돌","측면충돌","안전운전 의무 불이행","교차로","교차로내","승용차","자전거","969342","1980030","127.151662","37.81949456","N"
"2019","2019-05-08 23","야","수","1","2","0","2","0","대전","동구","차대차","추돌","추돌","안전거리 미확보","단일로","기타단일로","화물차","승용차","998212","1816437","127.4800742","36.34533118","N"
"2019","2019-05-09 00","야","목","1","0","0","0","0","대구","달서구","차대사람","횡단중","횡단중","과속","기타","기타","승용차","보행자","1089776.2","1762136.4","128.4942263","35.85165643","N"
"2019","2019-05-09 03","야","목","1","0","0","0","0","전남","순천시","차대차","기타","기타","안전운전 의무 불이행","단일로","기타단일로","승용차","화물차","999755","1666366","127.4973154","34.99222652","N"
"2019","2019-05-09 07","주","목","1","0","0","0","0","부산","남구","차량단독","공작물충돌","공작물충돌","안전운전 의무 불이행","단일로","기타단일로","승용차","없음","1146629","1680182","129.1088721","35.10613291","N"
"2019","2019-05-09 09","주","목","1","2","0","2","0","강원","인제군","차대차","정면충돌","정면충돌","중앙선 침범","기타","기타","승용차","승용차","1062696","2017861","128.2156407","38.15879685","N"
"2019","2019-05-09 13","주","목","1","0","0","0","0","경기","오산시","차대사람","횡단중","횡단중","보행자 보호의무 위반","교차로","교차로횡단보도내","화물차","보행자","961725","1905390","127.0690013","37.14644407","N"
"2019","2019-05-09 15","주","목","1","0","0","0","0","서울","은평구","차대사람","기타","기타","안전운전 의무 불이행","단일로","기타단일로","화물차","보행자","948463","1954021","126.9162838","37.58413796","N"
"2019","2019-05-09 16","주","목","1","0","0","0","0","전북","남원시","차대차","기타","기타","안전운전 의무 불이행","단일로","기타단일로","승합차","자전거","988535","1713109","127.3737197","35.41364867","N"
"2019","2019-05-09 21","야","목","1","1","0","1","0","경기","광주시","차대사람","횡단중","횡단중","안전운전 의무 불이행","단일로","기타단일로","승용차","보행자","978212","1940034","127.2536358","37.45925077","N"
"2019","2019-05-09 23","야","목","1","2","1","1","0","충북","청주시","차대차","기타","기타","안전운전 의무 불이행","단일로","기타단일로","승용차","화물차","992903","1847456.3","127.4206251","36.62495195","N"
"2019","2019-05-10 06","주","금","1","0","0","0","0","부산","부산진구","차대사람","기타","기타","기타","기타","기타","화물차","보행자","1141165","1685793","129.049897","35.15749086","N"
"2019","2019-05-10 12","주","금","1","0","0","0","0","대전","대덕구","차량단독","기타","기타","안전운전 의무 불이행","단일로","기타단일로","승용차","없음","997406","1826443","127.4710586","36.43553697","N"
"2019","2019-05-10 14","주","금","1","0","0","0","0","전남","영암군","차대차","측면충돌","측면충돌","신호위반","교차로","교차로부근","원동기장치자전거","화물차","927029","1645316","126.7022795","34.79979175","N"
"2019","2019-05-10 15","주","금","1","1","0","1","0","경기","평택시","차대차","기타","기타","신호위반","교차로","교차로내","원동기장치자전거","승용차","949579","1887314","126.9334487","36.98293279","N"
"2019","2019-05-10 15","주","금","1","0","0","0","0","전북","무주군","차대차","정면충돌","정면충돌","중앙선 침범","단일로","기타단일로","화물차","원동기장치자전거","1013660","1779712","127.6515899","36.01413645","N"
"2019","2019-05-10 19","야","금","1","5","2","3","0","경남","함양군","차대차","기타","기타","안전운전 의무 불이행","단일로","기타단일로","승용차","화물차","1023951","1726316","127.7641946","35.53250934","N"
"2019","2019-05-10 20","야","금","1","0","0","0","0","충남","청양군","차대사람","횡단중","횡단중","과속","단일로","기타단일로","승용차","보행자","955249","1824613","127.0008251","36.41799912","N"
"2019","2019-05-10 22","야","금","1","0","0","0","0","경남","거제시","차대사람","기타","기타","안전운전 의무 불이행","단일로","기타단일로","승합차","보행자","1108993","1646672","128.6916267","34.80879932","N"
"2019","2019-05-11 00","야","토","1","0","0","0","0","서울","서초구","차대사람","기타","기타","안전운전 의무 불이행","교차로","교차로부근","승용차","보행자","956591","1942817","127.0090019","37.48357248","N"
"2019","2019-05-11 05","야","토","1","0","0","0","0","울산","울주군","차량단독","주/정차차량 충돌","주/정차차량 충돌","안전운전 의무 불이행","단일로","기타단일로","이륜차","화물차","1145595","1732074","129.1067657","35.57400621","N"
"2019","2019-05-11 09","주","토","1","0","0","0","0","충남","논산시","차대차","측면충돌","측면충돌","과속","교차로","교차로부근","승용차","이륜차","963533","1799446","127.0944032","36.19146267","N"
"2019","2019-05-11 12","주","토","1","0","0","0","0","충북","영동군","차량단독","전도","전도","안전운전 의무 불이행","단일로","기타단일로","농기계","없음","1035826","1794187","127.8982276","36.14407424","N"
"2019","2019-05-11 12","주","토","1","0","0","0","0","인천","서구","차대차","측면충돌","측면충돌","교차로 통행방법 위반","교차로","교차로횡단보도내","화물차","자전거","927202","1954366","126.6754636","37.58581098","N"
"2019","2019-05-11 15","주","토","1","1","1","0","0","전북","김제시","차대차","정면충돌","정면충돌","중앙선 침범","교차로","교차로내","승용차","특수차","938557","1762140","126.8195249","35.85387547","N"
"2019","2019-05-11 16","주","토","1","0","0","0","0","충남","청양군","차대차","측면충돌","측면충돌","안전운전 의무 불이행","단일로","기타단일로","자전거","승용차","941154","1835700","126.8427675","36.51718377","N"
"2019","2019-05-11 17","주","토","1","0","0","0","0","충북","청주시","차량단독","도로이탈","도로이탈 기타","안전운전 의무 불이행","단일로","지하차도(도로)내","승용차","없음","1016719","1844690","127.6869295","36.59989355","N"
"2019","2019-05-11 17","주","토","1","0","0","0","0","충남","예산군","차량단독","도로이탈","도로이탈 추락","안전운전 의무 불이행","단일로","기타단일로","이륜차","없음","941924","1845712","126.8506119","36.60748416","N"
"2019","2019-05-11 18","야","토","1","0","0","0","0","충남","태안군","차량단독","도로이탈","도로이탈 추락","안전운전 의무 불이행","단일로","기타단일로","화물차","없음","898426","1846106","126.3642466","36.60739291","N"
"2019","2019-05-11 20","야","토","1","1","0","1","0","경북","경주시","차대차","추돌","추돌","안전운전 의무 불이행","단일로","지하차도(도로)내","승용차","원동기장치자전거","1146165","1761786","129.1184594","35.84171018","N"
"2019","2019-05-12 04","야","일","1","0","0","0","0","부산","수영구","차량단독","기타","기타","안전운전 의무 불이행","단일로","기타단일로","이륜차","없음","1146750","1687286","129.1114609","35.17014834","N"
"2019","2019-05-12 08","주","일","1","0","0","0","0","부산","사하구","차량단독","기타","기타","안전운전 의무 불이행","단일로","기타단일로","이륜차","없음","1134697","1679031","128.9778025","35.09742414","N"
"2019","2019-05-12 13","주","일","1","1","1","0","0","전북","정읍시","차대차","정면충돌","정면충돌","중앙선 침범","단일로","기타단일로","자전거","이륜차","935215","1720165","126.7858931","35.47522436","N"
"2019","2019-05-12 14","주","일","1","3","0","3","0","경북","의성군","차대차","측면충돌","측면충돌","안전운전 의무 불이행","단일로","기타단일로","승용차","승용차","1109819","1829757","128.7255991","36.45912406","N"
"2019","2019-05-12 15","주","일","1","2","1","1","0","전남","담양군","차량단독","기타","기타","안전운전 의무 불이행","단일로","기타단일로","승용차","없음","957667","1685733","127.0351463","35.16597318","N"
"2019","2019-05-12 19","야","일","1","0","0","0","0","충북","청주시","차대차","기타","기타","안전운전 의무 불이행","단일로","지하차도(도로)내","불명","이륜차","1007755.6","1842845.7","127.5866943","36.58338216","N"
"2019","2019-05-13 07","주","월","1","0","0","0","0","충북","진천군","차량단독","공작물충돌","공작물충돌","안전운전 의무 불이행","교차로","교차로내","승용차","없음","993779","1871172","127.4302294","36.83875109","N"
"2019","2019-05-13 08","주","월","1","0","0","0","0","강원","태백시","차대사람","횡단중","횡단중","안전운전 의무 불이행","교차로","교차로부근","화물차","보행자","1132316","1909136","128.9904072","37.17162069","N"
"2019","2019-05-13 10","주","월","1","0","0","0","0","경기","평택시","차대사람","횡단중","횡단중","안전운전 의무 불이행","단일로","기타단일로","건설기계","보행자","962343","1886490","127.0769073","36.97610288","N"
"2019","2019-05-13 10","주","월","1","1","0","1","0","충북","보은군","차대차","측면충돌","측면충돌","신호위반","교차로","교차로내","이륜차","승용차","1019850.9","1832442.4","127.7216306","36.48942071","N"
"2019","2019-05-13 10","주","월","1","0","0","0","0","충북","진천군","차대차","추돌","추돌","안전운전 의무 불이행","단일로","기타단일로","화물차","농기계","990629","1870020","127.3949153","36.82834021","N"
"2019","2019-05-13 10","주","월","1","0","0","0","0","전북","진안군","차대사람","기타","기타","안전운전 의무 불이행","교차로","교차로부근","승용차","보행자","994219","1773863","127.4358888","35.96148076","N"
"2019","2019-05-13 11","주","월","1","1","1","0","0","경기","포천시","차대차","측면충돌","측면충돌","안전거리 미확보","단일로","기타단일로","원동기장치자전거","승용차","975950.3","1992551.8","127.2263278","37.93255149","N"
"2019","2019-05-13 13","주","월","1","0","0","0","0","대구","동구","차대사람","기타","기타","중앙선 침범","단일로","기타단일로","승용차","보행자","1108011","1763921","128.6963732","35.86590273","N"
"2019","2019-05-13 13","주","월","1","0","0","0","0","울산","북구","차대차","측면충돌","측면충돌","과속","단일로","기타단일로","이륜차","승용차","1168978","1738632","129.3660753","35.6293903","N"
"2019","2019-05-13 13","주","월","1","0","0","0","0","경기","고양시","차대사람","횡단중","횡단중","안전운전 의무 불이행","단일로","기타단일로","화물차","보행자","946574","1961742","126.8943255","37.65361945","N"
"2019","2019-05-13 14","주","월","1","0","0","0","0","충북","청주시","차대차","추돌","추돌","안전운전 의무 불이행","단일로","기타단일로","승용차","화물차","1001746.1","1853120.6","127.5195418","36.67604023","N"
"2019","2019-05-13 18","야","월","1","0","0","0","0","경기","이천시","차대차","측면충돌","측면충돌","안전운전 의무 불이행","단일로","기타단일로","화물차","이륜차","1002874","1923162","127.5324319","37.30742153","N"
"2019","2019-05-13 19","야","월","1","1","0","1","0","전남","구례군","차대차","추돌","추돌","안전운전 의무 불이행","단일로","기타단일로","화물차","농기계","998129","1690645","127.4794433","35.2111556","N"
"2019","2019-05-13 20","야","월","1","2","0","2","0","경기","수원시","차대차","측면충돌","측면충돌","과속","교차로","교차로내","승용차","이륜차","951813","1919719","126.9564648","37.27514302","N"
"2019","2019-05-13 21","야","월","1","0","0","0","0","전남","강진군","차량단독","전도","전도","안전운전 의무 불이행","교차로","교차로내","이륜차","없음","932437","1635065","126.762218","34.70773104","N"
"2019","2019-05-13 22","야","월","1","0","0","0","0","충남","아산시","차대사람","차도통행중","차도통행중","안전운전 의무 불이행","단일로","기타단일로","승용차","보행자","957881","1862337","127.0281171","36.75819067","N"
"2019","2019-05-14 01","야","화","1","0","0","0","0","서울","송파구","차대차","측면충돌","측면충돌","중앙선 침범","단일로","기타단일로","원동기장치자전거","승용차","965899","1943616","127.114245","37.49116487","N"
"2019","2019-05-14 10","주","화","1","0","0","0","0","경남","하동군","차대사람","횡단중","횡단중","안전운전 의무 불이행","단일로","기타단일로","특수차","보행자","1035237","1663676","127.8859977","34.96735613","N"
"2019","2019-05-14 13","주","화","1","2","0","2","0","서울","송파구","차대차","정면충돌","정면충돌","신호위반","교차로","교차로내","이륜차","승용차","965236","1946318","127.1066174","37.51549448","N"
"2019","2019-05-14 14","주","화","1","0","0","0","0","경기","성남시","차대사람","횡단중","횡단중","안전운전 의무 불이행","교차로","교차로횡단보도내","승합차","보행자","969881","1937227","127.1595503","37.4337157","N"
"2019","2019-05-14 16","주","화","1","0","0","0","0","서울","강서구","차대차","측면충돌","측면충돌","신호위반","단일로","기타단일로","승합차","자전거","941566.6","1948867.2","126.8385894","37.53727482","N"
"2019","2019-05-14 16","주","화","1","0","0","0","0","경기","여주시","차대사람","기타","기타","안전운전 의무 불이행","단일로","기타단일로","화물차","보행자","1012213","1928904","127.6379129","37.35910351","N"
"2019","2019-05-14 19","야","화","1","0","0","0","0","충남","홍성군","차대사람","횡단중","횡단중","안전운전 의무 불이행","단일로","기타단일로","승용차","보행자","921313","1835302","126.6212308","36.51216946","N"
"2019","2019-05-14 21","야","화","1","0","0","0","0","전남","목포시","차대사람","횡단중","횡단중","과속","단일로","기타단일로","승용차","보행자","895576","1641153","126.3590029","34.75951907","N"
"2019","2019-05-15 05","야","수","1","1","1","0","0","부산","동래구","차량단독","도로이탈","도로이탈 추락","안전운전 의무 불이행","단일로","기타단일로","승용차","없음","1143713","1691812","129.0789123","35.21138346","N"