"발생년","발생년월일시","주야","요일","사망자수","부상자수","중상자수","경상자수","부상신고자수","발생지시도","발생지시군구","사고유형_대분류","사고유형_중분류","사고유형","가해자법규위반","도로형태_대분류","도로형태","가해자_당사자종별","피해자_당사자종별","발생위치(X_UTMK)","발생위치(Y_UTMK)","경도","위도"," 어린이사고 여부"
"2019","2019-05-30 21","야","목","2","2","1","1","0","경기","이천시","차대사람","횡단중","횡단중","과속","교차로","교차로부근","승합차","보행자","994379","1916205","127.436622","37.24469855","N"
"2019","2019-05-31 01","야","금","1","0","0","0","0","인천","연수구","차대차","기타","기타","안전운전 의무 불이행","단일로","기타단일로","이륜차","화물차","926747","1935668","126.6721733","37.41725505","N"
"2019","2019-05-31 06","주","금","1","0","0","0","0","전남","담양군","차량단독","기타","기타","안전운전 의무 불이행","교차로","교차로부근","승용차","없음","957281","1705782","127.029865","35.34673378","N"
"2019","2019-05-31 12","주","금","1","1","1","0","0","전북","남원시","차대차","기타","기타","과속","단일로","기타단일로","승용차","화물차","1002100.2","1721449","127.523154","35.48891231","N"
"2019","2019-05-31 14","주","금","1","0","0","0","0","광주","광산구","차대사람","횡단중","횡단중","보행자 보호의무 위반","단일로","기타단일로","승용차","보행자","936378","1682527","126.8016341","35.13594361","N"
"2019","2019-05-31 17","주","금","1","0","0","0","0","대전","중구","차대사람","횡단중","횡단중","안전운전 의무 불이행","단일로","기타단일로","승용차","보행자","993512","1814083","127.4277163","36.32408864","N"
"2019","2019-05-31 23","야","금","1","0","0","0","0","전북","부안군","차대차","추돌","추돌","안전운전 의무 불이행","단일로","기타단일로","승용차","자전거","934008","1751396","126.7700356","35.75671705","N"
"2019","2019-05-31 23","야","금","1","1","0","1","0","울산","남구","차대차","측면충돌","측면충돌","신호위반","교차로","교차로내","이륜차","승용차","1159008","1728097","129.2539491","35.53610045","N"
"2019","2019-06-01 02","야","토","1","0","0","0","0","전남","순천시","차대사람","차도통행중","차도통행중","과속","단일로","기타단일로","승용차","보행자","1002014","1661871","127.5220579","34.95169096","N"
"2019","2019-06-01 02","야","토","1","0","0","0","0","경남","창원시(통합)","차량단독","공작물충돌","공작물충돌","안전운전 의무 불이행","단일로","기타단일로","이륜차","없음","1097510","1690263","128.5712143","35.20297418","N"
"2019","2019-06-01 04","야","토","1","0","0","0","0","대구","북구","차량단독","전도","전도","안전운전 의무 불이행","단일로","기타단일로","이륜차","없음","1094542","1767586","128.5476441","35.90033424","N"
"2019","2019-06-01 08","주","토","1","0","0","0","0","전남","담양군","차대사람","횡단중","횡단중","과속","교차로","교차로내","승용차","보행자","953788.3","1702865.5","126.9915929","35.32028129","N"
"2019","2019-06-01 09","주","토","1","3","3","0","0","충북","충주시","차대차","측면충돌","측면충돌","과속","단일로","기타단일로","승용차","승용차","1026554","1893846","127.7986068","37.04279102","N"
"2019","2019-06-01 13","주","토","1","0","0","0","0","경북","영주시","차대사람","횡단중","횡단중","보행자 보호의무 위반","단일로","기타단일로","화물차","보행자","1087458","1876799","128.4814545","36.88544374","N"
"2019","2019-06-01 13","주","토","1","3","3","0","0","인천","강화군","차대차","추돌","추돌","안전운전 의무 불이행","단일로","기타단일로","화물차","승용차","912196","1973302","126.5032417","37.75515349","Y"
"2019","2019-06-01 21","야","토","1","0","0","0","0","전북","전주시","차대차","추돌","추돌","안전운전 의무 불이행","단일로","기타단일로","승용차","이륜차","955710","1764432","127.0093579","35.87546538","N"
"2019","2019-06-01 22","야","토","1","0","0","0","0","충남","홍성군","차대사람","차도통행중","차도통행중","안전운전 의무 불이행","단일로","기타단일로","승용차","보행자","921926","1837433","126.6278604","36.53142876","N"
"2019","2019-06-01 22","야","토","1","0","0","0","0","대구","수성구","차대사람","기타","기타","안전운전 의무 불이행","단일로","기타단일로","승용차","보행자","1100090","1759799","128.6081352","35.82958666","N"
"2019","2019-06-01 23","야","토","1","0","0","0","0","서울","강남구","차대사람","기타","기타","안전운전 의무 불이행","단일로","기타단일로","승용차","보행자","959677","1948034","127.0436204","37.53073513","N"
"2019","2019-06-02 04","야","일","1","0","0","0","0","충남","아산시","차량단독","공작물충돌","공작물충돌","안전운전 의무 불이행","교차로","교차로부근","승용차","없음","958797","1864005","127.0382891","36.7732671","N"
"2019","2019-06-02 12","주","일","1","1","1","0","0","충북","제천시","차대차","정면충돌","정면충돌","중앙선 침범","단일로","지하차도(도로)내","이륜차","승용차","1058748","1885632","128.1599807","36.96728809","N"
"2019","2019-06-02 15","주","일","1","2","1","1","0","강원","인제군","차대차","정면충돌","정면충돌","중앙선 침범","단일로","기타단일로","승용차","화물차","1056502","2015697","128.1447722","38.13970418","Y"
"2019","2019-06-02 16","주","일","1","0","0","0","0","충북","진천군","차량단독","기타","기타","안전운전 의무 불이행","단일로","기타단일로","이륜차","없음","1003304","1864700","127.5370274","36.78042254","N"
"2019","2019-06-02 17","주","일","1","0","0","0","0","경북","포항시","차대차","기타","기타","신호위반","교차로","교차로내","농기계","화물차","1166243","1792493","129.3471211","36.11522089","N"
"2019","2019-06-02 20","야","일","1","0","0","0","0","세종","세종시","차량단독","공작물충돌","공작물충돌","안전운전 의무 불이행","단일로","기타단일로","자전거","없음","977210","1835960","127.2454515","36.52106674","N"
"2019","2019-06-02 20","야","일","1","1","0","1","0","울산","울주군","차대차","추돌","추돌","안전운전 의무 불이행","단일로","지하차도(도로)내","승용차","화물차","1167358","1714325","129.3431771","35.41061202","N"
"2019","2019-06-02 21","야","일","1","0","0","0","0","경기","안산시","차대차","측면충돌","측면충돌","신호위반","교차로","교차로내","승합차","승용차","938821","1925627","126.8094409","37.32763016","N"
"2019","2019-06-02 23","야","일","1","0","0","0","0","전남","목포시","차량단독","공작물충돌","공작물충돌","안전운전 의무 불이행","단일로","기타단일로","이륜차","없음","896456","1645270","126.3681098","34.79672769","N"
"2019","2019-06-03 04","야","월","1","0","0","0","0","광주","북구","차대사람","횡단중","횡단중","신호위반","교차로","교차로횡단보도내","승용차","보행자","948014.5","1685350.6","126.9291816","35.16207211","N"
"2019","2019-06-03 08","주","월","1","0","0","0","0","서울","구로구","차대차","측면충돌","측면충돌","신호위반","교차로","교차로내","승용차","이륜차","946450","1944063","126.894212","37.49427056","N"
"2019","2019-06-03 17","주","월","1","0","0","0","0","충남","홍성군","차대사람","차도통행중","차도통행중","안전운전 의무 불이행","교차로","교차로내","농기계","보행자","922213","1837967","126.6310122","36.53626568","N"
"2019","2019-06-03 20","야","월","1","0","0","0","0","전북","완주군","차대차","측면충돌","측면충돌","신호위반","교차로","교차로내","승용차","이륜차","970462","1770165","127.1725639","35.9277101","N"
"2019","2019-06-03 22","야","월","1","0","0","0","0","충남","태안군","차량단독","전도","전도","안전운전 의무 불이행","단일로","기타단일로","승용차","없음","893185","1880629","126.3008203","36.91796959","N"
"2019","2019-06-04 01","야","화","1","1","0","1","0","경남","진주시","차량단독","공작물충돌","공작물충돌","안전운전 의무 불이행","교차로","교차로내","이륜차","없음","1056113","1689191","128.1163988","35.19647764","N"
"2019","2019-06-04 04","야","화","1","1","1","0","0","경북","경주시","차대차","추돌","추돌","안전운전 의무 불이행","단일로","기타단일로","화물차","농기계","1176514","1741556","129.4498957","35.65442155","N"
"2019","2019-06-04 07","주","화","3","1","1","0","0","충남","공주시","차대차","정면충돌","정면충돌","중앙선 침범","기타","기타","화물차","승용차","966072","1832693","127.1211934","36.49128444","Y"
"2019","2019-06-04 10","주","화","1","1","1","0","0","충북","충주시","차대차","정면충돌","정면충돌","기타","교차로","교차로내","건설기계","화물차","1031897","1882466","127.8582079","36.94004225","N"
"2019","2019-06-04 10","주","화","1","0","0","0","0","경남","창원시(통합)","차대차","기타","기타","교차로 통행방법 위반","교차로","교차로내","이륜차","화물차","1109545","1704433","128.705293","35.32947571","N"
"2019","2019-06-04 11","주","화","1","1","0","1","0","충남","서산시","차대차","측면충돌","측면충돌","기타","교차로","교차로내","승용차","특수차","904301","1858167","126.4284214","36.71671102","N"
"2019","2019-06-04 12","주","화","1","2","1","1","0","충북","증평군","차량단독","공작물충돌","공작물충돌","안전운전 의무 불이행","교차로","교차로부근","승용차","없음","1007381","1865260","127.582723","36.7854478","N"
"2019","2019-06-04 14","주","화","1","0","0","0","0","경북","의성군","차대차","측면충돌","측면충돌","중앙선 침범","단일로","기타단일로","화물차","이륜차","1097409","1812330","128.5849409","36.30338329","N"
"2019","2019-06-04 18","야","화","1","0","0","0","0","충북","음성군","차량단독","전복","전복","안전운전 의무 불이행","단일로","기타단일로","사륜오토바이(ATV)","없음","1012106","1905511","127.6363241","37.14824001","N"
"2019","2019-06-04 20","야","화","1","1","1","0","0","경기","평택시","차대차","추돌","추돌","안전운전 의무 불이행","단일로","기타단일로","이륜차","농기계","959762","1890895","127.0476743","37.01570335","N"
"2019","2019-06-04 20","야","화","1","0","0","0","0","대구","달성군","차대차","기타","기타","안전운전 의무 불이행","단일로","기타단일로","화물차","승용차","1087433","1748393","128.4667781","35.72797198","N"
"2019","2019-06-05 05","야","수","1","0","0","0","0","충남","홍성군","차량단독","공작물충돌","공작물충돌","안전운전 의무 불이행","교차로","교차로내","승용차","없음","922683","1835051","126.6365544","36.51001863","N"
"2019","2019-06-05 07","주","수","1","0","0","0","0","부산","사상구","차대사람","기타","기타","안전운전 의무 불이행","교차로","교차로내","승합차","보행자","1135907","1684350","128.991948","35.14520814","N"
"2019","2019-06-05 07","주","수","1","0","0","0","0","경기","평택시","차대사람","기타","기타","안전운전 의무 불이행","기타","기타","승용차","보행자","958743","1889674","127.0362867","37.0046529","N"
"2019","2019-06-05 07","주","수","1","1","0","1","0","경남","합천군","차량단독","기타","기타","안전운전 의무 불이행","단일로","기타단일로","화물차","없음","1069725","1736713","128.26998","35.62408346","N"
"2019","2019-06-05 09","주","수","1","0","0","0","0","경북","김천시","차대사람","길가장자리구역통행중","길가장자리구역통행중","안전운전 의무 불이행","단일로","기타단일로","화물차","보행자","1055905","1791299","128.1212029","36.11708825","N"
"2019","2019-06-05 15","주","수","1","0","0","0","0","전북","군산시","차대차","추돌","추돌","안전운전 의무 불이행","단일로","기타단일로","화물차","화물차","930310","1772125","126.7273228","35.94334106","N"
"2019","2019-06-05 17","주","수","1","0","0","0","0","부산","북구","차량단독","기타","기타","안전운전 의무 불이행","단일로","기타단일로","이륜차","없음","1137171.7","1693887.3","129.0074144","35.23100597","N"
"2019","2019-06-05 18","야","수","1","2","1","1","0","서울","영등포구","차대차","측면충돌","측면충돌","과속","단일로","기타단일로","이륜차","승용차","946530","1949314","126.8947348","37.54160317","N"
"2019","2019-06-05 19","야","수","1","1","1","0","0","강원","화천군","차대차","정면충돌","정면충돌","중앙선 침범","단일로","기타단일로","화물차","승용차","1002897.1","2007545.9","127.5330281","38.0680054","N"
"2019","2019-06-05 19","야","수","1","0","0","0","0","충북","충주시","차대차","측면충돌","측면충돌","중앙선 침범","교차로","교차로내","승용차","이륜차","1039705.8","1886674.5","127.946121","36.97768174","N"
"2019","2019-06-05 19","야","수","1","0","0","0","0","충남","천안시","차대차","기타","기타","안전운전 의무 불이행","단일로","기타단일로","승용차","자전거","966313","1866333","127.1224068","36.79455004","N"
"2019","2019-06-05 19","야","수","1","0","0","0","0","전북","군산시","차대차","기타","기타","안전운전 의무 불이행","교차로","교차로내","승용차","자전거","922337","1769929.2","126.6391466","35.92294431","N"
"2019","2019-06-05 20","야","수","2","2","2","0","0","경기","파주시","차대차","측면충돌","측면충돌","안전운전 의무 불이행","단일로","기타단일로","승용차","승합차","937407","1978049","126.7890051","37.800009","N"
"2019","2019-06-05 21","야","수","1","0","0","0","0","서울","양천구","차대사람","차도통행중","차도통행중","보행자 보호의무 위반","교차로","교차로내","승합차","보행자","943355","1946352","126.8590252","37.51471681","Y"
"2019","2019-06-05 21","야","수","1","0","0","0","0","충북","진천군","차대사람","길가장자리구역통행중","길가장자리구역통행중","안전운전 의무 불이행","단일로","기타단일로","승용차","보행자","1001508","1879686","127.5169297","36.91552081","N"
"2019","2019-06-05 21","야","수","1","0","0","0","0","충남","서산시","차량단독","공작물충돌","공작물충돌","안전운전 의무 불이행","단일로","기타단일로","이륜차","없음","912665","1866748","126.521081","36.79486193","N"
"2019","2019-06-06 00","야","목","1","0","0","0","0","서울","강동구","차대사람","기타","기타","안전운전 의무 불이행","단일로","기타단일로","승용차","보행자","967904","1949038","127.1366885","37.54010773","N"
"2019","2019-06-06 02","야","목","1","0","0","0","0","강원","화천군","차대사람","기타","기타","안전운전 의무 불이행","단일로","기타단일로","승용차","보행자","1017514","2012734","127.6997934","38.11459927","N"
"2019","2019-06-06 10","주","목","1","0","0","0","0","전북","무주군","차대차","측면충돌","측면충돌","안전운전 의무 불이행","교차로","교차로내","건설기계","이륜차","1013603","1762933","127.6506699","35.86285769","N"
"2019","2019-06-06 14","주","목","1","0","0","0","0","경북","상주시","차량단독","도로이탈","도로이탈 추락","안전운전 의무 불이행","교차로","교차로내","농기계","없음","1051949","1818299","128.0790393","36.36071645","N"
"2019","2019-06-06 17","주","목","1","0","0","0","0","경북","안동시","차대차","기타","기타","안전운전 의무 불이행","단일로","기타단일로","화물차","승용차","1105757","1835670","128.6810842","36.5128765","N"
"2019","2019-06-06 19","야","목","1","0","0","0","0","경기","용인시","차량단독","공작물충돌","공작물충돌","안전운전 의무 불이행","교차로","교차로부근","승용차","없음","974344","1914306","127.2107902","37.22724468","N"
"2019","2019-06-06 19","야","목","1","0","0","0","0","전남","고흥군","차량단독","전도","전도","안전운전 의무 불이행","단일로","기타단일로","화물차","없음","998861","1606405","127.4876002","34.45150634","N"
"2019","2019-06-07 00","야","금","1","1","0","1","0","강원","홍천군","차대차","추돌","추돌","안전운전 의무 불이행","교차로","교차로내","화물차","승용차","1043325","1978598","127.9921713","37.80607462","N"
"2019","2019-06-07 00","야","금","1","2","2","0","0","충북","제천시","차량단독","공작물충돌","공작물충돌","과속","기타","기타","승용차","없음","1070492","1909564","128.2941499","37.1821914","N"
"2019","2019-06-07 04","야","금","1","0","0","0","0","경북","포항시","차량단독","공작물충돌","공작물충돌","안전운전 의무 불이행","단일로","기타단일로","특수차","없음","1170201","1773795","129.3870528","35.94604749","N"
"2019","2019-06-07 04","야","금","1","0","0","0","0","경기","양주시","차대사람","차도통행중","차도통행중","안전운전 의무 불이행","단일로","기타단일로","건설기계","보행자","955604","1981487","126.9954854","37.83206122","N"
"2019","2019-06-07 05","야","금","1","0","0","0","0","서울","성북구","차대사람","횡단중","횡단중","보행자 보호의무 위반","교차로","교차로횡단보도내","승용차","보행자","956632","1957000","127.0086272","37.61140951","N"
"2019","2019-06-07 06","주","금","1","0","0","0","0","전남","장흥군","차량단독","전도","전도","안전운전 의무 불이행","단일로","기타단일로","화물차","없음","948040","1622801","126.933346","34.59805277","N"
"2019","2019-06-07 07","주","금","1","4","4","0","0","전남","영암군","차량단독","공작물충돌","공작물충돌","과속","단일로","기타단일로","승용차","없음","905285.2","1641869.2","126.4649946","34.76692439","N"
"2019","2019-06-07 08","주","금","1","0","0","0","0","경기","하남시","차대사람","횡단중","횡단중","보행자 보호의무 위반","교차로","교차로횡단보도내","화물차","보행자","968996","1946382","127.1491614","37.51620538","N"
"2019","2019-06-07 11","주","금","1","0","0","0","0","경남","사천시","차대사람","기타","기타","안전운전 의무 불이행","교차로","교차로부근","승용차","보행자","1040639","1673413","127.9456474","35.05495365","N"
"2019","2019-06-07 12","주","금","1","9","3","5","1","경기","평택시","차대차","측면충돌","측면충돌","안전운전 의무 불이행","단일로","기타단일로","승용차","승용차","964406.5","1903054.7","127.0993068","37.12549962","N"
"2019","2019-06-07 14","주","금","1","0","0","0","0","경남","김해시","차대차","추돌","추돌","안전운전 의무 불이행","교차로","교차로부근","승용차","이륜차","1125106","1693116","128.8747397","35.2256316","N"
"2019","2019-06-07 14","주","금","1","0","0","0","0","광주","광산구","차대사람","보도통행중","보도통행중","기타","단일로","기타단일로","승용차","보행자","936122","1684302","126.798687","35.15193176","N"
"2019","2019-06-07 16","주","금","1","0","0","0","0","경남","진주시","차량단독","공작물충돌","공작물충돌","안전운전 의무 불이행","단일로","기타단일로","이륜차","없음","1046397","1693075","128.0098921","35.23199498","N"
"2019","2019-06-07 20","야","금","1","0","0","0","0","충남","아산시","차대차","기타","기타","안전운전 의무 불이행","단일로","기타단일로","승합차","자전거","959112","1881527","127.0408752","36.93123044","N"
"2019","2019-06-07 21","야","금","1","0","0","0","0","경북","안동시","차대사람","차도통행중","차도통행중","안전운전 의무 불이행","단일로","기타단일로","화물차","보행자","1107746","1847926","128.7050077","36.62311895","N"
"2019","2019-06-08 04","야","토","1","0","0","0","0","인천","서구","차대사람","횡단중","횡단중","과속","교차로","교차로횡단보도내","승용차","보행자","926028","1948154","126.6627944","37.52973099","N"
"2019","2019-06-08 14","주","토","1","3","0","3","0","경기","남양주시","차대차","측면충돌","측면충돌","과속","교차로","교차로내","승용차","승용차","974888","1954165","127.2155674","37.58653649","N"
"2019","2019-06-08 16","주","토","1","0","0","0","0","충북","보은군","차대사람","기타","기타","안전운전 의무 불이행","교차로","교차로내","승용차","보행자","1026250","1828207","127.7929306","36.451084","N"
"2019","2019-06-08 18","야","토","1","0","0","0","0","경북","칠곡군","차량단독","전도","전도","안전운전 의무 불이행","단일로","기타단일로","원동기장치자전거","없음","1082692","1787007","128.4183744","36.07648441","N"
"2019","2019-06-08 21","야","토","1","2","1","1","0","경기","화성시","차량단독","공작물충돌","공작물충돌","안전운전 의무 불이행","단일로","기타단일로","화물차","없음","929546","1908946","126.7063365","37.17662405","N"
"2019","2019-06-08 21","야","토","1","0","0","0","0","대구","달서구","차대차","측면충돌","측면충돌","기타","단일로","기타단일로","자전거","승용차","1092931","1756961","128.5285569","35.80470737","N"
"2019","2019-06-09 00","야","일","1","1","1","0","0","제주","제주시","차대차","기타","기타","신호위반","교차로","교차로내","승용차","승용차","898640","1498496","126.4091211","33.47347818","N"
"2019","2019-06-09 00","야","일","1","2","2","0","0","울산","울주군","차대차","측면충돌","측면충돌","신호위반","교차로","교차로내","이륜차","이륜차","1145325","1727225","129.1029167","35.53034148","N"
"2019","2019-06-09 02","야","일","1","0","0","0","0","강원","홍천군","차대사람","기타","기타","과속","기타","기타","승용차","보행자","1036479.4","1966659.4","127.9138077","37.69877072","N"
"2019","2019-06-09 04","야","일","1","2","2","0","0","충북","청주시","차대차","정면충돌","정면충돌","중앙선 침범","교차로","교차로내","승용차","승용차","997191","1846947","127.4685852","36.62038291","N"
"2019","2019-06-09 04","야","일","1","1","1","0","0","충남","아산시","차대차","추돌","추돌","안전운전 의무 불이행","단일로","기타단일로","승용차","사륜오토바이(ATV)","945936","1862742","126.8942679","36.76123548","N"
"2019","2019-06-09 06","주","일","1","1","0","1","0","경북","경주시","차량단독","도로이탈","도로이탈 추락","안전운전 의무 불이행","단일로","기타단일로","농기계","없음","1150892","1748943","129.16836","35.72524729","N"
"2019","2019-06-09 09","주","일","1","0","0","0","0","경기","양평군","차량단독","기타","기타","안전운전 의무 불이행","단일로","기타단일로","자전거","없음","1001615","1938149","127.5182573","37.44251525","N"
"2019","2019-06-09 09","주","일","1","0","0","0","0","경기","동두천시","차대사람","보도통행중","보도통행중","안전운전 의무 불이행","교차로","교차로횡단보도내","승합차","보행자","960260","1989967","127.0479277","37.90870468","N"
"2019","2019-06-09 11","주","일","1","2","2","0","0","경기","평택시","차대차","정면충돌","정면충돌","중앙선 침범","교차로","교차로내","승용차","화물차","943264","1885744","126.8626126","36.96842113","N"
"2019","2019-06-09 15","주","일","1","0","0","0","0","전남","담양군","차량단독","도로이탈","도로이탈 추락","안전운전 의무 불이행","단일로","기타단일로","농기계","없음","958483","1696327","127.043572","35.2615316","N"
"2019","2019-06-09 18","야","일","1","0","0","0","0","서울","강서구","차대차","기타","기타","신호위반","교차로","교차로내","이륜차","승합차","940525","1951378.5","126.8265966","37.55984247","N"
"2019","2019-06-10 02","야","월","1","0","0","0","0","인천","남동구","차대사람","기타","기타","안전운전 의무 불이행","단일로","터널안","승합차","보행자","933663","1940457","126.7498934","37.46093966","N"
"2019","2019-06-10 07","주","월","1","1","1","0","0","전북","고창군","차대차","측면충돌","측면충돌","안전거리 미확보","단일로","기타단일로","화물차","승용차","924338","1716925.9","126.6663109","35.44525238","N"
"2019","2019-06-10 07","주","월","1","0","0","0","0","대구","달성군","차대차","기타","기타","안전운전 의무 불이행","단일로","기타단일로","승용차","농기계","1088216.7","1755510.1","128.4762262","35.79206266","N"
"2019","2019-06-10 10","주","월","1","0","0","0","0","경남","창원시(통합)","차대차","측면충돌","측면충돌","신호위반","교차로","교차로내","이륜차","특수차","1103045","1689058","128.631859","35.19155749","N"
"2019","2019-06-10 14","주","월","1","0","0","0","0","전북","익산시","차대차","측면충돌","측면충돌","신호위반","교차로","교차로내","건설기계","이륜차","961987","1785021","127.0779054","36.06135447","N"
"2019","2019-06-10 14","주","월","1","0","0","0","0","경남","밀양시","차대차","측면충돌","측면충돌","중앙선 침범","단일로","교량위","화물차","이륜차","1113746","1722358","128.7540067","35.49059404","N"
"2019","2019-06-10 20","야","월","1","1","0","0","1","서울","동대문구","차대사람","횡단중","횡단중","안전운전 의무 불이행","단일로","기타단일로","이륜차","보행자","959254","1953675","127.0385195","37.58156049","N"
"2019","2019-06-10 22","야","월","1","0","0","0","0","경기","고양시","차대차","측면충돌","측면충돌","신호위반","교차로","교차로내","승합차","자전거","933692","1966597","126.747855","37.69653555","N"
"2019","2019-06-11 00","야","화","1","0","0","0","0","부산","해운대구","차량단독","공작물충돌","공작물충돌","안전운전 의무 불이행","단일로","기타단일로","이륜차","없음","1148588","1686351","129.1314684","35.16145055","N"
"2019","2019-06-11 01","야","화","1","1","0","1","0","전남","여수시","차대차","측면충돌","측면충돌","신호위반","교차로","교차로내","원동기장치자전거","화물차","1016363.3","1639486.6","127.6787778","34.74970676","N"
"2019","2019-06-11 05","야","화","1","0","0","0","0","대구","중구","차대차","측면충돌","측면충돌","안전운전 의무 불이행","교차로","교차로횡단보도내","화물차","자전거","1097708.9","1764302.6","128.582329","35.87042477","N"
"2019","2019-06-11 07","주","화","2","1","0","1","0","충남","서산시","차대차","추돌","추돌","안전운전 의무 불이행","단일로","기타단일로","승용차","승용차","917438","1868521","126.5743817","36.81127122","N"
"2019","2019-06-11 07","주","화","1","0","0","0","0","경남","김해시","차량단독","공작물충돌","공작물충돌","안전운전 의무 불이행","교차로","교차로내","승용차","없음","1129818","1702411","128.9279737","35.30881991","N"
"2019","2019-06-11 12","주","화","1","2","2","0","0","충남","공주시","차대차","추돌","추돌","안전운전 의무 불이행","단일로","기타단일로","화물차","화물차","966617","1814240","127.128072","36.32494728","N"
"2019","2019-06-12 08","주","수","1","0","0","0","0","서울","서대문구","차대사람","차도통행중","차도통행중","안전운전 의무 불이행","교차로","교차로부근","건설기계","보행자","950701","1954865","126.9415738","37.59186764","N"
"2019","2019-06-12 12","주","수","1","0","0","0","0","경기","평택시","차량단독","전도","전도","안전운전 의무 불이행","교차로","교차로부근","자전거","없음","964567","1888585","127.1017959","36.99507411","N"
"2019","2019-06-12 13","주","수","1","0","0","0","0","경북","고령군","차대차","측면충돌","측면충돌","신호위반","교차로","교차로내","이륜차","화물차","1070835","1752155","128.2835976","35.76322278","N"
"2019","2019-06-12 16","주","수","1","1","1","0","0","경북","성주군","차량단독","공작물충돌","공작물충돌","안전운전 의무 불이행","단일로","기타단일로","승용차","없음","1068008","1762459","128.2532036","35.85631764","N"
"2019","2019-06-12 17","주","수","1","3","0","3","0","전남","순천시","차대차","측면충돌","측면충돌","신호위반","교차로","교차로내","승용차","승용차","999693","1659624","127.4966385","34.93143053","N"
"2019","2019-06-12 18","야","수","1","0","0","0","0","충남","서산시","차대사람","횡단중","횡단중","안전운전 의무 불이행","교차로","교차로내","승용차","보행자","914817","1857296","126.5462545","36.7098619","N"
"2019","2019-06-12 22","야","수","1","0","0","0","0","충남","공주시","차량단독","도로이탈","도로이탈 기타","안전운전 의무 불이행","단일로","기타단일로","이륜차","없음","962884","1835834","127.0854492","36.51948207","N"
"2019","2019-06-12 22","야","수","1","1","1","0","0","대전","대덕구","차대차","기타","기타","신호위반","교차로","교차로부근","이륜차","승용차","993085","1822638","127.422883","36.40121232","N"
"2019","2019-06-13 00","야","목","1","0","0","0","0","경기","고양시","차대사람","횡단중","횡단중","과속","단일로","기타단일로","승용차","보행자","933563","1964367","126.7465952","37.67642811","N"
"2019","2019-06-13 08","주","목","1","0","0","0","0","경남","진주시","차대차","측면충돌","측면충돌","중앙선 침범","교차로","교차로내","자전거","화물차","1067855","1688457","128.2453149","35.18913441","N"
"2019","2019-06-13 08","주","목","1","0","0","0","0","광주","남구","차대차","추돌","추돌","안전운전 의무 불이행","단일로","기타단일로","승용차","자전거","945379","1683427","126.9003716","35.14458774","N"
"2019","2019-06-13 09","주","목","1","0","0","0","0","경기","김포시","차대차","측면충돌","측면충돌","신호위반","교차로","교차로부근","이륜차","승용차","930392","1959250","126.7111267","37.63007558","N"
"2019","2019-06-13 18","야","목","1","0","0","0","0","충남","서산시","차대사람","기타","기타","기타","단일로","기타단일로","승용차","보행자","906906","1865203","126.4567279","36.7803877","N"
"2019","2019-06-13 21","야","목","1","0","0","0","0","경북","영천시","차대사람","횡단중","횡단중","안전운전 의무 불이행","단일로","기타단일로","승용차","보행자","1128173","1782993","128.922718","36.03537209","N"
"2019","2019-06-14 01","야","금","1","1","0","0","1","경기","남양주시","차대차","정면충돌","정면충돌","중앙선 침범","단일로","기타단일로","승용차","화물차","983786","1959083","127.3162415","37.63106449","N"
"2019","2019-06-14 01","야","금","1","0","0","0","0","전북","완주군","차대차","추돌","추돌","안전운전 의무 불이행","단일로","교량위","승용차","이륜차","957933","1758566","127.0342927","35.82267633","N"
"2019","2019-06-14 10","주","금","1","0","0","0","0","서울","성동구","차대사람","보도통행중","보도통행중","신호위반","교차로","교차로횡단보도내","이륜차","보행자","957942","1951153","127.0238053","37.55877005","N"
"2019","2019-06-14 11","주","금","1","0","0","0","0","충북","청주시","차대차","기타","기타","안전거리 미확보","교차로","교차로부근","화물차","건설기계","998224","1861634","127.4801038","36.75278731","N"
"2019","2019-06-14 11","주","금","1","1","0","1","0","전북","부안군","차대차","정면충돌","정면충돌","중앙선 침범","단일로","기타단일로","승용차","건설기계","916774","1745376","126.5800474","35.70113784","N"
"2019","2019-06-14 15","주","금","2","3","2","1","0","충북","음성군","차대차","추돌","추돌","안전운전 의무 불이행","단일로","기타단일로","승용차","특수차","997057","1885311","127.4669383","36.96622408","N"
"2019","2019-06-14 16","주","금","1","0","0","0","0","충북","단양군","차대차","정면충돌","정면충돌","중앙선 침범","단일로","기타단일로","화물차","승합차","1076790","1896394","128.3637451","37.06299059","N"
"2019","2019-06-14 17","주","금","1","1","1","0","0","인천","미추홀구","차대차","측면충돌","측면충돌","안전운전 의무 불이행","교차로","교차로내","승용차","승용차","926346.6","1939361.3","126.6672802","37.4505103","N"
"2019","2019-06-14 20","야","금","1","0","0","0","0","전북","임실군","차대차","추돌","추돌","안전운전 의무 불이행","단일로","기타단일로","화물차","농기계","975244.8","1732360","127.2267497","35.58698533","N"
"2019","2019-06-14 21","야","금","2","0","0","0","0","경북","김천시","차대차","추돌","추돌","안전운전 의무 불이행","단일로","기타단일로","화물차","화물차","1062500","1795662","128.1948271","36.15601864","N"
"2019","2019-06-14 22","야","금","1","0","0","0","0","서울","구로구","차대사람","횡단중","횡단중","신호위반","교차로","교차로내","승용차","보행자","943267","1945810","126.8580713","37.50982631","N"