"발생년","발생년월일시","주야","요일","사망자수","부상자수","중상자수","경상자수","부상신고자수","발생지시도","발생지시군구","사고유형_대분류","사고유형_중분류","사고유형","가해자법규위반","도로형태_대분류","도로형태","가해자_당사자종별","피해자_당사자종별","발생위치(X_UTMK)","발생위치(Y_UTMK)","경도","위도"," 어린이사고 여부"
"2019","2019-07-01 00","야","월","1","0","0","0","0","경북","구미시","차량단독","공작물충돌","공작물충돌","안전운전 의무 불이행","교차로","교차로내","승용차","없음","1078841","1787733","128.3756825","36.08334921","N"
"2019","2019-07-01 04","야","월","1","0","0","0","0","충북","음성군","차대차","추돌","추돌","안전운전 의무 불이행","단일로","기타단일로","승용차","농기계","995646","1887642","127.4510737","36.98723132","N"
"2019","2019-07-01 08","주","월","1","0","0","0","0","강원","강릉시","차대차","측면충돌","측면충돌","안전운전 의무 불이행","교차로","교차로내","이륜차","승용차","1122249","1972093","128.887487","37.74030458","N"
"2019","2019-07-01 08","주","월","1","0","0","0","0","경남","거제시","차대차","측면충돌","측면충돌","안전운전 의무 불이행","단일로","기타단일로","특수차","특수차","1108792","1653400","128.6903025","34.86947865","N"
"2019","2019-07-01 09","주","월","1","0","0","0","0","전남","장성군","차대차","기타","기타","안전운전 의무 불이행","교차로","교차로내","화물차","이륜차","933968.9","1700748.2","126.7737297","35.30007782","N"
"2019","2019-07-01 11","주","월","1","1","0","1","0","전남","보성군","차대차","정면충돌","정면충돌","신호위반","교차로","교차로내","이륜차","승용차","968550","1642437","127.1562837","34.77595887","N"
"2019","2019-07-01 12","주","월","1","0","0","0","0","세종","세종시","차대차","추돌","추돌","안전운전 의무 불이행","단일로","기타단일로","화물차","농기계","978506","1850784","127.2595126","36.65473476","N"
"2019","2019-07-01 16","주","월","1","2","0","2","0","경기","시흥시","차대차","추돌","추돌","과속","단일로","기타단일로","이륜차","승용차","925438","1925547","126.6584016","37.32593111","N"
"2019","2019-07-01 17","주","월","1","0","0","0","0","경북","영천시","차대사람","횡단중","횡단중","보행자 보호의무 위반","교차로","교차로내","승용차","보행자","1133563","1781325","128.9822476","36.0196139","N"
"2019","2019-07-01 20","야","월","1","0","0","0","0","충남","논산시","차대차","측면충돌","측면충돌","중앙선 침범","교차로","교차로부근","화물차","승용차","967281","1799825","127.136073","36.19501352","N"
"2019","2019-07-02 15","주","화","1","0","0","0","0","경기","평택시","차량단독","전복","전복","안전운전 의무 불이행","기타","기타","농기계","없음","954499","1890868","126.9885152","37.01521974","N"
"2019","2019-07-02 19","야","화","1","0","0","0","0","경기","안산시","차대사람","횡단중","횡단중","보행자 보호의무 위반","교차로","교차로횡단보도내","승합차","보행자","944375","1921430","126.8724426","37.29015011","N"
"2019","2019-07-02 20","야","화","1","0","0","0","0","전북","부안군","차대차","기타","기타","안전운전 의무 불이행","단일로","기타단일로","승용차","농기계","933267","1751333","126.761845","35.75609905","N"
"2019","2019-07-03 07","주","수","1","0","0","0","0","강원","춘천시","차량단독","공작물충돌","공작물충돌","안전운전 의무 불이행","단일로","기타단일로","화물차","없음","1025350","1972755","127.7877746","37.75408707","N"
"2019","2019-07-03 10","주","수","1","1","1","0","0","경기","안성시","차대차","추돌","추돌","안전운전 의무 불이행","기타","기타","화물차","화물차","974979","1900859","127.2183983","37.10604979","N"
"2019","2019-07-03 17","주","수","1","1","1","0","0","대전","대덕구","차대차","기타","기타","기타","교차로","교차로내","이륜차","승용차","992996.8","1827691","127.4218537","36.44676597","N"
"2019","2019-07-03 20","야","수","1","0","0","0","0","부산","해운대구","차대사람","횡단중","횡단중","안전운전 의무 불이행","단일로","기타단일로","승합차","보행자","1147561","1689332","129.1207295","35.18847129","N"
"2019","2019-07-03 21","야","수","1","0","0","0","0","경북","칠곡군","차대사람","횡단중","횡단중","안전운전 의무 불이행","단일로","기타단일로","화물차","보행자","1082229","1776733","128.4121645","35.98390615","N"
"2019","2019-07-03 22","야","수","1","0","0","0","0","대구","달서구","차대사람","기타","기타","안전운전 의무 불이행","단일로","기타단일로","승용차","보행자","1096016","1762198","128.5633261","35.85162013","N"
"2019","2019-07-04 07","주","목","1","13","2","10","1","경남","양산시","차대차","추돌","추돌","안전운전 의무 불이행","단일로","기타단일로","승용차","승용차","1140700","1709364","129.0488319","35.37001922","N"
"2019","2019-07-04 14","주","목","1","0","0","0","0","강원","정선군","차량단독","공작물충돌","공작물충돌","안전운전 의무 불이행","단일로","기타단일로","승용차","없음","1108243","1919275","128.7207831","37.266094","N"
"2019","2019-07-05 05","야","금","1","0","0","0","0","경남","김해시","차대차","측면충돌","측면충돌","안전운전 의무 불이행","교차로","교차로부근","이륜차","승용차","1126477","1694145","128.8899594","35.23473544","N"
"2019","2019-07-05 12","주","금","1","0","0","0","0","대구","수성구","차대사람","기타","기타","안전운전 의무 불이행","교차로","교차로내","화물차","보행자","1105569","1759838","128.6687894","35.82936367","N"
"2019","2019-07-05 13","주","금","1","0","0","0","0","강원","강릉시","차대차","측면충돌","측면충돌","기타","단일로","기타단일로","승용차","승용차","1124106.2","1975671.1","128.9091713","37.77229522","N"
"2019","2019-07-05 16","주","금","1","0","0","0","0","전남","나주시","차량단독","전도","전도","안전운전 의무 불이행","단일로","기타단일로","건설기계","없음","932673.7","1667278.4","126.762214","34.99821209","N"
"2019","2019-07-05 18","야","금","1","0","0","0","0","경기","양주시","차량단독","공작물충돌","공작물충돌","안전운전 의무 불이행","교차로","교차로부근","승용차","없음","955534","1988368","126.9942663","37.89407461","N"
"2019","2019-07-05 20","야","금","1","0","0","0","0","대전","중구","차대사람","횡단중","횡단중","안전운전 의무 불이행","교차로","교차로내","승용차","보행자","991952","1814079","127.4103362","36.3240408","N"
"2019","2019-07-05 21","야","금","1","0","0","0","0","서울","광진구","차대사람","기타","기타","안전운전 의무 불이행","단일로","기타단일로","승합차","보행자","963085","1950840","127.0820503","37.55616937","N"
"2019","2019-07-05 21","야","금","1","0","0","0","0","경북","구미시","차대사람","횡단중","횡단중","보행자 보호의무 위반","교차로","교차로내","승용차","보행자","1073142.4","1795035.6","128.3130729","36.14962686","N"
"2019","2019-07-05 22","야","금","1","0","0","0","0","경남","창원시(통합)","차대사람","횡단중","횡단중","안전운전 의무 불이행","교차로","교차로횡단보도내","승용차","보행자","1097231","1689103","128.5680128","35.19254319","N"
"2019","2019-07-06 03","야","토","1","0","0","0","0","충북","진천군","차량단독","전복","전복","안전운전 의무 불이행","단일로","교량위","승용차","없음","999086","1868192","127.4897528","36.81190733","N"
"2019","2019-07-06 03","야","토","1","0","0","0","0","충남","천안시","차대차","추돌","추돌","안전운전 의무 불이행","단일로","기타단일로","승용차","화물차","974027","1862966","127.2089857","36.76444078","N"
"2019","2019-07-06 08","주","토","1","0","0","0","0","경기","평택시","차량단독","도로이탈","도로이탈 추락","안전운전 의무 불이행","단일로","기타단일로","이륜차","없음","956806","1893338","127.014306","37.03759342","N"
"2019","2019-07-06 09","주","토","1","0","0","0","0","부산","해운대구","차대사람","횡단중","횡단중","안전운전 의무 불이행","교차로","교차로부근","승합차","보행자","1148150","1692829","129.1278254","35.21990473","N"
"2019","2019-07-06 09","주","토","1","0","0","0","0","충남","예산군","차대차","측면충돌","측면충돌","신호위반","교차로","교차로내","이륜차","화물차","938130.1","1854327.4","126.8074975","36.68490732","N"
"2019","2019-07-06 10","주","토","1","0","0","0","0","경북","포항시","차대차","정면충돌","정면충돌","중앙선 침범","단일로","기타단일로","화물차","건설기계","1166857","1802167","129.3559942","36.20228762","N"
"2019","2019-07-06 12","주","토","1","2","0","1","1","경기","의정부시","차대차","정면충돌","정면충돌","중앙선 침범","단일로","기타단일로","승용차","승용차","959034","1972377","127.0349774","37.75011401","N"
"2019","2019-07-06 13","주","토","1","0","0","0","0","대전","동구","차량단독","전도","전도","안전운전 의무 불이행","단일로","지하차도(도로)내","자전거","없음","993704","1816073","127.4298393","36.34203063","N"
"2019","2019-07-06 16","주","토","1","0","0","0","0","경기","김포시","차량단독","공작물충돌","공작물충돌","안전운전 의무 불이행","단일로","기타단일로","이륜차","없음","916443","1965065","126.5523938","37.68131873","N"
"2019","2019-07-07 00","야","일","1","0","0","0","0","경남","사천시","차대차","기타","기타","안전운전 의무 불이행","교차로","교차로부근","승용차","원동기장치자전거","1053444","1676313","128.0862483","35.08050548","N"
"2019","2019-07-07 03","야","일","1","0","0","0","0","부산","사상구","차량단독","기타","기타","안전운전 의무 불이행","단일로","기타단일로","이륜차","없음","1136515","1685258","128.9987705","35.15331061","N"
"2019","2019-07-07 04","야","일","1","0","0","0","0","경기","의왕시","차대차","추돌","추돌","안전운전 의무 불이행","단일로","기타단일로","승용차","화물차","952462","1924974","126.9634487","37.32254276","N"
"2019","2019-07-07 07","주","일","1","0","0","0","0","충남","천안시","차대차","기타","기타","안전운전 의무 불이행","단일로","기타단일로","승용차","승용차","982651","1858839","127.3057064","36.72743396","N"
"2019","2019-07-07 09","주","일","1","0","0","0","0","경기","남양주시","차대사람","횡단중","횡단중","신호위반","교차로","교차로횡단보도내","승용차","보행자","973442","1968211","127.1986784","37.71309688","N"
"2019","2019-07-07 11","주","일","1","0","0","0","0","전남","장성군","차량단독","기타","기타","안전운전 의무 불이행","단일로","기타단일로","이륜차","없음","937276","1718261","126.8087564","35.45819001","N"
"2019","2019-07-07 15","주","일","1","5","2","3","0","충북","청주시","차대차","추돌","추돌","안전운전 의무 불이행","단일로","기타단일로","화물차","화물차","992886","1847235.5","127.420437","36.62296131","N"
"2019","2019-07-07 17","주","일","1","1","1","0","0","경남","거창군","차대차","측면충돌","측면충돌","안전운전 의무 불이행","단일로","기타단일로","화물차","화물차","1038638","1728299","127.9262929","35.54992516","N"
"2019","2019-07-08 00","야","월","1","2","1","1","0","광주","북구","차대차","추돌","추돌","안전운전 의무 불이행","단일로","기타단일로","승용차","화물차","949028","1688014.2","126.9401451","35.18614104","N"
"2019","2019-07-08 11","주","월","2","1","1","0","0","충북","보은군","차량단독","기타","기타","안전운전 의무 불이행","단일로","지하차도(도로)내","승용차","없음","1027701","1826927","127.8090767","36.43950379","N"
"2019","2019-07-08 17","주","월","1","1","1","0","0","충남","당진시","차대차","정면충돌","정면충돌","중앙선 침범","단일로","기타단일로","화물차","승용차","920881","1875818","126.6122175","36.87733749","N"
"2019","2019-07-08 17","주","월","1","0","0","0","0","인천","서구","차대사람","기타","기타","안전운전 의무 불이행","기타","기타","화물차","보행자","926288","1945982","126.6659547","37.51017628","N"
"2019","2019-07-08 18","야","월","1","0","0","0","0","경기","고양시","차대차","측면충돌","측면충돌","안전운전 의무 불이행","교차로","교차로내","승용차","자전거","932245","1965399","126.7315541","37.68563267","N"
"2019","2019-07-09 02","야","화","1","0","0","0","0","서울","강동구","차대사람","횡단중","횡단중","과속","교차로","교차로내","승용차","보행자","967148","1947238","127.1282117","37.52385693","N"
"2019","2019-07-09 05","야","화","1","1","0","1","0","인천","동구","차대차","정면충돌","정면충돌","신호위반","교차로","교차로내","원동기장치자전거","승용차","924655.3","1944007.1","126.647685","37.49224528","N"
"2019","2019-07-09 06","주","화","3","1","1","0","0","전북","정읍시","차대차","측면충돌","측면충돌","신호위반","교차로","교차로내","특수차","화물차","954875","1733782","127.0018324","35.59908695","N"
"2019","2019-07-09 09","주","화","1","0","0","0","0","강원","춘천시","차량단독","전도","전도","안전운전 의무 불이행","교차로","교차로내","사륜오토바이(ATV)","없음","1020922","1991427","127.7380483","37.92249114","N"
"2019","2019-07-09 09","주","화","1","0","0","0","0","전남","나주시","차대차","측면충돌","측면충돌","안전운전 의무 불이행","교차로","교차로부근","화물차","자전거","938173","1672069","126.822117","35.04175915","N"
"2019","2019-07-09 10","주","화","1","0","0","0","0","충북","음성군","차대사람","횡단중","횡단중","안전운전 의무 불이행","교차로","교차로부근","승합차","보행자","1008535","1888781","127.5959215","36.9974701","N"
"2019","2019-07-09 12","주","화","1","0","0","0","0","부산","부산진구","차대차","측면충돌","측면충돌","안전운전 의무 불이행","교차로","교차로내","이륜차","승용차","1141232","1685796","129.0506329","35.15750849","N"
"2019","2019-07-09 18","야","화","1","0","0","0","0","전북","익산시","차대차","기타","기타","안전운전 의무 불이행","교차로","교차로부근","승용차","이륜차","956441","1774736","127.0168909","35.96839637","N"
"2019","2019-07-10 07","주","수","1","0","0","0","0","경기","양평군","차대차","기타","기타","안전운전 의무 불이행","단일로","기타단일로","화물차","승합차","1005587","1942714","127.5631947","37.48364741","N"
"2019","2019-07-10 08","주","수","1","0","0","0","0","전북","정읍시","차량단독","전도","전도","안전운전 의무 불이행","단일로","기타단일로","자전거","없음","953513.6","1734444.5","126.9867653","35.60499711","N"
"2019","2019-07-10 09","주","수","1","0","0","0","0","경기","성남시","차대사람","기타","기타","안전운전 의무 불이행","교차로","교차로내","승용차","보행자","968405","1938294","127.1428209","37.44328396","N"
"2019","2019-07-10 10","주","수","1","0","0","0","0","경남","창원시(통합)","차대사람","차도통행중","차도통행중","안전운전 의무 불이행","교차로","교차로내","건설기계","보행자","1096963","1692353","128.5654522","35.22186971","N"
"2019","2019-07-10 13","주","수","1","0","0","0","0","충북","음성군","차량단독","공작물충돌","공작물충돌","안전운전 의무 불이행","단일로","기타단일로","화물차","없음","998428","1892169","127.4823258","37.02804836","N"
"2019","2019-07-10 18","야","수","1","0","0","0","0","인천","부평구","차대사람","차도통행중","차도통행중","안전운전 의무 불이행","단일로","기타단일로","승용차","보행자","928534","1947202","126.691247","37.52134853","N"
"2019","2019-07-10 21","야","수","1","0","0","0","0","경남","통영시","차량단독","공작물충돌","공작물충돌","안전운전 의무 불이행","단일로","기타단일로","승용차","없음","1081594","1652155","128.3926429","34.86080191","N"
"2019","2019-07-10 21","야","수","1","0","0","0","0","대전","대덕구","차대차","정면충돌","정면충돌","신호위반","교차로","교차로내","승용차","원동기장치자전거","992849","1817940","127.4202943","36.35885642","N"
"2019","2019-07-10 23","야","수","1","0","0","0","0","강원","강릉시","차량단독","공작물충돌","공작물충돌","안전운전 의무 불이행","단일로","기타단일로","승용차","없음","1121155","1972791","128.8751901","37.74673953","N"
"2019","2019-07-11 02","야","목","1","0","0","0","0","전북","익산시","차대사람","횡단중","횡단중","안전운전 의무 불이행","단일로","기타단일로","승용차","보행자","952429","1772744","126.9725152","35.95024987","N"
"2019","2019-07-11 04","야","목","1","0","0","0","0","대구","동구","차대사람","횡단중","횡단중","안전운전 의무 불이행","기타","기타","승용차","보행자","1103702.2","1766428.7","128.6489824","35.88897368","N"
"2019","2019-07-11 08","주","목","1","1","0","1","0","전북","무주군","차대차","측면충돌","측면충돌","과속","단일로","기타단일로","승용차","승용차","1015294","1779263","127.6697142","36.01006403","N"
"2019","2019-07-11 10","주","목","1","0","0","0","0","경북","안동시","차대차","측면충돌","측면충돌","안전운전 의무 불이행","단일로","기타단일로","자전거","승합차","1115901","1837907","128.7946824","36.53186291","N"
"2019","2019-07-12 06","주","금","1","0","0","0","0","울산","울주군","차대차","측면충돌","측면충돌","신호위반","교차로","교차로내","이륜차","화물차","1147002","1730947","129.1220828","35.56364066","N"
"2019","2019-07-12 07","주","금","1","0","0","0","0","충북","충주시","차대차","측면충돌","측면충돌","안전운전 의무 불이행","단일로","기타단일로","개인형이동수단(PM)","화물차","1022169","1888024","127.7491254","36.99042351","N"
"2019","2019-07-12 08","주","금","1","0","0","0","0","강원","인제군","차대사람","보도통행중","보도통행중","중앙선 침범","교차로","교차로부근","승용차","보행자","1059612","2008371","128.1796477","38.07348138","Y"
"2019","2019-07-12 12","주","금","1","1","0","0","1","경기","평택시","차대차","추돌","추돌","안전운전 의무 불이행","단일로","기타단일로","화물차","화물차","952756","1892945","126.9687923","37.03385577","N"
"2019","2019-07-12 20","야","금","1","0","0","0","0","경남","창원시(통합)","차대차","측면충돌","측면충돌","안전운전 의무 불이행","교차로","교차로내","승용차","이륜차","1106534","1684729","128.6696165","35.15216604","N"
"2019","2019-07-12 22","야","금","1","0","0","0","0","경기","김포시","차대사람","기타","기타","안전운전 의무 불이행","단일로","기타단일로","승용차","보행자","925883","1962778","126.6596725","37.66151888","N"
"2019","2019-07-13 00","야","토","1","0","0","0","0","대구","달성군","차량단독","공작물충돌","공작물충돌","안전운전 의무 불이행","단일로","기타단일로","승용차","없음","1085566","1738240","128.4450565","35.63660484","N"
"2019","2019-07-13 07","주","토","1","0","0","0","0","서울","중랑구","차량단독","공작물충돌","공작물충돌","안전운전 의무 불이행","교차로","교차로부근","이륜차","없음","964097","1953602","127.0933725","37.58110421","N"
"2019","2019-07-13 15","주","토","1","1","1","0","0","인천","계양구","차대차","측면충돌","측면충돌","신호위반","교차로","교차로내","승용차","건설기계","933082","1952165","126.7422581","37.56642031","N"
"2019","2019-07-13 16","주","토","1","0","0","0","0","전남","함평군","차대차","측면충돌","측면충돌","중앙선 침범","단일로","기타단일로","화물차","이륜차","910511","1674410","126.5186065","35.06079231","N"
"2019","2019-07-13 19","야","토","1","0","0","0","0","강원","양양군","차대차","추돌","추돌","안전운전 의무 불이행","기타","기타","화물차","특수차","1106343","2003702","128.7116572","38.02712199","N"
"2019","2019-07-14 01","야","일","1","0","0","0","0","전남","무안군","차량단독","공작물충돌","공작물충돌","안전운전 의무 불이행","단일로","기타단일로","화물차","없음","898329","1666540","126.385995","34.98868446","N"
"2019","2019-07-14 01","야","일","1","3","0","3","0","대구","달성군","차대차","기타","기타","중앙선 침범","단일로","기타단일로","승용차","승합차","1089745","1757932","128.4934083","35.81375731","N"
"2019","2019-07-14 05","야","일","1","2","2","0","0","경남","거제시","차대차","기타","기타","신호위반","교차로","교차로내","이륜차","승용차","1102879","1654833","128.6257954","34.88301446","N"
"2019","2019-07-14 05","야","일","1","0","0","0","0","인천","부평구","차대차","기타","기타","안전운전 의무 불이행","교차로","교차로부근","자전거","승용차","933076.3","1946660.9","126.7426955","37.51681247","N"
"2019","2019-07-14 21","야","일","1","0","0","0","0","충북","증평군","차대차","정면충돌","정면충돌","신호위반","교차로","교차로내","승용차","이륜차","1007252","1865384","127.5812784","36.78656663","N"
"2019","2019-07-15 04","야","월","1","0","0","0","0","경기","화성시","차량단독","공작물충돌","공작물충돌","안전운전 의무 불이행","단일로","기타단일로","승용차","없음","946011","1905929","126.8920214","37.15052697","N"
"2019","2019-07-15 09","주","월","1","0","0","0","0","충남","보령시","차대차","측면충돌","측면충돌","기타","단일로","기타단일로","자전거","승용차","918602","1827791","126.5917485","36.4442378","N"
"2019","2019-07-15 09","주","월","1","0","0","0","0","경남","창원시(통합)","차대사람","차도통행중","차도통행중","안전운전 의무 불이행","단일로","기타단일로","화물차","보행자","1109296","1691896","128.7008844","35.21648137","N"
"2019","2019-07-15 13","주","월","1","0","0","0","0","부산","부산진구","차대차","기타","기타","신호위반","교차로","교차로내","자전거","승합차","1141435","1686651","129.0530075","35.16518681","N"
"2019","2019-07-15 21","야","월","2","1","1","0","0","강원","삼척시","차대사람","차도통행중","차도통행중","안전운전 의무 불이행","단일로","기타단일로","화물차","보행자","1151035","1906127.8","129.2005712","37.1416771","N"
"2019","2019-07-15 21","야","월","1","0","0","0","0","충남","서산시","차대차","추돌","추돌","과속","단일로","기타단일로","승용차","이륜차","911908","1865718","126.5127163","36.78550799","N"
"2019","2019-07-15 21","야","월","1","0","0","0","0","전북","순창군","차대차","추돌","추돌","안전운전 의무 불이행","교차로","교차로부근","이륜차","승합차","967523.4","1707713.3","127.1425066","35.36453365","N"
"2019","2019-07-16 02","야","화","1","0","0","0","0","부산","사하구","차대사람","기타","기타","신호위반","교차로","교차로부근","승합차","보행자","1133575.7","1679842.7","128.965635","35.10489038","N"
"2019","2019-07-16 02","야","화","1","1","1","0","0","대전","중구","차대차","기타","기타","신호위반","교차로","교차로부근","화물차","승용차","991320","1814711","127.4032879","36.32973307","N"
"2019","2019-07-16 04","야","화","1","2","0","2","0","인천","계양구","차대차","추돌","추돌","안전거리 미확보","단일로","기타단일로","승용차","승용차","936253","1953761","126.7780232","37.58102979","N"
"2019","2019-07-16 05","야","화","1","0","0","0","0","경북","울진군","차대사람","횡단중","횡단중","안전운전 의무 불이행","교차로","교차로내","건설기계","보행자","1170694","1877847","129.415407","36.88350395","N"
"2019","2019-07-16 11","주","화","1","0","0","0","0","경북","경산시","차대차","정면충돌","정면충돌","안전운전 의무 불이행","단일로","지하차도(도로)내","자전거","이륜차","1117829","1767986","128.8056984","35.90141168","N"
"2019","2019-07-16 12","주","화","1","2","2","0","0","경북","군위군","차대차","추돌","추돌","안전운전 의무 불이행","단일로","기타단일로","승용차","승용차","1096334","1808246","128.5724656","36.26667845","N"
"2019","2019-07-17 00","야","수","1","0","0","0","0","경기","광주시","차대차","추돌","추돌","과속","단일로","기타단일로","화물차","개인형이동수단(PM)","981525","1941362","127.2910634","37.47129306","N"
"2019","2019-07-17 00","야","수","2","2","1","1","0","충남","공주시","차대차","추돌","추돌","안전운전 의무 불이행","기타","기타","화물차","화물차","965548","1844726","127.1148052","36.59974221","N"
"2019","2019-07-17 06","주","수","1","0","0","0","0","경남","창녕군","차대차","측면충돌","측면충돌","안전운전 의무 불이행","단일로","기타단일로","자전거","화물차","1088440","1711403","128.4738684","35.39440637","N"
"2019","2019-07-17 07","주","수","1","1","0","1","0","전북","임실군","차대차","추돌","추돌","안전운전 의무 불이행","단일로","기타단일로","화물차","건설기계","982572.6","1736679","127.307541","35.62608376","N"
"2019","2019-07-17 08","주","수","1","0","0","0","0","대전","유성구","차대사람","기타","기타","안전운전 의무 불이행","단일로","기타단일로","승용차","보행자","986352","1816611","127.3479016","36.34680473","N"
"2019","2019-07-17 12","주","수","1","4","1","3","0","경기","평택시","차대차","추돌","추돌","안전운전 의무 불이행","교차로","교차로부근","승용차","화물차","952476","1889863","126.9658386","37.00606047","N"
"2019","2019-07-17 14","주","수","1","0","0","0","0","전남","해남군","차대차","측면충돌","측면충돌","중앙선 침범","단일로","기타단일로","화물차","이륜차","918412","1616966","126.6108239","34.54351055","N"
"2019","2019-07-17 14","주","수","1","0","0","0","0","인천","강화군","차량단독","공작물충돌","공작물충돌","안전운전 의무 불이행","기타","기타","승용차","없음","911924","1973632","126.5001143","37.75810126","N"
"2019","2019-07-17 17","주","수","1","0","0","0","0","충북","청주시","차대사람","횡단중","횡단중","안전운전 의무 불이행","단일로","지하차도(도로)내","승용차","보행자","995189","1848555","127.4461855","36.63487101","N"
"2019","2019-07-17 18","야","수","1","1","0","1","0","충남","당진시","차량단독","전복","전복","안전운전 의무 불이행","단일로","기타단일로","승용차","없음","926955","1865962","126.6813136","36.78898746","N"
"2019","2019-07-17 21","야","수","1","0","0","0","0","경기","김포시","차대사람","횡단중","횡단중","안전운전 의무 불이행","교차로","교차로부근","승용차","보행자","915132","1969875","126.5369672","37.72454644","N"
"2019","2019-07-17 22","야","수","1","3","2","1","0","충남","태안군","차대차","정면충돌","정면충돌","안전운전 의무 불이행","교차로","교차로내","승용차","승용차","894864","1845044","126.3245706","36.59743475","N"
"2019","2019-07-18 11","주","목","1","2","0","0","2","경기","김포시","차대차","추돌","추돌","중앙선 침범","단일로","기타단일로","승용차","승용차","926245","1966522","126.6633976","37.69529059","N"
"2019","2019-07-18 16","주","목","1","0","0","0","0","경북","의성군","차대차","기타","기타","신호위반","교차로","교차로내","이륜차","화물차","1076915","1828833","128.3583382","36.45400074","N"
"2019","2019-07-18 19","야","목","1","0","0","0","0","전남","구례군","차량단독","공작물충돌","공작물충돌","안전운전 의무 불이행","단일로","기타단일로","화물차","없음","996773","1685869","127.4645636","35.16808621","N"
"2019","2019-07-19 02","야","금","1","0","0","0","0","충북","충주시","차대차","추돌","추돌","안전운전 의무 불이행","단일로","기타단일로","승용차","개인형이동수단(PM)","1033695","1888423","127.8786652","36.99367772","N"
"2019","2019-07-19 05","야","금","1","0","0","0","0","부산","해운대구","차대사람","기타","기타","안전운전 의무 불이행","교차로","교차로횡단보도내","승용차","보행자","1151187","1686707","129.1600596","35.16427172","N"
"2019","2019-07-19 05","야","금","1","0","0","0","0","대전","서구","차량단독","공작물충돌","공작물충돌","안전운전 의무 불이행","교차로","교차로내","이륜차","없음","990829","1816045","127.3978015","36.3417551","N"
"2019","2019-07-19 09","주","금","1","0","0","0","0","경북","청송군","차량단독","공작물충돌","공작물충돌","안전운전 의무 불이행","단일로","지하차도(도로)내","화물차","없음","1128319","1811825","128.9290483","36.29521256","N"
"2019","2019-07-19 15","주","금","1","0","0","0","0","경북","영천시","차대사람","보도통행중","보도통행중","기타","단일로","기타단일로","승합차","보행자","1129565","1776009","128.937022","35.97224035","N"
"2019","2019-07-19 16","주","금","1","0","0","0","0","서울","송파구","차대사람","차도통행중","차도통행중","안전운전 의무 불이행","단일로","기타단일로","승용차","보행자","965129","1945375","127.1054514","37.50699077","N"
"2019","2019-07-19 20","야","금","1","0","0","0","0","충남","공주시","차대사람","횡단중","횡단중","안전운전 의무 불이행","단일로","기타단일로","승합차","보행자","962639","1847815","127.0821313","36.6274793","N"
"2019","2019-07-19 21","야","금","1","0","0","0","0","경북","경주시","차대차","추돌","추돌","안전운전 의무 불이행","교차로","교차로부근","원동기장치자전거","승용차","1165086","1747367","129.3249058","35.70876692","N"
"2019","2019-07-20 05","야","토","1","7","5","2","0","서울","영등포구","차량단독","기타","기타","안전운전 의무 불이행","단일로","기타단일로","승합차","없음","947270","1948632","126.9031599","37.53549886","N"
"2019","2019-07-20 11","주","토","1","0","0","0","0","전남","광양시","차대차","추돌","추돌","안전운전 의무 불이행","단일로","기타단일로","승용차","특수차","1007493","1661969","127.5820662","34.95254896","N"
"2019","2019-07-20 21","야","토","1","0","0","0","0","대전","중구","차대사람","기타","기타","보행자 보호의무 위반","단일로","기타단일로","승용차","보행자","994399","1812979","127.4376064","36.31414114","N"
"2019","2019-07-20 23","야","토","1","0","0","0","0","광주","서구","차대사람","기타","기타","안전운전 의무 불이행","단일로","기타단일로","승용차","보행자","943907","1685939","126.8840421","35.16715662","N"
"2019","2019-07-21 02","야","일","1","0","0","0","0","경기","구리시","차대사람","기타","기타","과속","단일로","기타단일로","승용차","보행자","968912","1956104","127.1477986","37.60383087","N"
"2019","2019-07-21 05","야","일","1","1","0","1","0","인천","부평구","차대차","기타","기타","안전운전 의무 불이행","단일로","교량위","화물차","승용차","934049.2","1941998.8","126.7541219","37.47486347","N"
"2019","2019-07-21 09","주","일","1","2","2","0","0","광주","북구","차대사람","보도통행중","보도통행중","안전운전 의무 불이행","교차로","교차로부근","승합차","보행자","946597","1685805","126.9135883","35.16609497","N"
"2019","2019-07-22 04","야","월","1","0","0","0","0","서울","노원구","차대사람","차도통행중","차도통행중","과속","단일로","기타단일로","승용차","보행자","962829.4","1957778","127.0788043","37.61869329","N"
"2019","2019-07-22 04","야","월","1","0","0","0","0","충남","홍성군","차대사람","기타","기타","안전운전 의무 불이행","교차로","교차로내","화물차","보행자","924179.9","1841937.9","126.6525922","36.57221792","N"
"2019","2019-07-22 07","주","월","1","0","0","0","0","경기","용인시","차량단독","공작물충돌","공작물충돌","안전운전 의무 불이행","단일로","기타단일로","이륜차","없음","974151","1917468","127.2085049","37.25574144","N"
"2019","2019-07-22 07","주","월","4","9","8","1","0","강원","삼척시","차량단독","전복","전복","안전운전 의무 불이행","단일로","기타단일로","승합차","없음","1146721.3","1902021.9","129.1512159","37.10536775","N"
"2019","2019-07-22 09","주","월","1","0","0","0","0","충남","서천군","차대사람","횡단중","횡단중","안전운전 의무 불이행","교차로","교차로횡단보도내","승용차","보행자","927165","1787719","126.6910208","36.08369184","N"
"2019","2019-07-22 10","주","월","1","0","0","0","0","충북","보은군","차대차","측면충돌","측면충돌","교차로 통행방법 위반","교차로","교차로내","이륜차","화물차","1026868","1835319","127.8000741","36.5151822","N"