"발생년","발생년월일시","주야","요일","사망자수","부상자수","중상자수","경상자수","부상신고자수","발생지시도","발생지시군구","사고유형_대분류","사고유형_중분류","사고유형","가해자법규위반","도로형태_대분류","도로형태","가해자_당사자종별","피해자_당사자종별","발생위치(X_UTMK)","발생위치(Y_UTMK)","경도","위도"," 어린이사고 여부"
"2019","2019-08-24 11","주","토","1","0","0","0","0","전북","김제시","차량단독","도로이탈","도로이탈 추락","안전운전 의무 불이행","교차로","교차로내","화물차","없음","954348","1752849","126.9949322","35.77097212","N"
"2019","2019-08-24 11","주","토","1","0","0","0","0","대전","대덕구","차대차","기타","기타","안전운전 의무 불이행","교차로","교차로부근","승용차","자전거","994436","1828515","127.4379073","36.45420397","N"
"2019","2019-08-24 15","주","토","1","3","3","0","0","경남","산청군","차대차","정면충돌","정면충돌","중앙선 침범","단일로","기타단일로","화물차","승용차","1028620","1694195","127.8145695","35.24275926","N"
"2019","2019-08-24 19","야","토","1","0","0","0","0","충북","옥천군","차대사람","길가장자리구역통행중","길가장자리구역통행중","안전운전 의무 불이행","단일로","기타단일로","승용차","보행자","1011401","1803842","127.6268706","36.23171524","N"
"2019","2019-08-24 22","야","토","1","0","0","0","0","경기","수원시","차대사람","횡단중","횡단중","안전운전 의무 불이행","단일로","기타단일로","화물차","보행자","955724","1918788","127.0006336","37.26694561","N"
"2019","2019-08-25 05","야","일","1","0","0","0","0","충북","청주시","차대사람","횡단중","횡단중","안전운전 의무 불이행","교차로","교차로부근","승용차","보행자","998761.6","1846493.1","127.4861509","36.61629433","N"
"2019","2019-08-25 08","주","일","1","0","0","0","0","서울","중랑구","차대차","정면충돌","정면충돌","중앙선 침범","단일로","기타단일로","건설기계","이륜차","962904","1954025","127.0798398","37.58486951","N"
"2019","2019-08-25 08","주","일","1","0","0","0","0","경남","산청군","차대사람","기타","기타","안전운전 의무 불이행","단일로","기타단일로","화물차","보행자","1030097","1725117","127.8319435","35.521531","N"
"2019","2019-08-25 10","주","일","1","0","0","0","0","충남","부여군","차량단독","기타","기타","안전운전 의무 불이행","기타","기타","이륜차","없음","954325","1807045","126.9915492","36.25957873","N"
"2019","2019-08-25 18","야","일","1","0","0","0","0","충남","아산시","차량단독","전도","전도","안전운전 의무 불이행","기타","기타","자전거","없음","964226","1864813","127.0990858","36.78077139","N"
"2019","2019-08-25 20","야","일","1","1","0","1","0","충남","천안시","차대사람","횡단중","횡단중","보행자 보호의무 위반","단일로","기타단일로","승용차","보행자","968414","1868323","127.1458737","36.81256144","N"
"2019","2019-08-25 21","야","일","1","0","0","0","0","부산","강서구","차대차","측면충돌","측면충돌","안전운전 의무 불이행","단일로","기타단일로","승용차","이륜차","1127273","1677101","128.8960771","35.08099126","N"
"2019","2019-08-25 21","야","일","1","0","0","0","0","대전","유성구","차대사람","횡단중","횡단중","안전운전 의무 불이행","단일로","기타단일로","승용차","보행자","984005","1811407","127.3218527","36.29985237","N"
"2019","2019-08-25 23","야","일","1","0","0","0","0","대전","유성구","차대차","측면충돌","측면충돌","신호위반","교차로","교차로부근","승용차","이륜차","985830","1817455","127.3420689","36.35440617","N"
"2019","2019-08-26 06","주","월","1","0","0","0","0","울산","남구","차량단독","기타","기타","안전운전 의무 불이행","단일로","기타단일로","이륜차","없음","1167891","1728355","129.3519426","35.53696093","N"
"2019","2019-08-26 07","주","월","1","0","0","0","0","경기","화성시","차량단독","공작물충돌","공작물충돌","안전운전 의무 불이행","단일로","기타단일로","이륜차","없음","942747","1912102","126.854794","37.20597359","N"
"2019","2019-08-26 15","주","월","1","0","0","0","0","서울","은평구","차대차","기타","기타","기타","교차로","교차로부근","자전거","화물차","948424","1955714","126.9157228","37.59939488","N"
"2019","2019-08-26 16","주","월","1","5","5","0","0","충남","태안군","차대차","정면충돌","정면충돌","중앙선 침범","기타","기타","승용차","승용차","897990","1830255","126.3614689","36.46447579","N"
"2019","2019-08-26 19","야","월","1","0","0","0","0","경기","성남시","차대사람","횡단중","횡단중","안전운전 의무 불이행","단일로","기타단일로","승용차","보행자","966781","1936524","127.1245418","37.42727303","N"
"2019","2019-08-27 01","야","화","1","0","0","0","0","서울","동대문구","차대차","정면충돌","정면충돌","신호위반","교차로","교차로내","승용차","이륜차","962184","1952636","127.0717568","37.57232074","N"
"2019","2019-08-27 02","야","화","1","0","0","0","0","광주","서구","차대사람","횡단중","횡단중","안전운전 의무 불이행","단일로","기타단일로","승용차","보행자","940652.1","1684868.7","126.848379","35.15731914","N"
"2019","2019-08-27 13","주","화","1","1","1","0","0","경북","군위군","차대차","측면충돌","측면충돌","안전운전 의무 불이행","교차로","교차로내","승용차","승용차","1107689","1798013","128.697448","36.1732417","N"
"2019","2019-08-27 14","주","화","1","0","0","0","0","경기","광주시","차량단독","기타","기타","안전운전 의무 불이행","단일로","기타단일로","이륜차","없음","984997","1928774","127.3305844","37.35789079","N"
"2019","2019-08-28 00","야","수","1","0","0","0","0","충남","천안시","차대사람","기타","기타","안전운전 의무 불이행","단일로","기타단일로","승용차","보행자","966635","1860900","127.1262538","36.7455852","N"
"2019","2019-08-28 04","야","수","1","0","0","0","0","제주","제주시","차대사람","기타","기타","안전운전 의무 불이행","단일로","기타단일로","승용차","보행자","905606.5","1499377.2","126.4839941","33.48206222","N"
"2019","2019-08-28 06","주","수","1","0","0","0","0","광주","북구","차대사람","횡단중","횡단중","안전운전 의무 불이행","교차로","교차로횡단보도내","승합차","보행자","948737","1687353","126.9369901","35.18016436","N"
"2019","2019-08-28 08","주","수","1","1","0","0","1","인천","부평구","차대사람","기타","기타","안전운전 의무 불이행","기타","기타","자전거","보행자","929163","1945159.2","126.6985614","37.50298578","Y"
"2019","2019-08-28 11","주","수","1","0","0","0","0","전남","무안군","차량단독","도로이탈","도로이탈 추락","안전운전 의무 불이행","단일로","기타단일로","화물차","없음","886960","1677524","126.2599546","35.08650142","N"
"2019","2019-08-28 14","주","수","1","1","1","0","0","경북","문경시","차대차","측면충돌","측면충돌","과속","교차로","교차로내","승용차","승용차","1055859","1853156","128.1251416","36.67472013","N"
"2019","2019-08-28 18","야","수","1","0","0","0","0","전남","무안군","차대차","정면충돌","정면충돌","안전운전 의무 불이행","교차로","교차로부근","화물차","이륜차","893440.1","1660330.3","126.3332311","34.93219686","N"
"2019","2019-08-28 23","야","수","1","0","0","0","0","경북","칠곡군","차대사람","횡단중","횡단중","안전운전 의무 불이행","교차로","교차로부근","승용차","보행자","1080677","1777228","128.3950005","35.98849815","N"
"2019","2019-08-29 05","야","목","1","0","0","0","0","경기","안성시","차대사람","횡단중","횡단중","안전운전 의무 불이행","단일로","기타단일로","승용차","보행자","967791.8","1888456.1","127.1380417","36.99402822","N"
"2019","2019-08-29 07","주","목","1","0","0","0","0","서울","강서구","차대사람","차도통행중","차도통행중","안전운전 의무 불이행","단일로","기타단일로","승용차","보행자","943629","1950393","126.8618152","37.55115536","N"
"2019","2019-08-29 08","주","목","1","0","0","0","0","충남","태안군","차대사람","차도통행중","차도통행중","안전운전 의무 불이행","단일로","기타단일로","승용차","보행자","892844","1878232","126.2973319","36.89632773","N"
"2019","2019-08-29 09","주","목","1","0","0","0","0","대전","유성구","차대차","측면충돌","측면충돌","신호위반","교차로","교차로내","화물차","자전거","984475","1818551","127.326945","36.36426609","N"
"2019","2019-08-29 11","주","목","1","0","0","0","0","경남","거제시","차량단독","공작물충돌","공작물충돌","안전운전 의무 불이행","단일로","기타단일로","승용차","없음","1094182","1658451","128.5310469","34.91647881","N"
"2019","2019-08-29 13","주","목","2","2","2","0","0","전남","순천시","차량단독","도로이탈","도로이탈 추락","안전운전 의무 불이행","단일로","기타단일로","승용차","없음","998492.6","1649761.6","127.4835124","34.84249419","N"
"2019","2019-08-29 14","주","목","1","1","0","1","0","서울","서대문구","차대사람","기타","기타","안전운전 의무 불이행","단일로","기타단일로","승용차","보행자","950966","1954836","126.9445774","37.59162043","N"
"2019","2019-08-29 15","주","목","1","0","0","0","0","전북","익산시","차대사람","횡단중","횡단중","보행자 보호의무 위반","교차로","교차로횡단보도내","화물차","보행자","950196","1773362","126.9477171","35.95571014","N"
"2019","2019-08-29 17","주","목","1","0","0","0","0","서울","강동구","차대차","기타","기타","신호위반","교차로","교차로내","원동기장치자전거","승용차","971530","1951894","127.1776216","37.56596927","N"
"2019","2019-08-29 19","야","목","1","4","0","4","0","경남","거제시","차대차","정면충돌","정면충돌","중앙선 침범","단일로","기타단일로","화물차","승용차","1090915","1655361","128.4949505","34.88891686","N"
"2019","2019-08-29 20","야","목","1","0","0","0","0","경기","성남시","차대사람","차도통행중","차도통행중","안전운전 의무 불이행","단일로","기타단일로","승용차","보행자","966845","1937163","127.1252364","37.43303501","N"
"2019","2019-08-29 23","야","목","1","0","0","0","0","충남","서천군","차대사람","차도통행중","차도통행중","안전운전 의무 불이행","단일로","기타단일로","승용차","보행자","926311.6","1788429.4","126.6814766","36.09003166","N"
"2019","2019-08-30 03","야","금","1","0","0","0","0","경기","용인시","차대사람","기타","기타","안전운전 의무 불이행","단일로","기타단일로","승용차","보행자","969004","1921804","127.1502831","37.29466835","N"
"2019","2019-08-30 10","주","금","1","0","0","0","0","경기","부천시","차대사람","횡단중","횡단중","안전운전 의무 불이행","교차로","교차로부근","화물차","보행자","938564","1947289.7","126.804737","37.52286165","N"
"2019","2019-08-30 12","주","금","1","0","0","0","0","경북","상주시","차량단독","공작물충돌","공작물충돌","안전운전 의무 불이행","단일로","기타단일로","이륜차","없음","1068377","1825513","128.2627729","36.42471978","N"
"2019","2019-08-30 14","주","금","1","0","0","0","0","경북","문경시","차대사람","횡단중","횡단중","안전운전 의무 불이행","단일로","기타단일로","승용차","보행자","1052116","1860458","128.0837518","36.74075584","N"
"2019","2019-08-30 16","주","금","1","0","0","0","0","충남","서천군","차대사람","보도통행중","보도통행중","보행자 보호의무 위반","교차로","교차로내","화물차","보행자","928819","1786824","126.709471","36.07574604","N"
"2019","2019-08-30 19","야","금","1","0","0","0","0","전남","여수시","차대사람","횡단중","횡단중","안전운전 의무 불이행","단일로","기타단일로","승용차","보행자","1020112.4","1638881.4","127.719724","34.7441822","N"
"2019","2019-08-30 23","야","금","1","0","0","0","0","서울","은평구","차대사람","횡단중","횡단중","안전운전 의무 불이행","단일로","기타단일로","화물차","보행자","947101","1953438","126.9009005","37.57880607","N"
"2019","2019-08-31 00","야","토","1","0","0","0","0","광주","광산구","차대사람","기타","기타","안전운전 의무 불이행","단일로","기타단일로","승용차","보행자","935512","1682833","126.792105","35.13864752","N"
"2019","2019-08-31 04","야","토","1","0","0","0","0","충북","청주시","차대사람","기타","기타","안전운전 의무 불이행","교차로","교차로내","승용차","보행자","998775","1852271","127.4862916","36.66838196","N"
"2019","2019-08-31 05","야","토","1","0","0","0","0","광주","광산구","차대사람","기타","기타","안전운전 의무 불이행","교차로","교차로부근","승용차","보행자","938501","1687298","126.8245809","35.17909375","N"
"2019","2019-08-31 06","주","토","1","0","0","0","0","부산","해운대구","차대사람","기타","기타","안전운전 의무 불이행","단일로","기타단일로","승합차","보행자","1147546.8","1689451.9","129.120595","35.1895541","N"
"2019","2019-08-31 08","주","토","1","0","0","0","0","전남","보성군","차대차","정면충돌","정면충돌","중앙선 침범","단일로","기타단일로","승용차","이륜차","975963","1654094","127.2369653","34.88127882","N"
"2019","2019-08-31 17","주","토","1","0","0","0","0","강원","홍천군","차대사람","기타","기타","안전운전 의무 불이행","단일로","기타단일로","승용차","보행자","1023343","1957208","127.7644932","37.6140109","N"
"2019","2019-08-31 19","야","토","1","0","0","0","0","충북","옥천군","차량단독","도로이탈","도로이탈 추락","안전운전 의무 불이행","단일로","기타단일로","화물차","없음","1029374","1817981","127.8274046","36.35880408","N"
"2019","2019-08-31 20","야","토","1","0","0","0","0","경기","고양시","차대사람","기타","기타","안전운전 의무 불이행","단일로","기타단일로","승합차","보행자","946318","1964688","126.8912066","37.68015652","N"
"2019","2019-09-01 02","야","일","1","1","1","0","0","경남","창원시(통합)","차량단독","공작물충돌","공작물충돌","과속","단일로","기타단일로","승용차","없음","1110891","1679256","128.7167076","35.10235463","N"
"2019","2019-09-01 16","주","일","1","3","1","2","0","충북","청주시","차대차","정면충돌","정면충돌","중앙선 침범","단일로","기타단일로","이륜차","승용차","1008831","1854429","127.5988487","36.68779591","N"
"2019","2019-09-01 19","야","일","1","0","0","0","0","충북","제천시","차대사람","횡단중","횡단중","과속","단일로","지하차도(도로)내","승용차","보행자","1059192","1906450.7","128.1666082","37.15491433","N"
"2019","2019-09-01 19","야","일","1","0","0","0","0","전북","군산시","차량단독","공작물충돌","공작물충돌","안전운전 의무 불이행","교차로","교차로부근","화물차","없음","925595","1774268","126.6748498","35.96231249","N"
"2019","2019-09-01 19","야","일","1","0","0","0","0","울산","동구","차대사람","횡단중","횡단중","안전운전 의무 불이행","교차로","교차로횡단보도내","승용차","보행자","1174841","1724024","129.4276338","35.4967305","N"
"2019","2019-09-02 05","야","월","1","0","0","0","0","서울","강동구","차대사람","횡단중","횡단중","신호위반","교차로","교차로내","화물차","보행자","969275","1948810","127.1522169","37.53809939","N"
"2019","2019-09-02 10","주","월","1","0","0","0","0","전남","해남군","차대사람","횡단중","횡단중","안전운전 의무 불이행","교차로","교차로내","화물차","보행자","902280","1620729","126.4346034","34.57603311","N"
"2019","2019-09-02 10","주","월","1","0","0","0","0","경남","의령군","차량단독","도로이탈","도로이탈 추락","안전운전 의무 불이행","단일로","기타단일로","사륜오토바이(ATV)","없음","1069774","1706937","128.2679625","35.3556227","N"
"2019","2019-09-02 12","주","월","1","0","0","0","0","충북","제천시","차량단독","공작물충돌","공작물충돌","안전운전 의무 불이행","교차로","교차로부근","건설기계","없음","1052953","1910747","128.096654","37.19401413","N"
"2019","2019-09-02 13","주","월","1","1","1","0","0","강원","화천군","차량단독","공작물충돌","공작물충돌","안전운전 의무 불이행","단일로","기타단일로","승용차","없음","1021375","2017572","127.7439831","38.15811912","N"
"2019","2019-09-02 13","주","월","1","0","0","0","0","강원","동해시","차량단독","기타","기타","안전운전 의무 불이행","단일로","기타단일로","승용차","없음","1141277.5","1947057.7","129.0985429","37.51199826","N"
"2019","2019-09-02 13","주","월","1","4","0","4","0","충남","예산군","차대차","기타","기타","중앙선 침범","교차로","교차로부근","승용차","승용차","942082.8","1859558.3","126.8513407","36.73230926","N"
"2019","2019-09-02 17","주","월","1","0","0","0","0","서울","동대문구","차량단독","기타","기타","안전운전 의무 불이행","교차로","교차로내","자전거","없음","961169","1953007","127.0602432","37.57562241","N"
"2019","2019-09-02 19","야","월","1","0","0","0","0","충남","태안군","차량단독","공작물충돌","공작물충돌","안전운전 의무 불이행","기타","기타","화물차","없음","896965","1835984","126.3492673","36.51600378","N"
"2019","2019-09-02 19","야","월","1","0","0","0","0","경남","하동군","차대사람","횡단중","횡단중","안전운전 의무 불이행","단일로","기타단일로","화물차","보행자","1023289","1675184","127.7554393","35.07147295","N"
"2019","2019-09-02 19","야","월","1","0","0","0","0","경기","고양시","차대차","추돌","추돌","안전운전 의무 불이행","단일로","기타단일로","승용차","기타","941878","1970054","126.8404283","37.72824831","N"
"2019","2019-09-02 20","야","월","1","0","0","0","0","전남","영광군","차대사람","차도통행중","차도통행중","과속","단일로","기타단일로","승용차","보행자","910201","1696301","126.5128254","35.25813106","N"
"2019","2019-09-02 21","야","월","1","1","0","1","0","경기","가평군","차대차","정면충돌","정면충돌","중앙선 침범","교차로","교차로부근","이륜차","승용차","1001482","1981289","127.5168413","37.83135599","N"
"2019","2019-09-02 22","야","월","1","0","0","0","0","인천","계양구","차대사람","횡단중","횡단중","신호위반","단일로","기타단일로","이륜차","보행자","933237","1949047","126.7442969","37.53832965","N"
"2019","2019-09-03 05","야","화","1","0","0","0","0","충남","홍성군","차대사람","길가장자리구역통행중","길가장자리구역통행중","안전운전 의무 불이행","단일로","기타단일로","화물차","보행자","921375","1836044","126.6218476","36.51886302","N"
"2019","2019-09-03 06","주","화","1","0","0","0","0","경남","진주시","차대사람","횡단중","횡단중","안전운전 의무 불이행","단일로","기타단일로","화물차","보행자","1051521","1688842","128.0659364","35.19357706","N"
"2019","2019-09-03 07","주","화","1","0","0","0","0","경기","평택시","차량단독","기타","기타","안전운전 의무 불이행","단일로","기타단일로","화물차","없음","954184","1891936","126.9849094","37.02483142","N"
"2019","2019-09-03 08","주","화","1","1","0","1","0","서울","노원구","차대사람","횡단중","횡단중","안전운전 의무 불이행","단일로","기타단일로","건설기계","보행자","962571","1962740","127.075622","37.66340632","N"
"2019","2019-09-03 14","주","화","1","0","0","0","0","경북","안동시","차대사람","기타","기타","안전운전 의무 불이행","단일로","기타단일로","화물차","보행자","1113659","1851854","128.7717049","36.65783396","N"
"2019","2019-09-03 17","주","화","1","0","0","0","0","부산","북구","차대사람","횡단중","횡단중","안전운전 의무 불이행","기타","기타","이륜차","보행자","1137582","1693554","129.0118662","35.22794539","N"
"2019","2019-09-03 18","야","화","1","0","0","0","0","경기","고양시","차대차","측면충돌","측면충돌","신호위반","교차로","교차로내","승용차","이륜차","938707","1963829","126.80497","37.67193746","N"
"2019","2019-09-04 02","야","수","1","0","0","0","0","부산","동래구","차대사람","기타","기타","중앙선 침범","교차로","교차로내","승용차","보행자","1143703","1691222","129.0786995","35.20606682","N"
"2019","2019-09-04 04","야","수","1","0","0","0","0","경북","문경시","차대차","추돌","추돌","안전운전 의무 불이행","단일로","기타단일로","화물차","화물차","1055008","1854673","128.1157272","36.68844458","N"
"2019","2019-09-04 15","주","수","1","0","0","0","0","전남","여수시","차량단독","공작물충돌","공작물충돌","안전운전 의무 불이행","교차로","교차로내","승용차","없음","1023854","1635603","127.7605072","34.7145378","N"
"2019","2019-09-04 17","주","수","1","3","0","3","0","제주","제주시","차대차","추돌","추돌","안전운전 의무 불이행","단일로","기타단일로","화물차","승용차","892008.1","1497348.5","126.3378964","33.46248156","N"
"2019","2019-09-04 19","야","수","1","0","0","0","0","광주","북구","차대사람","기타","기타","안전운전 의무 불이행","단일로","기타단일로","승합차","보행자","948488","1685850","126.9343494","35.16659946","N"
"2019","2019-09-04 20","야","수","1","1","0","1","0","경기","양평군","차대사람","횡단중","횡단중","과속","단일로","기타단일로","승용차","보행자","1002710","1943584","127.5306561","37.49150224","N"
"2019","2019-09-04 23","야","수","1","1","0","0","1","경남","양산시","차대차","측면충돌","측면충돌","신호위반","교차로","교차로내","승용차","승합차","1151080","1713104","129.1637462","35.40220972","N"
"2019","2019-09-05 00","야","목","1","0","0","0","0","경남","김해시","차대사람","횡단중","횡단중","보행자 보호의무 위반","교차로","교차로내","승용차","보행자","1123274","1693773","128.8547121","35.2317811","N"
"2019","2019-09-05 04","야","목","1","0","0","0","0","대전","유성구","차대사람","기타","기타","안전운전 의무 불이행","단일로","기타단일로","화물차","보행자","985316","1817863","127.3363325","36.35807673","N"
"2019","2019-09-05 05","야","목","1","0","0","0","0","부산","부산진구","차대사람","차도통행중","차도통행중","안전운전 의무 불이행","교차로","교차로내","승용차","보행자","1141891","1685915","129.0578864","35.15848833","N"
"2019","2019-09-05 05","야","목","1","1","0","0","1","제주","제주시","차대사람","기타","기타","안전운전 의무 불이행","단일로","기타단일로","승용차","보행자","911957","1497223","126.5525508","33.46317615","N"
"2019","2019-09-05 06","주","목","1","0","0","0","0","경기","의왕시","차대사람","횡단중","횡단중","보행자 보호의무 위반","단일로","기타단일로","화물차","보행자","953596","1927478","126.9760907","37.34517001","N"
"2019","2019-09-05 08","주","목","1","0","0","0","0","충북","청주시","차량단독","공작물충돌","공작물충돌","안전운전 의무 불이행","단일로","지하차도(도로)내","화물차","없음","1007877","1848415","127.5881084","36.63358848","N"
"2019","2019-09-05 09","주","목","1","1","0","1","0","인천","미추홀구","차대차","정면충돌","정면충돌","중앙선 침범","교차로","교차로부근","승용차","승합차","925388","1938074","126.6565736","37.4388313","N"
"2019","2019-09-05 12","주","목","1","0","0","0","0","전북","김제시","차대사람","기타","기타","안전운전 의무 불이행","단일로","기타단일로","승합차","보행자","941201","1756472","126.8492226","35.8029372","N"
"2019","2019-09-05 12","주","목","1","0","0","0","0","경북","울진군","차대사람","기타","기타","안전운전 의무 불이행","교차로","교차로부근","화물차","보행자","1170778","1897677","129.4208352","37.06214524","N"
"2019","2019-09-05 13","주","목","1","0","0","0","0","제주","제주시","차대사람","횡단중","횡단중","안전운전 의무 불이행","단일로","기타단일로","농기계","보행자","935492.8","1507050.7","126.8050972","33.55348883","N"
"2019","2019-09-05 16","주","목","1","2","0","2","0","서울","금천구","차대차","정면충돌","정면충돌","중앙선 침범","교차로","교차로부근","승용차","화물차","946701","1939539","126.8973788","37.45350934","N"
"2019","2019-09-05 19","야","목","1","1","0","1","0","대전","서구","차대사람","횡단중","횡단중","안전운전 의무 불이행","단일로","기타단일로","이륜차","보행자","988024","1817643","127.3665191","36.35613088","N"
"2019","2019-09-05 22","야","목","1","0","0","0","0","경남","진주시","차대차","측면충돌","측면충돌","중앙선 침범","단일로","기타단일로","자전거","승용차","1054370","1687252","128.0971251","35.17909026","N"
"2019","2019-09-06 00","야","금","1","0","0","0","0","경남","고성군","차대사람","차도통행중","차도통행중","안전운전 의무 불이행","단일로","기타단일로","승용차","보행자","1074627","1664031","128.3174917","34.9684192","N"
"2019","2019-09-06 02","야","금","1","0","0","0","0","서울","중랑구","차대사람","횡단중","횡단중","과속","교차로","교차로횡단보도내","승합차","보행자","964032","1955482","127.092544","37.59804667","N"
"2019","2019-09-06 04","야","금","1","0","0","0","0","대구","중구","차대차","측면충돌","측면충돌","중앙선 침범","단일로","기타단일로","이륜차","승용차","1100022","1763403","128.6078342","35.86208181","N"
"2019","2019-09-06 05","야","금","1","0","0","0","0","전남","순천시","차대사람","보도통행중","보도통행중","신호위반","교차로","교차로횡단보도내","승용차","보행자","1001976","1663278","127.521645","34.96437866","N"
"2019","2019-09-06 08","주","금","1","0","0","0","0","경북","경산시","차대사람","횡단중","횡단중","안전운전 의무 불이행","단일로","기타단일로","승합차","보행자","1119792","1758603","128.8260362","35.81659737","N"
"2019","2019-09-06 09","주","금","1","0","0","0","0","경북","경산시","차량단독","전도","전도","안전운전 의무 불이행","단일로","기타단일로","이륜차","없음","1120526","1756972","128.8339133","35.801806","N"
"2019","2019-09-06 19","야","금","1","0","0","0","0","충남","아산시","차대차","기타","기타","안전운전 의무 불이행","단일로","기타단일로","승용차","승용차","955642","1865493","127.0028495","36.7865381","N"
"2019","2019-09-06 19","야","금","1","0","0","0","0","대구","북구","차대차","추돌","추돌","안전운전 의무 불이행","단일로","터널안","화물차","화물차","1092895","1770063","128.5296853","35.92282127","N"
"2019","2019-09-06 22","야","금","1","0","0","0","0","경북","청도군","차량단독","기타","기타","안전운전 의무 불이행","단일로","기타단일로","개인형이동수단(PM)","없음","1117693","1743985","128.8006607","35.68508498","N"
"2019","2019-09-06 22","야","금","1","1","0","1","0","인천","서구","차대차","정면충돌","정면충돌","신호위반","교차로","교차로내","이륜차","승용차","926092","1949317","126.6634016","37.54021784","N"
"2019","2019-09-07 01","야","토","1","0","0","0","0","경북","구미시","차대사람","기타","기타","중앙선 침범","단일로","기타단일로","화물차","보행자","1079221","1802358","128.3813767","36.21515757","N"
"2019","2019-09-07 06","주","토","1","0","0","0","0","대구","북구","차량단독","기타","기타","안전운전 의무 불이행","단일로","기타단일로","승용차","없음","1099014.5","1768967.3","128.597369","35.91234332","N"
"2019","2019-09-07 07","주","토","1","1","0","1","0","경기","용인시","차대차","측면충돌","측면충돌","안전운전 의무 불이행","단일로","기타단일로","화물차","자전거","965593","1917447","127.1120004","37.25527524","N"
"2019","2019-09-07 15","주","토","1","4","2","2","0","강원","원주시","차대차","측면충돌","측면충돌","중앙선 침범","단일로","기타단일로","승용차","승합차","1034028","1910363","127.8834025","37.19143479","N"
"2019","2019-09-07 19","야","토","1","0","0","0","0","서울","강서구","차대사람","횡단중","횡단중","안전운전 의무 불이행","교차로","교차로내","화물차","보행자","939240","1950878","126.8120896","37.55524762","N"
"2019","2019-09-07 19","야","토","1","0","0","0","0","경기","김포시","차대사람","기타","기타","안전운전 의무 불이행","단일로","기타단일로","승용차","보행자","922659","1968267","126.6225405","37.71072147","N"
"2019","2019-09-07 21","야","토","2","0","0","0","0","경기","안양시","차대사람","횡단중","횡단중","안전운전 의무 불이행","교차로","교차로부근","승용차","보행자","951973","1930281","126.9575857","37.37035223","N"
"2019","2019-09-07 21","야","토","1","0","0","0","0","경기","남양주시","차대사람","횡단중","횡단중","안전운전 의무 불이행","단일로","기타단일로","승용차","보행자","976488","1951369","127.2337795","37.56137715","N"
"2019","2019-09-08 03","야","일","1","0","0","0","0","강원","춘천시","차량단독","공작물충돌","공작물충돌","안전운전 의무 불이행","단일로","기타단일로","승용차","없음","1020320","1985412","127.7310294","37.86829167","N"
"2019","2019-09-08 04","야","일","1","1","1","0","0","경남","양산시","차대사람","기타","기타","안전운전 의무 불이행","단일로","기타단일로","특수차","보행자","1141033","1710613","129.0527121","35.38123013","N"
"2019","2019-09-08 11","주","일","1","0","0","0","0","전남","해남군","차량단독","기타","기타","안전운전 의무 불이행","단일로","기타단일로","농기계","없음","917976","1596861","126.6080024","34.36218597","N"
"2019","2019-09-08 17","주","일","1","1","0","1","0","경북","포항시","차대사람","기타","기타","안전운전 의무 불이행","단일로","기타단일로","승용차","보행자","1166810","1778942","129.3505563","35.99301365","Y"
"2019","2019-09-08 23","야","일","1","0","0","0","0","경기","안양시","차대사람","횡단중","횡단중","안전운전 의무 불이행","교차로","교차로횡단보도내","승용차","보행자","951113","1933659","126.94765","37.40075463","N"
"2019","2019-09-09 06","주","월","1","0","0","0","0","경기","안산시","차대차","정면충돌","정면충돌","신호위반","교차로","교차로내","승용차","개인형이동수단(PM)","939805","1924302","126.8206546","37.31575183","N"
"2019","2019-09-09 06","주","월","1","0","0","0","0","강원","평창군","차량단독","전복","전복","안전운전 의무 불이행","단일로","기타단일로","승용차","없음","1098101","1974295","128.6137657","37.76305549","N"
"2019","2019-09-09 14","주","월","2","0","0","0","0","전북","장수군","차량단독","공작물충돌","공작물충돌","안전운전 의무 불이행","단일로","기타단일로","화물차","없음","1002268.5","1746891.2","127.525081","35.71831253","N"
"2019","2019-09-09 19","야","월","1","0","0","0","0","충남","아산시","차량단독","공작물충돌","공작물충돌","안전운전 의무 불이행","단일로","기타단일로","화물차","없음","950194","1866851","126.9417037","36.79850869","N"
"2019","2019-09-09 23","야","월","1","0","0","0","0","경남","양산시","차량단독","공작물충돌","공작물충돌","안전운전 의무 불이행","단일로","기타단일로","원동기장치자전거","없음","1137335","1704074","129.0109132","35.32280539","N"
"2019","2019-09-09 23","야","월","1","0","0","0","0","대구","동구","차량단독","도로이탈","도로이탈 추락","안전운전 의무 불이행","단일로","기타단일로","승용차","없음","1103397","1765102","128.6454292","35.87704669","N"
"2019","2019-09-10 10","주","화","1","0","0","0","0","경기","의정부시","차대사람","횡단중","횡단중","안전운전 의무 불이행","단일로","기타단일로","화물차","보행자","965908","1972593","127.1129952","37.75234287","N"
"2019","2019-09-10 11","주","화","1","0","0","0","0","서울","강북구","차대사람","횡단중","횡단중","안전운전 의무 불이행","교차로","교차로내","화물차","보행자","959418","1958883","127.040088","37.62850856","N"
"2019","2019-09-10 16","주","화","1","0","0","0","0","인천","남동구","차대사람","횡단중","횡단중","안전운전 의무 불이행","단일로","기타단일로","승용차","보행자","929192","1940646","126.6993237","37.46231139","N"
"2019","2019-09-10 19","야","화","1","0","0","0","0","경기","평택시","차대사람","기타","기타","안전운전 의무 불이행","단일로","기타단일로","승용차","보행자","943873","1886039","126.8694319","36.97111677","N"
"2019","2019-09-10 19","야","화","1","0","0","0","0","충남","서산시","차대사람","횡단중","횡단중","안전운전 의무 불이행","교차로","교차로내","승용차","보행자","912197","1860466","126.5165594","36.73819614","N"