"발생년","발생년월일시","주야","요일","사망자수","부상자수","중상자수","경상자수","부상신고자수","발생지시도","발생지시군구","사고유형_대분류","사고유형_중분류","사고유형","가해자법규위반","도로형태_대분류","도로형태","가해자_당사자종별","피해자_당사자종별","발생위치(X_UTMK)","발생위치(Y_UTMK)","경도","위도"," 어린이사고 여부"
"2019","2019-09-10 19","야","화","1","0","0","0","0","충남","당진시","차량단독","전복","전복","안전운전 의무 불이행","단일로","기타단일로","승용차","없음","920765","1875028","126.6109985","36.87020707","N"
"2019","2019-09-10 22","야","화","1","0","0","0","0","강원","춘천시","차대사람","횡단중","횡단중","안전운전 의무 불이행","단일로","기타단일로","승용차","보행자","1021238","1984713","127.741446","37.86197063","N"
"2019","2019-09-11 06","주","수","1","0","0","0","0","경기","하남시","차대사람","횡단중","횡단중","보행자 보호의무 위반","교차로","교차로내","승용차","보행자","972160","1950491","127.1848086","37.55334268","N"
"2019","2019-09-11 07","주","수","2","0","0","0","0","강원","화천군","차대사람","길가장자리구역통행중","길가장자리구역통행중","안전운전 의무 불이행","단일로","기타단일로","승용차","보행자","1013020","2017828","127.6486207","38.16058574","N"
"2019","2019-09-11 11","주","수","1","0","0","0","0","강원","춘천시","차대사람","횡단중","횡단중","교차로 통행방법 위반","단일로","기타단일로","승용차","보행자","1020005","1984385","127.7274196","37.85904226","N"
"2019","2019-09-11 11","주","수","1","0","0","0","0","대전","동구","차대사람","차도통행중","차도통행중","안전운전 의무 불이행","교차로","교차로내","승용차","보행자","995526","1812338","127.4501645","36.30836812","N"
"2019","2019-09-11 17","주","수","1","1","0","1","0","충남","아산시","차대사람","횡단중","횡단중","보행자 보호의무 위반","교차로","교차로내","화물차","보행자","955130","1864225","126.9971861","36.7750837","Y"
"2019","2019-09-11 19","야","수","1","0","0","0","0","충남","당진시","차대차","추돌","추돌","안전운전 의무 불이행","단일로","기타단일로","승용차","농기계","932309","1869659","126.7409873","36.82270983","N"
"2019","2019-09-11 20","야","수","1","2","1","1","0","전북","전주시","차대차","측면충돌","측면충돌","과속","교차로","교차로내","승용차","승용차","972713","1753992","127.1980698","35.78195919","N"
"2019","2019-09-11 20","야","수","1","0","0","0","0","경북","영주시","차대사람","차도통행중","차도통행중","과속","단일로","기타단일로","승용차","보행자","1102936","1864884","128.6535056","36.77649423","N"
"2019","2019-09-11 20","야","수","1","0","0","0","0","경기","파주시","차대사람","횡단중","횡단중","중앙선 침범","단일로","기타단일로","승용차","보행자","937207","1983972","126.7862194","37.8533761","N"
"2019","2019-09-11 21","야","수","1","0","0","0","0","경남","창원시(통합)","차량단독","주/정차차량 충돌","주/정차차량 충돌","안전운전 의무 불이행","단일로","기타단일로","원동기장치자전거","화물차","1106524","1693450","128.6706341","35.23078928","N"
"2019","2019-09-11 23","야","수","1","0","0","0","0","서울","중랑구","차대사람","횡단중","횡단중","과속","단일로","기타단일로","승용차","보행자","963595","1955734","127.0875811","37.60030083","N"
"2019","2019-09-12 01","야","목","1","0","0","0","0","경북","영덕군","차대사람","보도통행중","보도통행중","안전운전 의무 불이행","교차로","교차로부근","승용차","보행자","1168799.9","1815739.5","129.3805257","36.32424812","N"
"2019","2019-09-12 04","야","목","1","0","0","0","0","부산","부산진구","차대사람","차도통행중","차도통행중","안전운전 의무 불이행","단일로","기타단일로","승용차","보행자","1140007","1686141","129.0372461","35.16078968","N"
"2019","2019-09-12 07","주","목","2","0","0","0","0","강원","동해시","철길건널목","철길건널목","철길건널목","기타","철길건널목","철길건널목","승용차","기타","1140448","1955845","129.0908429","37.59129942","N"
"2019","2019-09-12 13","주","목","1","0","0","0","0","경남","거제시","차대차","측면충돌","측면충돌","안전운전 의무 불이행","단일로","기타단일로","승용차","이륜차","1103693","1653588","128.6345472","34.87170692","N"
"2019","2019-09-12 20","야","목","1","0","0","0","0","서울","서대문구","차대사람","횡단중","횡단중","안전운전 의무 불이행","단일로","기타단일로","승합차","보행자","951428.3","1953922","126.9498744","37.58340697","N"
"2019","2019-09-12 21","야","목","1","1","0","1","0","서울","서대문구","차대사람","횡단중","횡단중","안전운전 의무 불이행","단일로","기타단일로","승합차","보행자","948183.5","1952464.6","126.9132284","37.57009432","N"
"2019","2019-09-12 21","야","목","1","0","0","0","0","서울","금천구","차대사람","길가장자리구역통행중","길가장자리구역통행중","안전운전 의무 불이행","단일로","기타단일로","승합차","보행자","946796","1941595","126.8983043","37.472046","N"
"2019","2019-09-12 23","야","목","1","2","0","2","0","경북","경주시","차대차","추돌","추돌","안전운전 의무 불이행","교차로","교차로부근","승용차","승용차","1160112","1756657","129.271801","35.79330943","N"
"2019","2019-09-12 23","야","목","1","0","0","0","0","인천","연수구","차대차","측면충돌","측면충돌","교차로 통행방법 위반","교차로","교차로내","승합차","이륜차","925032","1936641","126.6526954","37.4258872","N"
"2019","2019-09-13 01","야","금","1","1","0","0","1","경기","평택시","차대사람","기타","기타","안전운전 의무 불이행","단일로","기타단일로","승용차","보행자","951265","1888919","126.9522888","36.9974892","N"
"2019","2019-09-13 05","야","금","1","1","1","0","0","서울","용산구","차량단독","공작물충돌","공작물충돌","안전운전 의무 불이행","단일로","지하차도(도로)내","이륜차","없음","956187","1948949","127.0040669","37.53882303","N"
"2019","2019-09-13 08","주","금","1","0","0","0","0","충남","예산군","차량단독","공작물충돌","공작물충돌","안전운전 의무 불이행","교차로","교차로부근","승용차","없음","942013.7","1858642.3","126.8506364","36.72404797","N"
"2019","2019-09-14 01","야","토","1","0","0","0","0","경북","경주시","차량단독","공작물충돌","공작물충돌","안전운전 의무 불이행","교차로","교차로부근","승용차","없음","1157352","1759451","129.2418214","35.81893525","N"
"2019","2019-09-14 04","야","토","1","0","0","0","0","경기","파주시","차대차","측면충돌","측면충돌","안전운전 의무 불이행","단일로","기타단일로","승용차","화물차","933634","1967735","126.7470934","37.70678767","N"
"2019","2019-09-14 11","주","토","1","0","0","0","0","경북","의성군","차대사람","횡단중","횡단중","안전운전 의무 불이행","단일로","기타단일로","승용차","보행자","1108180","1805554","128.7039473","36.24115881","N"
"2019","2019-09-14 13","주","토","1","1","0","1","0","경북","구미시","차대차","측면충돌","측면충돌","신호위반","교차로","교차로내","이륜차","승용차","1084096","1796058","128.4349321","36.15795476","N"
"2019","2019-09-14 14","주","토","1","0","0","0","0","경기","여주시","차대사람","길가장자리구역통행중","길가장자리구역통행중","안전운전 의무 불이행","단일로","기타단일로","화물차","보행자","1003837","1911593","127.5432393","37.20313465","N"
"2019","2019-09-14 22","야","토","1","4","2","2","0","강원","양구군","차량단독","기타","기타","과속","단일로","기타단일로","승용차","없음","1045055","2019030","128.0143612","38.17038654","N"
"2019","2019-09-14 23","야","토","1","0","0","0","0","대구","달서구","차대차","측면충돌","측면충돌","과속","교차로","교차로횡단보도내","승용차","자전거","1094983","1760548","128.5516915","35.83684663","N"
"2019","2019-09-15 02","야","일","1","1","1","0","0","부산","서구","차대차","측면충돌","측면충돌","신호위반","교차로","교차로내","이륜차","승용차","1138540","1679739","129.0200707","35.10328496","N"
"2019","2019-09-15 07","주","일","1","2","0","2","0","전북","군산시","차대차","측면충돌","측면충돌","중앙선 침범","교차로","교차로부근","화물차","승용차","929336","1774427","126.7163197","35.96402398","N"
"2019","2019-09-15 07","주","일","1","0","0","0","0","경북","예천군","차대차","정면충돌","정면충돌","중앙선 침범","단일로","기타단일로","이륜차","화물차","1085592","1854832","128.4580486","36.68761556","N"
"2019","2019-09-15 11","주","일","1","0","0","0","0","경기","화성시","차량단독","전도","전도","안전운전 의무 불이행","단일로","기타단일로","이륜차","없음","946828","1900582","126.9016009","37.10237731","N"
"2019","2019-09-15 11","주","일","1","0","0","0","0","전남","순천시","차대사람","횡단중","횡단중","안전운전 의무 불이행","단일로","기타단일로","승합차","보행자","1000356","1661084","127.5038987","34.94459612","N"
"2019","2019-09-15 12","주","일","1","0","0","0","0","대구","중구","차대사람","횡단중","횡단중","신호위반","교차로","교차로내","승합차","보행자","1098721","1763768","128.593472","35.8655041","N"
"2019","2019-09-15 15","주","일","1","0","0","0","0","전북","전주시","차대차","측면충돌","측면충돌","안전거리 미확보","단일로","기타단일로","이륜차","화물차","962863.1","1758583","127.0888698","35.82302867","N"
"2019","2019-09-15 19","야","일","1","0","0","0","0","전남","함평군","차대사람","횡단중","횡단중","안전운전 의무 불이행","단일로","기타단일로","승용차","보행자","904873","1676828","126.4565079","35.08207664","N"
"2019","2019-09-15 19","야","일","1","0","0","0","0","경기","남양주시","차대사람","횡단중","횡단중","안전운전 의무 불이행","교차로","교차로내","승용차","보행자","971113","1961641","127.1725148","37.65380941","N"
"2019","2019-09-15 22","야","일","1","0","0","0","0","경북","포항시","차대사람","차도통행중","차도통행중","안전운전 의무 불이행","단일로","기타단일로","승용차","보행자","1167983","1781490","129.3641037","36.01577266","N"
"2019","2019-09-16 00","야","월","1","0","0","0","0","전남","여수시","차대차","정면충돌","정면충돌","교차로 통행방법 위반","교차로","교차로내","이륜차","승용차","1022169.5","1639196.3","127.7422056","34.74697926","N"
"2019","2019-09-16 06","주","월","1","0","0","0","0","부산","남구","차대사람","횡단중","횡단중","안전운전 의무 불이행","단일로","기타단일로","화물차","보행자","1142700","1684733","129.0665615","35.14771945","N"
"2019","2019-09-16 08","주","월","1","0","0","0","0","경남","하동군","차대차","기타","기타","신호위반","교차로","교차로내","농기계","화물차","1035994","1664901","127.8943429","34.97837565","N"
"2019","2019-09-16 12","주","월","1","1","0","1","0","충북","청주시","차대차","측면충돌","측면충돌","기타","기타","기타","승용차","승용차","1000051","1846057","127.5005703","36.61236368","N"
"2019","2019-09-16 17","주","월","1","2","1","1","0","경북","청도군","차대차","정면충돌","정면충돌","중앙선 침범","단일로","지하차도(도로)내","승용차","승용차","1108821","1739748","128.7020609","35.64791004","N"
"2019","2019-09-16 19","야","월","1","0","0","0","0","대구","달성군","차대사람","횡단중","횡단중","안전운전 의무 불이행","단일로","기타단일로","승용차","보행자","1085181.5","1767569.3","128.4439296","35.90104374","N"
"2019","2019-09-16 21","야","월","1","0","0","0","0","경남","창원시(통합)","차대사람","기타","기타","안전운전 의무 불이행","단일로","기타단일로","승용차","보행자","1119845","1679443","128.8149568","35.10301477","N"
"2019","2019-09-16 21","야","월","1","0","0","0","0","경기","고양시","차대차","측면충돌","측면충돌","신호위반","교차로","교차로내","이륜차","승용차","941042","1960045","126.8317517","37.63798602","N"
"2019","2019-09-17 01","야","화","1","0","0","0","0","서울","동작구","차량단독","기타","기타","안전운전 의무 불이행","단일로","고가도로위","이륜차","없음","947362","1943032","126.9046023","37.48503041","N"
"2019","2019-09-17 02","야","화","1","0","0","0","0","경북","경산시","차대차","측면충돌","측면충돌","안전운전 의무 불이행","교차로","교차로횡단보도내","승용차","자전거","1111832","1758895","128.7379831","35.82016914","N"
"2019","2019-09-17 07","주","화","1","0","0","0","0","전북","군산시","차대차","추돌","추돌","안전운전 의무 불이행","교차로","교차로부근","승합차","승용차","928743","1775063","126.7096866","35.96971448","N"
"2019","2019-09-17 08","주","화","1","2","1","1","0","충남","공주시","차대사람","횡단중","횡단중","보행자 보호의무 위반","교차로","교차로횡단보도내","승합차","보행자","966139","1827959","127.1221486","36.44860963","Y"
"2019","2019-09-17 08","주","화","1","0","0","0","0","전남","여수시","차대사람","횡단중","횡단중","안전운전 의무 불이행","단일로","기타단일로","승용차","보행자","1020201","1637514","127.7206592","34.73184956","N"
"2019","2019-09-17 08","주","화","1","0","0","0","0","제주","서귀포시","차량단독","공작물충돌","공작물충돌","안전운전 의무 불이행","단일로","기타단일로","화물차","없음","892771.7","1481020.6","126.348056","33.3153136","N"
"2019","2019-09-17 10","주","화","1","0","0","0","0","충남","부여군","차대사람","기타","기타","안전운전 의무 불이행","단일로","기타단일로","화물차","보행자","944541","1801903","126.8830039","36.21271073","N"
"2019","2019-09-17 11","주","화","1","0","0","0","0","광주","동구","차대차","측면충돌","측면충돌","신호위반","교차로","교차로내","이륜차","승용차","946478","1684654","126.9123563","35.15571039","N"
"2019","2019-09-17 13","주","화","1","0","0","0","0","부산","북구","차대사람","기타","기타","안전운전 의무 불이행","교차로","교차로내","승용차","보행자","1137952","1691590","129.0156016","35.21019115","N"
"2019","2019-09-17 16","주","화","1","0","0","0","0","충남","보령시","차대사람","기타","기타","안전운전 의무 불이행","기타","기타","승용차","보행자","919060","1818628","126.5978137","36.36167933","N"
"2019","2019-09-17 17","주","화","1","0","0","0","0","경북","구미시","차대차","측면충돌","측면충돌","교차로 통행방법 위반","교차로","교차로내","승용차","이륜차","1076221","1799388","128.3477147","36.18862521","N"
"2019","2019-09-18 06","주","수","1","0","0","0","0","경기","남양주시","차대사람","횡단중","횡단중","보행자 보호의무 위반","교차로","교차로내","승합차","보행자","968722","1962181","127.1453859","37.65859821","N"
"2019","2019-09-18 08","주","수","1","0","0","0","0","경북","예천군","차대차","측면충돌","측면충돌","안전운전 의무 불이행","교차로","교차로횡단보도내","이륜차","승용차","1083701","1850161","128.4363746","36.64568085","N"
"2019","2019-09-18 10","주","수","1","0","0","0","0","대전","유성구","차대차","측면충돌","측면충돌","신호위반","교차로","교차로내","승용차","이륜차","983355","1821638","127.3143945","36.39207766","N"
"2019","2019-09-18 13","주","수","1","0","0","0","0","경남","진주시","차대차","기타","기타","중앙선 침범","단일로","기타단일로","자전거","화물차","1052687","1689156","128.0787639","35.19634777","N"
"2019","2019-09-18 14","주","수","1","1","0","1","0","전남","광양시","차대차","측면충돌","측면충돌","안전운전 의무 불이행","단일로","기타단일로","승합차","건설기계","1010951","1658679","127.6198963","34.92284984","N"
"2019","2019-09-18 16","주","수","1","0","0","0","0","경기","부천시","차대차","측면충돌","측면충돌","안전거리 미확보","단일로","기타단일로","자전거","승용차","935451","1945830","126.7696384","37.50949287","N"
"2019","2019-09-18 16","주","수","1","0","0","0","0","전북","정읍시","차량단독","공작물충돌","공작물충돌","안전운전 의무 불이행","단일로","기타단일로","화물차","없음","947503.6","1743912.9","126.9197976","35.69006344","N"
"2019","2019-09-18 19","야","수","1","0","0","0","0","경북","구미시","차량단독","전복","전복","안전운전 의무 불이행","단일로","기타단일로","사륜오토바이(ATV)","없음","1065953","1812342","128.2346173","36.30615752","N"
"2019","2019-09-18 21","야","수","1","0","0","0","0","전남","여수시","차대사람","횡단중","횡단중","안전운전 의무 불이행","교차로","교차로횡단보도내","승합차","보행자","1019288.6","1640567.3","127.7107629","34.75940112","N"
"2019","2019-09-19 03","야","목","1","0","0","0","0","강원","원주시","차량단독","공작물충돌","공작물충돌","안전운전 의무 불이행","단일로","기타단일로","이륜차","없음","1039609","1930066","127.9473333","37.3688121","N"
"2019","2019-09-19 06","주","목","1","0","0","0","0","울산","남구","차대차","측면충돌","측면충돌","안전운전 의무 불이행","단일로","기타단일로","이륜차","승용차","1163773","1728050","129.3064772","35.53490113","N"
"2019","2019-09-19 09","주","목","1","1","1","0","0","경남","밀양시","차대차","측면충돌","측면충돌","신호위반","교차로","교차로내","화물차","승용차","1120666","1712224","128.8287768","35.3984258","N"
"2019","2019-09-19 12","주","목","1","0","0","0","0","경북","경산시","차대사람","길가장자리구역통행중","길가장자리구역통행중","안전운전 의무 불이행","기타","기타","화물차","보행자","1119635.4","1769503.4","128.8259391","35.91486972","N"
"2019","2019-09-19 14","주","목","1","2","1","1","0","전남","나주시","차대차","추돌","추돌","안전운전 의무 불이행","단일로","기타단일로","화물차","화물차","927157","1664681","126.7019923","34.97440997","N"
"2019","2019-09-19 14","주","목","2","1","1","0","0","전남","해남군","차대차","정면충돌","정면충돌","중앙선 침범","단일로","기타단일로","화물차","화물차","924740","1608893","126.6804951","34.47119701","N"
"2019","2019-09-19 15","주","목","1","0","0","0","0","경기","용인시","차대차","추돌","추돌","안전운전 의무 불이행","단일로","교량위","승합차","화물차","962916","1919963","127.0816877","37.27785115","N"
"2019","2019-09-19 15","주","목","1","0","0","0","0","전북","익산시","차대사람","횡단중","횡단중","안전운전 의무 불이행","교차로","교차로내","특수차","보행자","953307","1773685","126.9821951","35.95877598","N"
"2019","2019-09-19 16","주","목","1","0","0","0","0","제주","제주시","차량단독","도로이탈","도로이탈 추락","안전운전 의무 불이행","단일로","기타단일로","사륜오토바이(ATV)","없음","887846.8","1553108.3","126.2860692","33.96485776","N"
"2019","2019-09-19 19","야","목","1","0","0","0","0","경기","수원시","차대사람","차도통행중","차도통행중","안전운전 의무 불이행","단일로","기타단일로","승용차","보행자","958686","1917732","127.0340981","37.25756331","N"
"2019","2019-09-19 20","야","목","1","0","0","0","0","경기","김포시","차대사람","횡단중","횡단중","안전운전 의무 불이행","단일로","기타단일로","승용차","보행자","924240","1968247","126.6404777","37.71067334","N"
"2019","2019-09-20 00","야","금","1","0","0","0","0","광주","동구","차대사람","기타","기타","과속","단일로","기타단일로","승용차","보행자","947162","1685449","126.919815","35.16291489","N"
"2019","2019-09-20 01","야","금","1","0","0","0","0","전북","전주시","차대차","추돌","추돌","안전운전 의무 불이행","단일로","기타단일로","승합차","화물차","963128.1","1761002.6","127.0916917","35.84485369","N"
"2019","2019-09-20 04","야","금","1","0","0","0","0","세종","세종시","차대차","추돌","추돌","안전운전 의무 불이행","교차로","교차로부근","이륜차","화물차","977523","1833533","127.2490181","36.49919453","N"
"2019","2019-09-20 05","야","금","1","0","0","0","0","경기","구리시","차대차","측면충돌","측면충돌","신호위반","교차로","교차로내","이륜차","화물차","967388","1955765","127.1305484","37.60072257","N"
"2019","2019-09-20 09","주","금","1","2","1","1","0","전북","군산시","차대차","측면충돌","측면충돌","안전운전 의무 불이행","교차로","교차로내","승용차","승합차","935001","1773787","126.7791936","35.95864802","N"
"2019","2019-09-20 09","주","금","1","0","0","0","0","전남","보성군","차량단독","전도","전도","안전운전 의무 불이행","단일로","기타단일로","이륜차","없음","975398","1646781","127.2309973","34.81531982","N"
"2019","2019-09-20 10","주","금","1","0","0","0","0","전북","고창군","차대차","추돌","추돌","안전운전 의무 불이행","단일로","기타단일로","이륜차","화물차","918979","1705538","126.6083993","35.34215966","N"
"2019","2019-09-20 13","주","금","1","0","0","0","0","서울","관악구","차대차","측면충돌","측면충돌","신호위반","교차로","교차로부근","승용차","이륜차","949975","1942997","126.9341594","37.48486019","N"
"2019","2019-09-20 13","주","금","1","0","0","0","0","충남","천안시","차량단독","공작물충돌","공작물충돌","안전운전 의무 불이행","단일로","기타단일로","승용차","없음","967988","1866550","127.1411722","36.79656432","N"
"2019","2019-09-20 21","야","금","1","0","0","0","0","부산","강서구","차량단독","공작물충돌","공작물충돌","안전운전 의무 불이행","단일로","기타단일로","특수차","없음","1132981","1691867","128.9610488","35.21335934","N"
"2019","2019-09-21 00","야","토","1","0","0","0","0","경기","구리시","차량단독","공작물충돌","공작물충돌","안전운전 의무 불이행","기타","기타","자전거","없음","967288","1952544","127.1295594","37.57168703","N"
"2019","2019-09-21 04","야","토","1","0","0","0","0","서울","동작구","차대차","측면충돌","측면충돌","안전거리 미확보","단일로","기타단일로","승용차","이륜차","952356","1945942","126.9608994","37.51153018","N"
"2019","2019-09-21 04","야","토","1","1","0","1","0","경남","창원시(통합)","차대차","기타","기타","과속","단일로","기타단일로","승용차","화물차","1101016","1695749","128.6103974","35.25208586","N"
"2019","2019-09-21 08","주","토","1","0","0","0","0","경기","동두천시","차대사람","차도통행중","차도통행중","과속","단일로","기타단일로","승용차","보행자","960927","1993150","127.0553424","37.93742115","N"
"2019","2019-09-21 11","주","토","1","0","0","0","0","대전","서구","차대차","기타","기타","안전운전 의무 불이행","단일로","기타단일로","이륜차","승용차","989427","1813047","127.3822189","36.31471246","N"
"2019","2019-09-21 11","주","토","1","0","0","0","0","경기","파주시","차량단독","기타","기타","안전운전 의무 불이행","단일로","기타단일로","이륜차","없음","937890","1978460","126.7944559","37.80374613","N"
"2019","2019-09-21 14","주","토","1","3","3","0","0","서울","강동구","차대사람","기타","기타","기타","단일로","기타단일로","승용차","보행자","968700","1949504","127.1456788","37.54433537","N"
"2019","2019-09-21 16","주","토","1","0","0","0","0","강원","춘천시","차대차","측면충돌","측면충돌","안전운전 의무 불이행","단일로","기타단일로","자전거","승합차","1019851","1985764","127.7257068","37.8714746","N"
"2019","2019-09-21 16","주","토","1","0","0","0","0","충남","서천군","차량단독","공작물충돌","공작물충돌","안전운전 의무 불이행","단일로","기타단일로","승용차","없음","921272","1796891","126.6246563","36.16591501","N"
"2019","2019-09-21 18","야","토","1","0","0","0","0","충북","옥천군","차대사람","차도통행중","차도통행중","안전운전 의무 불이행","단일로","기타단일로","승용차","보행자","1009636","1813283","127.6073461","36.31684993","N"
"2019","2019-09-21 19","야","토","1","2","0","2","0","강원","원주시","차대사람","횡단중","횡단중","보행자 보호의무 위반","단일로","기타단일로","승합차","보행자","1038980","1928749","127.9401604","37.35696783","N"
"2019","2019-09-21 22","야","토","1","0","0","0","0","경남","양산시","차량단독","공작물충돌","공작물충돌","안전운전 의무 불이행","단일로","기타단일로","이륜차","없음","1142054","1709478","129.0637517","35.37085483","N"
"2019","2019-09-22 01","야","일","1","0","0","0","0","경기","수원시","차량단독","기타","기타","기타","단일로","기타단일로","승용차","없음","961985","1916507","127.0713628","37.24666196","N"
"2019","2019-09-22 06","주","일","1","0","0","0","0","서울","동대문구","차대사람","차도통행중","차도통행중","안전운전 의무 불이행","교차로","교차로부근","승용차","보행자","961395","1952121","127.0628492","37.56764614","N"
"2019","2019-09-22 08","주","일","1","2","1","1","0","경남","김해시","차대차","측면충돌","측면충돌","과속","단일로","기타단일로","승용차","화물차","1113950","1697315","128.7527605","35.26481526","N"
"2019","2019-09-22 15","주","일","1","17","2","15","0","대구","동구","차량단독","공작물충돌","공작물충돌","과속","단일로","기타단일로","승합차","없음","1107417","1765789","128.6900469","35.88280656","Y"
"2019","2019-09-22 17","주","일","1","0","0","0","0","강원","원주시","차량단독","도로이탈","도로이탈 추락","안전운전 의무 불이행","단일로","기타단일로","화물차","없음","1029760","1929768","127.8360914","37.3664944","N"
"2019","2019-09-23 02","야","월","1","0","0","0","0","대구","중구","차대사람","횡단중","횡단중","과속","단일로","기타단일로","승용차","보행자","1099834","1763470","128.6057607","35.86270496","N"
"2019","2019-09-23 04","야","월","1","1","1","0","0","경기","안산시","차대차","기타","기타","중앙선 침범","단일로","기타단일로","이륜차","화물차","938803","1926853","126.8091365","37.33867923","N"
"2019","2019-09-23 05","야","월","1","1","0","1","0","경기","고양시","차대차","추돌","추돌","안전운전 의무 불이행","단일로","기타단일로","화물차","화물차","931528","1963009","126.7236474","37.66403937","N"
"2019","2019-09-23 07","주","월","1","0","0","0","0","충북","음성군","차대차","정면충돌","정면충돌","안전운전 의무 불이행","단일로","기타단일로","승용차","이륜차","1002328","1889479","127.5261656","37.00379804","N"
"2019","2019-09-23 10","주","월","1","2","0","2","0","경기","광주시","차대차","추돌","추돌","안전운전 의무 불이행","단일로","기타단일로","화물차","화물차","972851","1935433","127.1931872","37.41763713","N"
"2019","2019-09-23 10","주","월","1","0","0","0","0","충남","천안시","차대사람","차도통행중","차도통행중","기타","단일로","기타단일로","승용차","보행자","967306","1870370","127.1333635","36.83097651","N"
"2019","2019-09-23 11","주","월","1","0","0","0","0","서울","서초구","차대사람","차도통행중","차도통행중","안전운전 의무 불이행","단일로","기타단일로","건설기계","보행자","957205","1943371","127.0159144","37.48859454","N"
"2019","2019-09-23 11","주","월","1","0","0","0","0","경기","광명시","차대차","측면충돌","측면충돌","신호위반","교차로","교차로내","이륜차","화물차","943807","1939389","126.8646712","37.45198599","N"
"2019","2019-09-23 11","주","월","1","0","0","0","0","전남","광양시","차대차","측면충돌","측면충돌","안전운전 의무 불이행","단일로","기타단일로","승용차","화물차","1014990","1664423","127.6642202","34.97459458","N"
"2019","2019-09-23 12","주","월","1","1","1","0","0","경기","안성시","차대차","기타","기타","안전운전 의무 불이행","단일로","기타단일로","승합차","특수차","970675","1889072","127.1704189","36.99967449","N"
"2019","2019-09-23 13","주","월","1","0","0","0","0","경남","함양군","차대사람","차도통행중","차도통행중","안전운전 의무 불이행","단일로","기타단일로","화물차","보행자","1020293","1724427","127.7237976","35.51555864","N"
"2019","2019-09-23 14","주","월","1","0","0","0","0","서울","서초구","차대사람","보도통행중","보도통행중","보행자 보호의무 위반","교차로","교차로횡단보도내","건설기계","보행자","956187","1945328","127.0042829","37.50618589","N"
"2019","2019-09-23 14","주","월","1","0","0","0","0","전북","전주시","차대사람","횡단중","횡단중","신호위반","단일로","기타단일로","화물차","보행자","968858.1","1760078","127.1551789","35.83671632","N"
"2019","2019-09-23 14","주","월","1","1","1","0","0","전남","고흥군","차대차","추돌","추돌","안전운전 의무 불이행","단일로","기타단일로","화물차","화물차","981385.8","1626577.2","127.2969146","34.63325323","N"
"2019","2019-09-23 21","야","월","1","3","0","3","0","울산","북구","차대차","정면충돌","정면충돌","중앙선 침범","단일로","기타단일로","승용차","승용차","1174970","1737781","129.4320291","35.62067862","N"
"2019","2019-09-24 02","야","화","1","0","0","0","0","경남","창원시(통합)","차량단독","공작물충돌","공작물충돌","안전운전 의무 불이행","기타","기타","승용차","없음","1093238","1689730","128.5242299","35.19857488","N"
"2019","2019-09-24 13","주","화","1","0","0","0","0","충남","태안군","차대사람","횡단중","횡단중","안전운전 의무 불이행","교차로","교차로부근","승용차","보행자","892845","1862339","126.299583","36.75308887","N"
"2019","2019-09-24 13","주","화","1","0","0","0","0","경북","문경시","차대차","측면충돌","측면충돌","안전운전 의무 불이행","교차로","교차로내","화물차","이륜차","1063151","1845019","128.2060745","36.60091449","N"
"2019","2019-09-24 17","주","화","1","0","0","0","0","경기","평택시","차대차","측면충돌","측면충돌","신호위반","교차로","교차로내","원동기장치자전거","승용차","960294","1898994","127.0532267","37.08873099","N"
"2019","2019-09-24 18","야","화","1","0","0","0","0","강원","삼척시","차량단독","전도","전도","안전운전 의무 불이행","단일로","기타단일로","농기계","없음","1137459","1918186","129.0499866","37.25242577","N"
"2019","2019-09-24 18","야","화","1","0","0","0","0","충북","충주시","차대차","측면충돌","측면충돌","안전운전 의무 불이행","교차로","교차로부근","승용차","원동기장치자전거","1038309","1887736","127.9304813","36.98730825","N"
"2019","2019-09-24 19","야","화","1","0","0","0","0","대구","북구","차량단독","전도","전도","안전운전 의무 불이행","단일로","기타단일로","자전거","없음","1102111","1766916","128.6314181","35.89353372","N"
"2019","2019-09-24 21","야","화","1","1","0","1","0","충북","제천시","차대차","정면충돌","정면충돌","신호위반","교차로","교차로내","이륜차","승용차","1063418","1906099","128.2141675","37.15146705","N"
"2019","2019-09-24 21","야","화","1","0","0","0","0","대전","유성구","차대사람","횡단중","횡단중","신호위반","교차로","교차로내","화물차","보행자","984732","1817349","127.3298333","36.35343374","N"
"2019","2019-09-24 23","야","화","1","0","0","0","0","경남","양산시","차량단독","공작물충돌","공작물충돌","안전운전 의무 불이행","단일로","기타단일로","승용차","없음","1147708","1706863","129.1254973","35.34646378","N"
"2019","2019-09-25 01","야","수","1","0","0","0","0","경기","고양시","차대차","정면충돌","정면충돌","신호위반","교차로","교차로내","이륜차","승합차","940974","1961231","126.8308851","37.64867087","N"
"2019","2019-09-25 02","야","수","1","0","0","0","0","서울","양천구","차대사람","횡단중","횡단중","안전운전 의무 불이행","교차로","교차로부근","승용차","보행자","945290","1948671","126.880747","37.53573498","N"
"2019","2019-09-25 03","야","수","1","0","0","0","0","전북","군산시","차대사람","횡단중","횡단중","보행자 보호의무 위반","교차로","교차로횡단보도내","승용차","보행자","926171","1775982","126.6810775","35.97780807","N"
"2019","2019-09-25 03","야","수","1","0","0","0","0","인천","남동구","차대차","추돌","추돌","안전운전 의무 불이행","단일로","기타단일로","승용차","화물차","929790","1933537","126.7067615","37.39828426","N"