"발생년","발생년월일시","주야","요일","사망자수","부상자수","중상자수","경상자수","부상신고자수","발생지시도","발생지시군구","사고유형_대분류","사고유형_중분류","사고유형","가해자법규위반","도로형태_대분류","도로형태","가해자_당사자종별","피해자_당사자종별","발생위치(X_UTMK)","발생위치(Y_UTMK)","경도","위도"," 어린이사고 여부"
"2019","2019-09-25 07","주","수","1","0","0","0","0","경기","광주시","차대사람","횡단중","횡단중","안전운전 의무 불이행","교차로","교차로내","화물차","보행자","982749","1924314","127.3053036","37.31764988","N"
"2019","2019-09-25 14","주","수","1","18","7","7","4","경기","의왕시","차량단독","공작물충돌","공작물충돌","안전운전 의무 불이행","단일로","기타단일로","승합차","없음","955710","1931555","126.9997134","37.38202146","Y"
"2019","2019-09-25 14","주","수","1","0","0","0","0","강원","삼척시","차량단독","전도","전도","안전운전 의무 불이행","교차로","교차로내","건설기계","없음","1163385.3","1916367.8","129.3418056","37.23185796","N"
"2019","2019-09-25 15","주","수","1","1","0","1","0","제주","서귀포시","차대차","측면충돌","측면충돌","신호위반","교차로","교차로내","화물차","승용차","922476.4","1476604.8","126.6675144","33.27803646","N"
"2019","2019-09-25 15","주","수","1","0","0","0","0","대구","동구","차대차","추돌","추돌","기타","교차로","교차로부근","자전거","화물차","1105508","1765060","128.668805","35.87644284","N"
"2019","2019-09-26 05","야","목","1","2","0","2","0","강원","속초시","차대차","추돌","추돌","안전운전 의무 불이행","단일로","지하차도(도로)내","이륜차","승용차","1093428","2018711","128.5664944","38.16379522","N"
"2019","2019-09-26 05","야","목","1","0","0","0","0","경남","진주시","차대사람","보도통행중","보도통행중","보행자 보호의무 위반","교차로","교차로횡단보도내","승용차","보행자","1056110","1687850","128.1162746","35.18438651","N"
"2019","2019-09-26 06","주","목","1","0","0","0","0","인천","서구","차대사람","차도통행중","차도통행중","안전운전 의무 불이행","교차로","교차로내","화물차","보행자","926719.4","1942396.3","126.6711927","37.4778937","N"
"2019","2019-09-26 09","주","목","1","0","0","0","0","전북","순창군","차대차","측면충돌","측면충돌","신호위반","교차로","교차로내","이륜차","승용차","967408","1709493","127.1411653","35.38057692","N"
"2019","2019-09-26 11","주","목","1","0","0","0","0","충남","천안시","차대차","추돌","추돌","안전운전 의무 불이행","단일로","기타단일로","화물차","화물차","968153","1863351","127.1431554","36.76773223","N"
"2019","2019-09-26 11","주","목","1","0","0","0","0","경남","진주시","차대차","측면충돌","측면충돌","기타","교차로","교차로내","이륜차","화물차","1054374","1680423","128.0967193","35.1175148","N"
"2019","2019-09-26 11","주","목","1","0","0","0","0","경남","창원시(통합)","차대사람","횡단중","횡단중","안전운전 의무 불이행","교차로","교차로내","승용차","보행자","1106817","1695001","128.6740549","35.24474066","N"
"2019","2019-09-26 16","주","목","1","0","0","0","0","경남","진주시","차대차","측면충돌","측면충돌","안전운전 의무 불이행","단일로","기타단일로","승용차","자전거","1055030","1690797","128.1046101","35.21101833","N"
"2019","2019-09-26 19","야","목","2","0","0","0","0","경기","이천시","차대차","기타","기타","안전운전 의무 불이행","단일로","기타단일로","승용차","원동기장치자전거","1008662","1904420","127.5975291","37.13844378","N"
"2019","2019-09-26 19","야","목","1","0","0","0","0","경기","남양주시","차대차","기타","기타","안전운전 의무 불이행","단일로","기타단일로","승용차","이륜차","971574","1967767","127.1775021","37.70903895","N"
"2019","2019-09-27 00","야","금","2","7","2","5","0","인천","남동구","차대차","추돌","추돌","안전운전 의무 불이행","단일로","기타단일로","화물차","화물차","932952.9","1938290.4","126.7420616","37.44136097","N"
"2019","2019-09-27 05","야","금","1","0","0","0","0","서울","서초구","차대사람","횡단중","횡단중","안전운전 의무 불이행","단일로","기타단일로","승용차","보행자","954663","1941945","126.9872489","37.47562022","N"
"2019","2019-09-27 08","주","금","1","0","0","0","0","전북","완주군","차대차","측면충돌","측면충돌","안전운전 의무 불이행","단일로","기타단일로","이륜차","화물차","963933","1769326","127.1002278","35.9199266","N"
"2019","2019-09-27 09","주","금","1","0","0","0","0","경북","청도군","차량단독","도로이탈","도로이탈 기타","안전운전 의무 불이행","단일로","기타단일로","화물차","없음","1115529","1739054","128.7760435","35.6408919","N"
"2019","2019-09-27 11","주","금","1","0","0","0","0","경기","하남시","차대차","기타","기타","안전운전 의무 불이행","교차로","교차로내","승용차","자전거","972375","1951231","127.1872148","37.5600191","N"
"2019","2019-09-27 12","주","금","1","0","0","0","0","경북","김천시","차량단독","공작물충돌","공작물충돌","안전운전 의무 불이행","기타","기타","농기계","없음","1068622","1788200","128.262231","36.08833478","N"
"2019","2019-09-27 13","주","금","1","0","0","0","0","경북","상주시","차대사람","횡단중","횡단중","보행자 보호의무 위반","교차로","교차로내","승용차","보행자","1060026","1824494","128.1695415","36.41609258","Y"
"2019","2019-09-27 14","주","금","1","0","0","0","0","서울","중랑구","차대차","측면충돌","측면충돌","안전운전 의무 불이행","단일로","기타단일로","자전거","승합차","963026","1955191","127.0811627","37.59538392","N"
"2019","2019-09-27 15","주","금","1","0","0","0","0","경남","창원시(통합)","차대차","측면충돌","측면충돌","신호위반","교차로","교차로내","이륜차","승용차","1096641","1691527","128.5618175","35.21445395","N"
"2019","2019-09-27 17","주","금","1","0","0","0","0","경북","안동시","차량단독","기타","기타","안전운전 의무 불이행","단일로","기타단일로","이륜차","없음","1116937","1837994","128.8062656","36.53252085","N"
"2019","2019-09-27 18","야","금","1","0","0","0","0","전남","함평군","차대차","추돌","추돌","안전운전 의무 불이행","단일로","기타단일로","화물차","승용차","907283","1671981","126.4834824","35.03860103","N"
"2019","2019-09-27 19","야","금","1","0","0","0","0","인천","남동구","차대차","측면충돌","측면충돌","신호위반","교차로","교차로내","승용차","이륜차","929460","1940514","126.7023665","37.46114219","N"
"2019","2019-09-28 01","야","토","1","0","0","0","0","전남","강진군","차대사람","기타","기타","안전운전 의무 불이행","단일로","기타단일로","화물차","보행자","936984","1635816","126.8118114","34.71479349","N"
"2019","2019-09-28 01","야","토","1","0","0","0","0","경북","상주시","차량단독","공작물충돌","공작물충돌","안전운전 의무 불이행","교차로","교차로부근","화물차","없음","1057218","1824448","128.1382189","36.4158494","N"
"2019","2019-09-28 01","야","토","1","1","0","1","0","인천","미추홀구","차대차","추돌","추돌","안전운전 의무 불이행","단일로","기타단일로","승용차","특수차","923301","1938889","126.6328995","37.44600598","N"
"2019","2019-09-28 05","야","토","1","0","0","0","0","전북","고창군","차대사람","길가장자리구역통행중","길가장자리구역통행중","안전운전 의무 불이행","단일로","기타단일로","승용차","보행자","924889","1724321","126.6716979","35.51196676","N"
"2019","2019-09-28 06","주","토","1","1","0","1","0","충남","공주시","차대차","추돌","추돌","안전운전 의무 불이행","단일로","기타단일로","특수차","건설기계","952390","1841438","126.967899","36.56953572","N"
"2019","2019-09-28 07","주","토","1","1","0","1","0","전남","여수시","차대차","정면충돌","정면충돌","중앙선 침범","단일로","기타단일로","승용차","승합차","1014784","1640241","127.6615364","34.75653387","N"
"2019","2019-09-28 08","주","토","1","0","0","0","0","경기","이천시","차대차","추돌","추돌","안전운전 의무 불이행","단일로","기타단일로","화물차","승용차","999386","1916298","127.4930769","37.24555362","N"
"2019","2019-09-28 10","주","토","1","3","2","1","0","전북","익산시","차대차","측면충돌","측면충돌","안전운전 의무 불이행","교차로","교차로내","화물차","승용차","952018","1774319","126.9678629","35.96442935","N"
"2019","2019-09-28 11","주","토","1","0","0","0","0","경기","양주시","차대차","추돌","추돌","안전운전 의무 불이행","단일로","지하차도(도로)내","승용차","사륜오토바이(ATV)","964069","1979869","127.0917592","37.81785107","N"
"2019","2019-09-28 13","주","토","1","0","0","0","0","강원","강릉시","차량단독","공작물충돌","공작물충돌","안전운전 의무 불이행","교차로","교차로부근","화물차","없음","1124127","1972987","128.9089485","37.74810722","N"
"2019","2019-09-28 16","주","토","1","0","0","0","0","전북","완주군","차대사람","기타","기타","안전운전 의무 불이행","단일로","기타단일로","화물차","보행자","979050","1776683","127.2675911","35.98669785","N"
"2019","2019-09-28 16","주","토","1","3","0","3","0","전남","나주시","차대차","측면충돌","측면충돌","기타","교차로","교차로내","승용차","승용차","924896","1669682","126.6767734","35.01933626","Y"
"2019","2019-09-28 20","야","토","1","0","0","0","0","충남","홍성군","차대사람","횡단중","횡단중","안전운전 의무 불이행","단일로","기타단일로","승용차","보행자","924251","1845298","126.6530559","36.60251174","N"
"2019","2019-09-28 21","야","토","1","1","1","0","0","충남","보령시","차대차","측면충돌","측면충돌","안전운전 의무 불이행","단일로","기타단일로","화물차","승용차","917162","1802146","126.5784092","36.21294338","N"
"2019","2019-09-29 11","주","일","1","0","0","0","0","서울","서대문구","차대차","측면충돌","측면충돌","안전거리 미확보","단일로","기타단일로","건설기계","이륜차","950798.8","1951572.8","126.9429027","37.56219988","N"
"2019","2019-09-29 12","주","일","1","0","0","0","0","강원","인제군","차대사람","기타","기타","안전운전 의무 불이행","단일로","기타단일로","화물차","보행자","1062053","2028159","128.2092015","38.25164581","N"
"2019","2019-09-29 13","주","일","1","0","0","0","0","충북","단양군","차량단독","공작물충돌","공작물충돌","안전운전 의무 불이행","기타","기타","이륜차","없음","1069571","1881229","128.2811526","36.92686286","N"
"2019","2019-09-29 14","주","일","1","0","0","0","0","전남","무안군","차대사람","기타","기타","안전운전 의무 불이행","단일로","기타단일로","화물차","보행자","890663","1663261","126.3024451","34.95832293","N"
"2019","2019-09-29 19","야","일","1","1","0","1","0","경기","안성시","차대차","정면충돌","정면충돌","중앙선 침범","단일로","기타단일로","승용차","화물차","990987","1897183","127.3986058","37.0732043","N"
"2019","2019-09-29 19","야","일","1","0","0","0","0","경기","성남시","차대사람","횡단중","횡단중","안전운전 의무 불이행","단일로","기타단일로","승용차","보행자","966817","1935901","127.1249767","37.42165886","N"
"2019","2019-09-29 20","야","일","1","0","0","0","0","경기","군포시","차대사람","기타","기타","안전운전 의무 불이행","단일로","기타단일로","승용차","보행자","951115","1929068","126.947976","37.35937407","N"
"2019","2019-09-29 21","야","일","1","0","0","0","0","경기","의정부시","차대사람","횡단중","횡단중","신호위반","단일로","기타단일로","승용차","보행자","965510","1967851","127.1087023","37.70958781","N"
"2019","2019-09-29 22","야","일","1","0","0","0","0","서울","마포구","차량단독","기타","기타","안전운전 의무 불이행","단일로","기타단일로","개인형이동수단(PM)","없음","950462","1949674","126.9392176","37.54506765","N"
"2019","2019-09-29 22","야","일","1","1","1","0","0","충남","부여군","차대차","기타","기타","과속","단일로","기타단일로","승용차","승용차","938589","1808910","126.8162404","36.27551867","N"
"2019","2019-09-30 01","야","월","1","0","0","0","0","인천","남동구","차대사람","차도통행중","차도통행중","과속","단일로","기타단일로","승용차","보행자","930652","1940722.7","126.7158243","37.46311338","N"
"2019","2019-09-30 05","야","월","1","0","0","0","0","강원","홍천군","차대차","추돌","추돌","과속","단일로","기타단일로","화물차","농기계","1023957.6","1959878.3","127.7715445","37.6380635","N"
"2019","2019-09-30 05","야","월","1","0","0","0","0","경기","고양시","차대차","정면충돌","정면충돌","안전운전 의무 불이행","교차로","교차로부근","화물차","이륜차","937632","1962637","126.7928828","37.66112183","N"
"2019","2019-09-30 06","주","월","1","0","0","0","0","충남","천안시","차대사람","기타","기타","기타","단일로","기타단일로","화물차","보행자","970108","1865974","127.1649579","36.79144124","N"
"2019","2019-09-30 07","주","월","1","0","0","0","0","전북","고창군","차대차","기타","기타","안전운전 의무 불이행","교차로","교차로내","화물차","화물차","910053","1709823.4","126.5097133","35.38003055","N"
"2019","2019-09-30 07","주","월","1","0","0","0","0","대전","서구","차대사람","횡단중","횡단중","보행자 보호의무 위반","교차로","교차로횡단보도내","승용차","보행자","989915","1816155","127.3876148","36.34273765","N"
"2019","2019-09-30 07","주","월","1","0","0","0","0","경기","동두천시","차대사람","횡단중","횡단중","안전운전 의무 불이행","단일로","기타단일로","승합차","보행자","961871","1996105","127.0659283","37.96409383","N"
"2019","2019-09-30 09","주","월","1","0","0","0","0","전북","전주시","차대사람","차도통행중","차도통행중","안전운전 의무 불이행","단일로","기타단일로","승용차","보행자","968675","1764417","127.1529811","35.87583089","N"
"2019","2019-09-30 09","주","월","1","0","0","0","0","경기","파주시","차량단독","공작물충돌","공작물충돌","안전운전 의무 불이행","교차로","교차로내","사륜오토바이(ATV)","없음","948833","1998073","126.9173659","37.98118911","N"
"2019","2019-09-30 19","야","월","2","2","0","1","1","전남","함평군","차대차","추돌","추돌","안전운전 의무 불이행","단일로","기타단일로","화물차","농기계","905634","1671208","126.4654938","35.03147892","N"
"2019","2019-09-30 22","야","월","1","0","0","0","0","서울","금천구","차대사람","횡단중","횡단중","신호위반","단일로","기타단일로","승용차","보행자","946703","1940747","126.897314","37.46439743","N"
"2019","2019-10-01 04","야","화","1","0","0","0","0","충남","천안시","차대차","추돌","추돌","안전운전 의무 불이행","단일로","기타단일로","승합차","농기계","969240","1872013","127.1549849","36.84585225","N"
"2019","2019-10-01 05","야","화","1","0","0","0","0","서울","영등포구","차대차","추돌","추돌","안전운전 의무 불이행","기타","기타","화물차","자전거","950178","1947106","126.936177","37.5219065","N"
"2019","2019-10-01 06","주","화","2","3","2","1","0","대전","대덕구","차대차","추돌","추돌","안전운전 의무 불이행","기타","기타","화물차","화물차","992684","1827987","127.4183605","36.44943215","N"
"2019","2019-10-01 08","주","화","1","2","0","2","0","서울","강서구","차대차","측면충돌","측면충돌","안전거리 미확보","단일로","기타단일로","이륜차","승용차","940604","1951746","126.8274612","37.56315983","N"
"2019","2019-10-01 10","주","화","1","0","0","0","0","서울","금천구","차대사람","횡단중","횡단중","보행자 보호의무 위반","교차로","교차로내","화물차","보행자","946784","1941504","126.8981752","37.47122511","N"
"2019","2019-10-01 15","주","화","1","0","0","0","0","경남","창원시(통합)","차량단독","공작물충돌","공작물충돌","안전운전 의무 불이행","단일로","기타단일로","화물차","없음","1099806","1707985","128.5985894","35.36251866","N"
"2019","2019-10-01 16","주","화","1","0","0","0","0","서울","은평구","차대차","측면충돌","측면충돌","기타","교차로","교차로내","원동기장치자전거","승용차","949424","1957212","126.9269472","37.61295197","N"
"2019","2019-10-01 17","주","화","1","3","2","1","0","충남","부여군","차대차","정면충돌","정면충돌","중앙선 침범","단일로","기타단일로","화물차","화물차","934335","1810195","126.768771","36.2868225","N"
"2019","2019-10-02 02","야","수","1","0","0","0","0","경기","의정부시","차대사람","기타","기타","안전운전 의무 불이행","단일로","기타단일로","승용차","보행자","958918","1971608","127.0337042","37.74317782","N"
"2019","2019-10-02 03","야","수","1","0","0","0","0","서울","서초구","차대차","측면충돌","측면충돌","신호위반","교차로","교차로내","승용차","이륜차","959453","1943015","127.0413621","37.48548723","N"
"2019","2019-10-02 05","야","수","1","0","0","0","0","전북","전주시","차량단독","공작물충돌","공작물충돌","안전운전 의무 불이행","단일로","기타단일로","이륜차","없음","964409","1758456","127.1059892","35.82194095","N"
"2019","2019-10-02 13","주","수","1","0","0","0","0","강원","원주시","차량단독","기타","기타","안전운전 의무 불이행","단일로","기타단일로","화물차","없음","1045835.6","1937160.5","128.0180924","37.43247116","N"
"2019","2019-10-02 18","야","수","1","0","0","0","0","충남","예산군","차대사람","기타","기타","안전운전 의무 불이행","기타","기타","승용차","보행자","925928","1856832","126.6706903","36.70661109","N"
"2019","2019-10-02 21","야","수","1","0","0","0","0","전북","완주군","차대사람","차도통행중","차도통행중","보행자 보호의무 위반","교차로","교차로부근","화물차","보행자","964364","1769457","127.1049991","35.92112349","N"
"2019","2019-10-02 22","야","수","1","0","0","0","0","충북","청주시","차대사람","차도통행중","차도통행중","안전운전 의무 불이행","단일로","기타단일로","승용차","보행자","999398","1851962","127.4932635","36.66559694","N"
"2019","2019-10-02 23","야","수","1","1","0","1","0","강원","횡성군","차대차","추돌","추돌","과속","단일로","기타단일로","승용차","승용차","1041814","1945451","127.9731074","37.50738728","N"
"2019","2019-10-03 00","야","목","1","0","0","0","0","서울","강남구","차대사람","기타","기타","안전운전 의무 불이행","단일로","기타단일로","승용차","보행자","959880","1944149","127.04613","37.49572707","N"
"2019","2019-10-03 00","야","목","1","0","0","0","0","인천","남동구","차대사람","횡단중","횡단중","과속","단일로","기타단일로","승용차","보행자","929869","1938973","126.7071375","37.44728448","N"
"2019","2019-10-03 02","야","목","1","0","0","0","0","인천","남동구","차대사람","횡단중","횡단중","과속","교차로","교차로부근","승용차","보행자","931891.6","1939088.2","126.7299914","37.44847395","N"
"2019","2019-10-03 06","주","목","1","0","0","0","0","광주","광산구","차대차","측면충돌","측면충돌","교차로 통행방법 위반","교차로","교차로내","이륜차","화물차","935892","1682916","126.7962696","35.13942019","N"
"2019","2019-10-03 09","주","목","2","0","0","0","0","충남","부여군","차량단독","도로이탈","도로이탈 추락","안전운전 의무 불이행","단일로","기타단일로","화물차","없음","940597","1811769","126.8383788","36.30141802","N"
"2019","2019-10-03 15","주","목","1","0","0","0","0","경남","김해시","차대차","측면충돌","측면충돌","신호위반","교차로","교차로내","승용차","이륜차","1124150","1694964","128.8645163","35.24240928","N"
"2019","2019-10-03 16","주","목","1","0","0","0","0","경남","의령군","차량단독","공작물충돌","공작물충돌","안전운전 의무 불이행","단일로","기타단일로","화물차","없음","1062580","1700451","128.1882917","35.29762013","N"
"2019","2019-10-03 18","야","목","1","0","0","0","0","경북","상주시","차대사람","길가장자리구역통행중","길가장자리구역통행중","안전운전 의무 불이행","단일로","기타단일로","화물차","보행자","1041477","1812787","127.9620255","36.31153363","N"
"2019","2019-10-03 21","야","목","2","0","0","0","0","전북","군산시","차대차","기타","기타","안전운전 의무 불이행","단일로","기타단일로","화물차","이륜차","929259","1774853","126.7154278","35.96785886","N"
"2019","2019-10-03 23","야","목","1","34","4","20","10","경기","용인시","차대차","측면충돌","측면충돌","신호위반","교차로","교차로내","승용차","승합차","967495.3","1918863.9","127.1333898","37.26811531","N"
"2019","2019-10-04 00","야","금","1","0","0","0","0","울산","중구","차량단독","공작물충돌","공작물충돌","안전운전 의무 불이행","교차로","교차로내","승합차","없음","1160061","1732067","129.2663443","35.57170989","N"
"2019","2019-10-04 05","야","금","1","0","0","0","0","경북","구미시","차대차","추돌","추돌","안전운전 의무 불이행","단일로","기타단일로","화물차","건설기계","1072786","1803478","128.3098946","36.22575989","N"
"2019","2019-10-04 08","주","금","1","0","0","0","0","전남","나주시","차량단독","공작물충돌","공작물충돌","안전운전 의무 불이행","교차로","교차로부근","건설기계","없음","931664","1659151","126.7518166","34.9248618","N"
"2019","2019-10-04 10","주","금","1","1","1","0","0","충북","영동군","차대차","정면충돌","정면충돌","중앙선 침범","단일로","기타단일로","승용차","건설기계","1017133","1800315","127.690579","36.1998327","N"
"2019","2019-10-04 10","주","금","1","0","0","0","0","전북","진안군","차량단독","도로이탈","도로이탈 기타","안전운전 의무 불이행","교차로","교차로내","화물차","없음","982637","1749709","127.3079708","35.74356816","N"
"2019","2019-10-04 12","주","금","1","1","1","0","0","경남","거창군","차대차","정면충돌","정면충돌","안전운전 의무 불이행","단일로","기타단일로","화물차","이륜차","1028168","1752890","127.8116395","35.77199853","N"
"2019","2019-10-04 14","주","금","1","0","0","0","0","충북","단양군","차대사람","횡단중","횡단중","안전운전 의무 불이행","기타","기타","승용차","보행자","1087902","1897994","128.4889058","37.07643548","N"
"2019","2019-10-04 17","주","금","1","0","0","0","0","울산","북구","차량단독","공작물충돌","공작물충돌","안전운전 의무 불이행","단일로","기타단일로","이륜차","없음","1175992","1737093","129.4431583","35.61429737","N"
"2019","2019-10-04 18","야","금","1","0","0","0","0","전남","함평군","차대사람","횡단중","횡단중","안전운전 의무 불이행","교차로","교차로부근","승용차","보행자","912572.2","1670591.4","126.5416103","35.02654416","N"
"2019","2019-10-04 18","야","금","1","0","0","0","0","경남","김해시","차대사람","기타","기타","안전운전 의무 불이행","단일로","기타단일로","승용차","보행자","1128582","1692804","128.9128772","35.22237936","N"
"2019","2019-10-04 18","야","금","1","0","0","0","0","경기","고양시","차대사람","횡단중","횡단중","안전운전 의무 불이행","교차로","교차로내","승용차","보행자","941398","1966697","126.8352519","37.69796196","N"
"2019","2019-10-04 18","야","금","1","0","0","0","0","경기","남양주시","차대사람","횡단중","횡단중","신호위반","교차로","교차로횡단보도내","이륜차","보행자","966043","1967818","127.1147507","37.70931029","N"
"2019","2019-10-04 20","야","금","1","0","0","0","0","강원","횡성군","차대사람","횡단중","횡단중","안전운전 의무 불이행","단일로","기타단일로","승용차","보행자","1026810","1943420","127.8032723","37.48963872","N"
"2019","2019-10-04 23","야","금","1","1","1","0","0","서울","동대문구","차대차","측면충돌","측면충돌","신호위반","교차로","교차로내","이륜차","승용차","961217","1953269","127.0607729","37.57798592","N"
"2019","2019-10-05 03","야","토","1","0","0","0","0","서울","성동구","차대사람","차도통행중","차도통행중","안전운전 의무 불이행","단일로","기타단일로","화물차","보행자","959349","1950231","127.0397864","37.55052297","N"
"2019","2019-10-05 08","주","토","1","6","4","2","0","충남","천안시","차량단독","공작물충돌","공작물충돌","과속","단일로","기타단일로","승합차","없음","971012","1868086","127.1750097","36.81050815","N"
"2019","2019-10-05 09","주","토","1","0","0","0","0","경기","여주시","차대사람","횡단중","횡단중","과속","단일로","기타단일로","승용차","보행자","1003705","1912369","127.5417556","37.21013013","N"
"2019","2019-10-05 10","주","토","1","0","0","0","0","경남","거창군","차량단독","도로이탈","도로이탈 추락","안전운전 의무 불이행","기타","기타","이륜차","없음","1032297","1750026","127.857205","35.74604929","N"
"2019","2019-10-05 18","야","토","1","0","0","0","0","경북","영천시","차대사람","횡단중","횡단중","안전운전 의무 불이행","교차로","교차로내","승용차","보행자","1119002","1778465","128.8202644","35.99572343","N"
"2019","2019-10-05 23","야","토","1","0","0","0","0","경기","수원시","차대사람","기타","기타","안전운전 의무 불이행","단일로","기타단일로","승합차","보행자","955946","1918837","127.0031344","37.26739782","N"
"2019","2019-10-06 02","야","일","1","0","0","0","0","경남","양산시","차대사람","기타","기타","안전운전 의무 불이행","교차로","교차로횡단보도내","승용차","보행자","1138570","1706136","129.0248451","35.3412212","N"
"2019","2019-10-06 12","주","일","1","1","1","0","0","전남","강진군","차대차","측면충돌","측면충돌","기타","교차로","교차로내","이륜차","화물차","933801","1634393","126.7771644","34.70176078","Y"
"2019","2019-10-06 14","주","일","1","0","0","0","0","서울","중구","차대사람","횡단중","횡단중","안전운전 의무 불이행","단일로","기타단일로","승합차","보행자","955680","1951987","126.9981446","37.56618101","N"
"2019","2019-10-06 18","야","일","1","0","0","0","0","경북","포항시","차대차","기타","기타","교차로 통행방법 위반","교차로","교차로내","승용차","원동기장치자전거","1171389","1777667","129.4010543","35.98073041","N"
"2019","2019-10-06 21","야","일","1","0","0","0","0","경기","여주시","차대사람","횡단중","횡단중","안전운전 의무 불이행","교차로","교차로부근","승용차","보행자","1003693","1912500","127.541621","37.21131103","N"
"2019","2019-10-06 21","야","일","1","0","0","0","0","경기","남양주시","차량단독","기타","기타","안전운전 의무 불이행","단일로","지하차도(도로)내","원동기장치자전거","없음","967387","1960868","127.1303093","37.64671735","N"
"2019","2019-10-07 05","야","월","1","0","0","0","0","서울","송파구","차대사람","차도통행중","차도통행중","안전운전 의무 불이행","단일로","기타단일로","승용차","보행자","967439","1944561","127.1316235","37.49973821","N"
"2019","2019-10-07 06","주","월","1","0","0","0","0","대구","북구","차대사람","횡단중","횡단중","과속","단일로","기타단일로","승용차","보행자","1099819","1764835","128.6057655","35.87501122","N"
"2019","2019-10-07 06","주","월","1","0","0","0","0","대구","달서구","차대사람","횡단중","횡단중","안전운전 의무 불이행","단일로","기타단일로","승용차","보행자","1090048","1762565","128.4972844","35.85549523","N"
"2019","2019-10-07 12","주","월","1","0","0","0","0","강원","양양군","차량단독","도로이탈","도로이탈 기타","안전운전 의무 불이행","단일로","기타단일로","화물차","없음","1090250","1998615","128.5276853","37.98302735","N"
"2019","2019-10-07 18","야","월","1","0","0","0","0","충남","공주시","차대사람","기타","기타","안전운전 의무 불이행","기타","기타","승용차","보행자","966246","1846024","127.1225521","36.61146843","N"
"2019","2019-10-07 18","야","월","1","0","0","0","0","경남","김해시","차대차","측면충돌","측면충돌","안전운전 의무 불이행","교차로","교차로횡단보도내","화물차","자전거","1123920","1692559","128.8616267","35.22075778","N"
"2019","2019-10-07 19","야","월","1","0","0","0","0","전남","순천시","차대사람","기타","기타","안전운전 의무 불이행","단일로","기타단일로","승용차","보행자","1001288","1661129","127.5141054","34.94500115","N"
"2019","2019-10-08 06","주","화","1","0","0","0","0","서울","강동구","차대사람","횡단중","횡단중","보행자 보호의무 위반","단일로","기타단일로","승용차","보행자","968144","1950186","127.1393553","37.55046346","N"
"2019","2019-10-08 11","주","화","1","6","0","1","5","충남","아산시","차대차","측면충돌","측면충돌","과속","교차로","교차로내","승용차","승합차","962103","1863869","127.0753412","36.77217913","N"
"2019","2019-10-08 12","주","화","1","0","0","0","0","전남","장성군","차대차","측면충돌","측면충돌","안전운전 의무 불이행","교차로","교차로부근","화물차","자전거","935542","1701654","126.7909597","35.30834744","N"
"2019","2019-10-08 13","주","화","1","0","0","0","0","울산","울주군","차대차","추돌","추돌","안전운전 의무 불이행","단일로","터널안","특수차","화물차","1161362","1732678","129.2808171","35.57700517","N"
"2019","2019-10-08 18","야","화","1","0","0","0","0","충남","논산시","차대사람","횡단중","횡단중","안전운전 의무 불이행","단일로","기타단일로","승용차","보행자","962265","1800571","127.0802464","36.20155638","N"
"2019","2019-10-09 00","야","수","1","0","0","0","0","경기","성남시","차대사람","기타","기타","안전운전 의무 불이행","단일로","기타단일로","이륜차","보행자","969574","1938392","127.1560321","37.44420649","N"
"2019","2019-10-09 00","야","수","1","0","0","0","0","경남","양산시","차대차","추돌","추돌","안전운전 의무 불이행","교차로","교차로부근","승용차","화물차","1138036","1705841","129.0189209","35.33863611","N"
"2019","2019-10-09 03","야","수","1","1","0","1","0","경기","평택시","차대차","추돌","추돌","안전운전 의무 불이행","단일로","기타단일로","화물차","화물차","964016","1903407","127.094894","37.12866032","N"
"2019","2019-10-09 06","주","수","1","0","0","0","0","서울","구로구","차대사람","기타","기타","과속","단일로","기타단일로","승용차","보행자","942083","1941991","126.8449759","37.47533177","N"
"2019","2019-10-09 14","주","수","1","0","0","0","0","강원","인제군","차량단독","공작물충돌","공작물충돌","과속","단일로","기타단일로","화물차","없음","1061473","2023537","128.2021726","38.21003284","N"
"2019","2019-10-09 18","야","수","1","1","1","0","0","충남","논산시","차대차","추돌","추돌","과속","단일로","기타단일로","화물차","농기계","966878","1813090","127.1310287","36.31458873","N"
"2019","2019-10-09 19","야","수","1","2","0","2","0","충북","청주시","차대차","기타","기타","안전운전 의무 불이행","단일로","지하차도(도로)내","승용차","농기계","1013069","1847802","127.6461732","36.62800521","N"
"2019","2019-10-09 19","야","수","1","0","0","0","0","충남","태안군","차량단독","도로이탈","도로이탈 추락","안전운전 의무 불이행","교차로","교차로부근","화물차","없음","887858","1876031","126.241709","36.87591184","N"
"2019","2019-10-09 19","야","수","1","2","0","2","0","전북","완주군","차대차","추돌","추돌","안전운전 의무 불이행","교차로","교차로부근","승용차","화물차","966214","1771945","127.1253989","35.94362064","Y"
"2019","2019-10-09 20","야","수","1","0","0","0","0","전북","군산시","차대차","추돌","추돌","안전운전 의무 불이행","단일로","기타단일로","승용차","자전거","923688.5","1771863.7","126.6539399","35.94049042","N"
"2019","2019-10-10 02","야","목","1","1","0","1","0","전남","여수시","차대차","추돌","추돌","안전운전 의무 불이행","단일로","기타단일로","승용차","화물차","1020678.2","1638343.7","127.725892","34.73932204","N"
"2019","2019-10-10 03","야","목","1","0","0","0","0","전북","익산시","차량단독","공작물충돌","공작물충돌","안전운전 의무 불이행","단일로","기타단일로","화물차","없음","948980","1769324","126.9344927","35.91924235","N"