"발생년","발생년월일시","주야","요일","사망자수","부상자수","중상자수","경상자수","부상신고자수","발생지시도","발생지시군구","사고유형_대분류","사고유형_중분류","사고유형","가해자법규위반","도로형태_대분류","도로형태","가해자_당사자종별","피해자_당사자종별","발생위치(X_UTMK)","발생위치(Y_UTMK)","경도","위도"," 어린이사고 여부"
"2019","2019-10-10 05","야","목","2","0","0","0","0","경북","포항시","차대사람","차도통행중","차도통행중","안전운전 의무 불이행","단일로","기타단일로","승용차","보행자","1172067","1774612","129.4079083","35.9530825","N"
"2019","2019-10-10 06","주","목","1","5","1","4","0","부산","강서구","차대차","추돌","추돌","안전거리 미확보","단일로","교량위","특수차","승용차","1127521","1686386","128.9002286","35.16466011","N"
"2019","2019-10-10 07","주","목","1","0","0","0","0","경기","고양시","차대사람","보도통행중","보도통행중","안전운전 의무 불이행","단일로","기타단일로","승합차","보행자","941762","1962342","126.8397286","37.65873445","N"
"2019","2019-10-10 12","주","목","1","1","0","1","0","전남","광양시","차대차","측면충돌","측면충돌","안전운전 의무 불이행","교차로","교차로횡단보도내","이륜차","화물차","1018435","1659802","127.7018589","34.93286802","N"
"2019","2019-10-10 16","주","목","1","0","0","0","0","인천","서구","차대사람","횡단중","횡단중","보행자 보호의무 위반","교차로","교차로횡단보도내","화물차","보행자","927352","1949694","126.6776254","37.54371579","N"
"2019","2019-10-10 17","주","목","1","0","0","0","0","전남","구례군","차대사람","횡단중","횡단중","과속","교차로","교차로내","화물차","보행자","998345","1690919","127.481816","35.21362667","N"
"2019","2019-10-10 19","야","목","1","0","0","0","0","충북","제천시","차대사람","기타","기타","안전운전 의무 불이행","단일로","기타단일로","승용차","보행자","1050926","1904563","128.0733944","37.13838609","N"
"2019","2019-10-10 20","야","목","1","0","0","0","0","경기","성남시","차량단독","공작물충돌","공작물충돌","안전운전 의무 불이행","교차로","교차로부근","승용차","없음","964791","1936049","127.102073","37.42291801","N"
"2019","2019-10-10 22","야","목","1","1","0","1","0","충남","예산군","차대차","추돌","추돌","안전운전 의무 불이행","교차로","교차로부근","화물차","승용차","940304","1857389","126.8315893","36.71264443","N"
"2019","2019-10-10 23","야","목","1","1","1","0","0","경남","고성군","차량단독","공작물충돌","공작물충돌","안전운전 의무 불이행","단일로","기타단일로","이륜차","없음","1085328","1672567","128.4355773","35.04453612","N"
"2019","2019-10-11 03","야","금","1","0","0","0","0","경기","이천시","차대차","추돌","추돌","안전운전 의무 불이행","단일로","기타단일로","승용차","화물차","998956","1916311","127.4882285","37.24567042","N"
"2019","2019-10-11 06","주","금","1","1","1","0","0","인천","옹진군","차대사람","차도통행중","차도통행중","안전운전 의무 불이행","단일로","기타단일로","승용차","보행자","756125","2000012","124.7237936","37.96733266","N"
"2019","2019-10-11 08","주","금","1","0","0","0","0","경기","김포시","차대차","기타","기타","기타","교차로","교차로부근","자전거","승용차","932107","1957117","126.7307594","37.61097991","N"
"2019","2019-10-11 08","주","금","1","1","0","1","0","경기","안산시","차대차","추돌","추돌","안전운전 의무 불이행","단일로","기타단일로","건설기계","화물차","945455","1930272","126.8839761","37.36991061","N"
"2019","2019-10-11 08","주","금","1","1","1","0","0","전북","고창군","차대차","측면충돌","측면충돌","중앙선 침범","단일로","지하차도(도로)내","건설기계","원동기장치자전거","912848","1718629","126.5395396","35.45966612","N"
"2019","2019-10-11 10","주","금","1","0","0","0","0","서울","금천구","차량단독","공작물충돌","공작물충돌","신호위반","교차로","교차로부근","승용차","없음","947210.3","1941437.8","126.9030008","37.47065289","N"
"2019","2019-10-11 13","주","금","1","0","0","0","0","부산","남구","차대사람","기타","기타","안전운전 의무 불이행","교차로","교차로내","승용차","보행자","1144551","1683080","129.0865857","35.13255531","N"
"2019","2019-10-11 15","주","금","1","0","0","0","0","경기","평택시","차대사람","횡단중","횡단중","안전운전 의무 불이행","단일로","기타단일로","화물차","보행자","960044","1885094","127.0511516","36.9634242","N"
"2019","2019-10-11 16","주","금","1","0","0","0","0","경기","김포시","차대차","측면충돌","측면충돌","안전운전 의무 불이행","단일로","기타단일로","승용차","이륜차","920462","1964902","126.5979851","37.68020713","N"
"2019","2019-10-11 19","야","금","1","0","0","0","0","충남","서천군","차대차","추돌","추돌","안전운전 의무 불이행","단일로","기타단일로","승용차","자전거","925664","1787253","126.6743947","36.07937721","N"
"2019","2019-10-11 20","야","금","1","0","0","0","0","서울","동대문구","차대차","측면충돌","측면충돌","신호위반","교차로","교차로내","승용차","이륜차","958557.6","1952844.3","127.0306795","37.57404209","N"
"2019","2019-10-11 20","야","금","1","0","0","0","0","충남","당진시","차대사람","길가장자리구역통행중","길가장자리구역통행중","안전운전 의무 불이행","단일로","기타단일로","승용차","보행자","929998","1880925","126.7140367","36.92409077","N"
"2019","2019-10-11 20","야","금","1","2","2","0","0","경북","청송군","차대사람","횡단중","횡단중","안전운전 의무 불이행","단일로","지하차도(도로)내","승용차","보행자","1150849","1810085","129.1795316","36.2762708","N"
"2019","2019-10-11 22","야","금","1","0","0","0","0","경기","평택시","차대사람","기타","기타","안전운전 의무 불이행","단일로","지하차도(도로)내","화물차","보행자","964718","1894051","127.1032367","37.04435132","N"
"2019","2019-10-12 03","야","토","1","6","3","3","0","인천","남동구","차대차","측면충돌","측면충돌","신호위반","교차로","교차로내","승용차","승용차","929916","1939246","126.7076429","37.44974856","N"
"2019","2019-10-12 07","주","토","1","0","0","0","0","서울","성동구","차대차","추돌","추돌","기타","교차로","교차로부근","승용차","자전거","960397","1948641","127.0517364","37.53623744","N"
"2019","2019-10-12 08","주","토","1","0","0","0","0","전남","순천시","차대사람","기타","기타","안전운전 의무 불이행","교차로","교차로부근","화물차","보행자","996504","1682930","127.4616221","35.14158373","N"
"2019","2019-10-12 09","주","토","1","0","0","0","0","충남","아산시","차대차","기타","기타","안전운전 의무 불이행","교차로","교차로내","건설기계","이륜차","958735","1865746","127.0375001","36.78895859","N"
"2019","2019-10-12 13","주","토","2","13","4","5","4","경기","이천시","차대차","추돌","추돌","안전거리 미확보","단일로","기타단일로","승합차","승용차","995024","1911445","127.4439263","37.20179518","N"
"2019","2019-10-12 13","주","토","1","0","0","0","0","전남","완도군","차량단독","공작물충돌","공작물충돌","안전운전 의무 불이행","단일로","기타단일로","농기계","없음","918354","1578641","126.6138387","34.19791839","N"
"2019","2019-10-12 16","주","토","1","0","0","0","0","전남","나주시","차량단독","도로이탈","도로이탈 추락","안전운전 의무 불이행","단일로","기타단일로","농기계","없음","925372","1661730","126.6827033","34.94767197","N"
"2019","2019-10-12 18","야","토","1","0","0","0","0","충북","보은군","차대사람","차도통행중","차도통행중","안전운전 의무 불이행","단일로","기타단일로","화물차","보행자","1028272","1827129","127.815455","36.44130818","N"
"2019","2019-10-12 19","야","토","1","1","0","1","0","경북","성주군","차대차","추돌","추돌","안전운전 의무 불이행","단일로","기타단일로","화물차","농기계","1071698","1769109","128.2946665","35.91600591","N"
"2019","2019-10-12 20","야","토","1","1","0","1","0","경북","구미시","차대사람","기타","기타","안전운전 의무 불이행","교차로","교차로부근","승용차","보행자","1078101","1792528","128.3679396","36.1266347","N"
"2019","2019-10-12 23","야","토","1","4","0","4","0","경기","평택시","차대차","추돌","추돌","안전운전 의무 불이행","단일로","기타단일로","화물차","특수차","943880","1889082","126.8692841","36.9985465","N"
"2019","2019-10-13 03","야","일","1","0","0","0","0","경남","창원시(통합)","차량단독","전도","전도","안전운전 의무 불이행","단일로","기타단일로","이륜차","없음","1107243","1692081","128.6783555","35.21837081","N"
"2019","2019-10-13 18","야","일","1","0","0","0","0","전남","영암군","차대사람","횡단중","횡단중","안전운전 의무 불이행","교차로","교차로부근","승용차","보행자","906017","1639169","126.4732916","34.74264614","N"
"2019","2019-10-14 00","야","월","1","0","0","0","0","경북","안동시","차량단독","도로이탈","도로이탈 추락","안전운전 의무 불이행","단일로","기타단일로","승용차","없음","1090627","1841225","128.5127925","36.56450097","N"
"2019","2019-10-14 04","야","월","1","0","0","0","0","대구","서구","차량단독","공작물충돌","공작물충돌","기타","단일로","기타단일로","화물차","없음","1093403","1763312","128.5345233","35.86191507","N"
"2019","2019-10-14 05","야","월","1","0","0","0","0","충북","충주시","차대사람","횡단중","횡단중","안전운전 의무 불이행","단일로","기타단일로","승용차","보행자","1038248","1895694","127.9302002","37.05904525","N"
"2019","2019-10-14 05","야","월","1","0","0","0","0","전남","광양시","차대사람","차도통행중","차도통행중","안전운전 의무 불이행","단일로","기타단일로","특수차","보행자","1012820.3","1657227.9","127.6403399","34.90974258","N"
"2019","2019-10-14 10","주","월","1","0","0","0","0","경기","안성시","차대차","측면충돌","측면충돌","기타","교차로","교차로내","화물차","사륜오토바이(ATV)","984403","1891611","127.3246532","37.0228901","N"
"2019","2019-10-14 12","주","월","1","0","0","0","0","서울","서대문구","차량단독","기타","기타","안전운전 의무 불이행","단일로","기타단일로","승용차","없음","948388","1953894","126.9154433","37.5829891","N"
"2019","2019-10-14 14","주","월","1","0","0","0","0","전남","곡성군","차대사람","기타","기타","안전운전 의무 불이행","단일로","기타단일로","화물차","보행자","976282.3","1681157.9","127.2396875","35.12533082","N"
"2019","2019-10-14 14","주","월","1","0","0","0","0","경기","의정부시","차대사람","횡단중","횡단중","안전운전 의무 불이행","교차로","교차로내","승용차","보행자","960214","1967924","127.0486154","37.71003106","N"
"2019","2019-10-14 18","야","월","1","0","0","0","0","충남","서천군","차대사람","횡단중","횡단중","안전운전 의무 불이행","단일로","기타단일로","승용차","보행자","928000","1779712","126.7010241","36.01157103","Y"
"2019","2019-10-14 19","야","월","1","0","0","0","0","전북","임실군","차대사람","기타","기타","안전운전 의무 불이행","단일로","기타단일로","승용차","보행자","986447","1722598","127.3505635","35.49918218","N"
"2019","2019-10-15 06","주","화","1","0","0","0","0","경북","칠곡군","차대차","추돌","추돌","안전운전 의무 불이행","단일로","기타단일로","승용차","농기계","1082480","1781386","128.4154333","36.02583073","N"
"2019","2019-10-15 10","주","화","1","0","0","0","0","강원","철원군","차량단독","공작물충돌","공작물충돌","과속","단일로","기타단일로","화물차","없음","997184","2016335","127.4678618","38.14721947","N"
"2019","2019-10-15 10","주","화","1","0","0","0","0","충남","논산시","차량단독","전도","전도","안전운전 의무 불이행","단일로","교량위","사륜오토바이(ATV)","없음","981708","1796242","127.2966239","36.16309088","N"
"2019","2019-10-15 10","주","화","1","0","0","0","0","인천","연수구","차대차","측면충돌","측면충돌","안전운전 의무 불이행","교차로","교차로부근","승용차","자전거","926384","1936150","126.6680234","37.42157044","N"
"2019","2019-10-15 11","주","화","1","0","0","0","0","충남","보령시","차량단독","전복","전복","안전운전 의무 불이행","단일로","기타단일로","화물차","없음","918024","1832514","126.5847995","36.4867621","N"
"2019","2019-10-15 17","주","화","1","0","0","0","0","경기","안산시","차대차","측면충돌","측면충돌","안전운전 의무 불이행","교차로","교차로내","자전거","화물차","935610","1921842","126.7735276","37.29329801","N"
"2019","2019-10-15 18","야","화","1","0","0","0","0","강원","원주시","차대사람","횡단중","횡단중","안전운전 의무 불이행","교차로","교차로부근","화물차","보행자","1040405","1934313","127.9565549","37.40705831","N"
"2019","2019-10-15 18","야","화","1","0","0","0","0","충남","태안군","차대사람","횡단중","횡단중","안전운전 의무 불이행","단일로","기타단일로","승용차","보행자","891644","1864986","126.2857552","36.77680916","N"
"2019","2019-10-15 19","야","화","1","0","0","0","0","전남","여수시","차대차","추돌","추돌","안전거리 미확보","단일로","기타단일로","승용차","농기계","1009642","1641110","127.6053628","34.76443189","N"
"2019","2019-10-16 07","주","수","1","3","3","0","0","충남","아산시","차대차","기타","기타","신호위반","교차로","교차로부근","승용차","승용차","961086","1880665","127.0630847","36.92354375","N"
"2019","2019-10-16 09","주","수","1","0","0","0","0","충남","당진시","차량단독","공작물충돌","공작물충돌","안전운전 의무 불이행","단일로","기타단일로","이륜차","없음","922754","1878388","126.63297","36.90065749","N"
"2019","2019-10-16 10","주","수","1","0","0","0","0","전남","여수시","차량단독","공작물충돌","공작물충돌","안전운전 의무 불이행","단일로","기타단일로","이륜차","없음","1007987","1652755","127.5873886","34.86945735","N"
"2019","2019-10-16 10","주","수","1","2","0","2","0","경기","화성시","차대차","추돌","추돌","안전거리 미확보","단일로","교량위","화물차","특수차","933686","1917263","126.7522303","37.25189114","N"
"2019","2019-10-16 10","주","수","1","0","0","0","0","광주","북구","차대사람","횡단중","횡단중","안전운전 의무 불이행","교차로","교차로내","화물차","보행자","948374","1687357","126.9330033","35.18018183","N"
"2019","2019-10-16 12","주","수","1","0","0","0","0","충남","논산시","차량단독","도로이탈","도로이탈 추락","안전운전 의무 불이행","단일로","기타단일로","이륜차","없음","973308","1801914","127.2030381","36.21403197","N"
"2019","2019-10-16 13","주","수","2","0","0","0","0","경남","거창군","차대차","정면충돌","정면충돌","중앙선 침범","단일로","기타단일로","승용차","승용차","1032039","1745709","127.8541792","35.70713487","N"
"2019","2019-10-16 14","주","수","1","0","0","0","0","강원","동해시","차대사람","횡단중","횡단중","안전운전 의무 불이행","기타","기타","승용차","보행자","1142127","1944149","129.1075894","37.48566009","Y"
"2019","2019-10-16 14","주","수","1","0","0","0","0","전북","임실군","차대차","측면충돌","측면충돌","안전운전 의무 불이행","단일로","기타단일로","원동기장치자전거","화물차","979362.3","1720045.9","127.2725124","35.47604877","N"
"2019","2019-10-16 14","주","수","1","0","0","0","0","인천","미추홀구","차대사람","기타","기타","안전운전 의무 불이행","교차로","교차로횡단보도내","화물차","보행자","926022","1941015","126.6634446","37.4653888","N"
"2019","2019-10-16 18","야","수","1","0","0","0","0","전북","김제시","차대사람","차도통행중","차도통행중","안전운전 의무 불이행","교차로","교차로내","승용차","보행자","945828","1757580","126.9003557","35.81319293","N"
"2019","2019-10-16 18","야","수","1","0","0","0","0","경남","함안군","차대사람","횡단중","횡단중","안전운전 의무 불이행","교차로","교차로횡단보도내","승용차","보행자","1093165","1698480","128.5244196","35.27746853","N"
"2019","2019-10-16 19","야","수","1","0","0","0","0","경기","안성시","차대사람","기타","기타","안전운전 의무 불이행","단일로","기타단일로","승용차","보행자","994294","1898448","127.4357992","37.08463336","N"
"2019","2019-10-16 19","야","수","1","0","0","0","0","충북","음성군","차대사람","횡단중","횡단중","안전운전 의무 불이행","교차로","교차로부근","화물차","보행자","1001698","1886211","127.5190774","36.97434018","N"
"2019","2019-10-16 19","야","수","1","0","0","0","0","경남","거제시","차대차","추돌","추돌","안전운전 의무 불이행","단일로","기타단일로","승용차","농기계","1105529","1660317","128.6554815","34.93218481","N"
"2019","2019-10-16 20","야","수","1","0","0","0","0","경남","김해시","차대사람","기타","기타","안전운전 의무 불이행","단일로","기타단일로","화물차","보행자","1114427","1701203","128.7585457","35.29981055","N"
"2019","2019-10-16 21","야","수","1","0","0","0","0","충북","충주시","차대사람","횡단중","횡단중","과속","교차로","교차로부근","승용차","보행자","1037707","1888009","127.9237304","36.98979346","N"
"2019","2019-10-17 04","야","목","1","2","1","1","0","서울","양천구","차대차","추돌","추돌","안전운전 의무 불이행","단일로","기타단일로","승용차","건설기계","940619","1947444","126.8279792","37.52438696","N"
"2019","2019-10-17 06","주","목","1","0","0","0","0","충남","청양군","차대차","측면충돌","측면충돌","중앙선 침범","단일로","기타단일로","농기계","승합차","951001","1826060","126.9533512","36.43083619","N"
"2019","2019-10-17 07","주","목","1","0","0","0","0","경기","의왕시","차대차","기타","기타","안전운전 의무 불이행","교차로","교차로횡단보도내","자전거","화물차","951954","1924555","126.9577424","37.31873995","N"
"2019","2019-10-17 15","주","목","1","0","0","0","0","경기","여주시","차대차","측면충돌","측면충돌","안전운전 의무 불이행","단일로","기타단일로","화물차","이륜차","1005719","1922251","127.5645294","37.29919666","N"
"2019","2019-10-17 17","주","목","1","0","0","0","0","강원","원주시","차대차","정면충돌","정면충돌","중앙선 침범","단일로","기타단일로","이륜차","화물차","1034467","1908086","127.8882436","37.17089393","N"
"2019","2019-10-17 20","야","목","1","0","0","0","0","경북","영천시","차대사람","차도통행중","차도통행중","안전운전 의무 불이행","단일로","기타단일로","승용차","보행자","1123730","1771799","128.8716661","35.93505137","N"
"2019","2019-10-17 20","야","목","1","0","0","0","0","대전","동구","차대사람","횡단중","횡단중","신호위반","교차로","교차로횡단보도내","승용차","보행자","994060.9","1816300.9","127.4338147","36.34408751","N"
"2019","2019-10-18 02","야","금","1","0","0","0","0","대구","달서구","차량단독","공작물충돌","공작물충돌","안전운전 의무 불이행","단일로","기타단일로","이륜차","없음","1091646","1762949","128.5150239","35.8588087","N"
"2019","2019-10-18 05","야","금","1","0","0","0","0","서울","동대문구","차대차","정면충돌","정면충돌","안전운전 의무 불이행","교차로","교차로내","승용차","자전거","959327","1952949","127.0393866","37.57502009","N"
"2019","2019-10-18 06","주","금","1","0","0","0","0","광주","서구","차대차","측면충돌","측면충돌","신호위반","교차로","교차로내","자전거","승용차","944215","1685251","126.8874706","35.1609703","N"
"2019","2019-10-18 08","주","금","1","9","0","9","0","제주","제주시","차대차","기타","기타","신호위반","교차로","교차로내","승용차","승합차","914622","1503202","126.5806565","33.51731362","N"
"2019","2019-10-18 10","주","금","1","0","0","0","0","충남","서천군","차대사람","횡단중","횡단중","보행자 보호의무 위반","단일로","기타단일로","화물차","보행자","926850","1786786","126.687609","36.07525725","N"
"2019","2019-10-18 11","주","금","1","0","0","0","0","충남","예산군","차대차","기타","기타","안전운전 의무 불이행","단일로","기타단일로","화물차","원동기장치자전거","938803","1859608","126.8146061","36.7325514","N"
"2019","2019-10-18 12","주","금","1","0","0","0","0","대구","달서구","차대차","측면충돌","측면충돌","안전운전 의무 불이행","기타","기타","승용차","승용차","1092308","1762277","128.5222771","35.85268865","N"
"2019","2019-10-18 16","주","금","1","0","0","0","0","충남","천안시","차량단독","전도","전도","안전운전 의무 불이행","단일로","기타단일로","이륜차","없음","980832","1862639","127.2852399","36.76165503","N"
"2019","2019-10-18 16","주","금","1","0","0","0","0","전북","부안군","차대차","측면충돌","측면충돌","기타","교차로","교차로내","이륜차","승용차","930578","1749661","126.7322482","35.74083893","N"
"2019","2019-10-18 18","야","금","1","0","0","0","0","충남","서천군","차량단독","도로이탈","도로이탈 추락","안전운전 의무 불이행","단일로","기타단일로","농기계","없음","922480","1791464","126.6386212","36.11708962","N"
"2019","2019-10-18 18","야","금","1","0","0","0","0","전남","구례군","차대사람","횡단중","횡단중","보행자 보호의무 위반","단일로","기타단일로","승합차","보행자","1002226","1689204","127.5244532","35.19816118","N"
"2019","2019-10-18 23","야","금","1","0","0","0","0","경기","구리시","차량단독","전복","전복","안전운전 의무 불이행","기타","기타","승용차","없음","970657","1954983","127.1676127","37.59378423","N"
"2019","2019-10-19 05","야","토","1","0","0","0","0","강원","속초시","차대사람","횡단중","횡단중","안전운전 의무 불이행","교차로","교차로횡단보도내","승용차","보행자","1094397","2021970","128.5779865","38.19306119","N"
"2019","2019-10-19 06","주","토","1","0","0","0","0","충북","단양군","차대차","추돌","추돌","안전운전 의무 불이행","단일로","기타단일로","화물차","화물차","1080364","1879801","128.4021734","36.91313296","N"
"2019","2019-10-19 11","주","토","1","0","0","0","0","경기","의정부시","차량단독","공작물충돌","공작물충돌","안전운전 의무 불이행","교차로","교차로내","이륜차","없음","959971","1973299","127.0455626","37.75846548","N"
"2019","2019-10-19 15","주","토","1","4","0","4","0","경북","문경시","차대차","추돌","추돌","안전운전 의무 불이행","단일로","기타단일로","승용차","승용차","1055124","1855550","128.1170887","36.69634346","N"
"2019","2019-10-19 16","주","토","1","1","1","0","0","전북","무주군","차대차","측면충돌","측면충돌","과속","교차로","교차로내","승용차","원동기장치자전거","1012195","1769714","127.6351785","35.92401427","N"
"2019","2019-10-19 17","주","토","1","0","0","0","0","경기","시흥시","차대차","측면충돌","측면충돌","신호위반","교차로","교차로내","화물차","승용차","929329","1925778","126.7022942","37.32831735","N"
"2019","2019-10-19 18","야","토","1","0","0","0","0","전북","익산시","차대사람","기타","기타","안전운전 의무 불이행","단일로","기타단일로","화물차","보행자","961723","1778199","127.0753043","35.99983935","N"
"2019","2019-10-19 19","야","토","1","0","0","0","0","부산","기장군","차대차","측면충돌","측면충돌","안전운전 의무 불이행","단일로","기타단일로","승용차","승용차","1149444","1707932","129.1447901","35.35584049","N"
"2019","2019-10-19 19","야","토","1","1","1","0","0","전북","고창군","차대차","추돌","추돌","과속","기타","기타","승용차","화물차","916506","1703597","126.5813862","35.32445625","N"
"2019","2019-10-20 02","야","일","1","0","0","0","0","인천","미추홀구","차대사람","차도통행중","차도통행중","과속","단일로","기타단일로","이륜차","보행자","928321","1940006","126.6895378","37.45647604","N"
"2019","2019-10-20 09","주","일","1","0","0","0","0","제주","서귀포시","차대차","측면충돌","측면충돌","안전거리 미확보","단일로","기타단일로","승용차","승용차","908757.6","1473310.7","126.5205443","33.24725428","N"
"2019","2019-10-20 11","주","일","2","1","0","1","0","경기","평택시","차대차","측면충돌","측면충돌","신호위반","교차로","교차로내","이륜차","승용차","947323","1879068","126.9086753","36.90847941","N"
"2019","2019-10-20 14","주","일","1","0","0","0","0","충남","청양군","차량단독","도로이탈","도로이탈 기타","안전운전 의무 불이행","교차로","교차로부근","승용차","없음","949552","1821763","126.9374658","36.39202411","N"
"2019","2019-10-20 18","야","일","1","0","0","0","0","전북","남원시","차대사람","횡단중","횡단중","과속","교차로","교차로내","이륜차","보행자","975429","1705169","127.2296047","35.34181826","N"
"2019","2019-10-20 21","야","일","1","0","0","0","0","전북","고창군","차량단독","기타","기타","안전운전 의무 불이행","단일로","기타단일로","승용차","없음","913092.1","1723422.1","126.5417166","35.50289949","N"
"2019","2019-10-21 02","야","월","1","0","0","0","0","충남","당진시","차량단독","공작물충돌","공작물충돌","안전운전 의무 불이행","단일로","기타단일로","이륜차","없음","924044","1877356","126.6475513","36.89146024","N"
"2019","2019-10-21 02","야","월","1","0","0","0","0","충남","천안시","차대차","기타","기타","안전운전 의무 불이행","단일로","기타단일로","화물차","승용차","969913","1860975","127.1629696","36.74637095","N"
"2019","2019-10-21 05","야","월","1","0","0","0","0","경남","양산시","차대사람","기타","기타","안전운전 의무 불이행","교차로","교차로부근","승용차","보행자","1139164","1705849","129.0313307","35.33855164","N"
"2019","2019-10-21 05","야","월","1","0","0","0","0","제주","서귀포시","차대사람","기타","기타","안전운전 의무 불이행","교차로","교차로내","승용차","보행자","914614.1","1475019.5","126.5832436","33.26314488","N"
"2019","2019-10-21 05","야","월","1","0","0","0","0","경기","의정부시","차대사람","횡단중","횡단중","안전운전 의무 불이행","교차로","교차로횡단보도내","승용차","보행자","960092","1968587","127.047195","37.71600141","N"
"2019","2019-10-21 11","주","월","3","0","0","0","0","경북","상주시","차대사람","기타","기타","안전운전 의무 불이행","단일로","기타단일로","화물차","보행자","1066102","1818195","128.2367735","36.35891032","N"
"2019","2019-10-21 14","주","월","1","0","0","0","0","전북","고창군","차대차","추돌","추돌","안전운전 의무 불이행","단일로","기타단일로","화물차","농기계","923745.7","1715860.5","126.659885","35.43560169","N"
"2019","2019-10-21 15","주","월","1","0","0","0","0","경북","상주시","차량단독","전도","전도","안전운전 의무 불이행","단일로","기타단일로","건설기계","없음","1053499","1821975","128.0965682","36.3937702","N"
"2019","2019-10-21 16","주","월","2","0","0","0","0","충북","괴산군","차량단독","공작물충돌","공작물충돌","과속","교차로","교차로내","승용차","없음","1044779","1862407","128.0016875","36.75869976","N"
"2019","2019-10-21 17","주","월","1","0","0","0","0","서울","강남구","차량단독","공작물충돌","공작물충돌","안전운전 의무 불이행","단일로","기타단일로","이륜차","없음","962470","1944382","127.0754175","37.49793613","N"
"2019","2019-10-21 20","야","월","2","0","0","0","0","전북","부안군","차대차","측면충돌","측면충돌","기타","교차로","교차로내","이륜차","승용차","936214","1747862","126.7947165","35.72500134","N"
"2019","2019-10-21 20","야","월","4","2","2","0","0","경기","연천군","차대차","측면충돌","측면충돌","과속","교차로","교차로내","승용차","승용차","962229","2006425","127.0694601","38.05711913","N"
"2019","2019-10-21 21","야","월","1","0","0","0","0","경북","구미시","차대사람","횡단중","횡단중","안전운전 의무 불이행","교차로","교차로내","승용차","보행자","1072426","1806256","128.3061463","36.25082974","N"
"2019","2019-10-22 06","주","화","1","0","0","0","0","부산","남구","차대차","측면충돌","측면충돌","안전운전 의무 불이행","단일로","기타단일로","승용차","화물차","1144090","1681239","129.0812067","35.11602701","N"
"2019","2019-10-22 06","주","화","1","0","0","0","0","경기","안산시","차대사람","횡단중","횡단중","신호위반","교차로","교차로내","승용차","보행자","939328","1924031","126.8152938","37.3132782","N"
"2019","2019-10-22 06","주","화","1","0","0","0","0","강원","춘천시","차대사람","횡단중","횡단중","보행자 보호의무 위반","교차로","교차로횡단보도내","승용차","보행자","1019833","1984577","127.7254695","37.86077652","N"
"2019","2019-10-22 06","주","화","1","0","0","0","0","충북","음성군","차대사람","횡단중","횡단중","안전운전 의무 불이행","단일로","지하차도(도로)내","승합차","보행자","1006325","1887083","127.5710699","36.98218105","N"
"2019","2019-10-22 08","주","화","1","0","0","0","0","충남","보령시","차대사람","횡단중","횡단중","보행자 보호의무 위반","교차로","교차로횡단보도내","화물차","보행자","918733","1817285","126.5943096","36.34954557","N"
"2019","2019-10-22 13","주","화","1","0","0","0","0","충남","예산군","차대차","측면충돌","측면충돌","기타","교차로","교차로내","화물차","이륜차","932137","1854738","126.7403861","36.68819952","N"
"2019","2019-10-22 15","주","화","1","1","0","1","0","울산","울주군","차량단독","공작물충돌","공작물충돌","안전운전 의무 불이행","교차로","교차로내","승용차","없음","1163115","1707773","129.2951591","35.35226657","N"
"2019","2019-10-22 18","야","화","1","1","1","0","0","강원","화천군","차대차","추돌","추돌","안전운전 의무 불이행","단일로","기타단일로","승용차","농기계","1027299","2002894","127.8110401","38.02567187","N"
"2019","2019-10-22 19","야","화","1","0","0","0","0","경기","양평군","차대차","정면충돌","정면충돌","교차로 통행방법 위반","교차로","교차로내","승용차","이륜차","1000183","1943357","127.5020701","37.48946009","N"
"2019","2019-10-22 19","야","화","1","0","0","0","0","제주","서귀포시","차대사람","횡단중","횡단중","안전운전 의무 불이행","단일로","기타단일로","승용차","보행자","934941.7","1488930.8","126.8004752","33.39003167","N"
"2019","2019-10-22 19","야","화","1","0","0","0","0","울산","울주군","차대사람","기타","기타","안전운전 의무 불이행","단일로","기타단일로","화물차","보행자","1143362","1743312","129.0841282","35.67562085","N"
"2019","2019-10-23 02","야","수","1","0","0","0","0","서울","강서구","차대사람","횡단중","횡단중","과속","단일로","기타단일로","승용차","보행자","942318","1950122","126.8469953","37.54863168","N"
"2019","2019-10-23 05","야","수","1","0","0","0","0","경기","성남시","차대사람","횡단중","횡단중","과속","단일로","기타단일로","승용차","보행자","965352","1933851","127.1085163","37.40312732","N"
"2019","2019-10-23 08","주","수","1","0","0","0","0","서울","노원구","차대차","추돌","추돌","안전운전 의무 불이행","단일로","터널안","화물차","화물차","962883","1964606","127.0790644","37.68023755","N"
"2019","2019-10-23 10","주","수","1","0","0","0","0","울산","북구","차대차","측면충돌","측면충돌","신호위반","교차로","교차로내","이륜차","화물차","1167847","1739869","129.3538487","35.64073065","N"
"2019","2019-10-23 12","주","수","1","0","0","0","0","경북","경주시","차대차","측면충돌","측면충돌","안전운전 의무 불이행","교차로","교차로내","원동기장치자전거","화물차","1164186","1743737","129.3142202","35.67620425","N"
"2019","2019-10-23 14","주","수","1","0","0","0","0","전남","해남군","차대차","추돌","추돌","안전운전 의무 불이행","단일로","기타단일로","이륜차","화물차","899349.7","1620515.3","126.4026861","34.57382329","N"
"2019","2019-10-23 18","야","수","1","2","0","1","1","경기","용인시","차대차","측면충돌","측면충돌","안전운전 의무 불이행","교차로","교차로내","승용차","승용차","964749","1921925","127.1022707","37.29560743","N"