"발생년","발생년월일시","주야","요일","사망자수","부상자수","중상자수","경상자수","부상신고자수","발생지시도","발생지시군구","사고유형_대분류","사고유형_중분류","사고유형","가해자법규위반","도로형태_대분류","도로형태","가해자_당사자종별","피해자_당사자종별","발생위치(X_UTMK)","발생위치(Y_UTMK)","경도","위도"," 어린이사고 여부"
"2019","2019-10-23 20","야","수","1","0","0","0","0","서울","성동구","차대사람","횡단중","횡단중","안전운전 의무 불이행","단일로","기타단일로","승용차","보행자","958875","1949679","127.0344514","37.5455266","N"
"2019","2019-10-23 23","야","수","1","1","1","0","0","서울","강북구","차대차","측면충돌","측면충돌","신호위반","교차로","교차로내","이륜차","화물차","958871","1959659","127.0338454","37.63547845","N"
"2019","2019-10-23 23","야","수","1","0","0","0","0","서울","송파구","차대사람","기타","기타","안전운전 의무 불이행","단일로","기타단일로","승용차","보행자","966274","1946295","127.118364","37.51532571","N"
"2019","2019-10-24 00","야","목","1","0","0","0","0","서울","영등포구","차대사람","기타","기타","과속","단일로","기타단일로","승용차","보행자","949231","1947566","126.9254288","37.52600092","N"
"2019","2019-10-24 08","주","목","1","5","0","5","0","경기","용인시","차대차","추돌","추돌","안전운전 의무 불이행","단일로","기타단일로","화물차","화물차","967053","1925379","127.1281124","37.32682547","N"
"2019","2019-10-24 10","주","목","1","0","0","0","0","전남","무안군","차대차","측면충돌","측면충돌","안전운전 의무 불이행","단일로","기타단일로","화물차","이륜차","890260.2","1680284.5","126.2957846","35.11175294","N"
"2019","2019-10-24 13","주","목","1","1","1","0","0","전남","강진군","차대차","정면충돌","정면충돌","신호위반","교차로","교차로내","이륜차","승용차","937420","1634713","126.8166544","34.70487429","N"
"2019","2019-10-24 16","주","목","1","0","0","0","0","충남","아산시","차대차","기타","기타","안전운전 의무 불이행","기타","기타","승용차","승용차","959944","1870739","127.0507874","36.83401959","N"
"2019","2019-10-24 18","야","목","1","1","0","1","0","충남","아산시","차대차","추돌","추돌","안전운전 의무 불이행","단일로","기타단일로","화물차","농기계","954429","1862249","126.989449","36.75723774","N"
"2019","2019-10-24 18","야","목","1","0","0","0","0","충남","당진시","차대사람","기타","기타","안전운전 의무 불이행","단일로","기타단일로","승용차","보행자","930121","1867827","126.7166238","36.8060373","N"
"2019","2019-10-24 18","야","목","1","0","0","0","0","전북","군산시","차대차","추돌","추돌","안전운전 의무 불이행","단일로","기타단일로","승용차","자전거","930078","1773327","126.7246449","35.95416074","N"
"2019","2019-10-24 19","야","목","1","0","0","0","0","충남","천안시","차대사람","횡단중","횡단중","안전운전 의무 불이행","교차로","교차로부근","승합차","보행자","966751","1867290","127.1272744","36.80319245","N"
"2019","2019-10-24 19","야","목","1","0","0","0","0","경남","진주시","차량단독","공작물충돌","공작물충돌","안전운전 의무 불이행","단일로","기타단일로","이륜차","없음","1054772","1682082","128.1011968","35.13245202","N"
"2019","2019-10-24 19","야","목","1","0","0","0","0","경남","창녕군","차대차","추돌","추돌","안전운전 의무 불이행","단일로","기타단일로","화물차","자전거","1089009","1728532","128.4820091","35.54878069","N"
"2019","2019-10-25 00","야","금","1","0","0","0","0","경기","수원시","차대사람","기타","기타","안전운전 의무 불이행","단일로","기타단일로","승용차","보행자","951979","1919796","126.9583322","37.27584565","N"
"2019","2019-10-25 00","야","금","1","3","0","3","0","경북","영천시","차대차","추돌","추돌","안전운전 의무 불이행","단일로","기타단일로","화물차","화물차","1125331","1782644","128.891125","36.03259659","N"
"2019","2019-10-25 00","야","금","1","1","0","1","0","광주","서구","차대사람","횡단중","횡단중","과속","교차로","교차로내","승용차","보행자","942619","1681352","126.870218","35.12572439","N"
"2019","2019-10-25 01","야","금","1","0","0","0","0","충북","청주시","차대차","기타","기타","안전운전 의무 불이행","단일로","기타단일로","화물차","화물차","993593.3","1841550.2","127.4283949","36.57171316","N"
"2019","2019-10-25 07","주","금","1","16","5","8","3","서울","송파구","차대차","측면충돌","측면충돌","신호위반","교차로","교차로내","승합차","승용차","968157","1945366","127.1397115","37.50701911","N"
"2019","2019-10-25 07","주","금","1","1","1","0","0","부산","사하구","차대사람","횡단중","횡단중","신호위반","교차로","교차로횡단보도내","승용차","보행자","1136322","1678382","128.9955187","35.09135532","N"
"2019","2019-10-25 11","주","금","1","0","0","0","0","전북","김제시","차대사람","횡단중","횡단중","안전운전 의무 불이행","교차로","교차로부근","승용차","보행자","944979","1758022","126.8909279","35.81713063","N"
"2019","2019-10-25 11","주","금","1","0","0","0","0","경남","진주시","차대차","측면충돌","측면충돌","신호위반","교차로","교차로부근","건설기계","자전거","1053472","1688015","128.0873127","35.18601822","N"
"2019","2019-10-25 11","주","금","1","0","0","0","0","경남","고성군","차량단독","도로이탈","도로이탈 추락","안전운전 의무 불이행","단일로","기타단일로","이륜차","없음","1064808","1675116","128.2108031","35.06904592","N"
"2019","2019-10-25 11","주","금","1","0","0","0","0","인천","남동구","차대사람","길가장자리구역통행중","길가장자리구역통행중","안전운전 의무 불이행","교차로","교차로부근","화물차","보행자","933353","1939270","126.7464957","37.45021899","N"
"2019","2019-10-25 12","주","금","1","0","0","0","0","충남","논산시","차대차","정면충돌","정면충돌","중앙선 침범","교차로","교차로횡단보도내","화물차","화물차","963845","1790980","127.0982628","36.11514923","N"
"2019","2019-10-25 13","주","금","1","0","0","0","0","전남","여수시","차대사람","횡단중","횡단중","안전운전 의무 불이행","교차로","교차로내","승용차","보행자","1012640.4","1642047.7","127.6381417","34.77285508","N"
"2019","2019-10-25 14","주","금","1","0","0","0","0","경기","화성시","차대차","기타","기타","안전운전 의무 불이행","단일로","기타단일로","건설기계","승용차","947569","1920506","126.9085405","37.28200719","N"
"2019","2019-10-25 14","주","금","1","0","0","0","0","경기","부천시","차대차","측면충돌","측면충돌","신호위반","교차로","교차로내","자전거","화물차","936214","1947970","126.7780852","37.52883359","N"
"2019","2019-10-25 14","주","금","1","0","0","0","0","전남","화순군","차대사람","횡단중","횡단중","안전운전 의무 불이행","교차로","교차로내","화물차","보행자","953715","1673980","126.9924089","35.05982305","N"
"2019","2019-10-25 15","주","금","1","8","1","7","0","경기","화성시","차대차","측면충돌","측면충돌","안전운전 의무 불이행","교차로","교차로내","승용차","승합차","948619.1","1904418.2","126.9214939","37.13705601","Y"
"2019","2019-10-25 17","주","금","1","0","0","0","0","전남","해남군","차량단독","기타","기타","안전운전 의무 불이행","단일로","기타단일로","사륜오토바이(ATV)","없음","909792.4","1613788.1","126.5172326","34.51413591","N"
"2019","2019-10-25 18","야","금","1","0","0","0","0","전북","정읍시","차대사람","횡단중","횡단중","과속","단일로","기타단일로","승합차","보행자","941590.8","1732391.9","126.8552863","35.5858584","N"
"2019","2019-10-25 18","야","금","1","0","0","0","0","전남","진도군","차대사람","횡단중","횡단중","안전운전 의무 불이행","단일로","기타단일로","승용차","보행자","886962","1610049","126.2690478","34.47816985","N"
"2019","2019-10-25 19","야","금","1","0","0","0","0","부산","사하구","차대사람","기타","기타","안전운전 의무 불이행","단일로","지하차도(도로)내","승합차","보행자","1134147","1676233","128.971317","35.07227543","Y"
"2019","2019-10-25 19","야","금","1","0","0","0","0","경남","진주시","차대차","추돌","추돌","안전거리 미확보","단일로","기타단일로","화물차","농기계","1063085","1686082","128.1927433","35.16803128","N"
"2019","2019-10-25 20","야","금","1","2","1","1","0","충북","제천시","차대차","측면충돌","측면충돌","신호위반","교차로","교차로내","승용차","특수차","1061648","1907658","128.1943649","37.16563756","N"
"2019","2019-10-25 23","야","금","1","0","0","0","0","경북","구미시","차대차","측면충돌","측면충돌","신호위반","교차로","교차로내","이륜차","승합차","1077720","1788100","128.3632691","36.08674796","N"
"2019","2019-10-26 02","야","토","1","0","0","0","0","대전","서구","차대사람","기타","기타","안전운전 의무 불이행","단일로","기타단일로","승용차","보행자","988287","1817255","127.3694562","36.35263614","N"
"2019","2019-10-26 05","야","토","1","0","0","0","0","부산","부산진구","차대사람","횡단중","횡단중","과속","단일로","기타단일로","승용차","보행자","1139241","1686662","129.0289262","35.16559237","N"
"2019","2019-10-26 07","주","토","1","0","0","0","0","서울","서대문구","차대사람","차도통행중","차도통행중","안전운전 의무 불이행","단일로","기타단일로","승합차","보행자","951056","1954390","126.9456266","37.58760538","N"
"2019","2019-10-26 07","주","토","1","0","0","0","0","전남","여수시","차대차","측면충돌","측면충돌","기타","단일로","기타단일로","이륜차","승용차","1021963","1648953","127.7402045","34.83496646","N"
"2019","2019-10-26 11","주","토","1","1","1","0","0","전북","진안군","차량단독","공작물충돌","공작물충돌","중앙선 침범","단일로","기타단일로","승용차","없음","984794","1746349","127.3318901","35.71330906","N"
"2019","2019-10-26 12","주","토","1","0","0","0","0","전북","부안군","차량단독","공작물충돌","공작물충돌","안전운전 의무 불이행","교차로","교차로내","승용차","없음","937391","1747043","126.8077936","35.71769305","N"
"2019","2019-10-26 12","주","토","2","1","0","1","0","경북","의성군","차대차","정면충돌","정면충돌","중앙선 침범","단일로","기타단일로","화물차","건설기계","1107448","1810392","128.6964674","36.2848482","N"
"2019","2019-10-26 15","주","토","1","0","0","0","0","인천","계양구","차대사람","횡단중","횡단중","보행자 보호의무 위반","교차로","교차로횡단보도내","화물차","보행자","933062","1949662","126.7422601","37.54385984","N"
"2019","2019-10-26 19","야","토","1","0","0","0","0","전남","광양시","차량단독","전도","전도","안전운전 의무 불이행","단일로","기타단일로","이륜차","없음","1018874","1661696","127.7067086","34.94993902","N"
"2019","2019-10-26 23","야","토","1","3","1","2","0","경기","시흥시","차대차","정면충돌","정면충돌","안전운전 의무 불이행","단일로","기타단일로","승용차","화물차","932092","1925454","126.7335089","37.32560324","N"
"2019","2019-10-27 02","야","일","1","0","0","0","0","충남","천안시","차대사람","기타","기타","안전운전 의무 불이행","단일로","기타단일로","승용차","보행자","979254","1863616","127.2675334","36.77042918","N"
"2019","2019-10-27 03","야","일","1","0","0","0","0","경기","성남시","차대사람","횡단중","횡단중","안전운전 의무 불이행","교차로","교차로내","승용차","보행자","967137","1935002","127.1286332","37.41356705","N"
"2019","2019-10-27 07","주","일","1","1","0","1","0","전남","고흥군","차대차","추돌","추돌","안전운전 의무 불이행","단일로","기타단일로","화물차","농기계","992191","1616692","127.4148927","34.5442474","N"
"2019","2019-10-27 07","주","일","1","0","0","0","0","경남","거제시","차대차","추돌","추돌","안전운전 의무 불이행","단일로","기타단일로","이륜차","승용차","1099065","1656120","128.5842184","34.89499734","N"
"2019","2019-10-27 09","주","일","1","0","0","0","0","전남","화순군","차대사람","기타","기타","안전운전 의무 불이행","단일로","기타단일로","승용차","보행자","946172","1666055","126.9102046","34.98798957","N"
"2019","2019-10-27 09","주","일","1","0","0","0","0","경북","군위군","차대차","측면충돌","측면충돌","안전운전 의무 불이행","단일로","기타단일로","이륜차","화물차","1098441","1795733","128.5943468","36.15367395","N"
"2019","2019-10-27 10","주","일","1","1","1","0","0","경기","하남시","차대차","추돌","추돌","안전운전 의무 불이행","단일로","기타단일로","승용차","승용차","972914","1948146","127.1934314","37.53222857","N"
"2019","2019-10-27 10","주","일","1","0","0","0","0","전북","전주시","차대차","추돌","추돌","안전운전 의무 불이행","단일로","기타단일로","승합차","자전거","965122.5","1761978.1","127.113734","35.85372178","N"
"2019","2019-10-27 16","주","일","1","1","1","0","0","부산","기장군","차량단독","도로이탈","도로이탈 추락","안전운전 의무 불이행","단일로","기타단일로","화물차","없음","1159509","1707640","129.2554642","35.35165073","N"
"2019","2019-10-27 21","야","일","1","2","2","0","0","경남","창원시(통합)","차대차","추돌","추돌","안전운전 의무 불이행","단일로","기타단일로","승용차","승용차","1105553","1693415","128.6599609","35.23057646","Y"
"2019","2019-10-28 02","야","월","2","3","1","0","2","울산","북구","차량단독","기타","기타","안전운전 의무 불이행","단일로","기타단일로","승용차","없음","1170170","1728507","129.3771013","35.53794213","N"
"2019","2019-10-28 03","야","월","2","4","3","1","0","강원","원주시","차량단독","공작물충돌","공작물충돌","과속","교차로","교차로부근","승용차","없음","1041490","1924389","127.9682583","37.31755961","N"
"2019","2019-10-28 05","야","월","1","0","0","0","0","서울","강서구","차대사람","차도통행중","차도통행중","안전운전 의무 불이행","교차로","교차로부근","승용차","보행자","939579","1950568","126.815953","37.55247591","N"
"2019","2019-10-28 05","야","월","1","1","0","1","0","전북","익산시","차대차","정면충돌","정면충돌","중앙선 침범","단일로","기타단일로","승용차","화물차","949466","1772413","126.9396828","35.94711683","N"
"2019","2019-10-28 08","주","월","1","0","0","0","0","경북","경산시","차대차","측면충돌","측면충돌","과속","단일로","지하차도(도로)내","승용차","자전거","1120527","1773089","128.8363623","35.94707933","N"
"2019","2019-10-28 09","주","월","1","1","0","1","0","경북","경산시","차대차","추돌","추돌","과속","단일로","기타단일로","승용차","화물차","1121673","1765879","128.8479625","35.88194937","N"
"2019","2019-10-28 09","주","월","1","0","0","0","0","인천","미추홀구","차대차","기타","기타","안전운전 의무 불이행","기타","기타","건설기계","자전거","927002","1939507","126.6746749","37.45187544","N"
"2019","2019-10-28 13","주","월","1","0","0","0","0","경기","수원시","차대사람","횡단중","횡단중","보행자 보호의무 위반","교차로","교차로횡단보도내","건설기계","보행자","956655","1917293","127.0112206","37.25351395","N"
"2019","2019-10-28 15","주","월","1","2","0","2","0","서울","강서구","차대차","측면충돌","측면충돌","과속","교차로","교차로내","승용차","승용차","938629","1952810","126.8050107","37.57262005","N"
"2019","2019-10-28 15","주","월","1","0","0","0","0","충북","단양군","차량단독","공작물충돌","공작물충돌","안전운전 의무 불이행","단일로","기타단일로","농기계","없음","1071900","1876723","128.3068727","36.88607239","N"
"2019","2019-10-28 17","주","월","1","3","0","3","0","전남","곡성군","차대차","추돌","추돌","안전운전 의무 불이행","기타","기타","화물차","승용차","970933","1694785","127.1804966","35.24806638","Y"
"2019","2019-10-28 18","야","월","1","0","0","0","0","경남","양산시","차대사람","기타","기타","안전운전 의무 불이행","단일로","기타단일로","화물차","보행자","1142708","1717554","129.0723621","35.44355393","N"
"2019","2019-10-28 23","야","월","1","1","0","0","1","경기","안양시","차대차","추돌","추돌","안전운전 의무 불이행","교차로","교차로부근","승용차","화물차","950972","1932178","126.9461552","37.38739832","N"
"2019","2019-10-28 23","야","월","1","0","0","0","0","세종","세종시","차대사람","횡단중","횡단중","신호위반","단일로","기타단일로","승용차","보행자","981439","1842264","127.2925344","36.57798909","N"
"2019","2019-10-29 00","야","화","1","0","0","0","0","경기","안산시","차대사람","횡단중","횡단중","신호위반","교차로","교차로내","승용차","보행자","941208","1923905","126.836519","37.31226337","N"
"2019","2019-10-29 08","주","화","1","1","1","0","0","강원","양양군","차대차","측면충돌","측면충돌","기타","단일로","기타단일로","승용차","승용차","1102221","2009929","128.6655905","38.08370773","N"
"2019","2019-10-29 08","주","화","1","14","3","11","0","전남","해남군","차대차","기타","기타","기타","단일로","기타단일로","승합차","농기계","919480","1619359","126.6222355","34.56517253","N"
"2019","2019-10-29 10","주","화","1","0","0","0","0","전북","고창군","차대사람","보도통행중","보도통행중","안전운전 의무 불이행","기타","기타","화물차","보행자","928290.1","1716582.4","126.709884","35.44244825","N"
"2019","2019-10-29 10","주","화","1","0","0","0","0","경북","포항시","차량단독","공작물충돌","공작물충돌","안전운전 의무 불이행","단일로","기타단일로","화물차","없음","1166405","1801162","129.3507556","36.19330948","N"
"2019","2019-10-29 11","주","화","1","0","0","0","0","경기","안양시","차대차","추돌","추돌","안전운전 의무 불이행","기타","기타","이륜차","화물차","948926.1","1934398.4","126.9228913","37.4073011","N"
"2019","2019-10-29 12","주","화","1","0","0","0","0","강원","강릉시","차대차","측면충돌","측면충돌","안전운전 의무 불이행","단일로","기타단일로","화물차","특수차","1117414.8","1976004.3","128.8332667","37.77618164","N"
"2019","2019-10-29 17","주","화","1","0","0","0","0","경북","포항시","차대사람","횡단중","횡단중","안전운전 의무 불이행","교차로","교차로내","화물차","보행자","1148140","1790819","129.1457437","36.10306689","N"
"2019","2019-10-29 18","야","화","1","2","2","0","0","충남","태안군","차대차","추돌","추돌","안전운전 의무 불이행","단일로","기타단일로","승용차","화물차","887927","1861451","126.2446306","36.74451713","N"
"2019","2019-10-29 19","야","화","1","0","0","0","0","경북","경주시","차대차","추돌","추돌","안전운전 의무 불이행","단일로","지하차도(도로)내","승용차","농기계","1137642","1752562","129.022529","35.75980768","N"
"2019","2019-10-29 20","야","화","1","0","0","0","0","제주","제주시","차대사람","기타","기타","안전운전 의무 불이행","교차로","교차로부근","승용차","보행자","909002.3","1501201.1","126.5203549","33.49880501","N"
"2019","2019-10-29 21","야","화","1","0","0","0","0","전남","해남군","차량단독","기타","기타","안전운전 의무 불이행","단일로","기타단일로","농기계","없음","901102","1620595","126.4217778","34.57471213","N"
"2019","2019-10-29 22","야","화","1","0","0","0","0","충북","충주시","차대사람","기타","기타","안전운전 의무 불이행","단일로","기타단일로","승용차","보행자","1036000","1882831","127.9043016","36.94318456","N"
"2019","2019-10-29 23","야","화","1","0","0","0","0","경기","안산시","차대사람","차도통행중","차도통행중","신호위반","교차로","교차로부근","승용차","보행자","939907","1928229","126.8214874","37.35115361","N"
"2019","2019-10-29 23","야","화","1","0","0","0","0","충남","천안시","차대사람","기타","기타","안전운전 의무 불이행","단일로","기타단일로","승용차","보행자","971419","1863833","127.1797322","36.77218142","N"
"2019","2019-10-30 02","야","수","1","0","0","0","0","경남","함안군","차대차","추돌","추돌","안전운전 의무 불이행","단일로","기타단일로","승용차","특수차","1079876","1699818","128.3784439","35.29068095","N"
"2019","2019-10-30 09","주","수","1","0","0","0","0","서울","중랑구","차대사람","횡단중","횡단중","안전운전 의무 불이행","교차로","교차로내","승합차","보행자","962858","1957313","127.0791519","37.61450329","N"
"2019","2019-10-30 09","주","수","1","0","0","0","0","경북","경주시","차대사람","길가장자리구역통행중","길가장자리구역통행중","안전운전 의무 불이행","교차로","교차로부근","승용차","보행자","1144558","1762470","129.1007955","35.84811313","N"
"2019","2019-10-30 10","주","수","1","0","0","0","0","경기","포천시","차대사람","길가장자리구역통행중","길가장자리구역통행중","안전운전 의무 불이행","교차로","교차로내","승용차","보행자","970526","1978806","127.1651643","37.80850162","N"
"2019","2019-10-30 15","주","수","1","1","0","1","0","경기","파주시","차대차","측면충돌","측면충돌","중앙선 침범","단일로","기타단일로","화물차","화물차","944041","1972600","126.8647766","37.75132953","N"
"2019","2019-10-30 18","야","수","1","0","0","0","0","서울","관악구","차대사람","횡단중","횡단중","안전운전 의무 불이행","교차로","교차로내","화물차","보행자","948187","1943020.3","126.9139344","37.48497161","N"
"2019","2019-10-30 22","야","수","1","0","0","0","0","충남","아산시","차대차","기타","기타","신호위반","교차로","교차로내","이륜차","승합차","955879","1863978","127.0055934","36.77289232","N"
"2019","2019-10-31 06","주","목","1","0","0","0","0","경남","양산시","차대차","기타","기타","안전운전 의무 불이행","단일로","기타단일로","승용차","화물차","1139589","1706908","129.0361865","35.3480378","N"
"2019","2019-10-31 09","주","목","1","1","0","1","0","경기","평택시","차대차","측면충돌","측면충돌","신호위반","교차로","교차로내","개인형이동수단(PM)","승용차","961390","1885776","127.0662367","36.96962809","N"
"2019","2019-10-31 09","주","목","1","8","2","5","1","경기","의정부시","차대차","추돌","추돌","안전운전 의무 불이행","단일로","기타단일로","건설기계","화물차","961037","1967614","127.057969","37.70727238","N"
"2019","2019-10-31 12","주","목","1","0","0","0","0","경남","창원시(통합)","차대사람","횡단중","횡단중","안전운전 의무 불이행","교차로","교차로횡단보도내","승용차","보행자","1098930","1694898","128.5873688","35.24462193","N"
"2019","2019-10-31 14","주","목","1","0","0","0","0","전북","남원시","차량단독","전복","전복","안전운전 의무 불이행","단일로","기타단일로","승용차","없음","994686.6","1717188.7","127.4414493","35.45048631","N"
"2019","2019-10-31 17","주","목","1","0","0","0","0","충남","논산시","차량단독","도로이탈","도로이탈 추락","안전운전 의무 불이행","단일로","기타단일로","농기계","없음","968677","1805442","127.1513755","36.24569947","N"
"2019","2019-10-31 18","야","목","1","0","0","0","0","경남","양산시","차대사람","횡단중","횡단중","안전운전 의무 불이행","단일로","기타단일로","승용차","보행자","1141284","1712330","129.0557718","35.39667081","N"
"2019","2019-10-31 19","야","목","1","0","0","0","0","전북","김제시","차대사람","횡단중","횡단중","신호위반","교차로","교차로내","승용차","보행자","958565.3","1754963.1","127.0414792","35.79021969","N"
"2019","2019-10-31 20","야","목","1","0","0","0","0","인천","서구","차대사람","기타","기타","안전운전 의무 불이행","단일로","기타단일로","승합차","보행자","927749","1944500","126.6826299","37.49693496","N"
"2019","2019-10-31 20","야","목","1","0","0","0","0","대전","유성구","차대차","측면충돌","측면충돌","신호위반","교차로","교차로내","화물차","이륜차","983336","1814969","127.3143255","36.33195396","N"
"2019","2019-10-31 21","야","목","1","0","0","0","0","경기","과천시","차대사람","횡단중","횡단중","안전운전 의무 불이행","단일로","기타단일로","승용차","보행자","954884.6","1935528.6","126.9901477","37.41779755","N"
"2019","2019-10-31 21","야","목","1","0","0","0","0","경기","안양시","차대사람","기타","기타","안전운전 의무 불이행","단일로","기타단일로","승용차","보행자","947174","1936579","126.9029385","37.42685721","N"
"2019","2019-10-31 21","야","목","1","0","0","0","0","경남","고성군","차대차","추돌","추돌","안전운전 의무 불이행","단일로","기타단일로","승용차","농기계","1078523","1673679","128.3610771","35.0551147","N"
"2019","2019-11-01 01","야","금","1","0","0","0","0","대구","북구","차대차","측면충돌","측면충돌","신호위반","교차로","교차로내","승용차","이륜차","1095711","1772494","128.5611871","35.94446376","N"
"2019","2019-11-01 05","야","금","1","0","0","0","0","전남","여수시","차대사람","기타","기타","안전운전 의무 불이행","기타","기타","승용차","보행자","1018646","1642432","127.7037827","34.77622843","N"
"2019","2019-11-01 06","주","금","1","0","0","0","0","경남","김해시","차대차","추돌","추돌","안전운전 의무 불이행","단일로","기타단일로","화물차","화물차","1134821","1700461","128.9826689","35.29058039","N"
"2019","2019-11-01 09","주","금","1","0","0","0","0","서울","성북구","차량단독","공작물충돌","공작물충돌","안전운전 의무 불이행","교차로","교차로부근","건설기계","없음","956335","1957582","127.0052275","37.6166411","N"
"2019","2019-11-01 10","주","금","1","0","0","0","0","경기","안성시","차대사람","기타","기타","안전운전 의무 불이행","단일로","기타단일로","화물차","보행자","975001","1890181","127.2190011","37.0097964","N"
"2019","2019-11-01 13","주","금","1","1","1","0","0","대구","달성군","차대차","추돌","추돌","안전운전 의무 불이행","단일로","기타단일로","화물차","승용차","1083363","1752833","128.4222416","35.7683524","N"
"2019","2019-11-01 19","야","금","1","0","0","0","0","경남","남해군","차량단독","공작물충돌","공작물충돌","안전운전 의무 불이행","단일로","기타단일로","승용차","없음","1042082","1643272","127.9599521","34.78310496","N"
"2019","2019-11-01 19","야","금","1","0","0","0","0","대전","서구","차대사람","기타","기타","보행자 보호의무 위반","교차로","교차로횡단보도내","승용차","보행자","989374","1814146","127.3816135","36.32461984","N"
"2019","2019-11-01 20","야","금","1","0","0","0","0","충북","충주시","차대사람","차도통행중","차도통행중","안전운전 의무 불이행","교차로","교차로내","승용차","보행자","1023998","1884754","127.7695747","36.96090162","N"
"2019","2019-11-01 22","야","금","1","1","1","0","0","서울","강남구","차대차","추돌","추돌","안전운전 의무 불이행","단일로","기타단일로","이륜차","승용차","962801","1944513","127.0791554","37.49913029","N"
"2019","2019-11-02 00","야","토","1","0","0","0","0","경남","창원시(통합)","차대사람","기타","기타","안전운전 의무 불이행","교차로","교차로내","승용차","보행자","1102309","1696468","128.6246976","35.25843663","N"
"2019","2019-11-02 05","야","토","1","0","0","0","0","강원","원주시","차대사람","횡단중","횡단중","안전운전 의무 불이행","단일로","기타단일로","화물차","보행자","1039543","1931396","127.946659","37.38080298","N"
"2019","2019-11-02 08","주","토","1","0","0","0","0","인천","부평구","차대차","기타","기타","안전운전 의무 불이행","기타","기타","승용차","자전거","932322","1945167","126.7342981","37.50329315","N"
"2019","2019-11-02 10","주","토","1","0","0","0","0","경기","시흥시","차량단독","전도","전도","안전운전 의무 불이행","교차로","교차로부근","농기계","없음","944422","1931655","126.8722063","37.38231469","N"
"2019","2019-11-02 11","주","토","1","0","0","0","0","서울","서대문구","차대사람","횡단중","횡단중","안전운전 의무 불이행","단일로","기타단일로","승용차","보행자","951135","1954901","126.9464872","37.59221527","N"
"2019","2019-11-02 15","주","토","1","1","0","1","0","경기","가평군","차량단독","공작물충돌","공작물충돌","안전운전 의무 불이행","단일로","기타단일로","승용차","없음","997832","1978732","127.4753707","37.80830793","N"
"2019","2019-11-02 16","주","토","1","0","0","0","0","전북","군산시","차대사람","횡단중","횡단중","중앙선 침범","단일로","지하차도(도로)내","건설기계","보행자","926878","1769066","126.6895559","35.91551277","N"
"2019","2019-11-02 17","주","토","1","0","0","0","0","전남","화순군","차대사람","횡단중","횡단중","과속","교차로","교차로내","승용차","보행자","957542","1670439","127.0345581","35.02806193","N"
"2019","2019-11-02 17","주","토","1","0","0","0","0","경북","군위군","차대사람","길가장자리구역통행중","길가장자리구역통행중","안전운전 의무 불이행","단일로","기타단일로","승합차","보행자","1088870","1804890","128.4890008","36.23714294","N"
"2019","2019-11-02 17","주","토","1","1","0","1","0","울산","울주군","차대차","정면충돌","정면충돌","중앙선 침범","단일로","기타단일로","승용차","승용차","1163496","1717852","129.3013702","35.44304005","N"
"2019","2019-11-02 18","야","토","1","0","0","0","0","경남","창녕군","차대사람","차도통행중","차도통행중","안전운전 의무 불이행","단일로","기타단일로","승용차","보행자","1080151","1724845","128.3839278","35.51629654","N"
"2019","2019-11-02 18","야","토","1","5","4","0","1","경남","고성군","차대차","기타","기타","안전운전 의무 불이행","교차로","교차로부근","승용차","승용차","1070480","1665260","128.2721717","34.97979797","Y"
"2019","2019-11-02 19","야","토","1","0","0","0","0","경기","하남시","차대사람","횡단중","횡단중","안전운전 의무 불이행","단일로","기타단일로","승합차","보행자","973560","1949055","127.2007103","37.54044058","Y"
"2019","2019-11-02 19","야","토","1","0","0","0","0","충남","부여군","차대사람","횡단중","횡단중","안전운전 의무 불이행","단일로","교량위","승합차","보행자","930747","1799658","126.7297516","36.19158292","N"
"2019","2019-11-02 20","야","토","1","2","0","1","1","경북","칠곡군","차대사람","차도통행중","차도통행중","안전운전 의무 불이행","단일로","기타단일로","승용차","보행자","1082032","1769020","128.4091824","35.91439096","N"
"2019","2019-11-03 05","야","일","1","11","7","4","0","전북","고창군","차량단독","전복","전복","안전운전 의무 불이행","교차로","교차로부근","승합차","없음","916767.4","1701507.3","126.5844742","35.30563771","N"
"2019","2019-11-03 07","주","일","2","0","0","0","0","세종","세종시","차량단독","공작물충돌","공작물충돌","안전운전 의무 불이행","단일로","기타단일로","이륜차","없음","980802","1828046","127.2857679","36.44979973","N"
"2019","2019-11-03 15","주","일","1","0","0","0","0","전남","강진군","차대차","추돌","추돌","안전운전 의무 불이행","단일로","기타단일로","승용차","농기계","931358","1627370","126.7510611","34.63827214","N"
"2019","2019-11-03 15","주","일","1","6","6","0","0","전남","담양군","차대차","정면충돌","정면충돌","중앙선 침범","단일로","기타단일로","승용차","승용차","947696","1707151","126.924296","35.35862102","Y"
"2019","2019-11-03 16","주","일","2","0","0","0","0","경남","함안군","차량단독","공작물충돌","공작물충돌","안전운전 의무 불이행","단일로","기타단일로","이륜차","없음","1077102","1701203","128.3480699","35.30338582","N"
"2019","2019-11-03 18","야","일","1","0","0","0","0","전북","전주시","차대사람","횡단중","횡단중","보행자 보호의무 위반","단일로","기타단일로","승용차","보행자","967015","1754653","127.1349954","35.787744","N"
"2019","2019-11-03 18","야","일","1","1","0","1","0","대전","서구","차대사람","횡단중","횡단중","안전운전 의무 불이행","교차로","교차로부근","승용차","보행자","988621","1814867","127.3732136","36.33111136","N"