"발생년","발생년월일시","주야","요일","사망자수","부상자수","중상자수","경상자수","부상신고자수","발생지시도","발생지시군구","사고유형_대분류","사고유형_중분류","사고유형","가해자법규위반","도로형태_대분류","도로형태","가해자_당사자종별","피해자_당사자종별","발생위치(X_UTMK)","발생위치(Y_UTMK)","경도","위도"," 어린이사고 여부"
"2019","2019-11-03 19","야","일","1","0","0","0","0","경남","통영시","차대사람","횡단중","횡단중","안전운전 의무 불이행","단일로","기타단일로","승용차","보행자","1084160","1652537","128.4207503","34.86403692","N"
"2019","2019-11-04 05","야","월","1","0","0","0","0","광주","광산구","차대사람","횡단중","횡단중","과속","단일로","기타단일로","승용차","보행자","935036.2","1688597.7","126.7864285","35.19059429","N"
"2019","2019-11-04 06","주","월","1","0","0","0","0","충남","서산시","차대사람","차도통행중","차도통행중","안전운전 의무 불이행","단일로","기타단일로","화물차","보행자","900472","1852661","126.3862699","36.66669074","N"
"2019","2019-11-04 07","주","월","1","0","0","0","0","충남","태안군","차대사람","길가장자리구역통행중","길가장자리구역통행중","안전운전 의무 불이행","단일로","기타단일로","화물차","보행자","894420","1843526","126.319816","36.58370376","N"
"2019","2019-11-04 12","주","월","1","0","0","0","0","경북","의성군","차대차","추돌","추돌","안전운전 의무 불이행","단일로","기타단일로","화물차","농기계","1105934","1807478","128.6792167","36.25874999","N"
"2019","2019-11-04 14","주","월","1","0","0","0","0","충남","서천군","차량단독","기타","기타","안전운전 의무 불이행","단일로","기타단일로","화물차","없음","929988","1781285","126.7229437","36.02589668","N"
"2019","2019-11-04 15","주","월","1","0","0","0","0","충남","아산시","차량단독","전도","전도","안전운전 의무 불이행","교차로","교차로부근","이륜차","없음","944870","1863161","126.8822948","36.76495106","N"
"2019","2019-11-04 15","주","월","1","1","1","0","0","충남","당진시","차대차","추돌","추돌","안전운전 의무 불이행","단일로","기타단일로","화물차","화물차","929775","1887085","126.7109605","36.97959824","N"
"2019","2019-11-04 15","주","월","1","1","0","1","0","대구","달성군","차대차","추돌","추돌","안전운전 의무 불이행","교차로","교차로부근","화물차","화물차","1089777","1757844","128.4937525","35.81296108","N"
"2019","2019-11-04 16","주","월","1","0","0","0","0","경기","시흥시","차대차","측면충돌","측면충돌","기타","교차로","교차로내","자전거","승용차","932630","1928187","126.7393325","37.35027527","N"
"2019","2019-11-04 16","주","월","1","0","0","0","0","대구","남구","차대사람","차도통행중","차도통행중","기타","교차로","교차로내","승용차","보행자","1096629.6","1761593.6","128.5700471","35.84611139","N"
"2019","2019-11-04 17","주","월","1","0","0","0","0","경기","용인시","차대사람","횡단중","횡단중","과속","단일로","기타단일로","화물차","보행자","966432","1921283","127.1212882","37.28988286","N"
"2019","2019-11-04 17","주","월","1","0","0","0","0","대구","중구","차대차","측면충돌","측면충돌","신호위반","교차로","교차로내","자전거","승용차","1097453.9","1764308.7","128.5795055","35.87050517","N"
"2019","2019-11-04 17","주","월","1","0","0","0","0","경기","양주시","차대사람","기타","기타","안전운전 의무 불이행","단일로","기타단일로","승용차","보행자","960013","1975717","127.0459061","37.78026068","N"
"2019","2019-11-04 23","야","월","1","0","0","0","0","충남","천안시","차대사람","기타","기타","과속","단일로","기타단일로","승용차","보행자","964894","1867494","127.1064482","36.80496435","N"
"2019","2019-11-05 01","야","화","1","0","0","0","0","강원","철원군","차대사람","기타","기타","안전운전 의무 불이행","단일로","기타단일로","승용차","보행자","982569","2015397","127.3010883","38.13860157","N"
"2019","2019-11-05 01","야","화","1","3","1","2","0","대구","동구","차대차","추돌","추돌","안전운전 의무 불이행","단일로","기타단일로","화물차","화물차","1103660","1769455","128.6489092","35.91625804","N"
"2019","2019-11-05 05","야","화","1","0","0","0","0","서울","강서구","차대사람","기타","기타","안전운전 의무 불이행","단일로","기타단일로","승합차","보행자","939423","1953653","126.813932","37.58027052","N"
"2019","2019-11-05 06","주","화","1","3","2","1","0","전북","정읍시","차대차","측면충돌","측면충돌","기타","교차로","교차로내","승용차","농기계","961392.6","1737953.8","127.0735833","35.63697697","N"
"2019","2019-11-05 08","주","화","1","0","0","0","0","경기","용인시","차대사람","횡단중","횡단중","안전운전 의무 불이행","교차로","교차로내","승용차","보행자","977417","1914537","127.2454235","37.22940644","N"
"2019","2019-11-05 08","주","화","1","0","0","0","0","전북","정읍시","차대차","추돌","추돌","안전거리 미확보","교차로","교차로부근","이륜차","승용차","939879.6","1730302.2","126.8365548","35.56691521","N"
"2019","2019-11-05 13","주","화","1","0","0","0","0","인천","서구","차대차","추돌","추돌","안전운전 의무 불이행","단일로","기타단일로","화물차","화물차","924780","1945996","126.6488921","37.51018075","N"
"2019","2019-11-05 14","주","화","1","0","0","0","0","경북","상주시","차량단독","전도","전도","안전운전 의무 불이행","단일로","기타단일로","농기계","없음","1062501","1842060","128.1985671","36.57428376","N"
"2019","2019-11-05 14","주","화","1","0","0","0","0","경남","창원시(통합)","차대사람","차도통행중","차도통행중","안전운전 의무 불이행","교차로","교차로부근","승합차","보행자","1096958","1693496","128.565532","35.23217496","N"
"2019","2019-11-05 14","주","화","1","0","0","0","0","대구","동구","차대사람","차도통행중","차도통행중","안전운전 의무 불이행","단일로","기타단일로","건설기계","보행자","1101587","1765559","128.6254399","35.88135577","N"
"2019","2019-11-05 15","주","화","1","0","0","0","0","부산","사상구","차대사람","기타","기타","안전운전 의무 불이행","교차로","교차로부근","건설기계","보행자","1133383","1681842","128.9638436","35.12293825","N"
"2019","2019-11-05 19","야","화","1","0","0","0","0","충북","청주시","차대사람","횡단중","횡단중","안전운전 의무 불이행","교차로","교차로부근","승용차","보행자","998590","1847051","127.4842309","36.62132356","N"
"2019","2019-11-05 19","야","화","1","0","0","0","0","전북","완주군","차대차","추돌","추돌","안전운전 의무 불이행","단일로","기타단일로","화물차","화물차","969135","1765532","127.1580337","35.8858983","N"
"2019","2019-11-06 06","주","수","1","0","0","0","0","강원","춘천시","차대사람","차도통행중","차도통행중","안전운전 의무 불이행","교차로","교차로부근","승용차","보행자","1020194.5","1985270.4","127.7295986","37.86701822","N"
"2019","2019-11-06 10","주","수","1","6","1","5","0","전북","전주시","차대차","추돌","추돌","안전운전 의무 불이행","기타","기타","화물차","승용차","959955.6","1764977.2","127.0563616","35.88056371","N"
"2019","2019-11-06 10","주","수","1","0","0","0","0","경남","진주시","차대사람","차도통행중","차도통행중","안전운전 의무 불이행","교차로","교차로내","화물차","보행자","1058196","1691669","128.1394544","35.21870207","N"
"2019","2019-11-06 11","주","수","1","1","1","0","0","세종","세종시","차대차","기타","기타","안전운전 의무 불이행","교차로","교차로내","승용차","승용차","978175","1832339","127.2563321","36.48844557","N"
"2019","2019-11-06 12","주","수","1","0","0","0","0","전북","익산시","차대차","정면충돌","정면충돌","신호위반","교차로","교차로내","이륜차","화물차","953001","1776906","126.9786109","35.98780057","N"
"2019","2019-11-06 14","주","수","2","0","0","0","0","전남","보성군","차대차","측면충돌","측면충돌","기타","교차로","교차로내","이륜차","화물차","963536","1643879","127.1014243","34.78879513","N"
"2019","2019-11-06 16","주","수","1","0","0","0","0","전남","보성군","차대차","측면충돌","측면충돌","안전운전 의무 불이행","교차로","교차로부근","농기계","승용차","968241","1648284","127.1526856","34.82867502","N"
"2019","2019-11-06 17","주","수","1","0","0","0","0","부산","사상구","차대사람","횡단중","횡단중","안전운전 의무 불이행","단일로","기타단일로","화물차","보행자","1134792.3","1683651.1","128.9796007","35.13905814","N"
"2019","2019-11-06 17","주","수","1","0","0","0","0","강원","철원군","차대사람","횡단중","횡단중","안전운전 의무 불이행","단일로","기타단일로","승용차","보행자","982661","2022189","127.3019726","38.19981682","N"
"2019","2019-11-06 18","야","수","1","0","0","0","0","충남","논산시","차대사람","횡단중","횡단중","안전운전 의무 불이행","단일로","기타단일로","승용차","보행자","970551","1812907","127.1719513","36.31305821","N"
"2019","2019-11-06 20","야","수","1","0","0","0","0","경남","창원시(통합)","차대사람","횡단중","횡단중","안전운전 의무 불이행","교차로","교차로내","승용차","보행자","1105379","1695085","128.6582631","35.24565022","N"
"2019","2019-11-07 06","주","목","1","0","0","0","0","대구","북구","차대사람","차도통행중","차도통행중","안전운전 의무 불이행","단일로","기타단일로","승용차","보행자","1098249","1765362","128.5884414","35.87992069","N"
"2019","2019-11-07 12","주","목","1","1","0","1","0","제주","서귀포시","차대차","정면충돌","정면충돌","중앙선 침범","단일로","기타단일로","이륜차","화물차","885322.7","1478983.5","126.2683059","33.29617569","N"
"2019","2019-11-07 16","주","목","1","0","0","0","0","부산","사상구","차대차","측면충돌","측면충돌","신호위반","단일로","기타단일로","승용차","자전거","1135173","1689492","128.9847352","35.19165786","N"
"2019","2019-11-07 16","주","목","1","0","0","0","0","울산","남구","차량단독","전도","전도","안전운전 의무 불이행","교차로","교차로부근","이륜차","없음","1166931","1728637","129.3414162","35.53966443","N"
"2019","2019-11-07 18","야","목","1","0","0","0","0","전북","순창군","차량단독","도로이탈","도로이탈 추락","안전운전 의무 불이행","단일로","기타단일로","사륜오토바이(ATV)","없음","961032","1709990","127.0709441","35.38482931","N"
"2019","2019-11-07 18","야","목","1","0","0","0","0","전남","담양군","차대사람","차도통행중","차도통행중","안전운전 의무 불이행","단일로","기타단일로","승용차","보행자","950710","1698428","126.9579945","35.28012304","N"
"2019","2019-11-07 19","야","목","1","0","0","0","0","경북","포항시","차대사람","차도통행중","차도통행중","안전운전 의무 불이행","교차로","교차로내","승용차","보행자","1165241","1788421","129.3351394","36.07869856","N"
"2019","2019-11-07 20","야","목","1","0","0","0","0","전북","김제시","차대사람","기타","기타","기타","단일로","기타단일로","승용차","보행자","954023","1764743","126.9906521","35.8781915","N"
"2019","2019-11-07 23","야","목","1","0","0","0","0","경북","경산시","차대사람","차도통행중","차도통행중","안전운전 의무 불이행","단일로","기타단일로","승용차","보행자","1114039","1765436","128.7633443","35.87887546","N"
"2019","2019-11-08 02","야","금","1","1","0","1","0","경기","이천시","차대차","추돌","추돌","안전운전 의무 불이행","단일로","기타단일로","화물차","화물차","995150","1915303","127.4453211","37.23657221","N"
"2019","2019-11-08 05","야","금","1","0","0","0","0","서울","구로구","차대사람","횡단중","횡단중","보행자 보호의무 위반","단일로","기타단일로","화물차","보행자","943379","1943955","126.8594813","37.49311389","N"
"2019","2019-11-08 05","야","금","1","0","0","0","0","경남","창원시(통합)","차대차","정면충돌","정면충돌","안전운전 의무 불이행","교차로","교차로부근","화물차","자전거","1109288","1684221","128.6997791","35.14729068","N"
"2019","2019-11-08 09","주","금","1","0","0","0","0","전남","목포시","차대차","측면충돌","측면충돌","신호위반","교차로","교차로내","승용차","이륜차","898420","1645468","126.3895517","34.79871062","N"
"2019","2019-11-08 10","주","금","1","0","0","0","0","경북","포항시","차대차","측면충돌","측면충돌","교차로 통행방법 위반","교차로","교차로내","이륜차","화물차","1167824","1777475","129.3614895","35.9796202","N"
"2019","2019-11-08 12","주","금","1","0","0","0","0","전남","나주시","차량단독","전도","전도","안전운전 의무 불이행","단일로","기타단일로","사륜오토바이(ATV)","없음","933590.1","1661764.7","126.7726951","34.94855704","N"
"2019","2019-11-08 14","주","금","1","0","0","0","0","경북","고령군","차대차","측면충돌","측면충돌","교차로 통행방법 위반","교차로","교차로내","이륜차","승합차","1079951","1738352","128.383058","35.63808513","N"
"2019","2019-11-08 15","주","금","1","0","0","0","0","전북","전주시","차대사람","차도통행중","차도통행중","안전운전 의무 불이행","교차로","교차로내","승용차","보행자","967894","1758388","127.144572","35.82144814","N"
"2019","2019-11-08 15","주","금","1","0","0","0","0","경남","양산시","차량단독","공작물충돌","공작물충돌","안전운전 의무 불이행","단일로","기타단일로","이륜차","없음","1152348","1715268","129.1781089","35.42152063","N"
"2019","2019-11-08 19","야","금","1","3","1","2","0","경기","안산시","차대차","측면충돌","측면충돌","신호위반","교차로","교차로부근","이륜차","승용차","938417","1925391","126.8049006","37.32547632","N"
"2019","2019-11-08 21","야","금","1","0","0","0","0","경기","이천시","차량단독","전도","전도","안전운전 의무 불이행","교차로","교차로내","승용차","없음","999362","1917540","127.4928053","37.25674905","N"
"2019","2019-11-08 21","야","금","1","0","0","0","0","경기","용인시","차량단독","공작물충돌","공작물충돌","안전운전 의무 불이행","단일로","기타단일로","원동기장치자전거","없음","977006","1923621","127.2405096","37.31127888","N"
"2019","2019-11-09 01","야","토","1","0","0","0","0","부산","해운대구","차량단독","공작물충돌","공작물충돌","안전운전 의무 불이행","단일로","기타단일로","원동기장치자전거","없음","1152818","1688144","129.1782276","35.17697714","N"
"2019","2019-11-09 05","야","토","1","0","0","0","0","전북","군산시","차대사람","횡단중","횡단중","안전운전 의무 불이행","단일로","고가도로위","승용차","보행자","930319","1776342","126.7270522","35.98135871","N"
"2019","2019-11-09 06","주","토","1","0","0","0","0","강원","홍천군","차량단독","도로이탈","도로이탈 추락","안전운전 의무 불이행","단일로","기타단일로","화물차","없음","1033928.4","1962020.9","127.8846549","37.65706103","N"
"2019","2019-11-09 10","주","토","1","0","0","0","0","서울","관악구","차대사람","횡단중","횡단중","안전운전 의무 불이행","교차로","교차로부근","건설기계","보행자","949331","1943801","126.92682","37.49207172","N"
"2019","2019-11-09 10","주","토","1","3","1","2","0","충남","보령시","차대사람","기타","기타","과속","기타","기타","승용차","보행자","915401.6","1819994.9","126.5568921","36.37368594","N"
"2019","2019-11-09 11","주","토","1","0","0","0","0","충남","청양군","차량단독","전도","전도","안전운전 의무 불이행","기타","기타","농기계","없음","955727","1828052","127.0059603","36.44902371","N"
"2019","2019-11-09 16","주","토","1","0","0","0","0","경기","양주시","차대차","정면충돌","정면충돌","신호위반","교차로","교차로내","승용차","이륜차","962972","1977524","127.0794155","37.79667184","N"
"2019","2019-11-09 18","야","토","1","0","0","0","0","전남","화순군","차대사람","차도통행중","차도통행중","안전운전 의무 불이행","단일로","교량위","승용차","보행자","951077","1672427","126.9635716","35.0456952","N"
"2019","2019-11-09 18","야","토","1","0","0","0","0","경남","창원시(통합)","차대사람","횡단중","횡단중","과속","단일로","기타단일로","승용차","보행자","1095978","1687343","128.5540467","35.17679626","N"
"2019","2019-11-09 21","야","토","1","0","0","0","0","경남","함안군","차량단독","공작물충돌","공작물충돌","안전운전 의무 불이행","교차로","교차로부근","화물차","없음","1074990","1694654","128.324243","35.24450007","N"
"2019","2019-11-10 03","야","일","1","2","2","0","0","경북","의성군","차대차","정면충돌","정면충돌","중앙선 침범","단일로","기타단일로","승용차","농기계","1085042","1820910","128.4481527","36.38189564","N"
"2019","2019-11-10 06","주","일","1","0","0","0","0","경남","창원시(통합)","차대사람","횡단중","횡단중","과속","교차로","교차로횡단보도내","승용차","보행자","1109946","1684286","128.70701","35.14780494","N"
"2019","2019-11-10 08","주","일","1","0","0","0","0","부산","부산진구","차대사람","횡단중","횡단중","안전운전 의무 불이행","교차로","교차로횡단보도내","화물차","보행자","1142581.4","1685812","129.0654463","35.1574622","N"
"2019","2019-11-10 10","주","일","1","0","0","0","0","광주","북구","차대차","기타","기타","안전운전 의무 불이행","단일로","기타단일로","자전거","승용차","947762","1686730","126.9263219","35.1744967","N"
"2019","2019-11-10 11","주","일","1","0","0","0","0","경기","포천시","차량단독","공작물충돌","공작물충돌","안전운전 의무 불이행","단일로","기타단일로","이륜차","없음","971768","1978672","127.1792789","37.80733313","N"
"2019","2019-11-10 16","주","일","1","0","0","0","0","충남","아산시","차량단독","공작물충돌","공작물충돌","안전운전 의무 불이행","단일로","기타단일로","승용차","없음","950565","1874666","126.9453539","36.86897457","N"
"2019","2019-11-10 16","주","일","1","0","0","0","0","경기","포천시","차대차","측면충돌","측면충돌","안전운전 의무 불이행","단일로","기타단일로","이륜차","자전거","975432","1992563","127.2204295","37.93263857","N"
"2019","2019-11-10 18","야","일","1","1","0","1","0","전남","순천시","차대사람","차도통행중","차도통행중","안전운전 의무 불이행","단일로","기타단일로","이륜차","보행자","999152","1663679","127.4907106","34.96799625","N"
"2019","2019-11-10 19","야","일","1","0","0","0","0","제주","제주시","차대사람","횡단중","횡단중","안전운전 의무 불이행","교차로","교차로부근","승용차","보행자","899194","1496818","126.4152711","33.45839817","N"
"2019","2019-11-10 19","야","일","1","0","0","0","0","제주","제주시","차량단독","도로이탈","도로이탈 추락","안전운전 의무 불이행","단일로","기타단일로","화물차","없음","905952.4","1492212.1","126.4884672","33.41747557","N"
"2019","2019-11-11 00","야","월","1","0","0","0","0","울산","남구","차대사람","기타","기타","안전운전 의무 불이행","단일로","기타단일로","승용차","보행자","1165631","1728650","129.3270851","35.53999967","N"
"2019","2019-11-11 02","야","월","1","0","0","0","0","경기","남양주시","차량단독","전도","전도","안전운전 의무 불이행","단일로","기타단일로","이륜차","없음","981724","1959384","127.2928648","37.63373881","N"
"2019","2019-11-11 06","주","월","1","0","0","0","0","충남","청양군","차대사람","횡단중","횡단중","안전운전 의무 불이행","교차로","교차로내","승용차","보행자","938275.4","1828495.4","126.8111946","36.45205601","N"
"2019","2019-11-11 07","주","월","1","0","0","0","0","전남","보성군","차량단독","도로이탈","도로이탈 기타","안전운전 의무 불이행","단일로","기타단일로","이륜차","없음","985458","1650429","127.3409314","34.84840968","N"
"2019","2019-11-11 13","주","월","1","0","0","0","0","인천","서구","차대차","추돌","추돌","과속","단일로","교량위","승용차","농기계","927264","1952341","126.6763668","37.56756533","N"
"2019","2019-11-11 16","주","월","1","0","0","0","0","강원","속초시","차대사람","횡단중","횡단중","안전운전 의무 불이행","교차로","교차로내","승합차","보행자","1095420","2024389","128.5899919","38.21475086","N"
"2019","2019-11-11 16","주","월","1","1","1","0","0","대전","서구","차대차","정면충돌","정면충돌","중앙선 침범","기타","기타","승용차","승용차","988187","1812678","127.3684111","36.31137135","N"
"2019","2019-11-11 17","주","월","1","0","0","0","0","경북","고령군","차대차","추돌","추돌","안전운전 의무 불이행","단일로","기타단일로","승용차","농기계","1069841","1747441","128.272192","35.7207948","N"
"2019","2019-11-11 18","야","월","1","0","0","0","0","전남","진도군","차대사람","횡단중","횡단중","안전운전 의무 불이행","교차로","교차로횡단보도내","승용차","보행자","879971","1602386","126.1940105","34.40829048","N"
"2019","2019-11-11 18","야","월","1","0","0","0","0","인천","계양구","차량단독","기타","기타","안전운전 의무 불이행","기타","기타","이륜차","없음","933551","1948199","126.7479276","37.53070945","N"
"2019","2019-11-11 20","야","월","1","0","0","0","0","전남","담양군","차대사람","기타","기타","안전운전 의무 불이행","단일로","기타단일로","승용차","보행자","955841","1699966","127.0143316","35.29423033","N"
"2019","2019-11-11 21","야","월","1","0","0","0","0","경북","구미시","차대사람","보도통행중","보도통행중","보행자 보호의무 위반","교차로","교차로횡단보도내","승합차","보행자","1083289","1790816","128.4254064","36.11077013","N"
"2019","2019-11-11 22","야","월","1","0","0","0","0","충남","예산군","차대차","추돌","추돌","안전운전 의무 불이행","단일로","기타단일로","화물차","승용차","935775","1854481","126.7811261","36.68613568","N"
"2019","2019-11-12 07","주","화","1","0","0","0","0","경기","광주시","차대사람","횡단중","횡단중","안전운전 의무 불이행","교차로","교차로내","화물차","보행자","978547","1936454","127.2575278","37.42698965","N"
"2019","2019-11-12 07","주","화","1","0","0","0","0","경북","경주시","차대차","측면충돌","측면충돌","안전운전 의무 불이행","단일로","기타단일로","승용차","자전거","1157714","1777401","129.249384","35.98064054","N"
"2019","2019-11-12 15","주","화","1","0","0","0","0","경북","영주시","차대사람","기타","기타","안전운전 의무 불이행","단일로","기타단일로","승합차","보행자","1101238","1870762","128.6352629","36.82965535","N"
"2019","2019-11-12 17","주","화","1","0","0","0","0","충남","부여군","차대사람","기타","기타","안전운전 의무 불이행","단일로","기타단일로","화물차","보행자","933010","1802734","126.7546564","36.21947197","N"
"2019","2019-11-12 18","야","화","1","0","0","0","0","전북","완주군","차대차","정면충돌","정면충돌","중앙선 침범","단일로","기타단일로","자전거","승용차","960269","1767906","127.0596874","35.90698207","N"
"2019","2019-11-12 21","야","화","1","3","1","0","2","강원","원주시","차대차","정면충돌","정면충돌","신호위반","교차로","교차로횡단보도내","이륜차","승합차","1037955","1927775","127.9285365","37.34823104","N"
"2019","2019-11-13 05","야","수","1","1","0","1","0","대전","서구","차대차","기타","기타","신호위반","교차로","교차로부근","승용차","승용차","989174","1818017","127.3793314","36.35951626","N"
"2019","2019-11-13 06","주","수","1","0","0","0","0","제주","제주시","차대사람","기타","기타","신호위반","교차로","교차로부근","승용차","보행자","925130.4","1497216.2","126.6942998","33.46411716","N"
"2019","2019-11-13 07","주","수","1","0","0","0","0","전남","장흥군","차대사람","횡단중","횡단중","안전운전 의무 불이행","교차로","교차로내","화물차","보행자","944898","1631950","126.8984869","34.68038977","N"
"2019","2019-11-13 18","야","수","1","0","0","0","0","충남","천안시","차대차","추돌","추돌","안전운전 의무 불이행","단일로","기타단일로","승용차","원동기장치자전거","987195","1864727","127.3564962","36.78058515","N"
"2019","2019-11-13 18","야","수","1","0","0","0","0","경기","양주시","차량단독","공작물충돌","공작물충돌","안전운전 의무 불이행","단일로","기타단일로","승용차","없음","950622","1968657","126.9397458","37.7161707","N"
"2019","2019-11-13 20","야","수","1","0","0","0","0","경남","거제시","차대사람","횡단중","횡단중","과속","교차로","교차로내","화물차","보행자","1100819","1655441","128.6033301","34.88870279","N"
"2019","2019-11-13 23","야","수","1","1","0","0","1","부산","북구","차량단독","전복","전복","안전운전 의무 불이행","단일로","기타단일로","이륜차","없음","1135615","1690308","128.989723","35.19895375","N"
"2019","2019-11-14 00","야","목","1","0","0","0","0","경기","양평군","차대차","추돌","추돌","안전운전 의무 불이행","단일로","고가도로위","화물차","화물차","1015785","1948573","127.6786699","37.53634013","N"
"2019","2019-11-14 00","야","목","1","0","0","0","0","경기","화성시","차대사람","기타","기타","과속","기타","기타","화물차","보행자","949694","1916452","126.9327851","37.24558347","N"
"2019","2019-11-14 02","야","목","1","1","0","1","0","경기","안양시","차대차","정면충돌","정면충돌","신호위반","교차로","교차로내","이륜차","승용차","950811","1932701","126.9443018","37.3921038","N"
"2019","2019-11-14 06","주","목","1","0","0","0","0","충북","청주시","차대사람","기타","기타","안전운전 의무 불이행","단일로","기타단일로","승용차","보행자","1002888","1858146","127.5323405","36.72134085","N"
"2019","2019-11-14 12","주","목","1","0","0","0","0","충남","공주시","차대차","측면충돌","측면충돌","안전운전 의무 불이행","단일로","기타단일로","사륜오토바이(ATV)","특수차","965450","1831029","127.1143233","36.47626122","N"
"2019","2019-11-14 15","주","목","1","0","0","0","0","광주","서구","차대사람","기타","기타","중앙선 침범","단일로","기타단일로","승용차","보행자","944526.8","1684567.1","126.89094","35.15482104","N"
"2019","2019-11-14 16","주","목","1","0","0","0","0","전남","장흥군","차대사람","기타","기타","안전운전 의무 불이행","단일로","교량위","승용차","보행자","942449.9","1628355.9","126.8720085","34.64784554","N"
"2019","2019-11-14 18","야","목","1","0","0","0","0","경북","경주시","차대사람","횡단중","횡단중","안전운전 의무 불이행","교차로","교차로횡단보도내","화물차","보행자","1146043","1761252","129.1170113","35.83691564","N"
"2019","2019-11-14 21","야","목","1","1","1","0","0","충남","서천군","차대사람","차도통행중","차도통행중","안전운전 의무 불이행","단일로","기타단일로","승용차","보행자","936869","1787098","126.7988452","36.0787725","N"
"2019","2019-11-14 21","야","목","1","0","0","0","0","대구","달성군","차대사람","기타","기타","안전운전 의무 불이행","단일로","기타단일로","화물차","보행자","1082684.6","1749871.9","128.4144319","35.74171492","N"
"2019","2019-11-14 23","야","목","1","0","0","0","0","경기","고양시","차대사람","횡단중","횡단중","과속","교차로","교차로횡단보도내","승용차","보행자","933746","1963200","126.7487763","37.66592361","N"
"2019","2019-11-15 02","야","금","1","1","1","0","0","서울","서초구","차대사람","기타","기타","안전운전 의무 불이행","단일로","지하차도(도로)내","화물차","보행자","954521","1945254","126.9854384","37.5054383","N"
"2019","2019-11-15 06","주","금","1","0","0","0","0","강원","홍천군","차대사람","횡단중","횡단중","신호위반","단일로","기타단일로","승용차","보행자","1028144.9","1961536.8","127.8190683","37.65289328","N"
"2019","2019-11-15 07","주","금","1","1","0","0","1","강원","홍천군","차량단독","도로이탈","도로이탈 추락","안전운전 의무 불이행","단일로","기타단일로","화물차","없음","1037697","1960086","127.9272795","37.63947436","N"
"2019","2019-11-15 07","주","금","1","0","0","0","0","경북","경산시","차대사람","횡단중","횡단중","안전운전 의무 불이행","교차로","교차로부근","승용차","보행자","1119006","1769850","128.8190168","35.91807068","N"
"2019","2019-11-15 08","주","금","1","0","0","0","0","경기","수원시","차대차","기타","기타","중앙선 침범","단일로","기타단일로","승용차","이륜차","957535","1914818","127.0212847","37.23124548","N"
"2019","2019-11-15 08","주","금","1","0","0","0","0","경북","안동시","차량단독","기타","기타","안전운전 의무 불이행","기타","기타","승용차","없음","1095021","1843308","128.5621469","36.58284892","N"
"2019","2019-11-15 09","주","금","1","0","0","0","0","충남","아산시","차대차","기타","기타","안전운전 의무 불이행","교차로","교차로내","승용차","승용차","954882","1865176","126.9943508","36.78364463","N"
"2019","2019-11-15 09","주","금","1","0","0","0","0","제주","서귀포시","차대사람","횡단중","횡단중","보행자 보호의무 위반","교차로","교차로내","승용차","보행자","939482","1483901","126.8496286","33.34493215","N"
"2019","2019-11-15 10","주","금","1","0","0","0","0","전남","장성군","차대사람","횡단중","횡단중","안전운전 의무 불이행","단일로","기타단일로","승용차","보행자","923986","1696318","126.6643489","35.25942569","N"
"2019","2019-11-15 10","주","금","1","0","0","0","0","경남","창원시(통합)","차대차","추돌","추돌","안전운전 의무 불이행","교차로","교차로부근","화물차","특수차","1120150","1677242","128.8179832","35.08313661","N"
"2019","2019-11-15 18","야","금","1","0","0","0","0","경기","고양시","차대사람","횡단중","횡단중","안전운전 의무 불이행","단일로","기타단일로","승용차","보행자","947057","1961004","126.8998544","37.64699588","N"
"2019","2019-11-15 19","야","금","2","4","1","3","0","전북","김제시","차대차","기타","기타","안전운전 의무 불이행","단일로","기타단일로","화물차","화물차","940623.7","1763894.2","126.8422814","35.869818","N"
"2019","2019-11-15 20","야","금","1","1","0","1","0","경기","이천시","차대차","기타","기타","중앙선 침범","단일로","기타단일로","이륜차","승용차","996275","1920837","127.4579766","37.28646102","N"
"2019","2019-11-15 22","야","금","1","0","0","0","0","서울","송파구","차대차","기타","기타","안전운전 의무 불이행","단일로","기타단일로","승용차","승용차","966009","1947547","127.1153075","37.52660079","N"
"2019","2019-11-15 22","야","금","1","0","0","0","0","강원","원주시","차대사람","보도통행중","보도통행중","안전운전 의무 불이행","교차로","교차로횡단보도내","화물차","보행자","1039608","1931826","127.9474162","37.38467604","N"
"2019","2019-11-16 04","야","토","1","0","0","0","0","서울","송파구","차대차","기타","기타","신호위반","교차로","교차로내","이륜차","승용차","963997","1945891","127.0926184","37.51159822","N"
"2019","2019-11-16 04","야","토","1","0","0","0","0","전북","김제시","차대사람","차도통행중","차도통행중","과속","단일로","기타단일로","승용차","보행자","947102","1762375","126.9141396","35.85649282","N"
"2019","2019-11-16 11","주","토","1","3","2","1","0","부산","해운대구","차대사람","보도통행중","보도통행중","신호위반","교차로","교차로부근","승용차","보행자","1152500","1688269","129.1747598","35.17815214","Y"
"2019","2019-11-16 14","주","토","1","1","1","0","0","충북","충주시","차대차","기타","기타","안전운전 의무 불이행","교차로","교차로내","자전거","승용차","1039780","1885512","127.9468934","36.9671996","N"
"2019","2019-11-16 16","주","토","1","1","0","1","0","전북","장수군","차대차","정면충돌","정면충돌","중앙선 침범","단일로","기타단일로","이륜차","화물차","1008829","1751442","127.5976652","35.75930704","N"
"2019","2019-11-16 18","야","토","1","0","0","0","0","서울","강북구","차대차","기타","기타","신호위반","단일로","기타단일로","이륜차","승합차","958391","1959629","127.0284069","37.63518644","N"